CompanyName,ContactName,Location,CodeNumber,BusinessType,dba,OpenedDate,BLGLOBALENTITYEXTENSIONID,BusinessPhone,ADDRESSLINE1,ADDRESSLINE2,ADDRESSLINE3,PREDIRECTION,STREETTYPE,POSTDIRECTION,UNITORSUITE,CITY,STATE,POSTALCODE,ISSUEDDATE,LICENSENUMBER,EXPIRATIONDATE
,DONALD ODEN,Inside City Limits,811122,Auto-Glass Replacement Shop,,00:00.0,A5CDB9C6-1891-4107-9522-89F946E81935,5414794444,307,G,,SW,ST,, ,GRANTS PASS,OR,97526,44:18.0,BTAX-040786-07-2025,44:18.0
,LANCE WOODBURY,Inside City Limits,447190,Gas Station,,00:00.0,aa2d9930-d16e-4e4e-8d1d-fd691703ae5a,5032248500,625,7TH,,NE,ST,, ,GRANTS PASS,OR,97526,08:40.0,BTAX-042093-10-2025,08:40.0
,JONATHAN & CARRIE  ROBERTSON,Outside City Limits,238210,Contractor-Electrical,,00:00.0,a391fb91-1c85-46f8-9740-1bec288f1f0d,(541) 512-0530,1007,PACIFIC,,S,HWY,,SPACE A,TALENT,OR,97535,43:35.0,BTAX-042937-03-2026,43:35.0
,NICK  BAIDA,Inside City Limits,812320,Dry Cleaning Services,,00:00.0,7DFE1F9C-709F-4D82-BE36-9963FAE7A5EC,5419971608,870,D,,NE,ST,, ,GRANTS PASS,OR,97526,53:40.0,BTAX-042660-01-2026,53:40.0
,JONATHAN & CARRIE  ROBERTSON,Outside City Limits,238210,Contractor-Electrical,,00:00.0,a391fb91-1c85-46f8-9740-1bec288f1f0d,(541) 512-0530,1007,PACIFIC,,S,HWY,,SPACE A,TALENT,OR,97535,43:35.0,BTAX-042937-03-2026,43:35.0
,Stephanie Cook Thomas,Inside City Limits,522291,Finance-Consumer Lending,,00:00.0,CC2BC739-B64B-4461-AEBB-187F0C62F41E,5412267400,315,7TH,,SE,ST,,SUITE E,GRANTS PASS,OR,97526,38:34.0,BTAX-041034-07-2025,38:34.0
,JONATHAN ROBERTSON,Outside City Limits,238210,Contractor-Electrical,,00:00.0,a391fb91-1c85-46f8-9740-1bec288f1f0d,(541) 512-0530,1007,PACIFIC,,S,HWY,,SPACE A,TALENT,OR,97535,43:35.0,BTAX-042937-03-2026,43:35.0
,LANCE WOODBURY,Inside City Limits,447190,Gas Station,,00:00.0,23DC13D3-08A5-4B8D-B045-1FAB7EF8DD19,5032248500,529,F,,NE,ST,, ,GRANTS PASS,OR,97526,16:40.0,BTAX-042095-10-2025,16:40.0
,NISHA JACKSON,Inside City Limits,621498,Medical-Outpatient Care Center,ONE PEAK MEDICAL GP 7TH ST,00:00.0,47bc16ca-bd70-42b0-a924-e4cc5c7a0754,5412377420,1325,7TH,,NE,ST,, ,GRANTS PASS,OR,97526,32:47.0,BTAX-040402-05-2025,32:47.0
,DAVID NEYLAN,Inside City Limits,522291,Finance-Consumer Lending,,00:00.0,CC2BC739-B64B-4461-AEBB-187F0C62F41E,5412267400,315,7TH,,SE,ST,,SUITE E,GRANTS PASS,OR,97526,38:34.0,BTAX-041034-07-2025,38:34.0
,NISHA JACKSON,Inside City Limits,621498,Medical-Outpatient Care Center,ONE PEAK MEDICAL GP 7TH ST,00:00.0,47bc16ca-bd70-42b0-a924-e4cc5c7a0754,5412377420,1325,7TH,,NE,ST,, ,GRANTS PASS,OR,97526,32:47.0,BTAX-040402-05-2025,32:47.0
, ,Inside City Limits,522291,Finance-Consumer Lending,,00:00.0,CC2BC739-B64B-4461-AEBB-187F0C62F41E,5412267400,315,7TH,,SE,ST,,SUITE E,GRANTS PASS,OR,97526,38:34.0,BTAX-041034-07-2025,38:34.0
,MAT CLEARY,Inside City Limits,453998,All Other Miscellaneous Store Retailers (Except Tobacco Stores),NECTAR,00:00.0,f64d0c8b-d17a-455e-b213-93f7a0e031bf,5039126773,162,BEACON,,NE,DR,,105,GRANTS PASS,OR,97526,06:37.0,BTAX-041225-08-2025,06:37.0
, ,Inside City Limits,453998,All Other Miscellaneous Store Retailers (Except Tobacco Stores),NECTAR,00:00.0,f64d0c8b-d17a-455e-b213-93f7a0e031bf,5039126773,162,BEACON,,NE,DR,,105,GRANTS PASS,OR,97526,06:37.0,BTAX-041225-08-2025,06:37.0
1ST CHOICE WINDOWS DOORS & MORE INC., ,Inside City Limits,425120,Wholesale Agent,,00:00.0,eb2478eb-702d-40f9-a345-ae75f2d97144,5419566185,1470,M,,SE,ST,,2A,GRANTS PASS,OR,97526,05:51.0,BTAX-041345-08-2025,05:51.0
1ST CHOICE WINDOWS DOORS & MORE INC.,"LEN FISHER, ERIK OTT",Inside City Limits,425120,Wholesale Agent,,00:00.0,eb2478eb-702d-40f9-a345-ae75f2d97144,5419566185,1470,M,,SE,ST,,2A,GRANTS PASS,OR,97526,05:51.0,BTAX-041345-08-2025,05:51.0
3 BOYS CLASSIC TOWING         ,RICHY & TERESA  LUKER,Inside City Limits,488410,Towing,,00:00.0,688989EB-44E7-48BC-B5CD-89034F69EBF1,5414793530,1537,ROGUE RIVER,, ,HWY,, ,GRANTS PASS,OR,97527,05:07.0,BTAX-040728-07-2025,05:07.0
3 SEVENS TATTOO               ,JEREMY  ELLEDGE,Inside City Limits,812199,Tattoo/Piercing Shop,,00:00.0,A76D8C40-D171-44A0-9955-D06699A0FE1E,5418909777,1312,REDWOOD,,,AVE,,B,GRANTS PASS,OR,97527,54:52.0,BTAX-040863-07-2025,54:52.0
3R'S TUTORING                 ,MAUREEN  MCCARTHY,Inside City Limits,611710,Educational Support Services,,00:00.0,421FECD8-B73F-45B2-AF9A-3ED6D694D5A2,5414412689,1210,ORIOLE,,SE,ST,, ,GRANTS PASS,OR,97526,47:16.0,BTAX-041042-07-2025,47:16.0
5 STAR PEST CONTROL           ,REBECCA  BERUBEE,Inside City Limits,561710,Pest Control,,00:00.0,AB6BD1ED-C23E-4F9F-AA32-0A7326A42EA1,5414413755,233,ROGUE RIVER,, ,HWY,,#898,GRANTS PASS,OR,97527,55:00.0,BTAX-040798-07-2025,55:00.0
541 PROPERTY MANAGEMENT LLC, ,Outside City Limits,531311,Property Management,,00:00.0,1f37609a-4fc5-434c-bfce-a0fc80d6e6b7,5414761026,3098,UNIVERSITY,, ,RD,,B,GRANTS PASS,OR,97527,55:40.0,BTAX-040765-07-2025,55:40.0
541 PROPERTY MANAGEMENT LLC,JEANETTE DARROW,Outside City Limits,531311,Property Management,,00:00.0,1f37609a-4fc5-434c-bfce-a0fc80d6e6b7,5414761026,3098,UNIVERSITY,, ,RD,,B,GRANTS PASS,OR,97527,55:40.0,BTAX-040765-07-2025,55:40.0
80HD MASSAGE THERAPY, ,Inside City Limits,621399,Medical-Massage Therapy,,00:00.0,14e94bd6-b2ae-4fc3-8d24-ead325e4ea9f,5416605541,215,6TH,,SE,ST,,207,GRANTS PASS,OR,97526,53:25.0,BTAX-042344-11-2025,53:25.0
80HD MASSAGE THERAPY,BRIDGET DUPZYK,Inside City Limits,621399,Medical-Massage Therapy,,00:00.0,14e94bd6-b2ae-4fc3-8d24-ead325e4ea9f,5416605541,215,6TH,,SE,ST,,207,GRANTS PASS,OR,97526,53:25.0,BTAX-042344-11-2025,53:25.0
828 MOTOSPORTS LLC., ,Inside City Limits,811111,Auto-General Repair,,00:00.0,311bbacc-08f3-475c-a293-a77ab6ac8fc1,5417877791,2001,FOOTHILL,, ,BLVD,,C-4,GRANTS PASS,OR,97526,54:31.0,BTAX-041033-07-2025,54:31.0
828 MOTOSPORTS LLC.,SEAN GUNN,Inside City Limits,811111,Auto-General Repair,,00:00.0,311bbacc-08f3-475c-a293-a77ab6ac8fc1,5417877791,2001,FOOTHILL,, ,BLVD,,C-4,GRANTS PASS,OR,97526,54:31.0,BTAX-041033-07-2025,54:31.0
88 SPA INC, ,Inside City Limits,621399,Medical-Massage Therapy,,00:00.0,f11598c4-e879-4b1c-b647-a6c5f03a282b,9172928229,1252,6TH,,NW,ST,,SUITE 10,GRANTS PASS,OR,97526,35:46.0,BTAX-040407-05-2025,35:46.0
88 SPA INC,MING XI,Inside City Limits,621399,Medical-Massage Therapy,,00:00.0,f11598c4-e879-4b1c-b647-a6c5f03a282b,9172928229,1252,6TH,,NW,ST,,SUITE 10,GRANTS PASS,OR,97526,35:46.0,BTAX-040407-05-2025,35:46.0
99 ASIAN MASSAGE, ,Inside City Limits,621399,Medical-Massage Therapy,,00:00.0,382e61ea-6ed5-4709-882b-e6d865724c63,5416595412,1100,7th,,NE,ST,,SUITE A,GRANTS PASS,OR,97526,50:03.0,BTAX-041629-09-2025,50:03.0
99 ASIAN MASSAGE,JIEWEN HUANG,Inside City Limits,621399,Medical-Massage Therapy,,00:00.0,382e61ea-6ed5-4709-882b-e6d865724c63,5416595412,1100,7th,,NE,ST,,SUITE A,GRANTS PASS,OR,97526,50:03.0,BTAX-041629-09-2025,50:03.0
99 ASIAN MASSAGE,GUIFEN YIN,Inside City Limits,621399,Medical-Massage Therapy,,00:00.0,382e61ea-6ed5-4709-882b-e6d865724c63,5416595412,1100,7th,,NE,ST,,SUITE A,GRANTS PASS,OR,97526,50:03.0,BTAX-041629-09-2025,50:03.0
A 1 PROFESSIONAL SERVICES LLC ,"JUDITH/WRIGHT, RACHEL  CROTTS",Inside City Limits,541211,Accountant-CPA,,00:00.0,81479916-E51E-467C-A1E9-93888C9E3270,5414766691,1370,ROGUE RIVER,,,HWY,,,GRANTS PASS,OR,97527,26:37.0,BTAX-042665-01-2026,26:37.0
A NAIL DETAIL                 ,"LISA/MATHEWS, AMBER  JOHNSON",Inside City Limits,812113,Nail Salon,,00:00.0,C667CB3C-DB4C-4A70-B524-A0D98957405C,5414729210,1573,6TH,,NE,ST,,,GRANTS PASS,OR,97526,23:44.0,BTAX-041435-08-2025,23:44.0
A RIGHT NOW JEWELRY & REPAIR  ,MATTHEW  O'DEAY,Inside City Limits,448310,Retail-Jewelry Store,,00:00.0,56619E18-82D2-4EF9-9130-1DB1CD8ADBFA,5414796819,629,6TH,,NE,ST,, ,GRANTS PASS,OR,97526,54:23.0,BTAX-041627-09-2025,54:23.0
A TO Z TREE SERVICE INC       ,BRUCE  ZIEGLER,Inside City Limits,541990,Professional-Misc,,00:00.0,12BD65D8-F4F0-4AF2-939E-5104FE1425F2,5417871723,1779,DARRELL,, ,CIR,, ,GRANTS PASS,OR,97527,58:09.0,BTAX-041154-08-2025,58:09.0
A-1 MINI STORAGE PROPERTIES LLC,MARCIA NUNN,Inside City Limits,493110,Storage & General Warehousing,,00:00.0,79f872f5-7c8f-44b2-8b0a-37f0b9c79797,5414761525,1935,REDWOOD,, ,AVE,, ,GRANTS PASS,OR,97527,42:41.0,BTAX-041656-09-2025,42:41.0
A-1 MINI STORAGE PROPERTIES LLC, ,Inside City Limits,493110,Storage & General Warehousing,,00:00.0,79f872f5-7c8f-44b2-8b0a-37f0b9c79797,5414761525,1935,REDWOOD,, ,AVE,, ,GRANTS PASS,OR,97527,42:41.0,BTAX-041656-09-2025,42:41.0
A-1 ROADSIDE ASSIST & TOWING           , ,Inside City Limits,488410,Towing,,00:00.0,0AC63E73-73F8-4744-BD62-F00B02216B75,5414719595,130,SUSAN,,SW,LN,, ,GRANTS PASS,OR,97526,03:14.0,BTAX-041267-08-2025,03:14.0
A-1 ROADSIDE ASSIST & TOWING           ,JOHN & KATHLEEN INGRAM,Inside City Limits,488410,Towing,,00:00.0,0AC63E73-73F8-4744-BD62-F00B02216B75,5414719595,130,SUSAN,,SW,LN,, ,GRANTS PASS,OR,97526,03:14.0,BTAX-041267-08-2025,03:14.0
A-1 ROADSIDE ASSIST & TOWING           ,JOHN & KATHLEEN INGRAM,Outside City Limits,488410,Towing,,00:00.0,f235617b-a866-438e-8c83-32d09bb5174d,5414719595,4200,HIGHLAND,, ,AVE,, ,GRANTS PASS,OR,97526,07:11.0,BTAX-041293-08-2025,07:11.0
A-1 ROADSIDE ASSIST & TOWING           , ,Outside City Limits,488410,Towing,,00:00.0,f235617b-a866-438e-8c83-32d09bb5174d,5414719595,4200,HIGHLAND,, ,AVE,, ,GRANTS PASS,OR,97526,07:11.0,BTAX-041293-08-2025,07:11.0
A2 INVESTMENTS LLC,JODIE AND SPENCER APLAND,Inside City Limits,531110,Rental Units/Landlord,,00:00.0,49332aa9-89fe-4834-aa17-5c95dfce31cd,5417615431,319,E,,NW,ST,, ,GRANTS PASS,OR,97526,41:43.0,BTAX-042511-12-2025,41:43.0
A2 INVESTMENTS LLC, ,Inside City Limits,531110,Rental Units/Landlord,,00:00.0,49332aa9-89fe-4834-aa17-5c95dfce31cd,5417615431,319,E,,NW,ST,, ,GRANTS PASS,OR,97526,41:43.0,BTAX-042511-12-2025,41:43.0
AA INSULATION,HOWARD OSVOLD,Outside City Limits,238190,Contractor-General/Building Exterior,,00:00.0,97f04923-4951-4e3d-8aca-000d5df28116,5415351818,407,BOARDMAN ,,,ST,,,MEDFORD,OR,97501,29:29.0,BTAX-040874-07-2025,29:29.0
AA INSULATION, ,Outside City Limits,238190,Contractor-General/Building Exterior,,00:00.0,97f04923-4951-4e3d-8aca-000d5df28116,5415351818,407,BOARDMAN ,,,ST,,,MEDFORD,OR,97501,29:29.0,BTAX-040874-07-2025,29:29.0
AAA OREGON                    , AAA OREGON/IDAHO              ,Inside City Limits,541990,Professional-Misc,,00:00.0,B9F98CB6-AA4C-47A2-975E-0B3FC7B59346,5414797829,1563,F,,NE,ST,,,GRANTS PASS,OR,97526,39:59.0,BTAX-042006-10-2025,39:59.0
AARON'S LLC, ,Inside City Limits,442110,Retail-Furniture Store,AARON'S SALES AND LEASE OWNERSHIP #C2054,00:00.0,f94424bf-f2d3-43d5-9655-79cc21ce2348,5414711300,834,E,,NE,ST,, ,GRANTS PASS,OR,97526,57:41.0,BTAX-042598-01-2026,57:41.0
ABBEY ROADS CLEAN AIR LLC, ,Inside City Limits,561790,Chimney Cleaning/Sweep,,00:00.0,D8143D9B-F4B5-480D-A505-E92E33BA56FE,5414768780,501,STRINGER GAP,,,RD,,,GRANTS PASS,OR,97527,41:51.0,BTAX-041751-09-2025,41:51.0
ABBEY ROADS CLEAN AIR LLC,BRENDON Massa,Inside City Limits,561790,Chimney Cleaning/Sweep,,00:00.0,D8143D9B-F4B5-480D-A505-E92E33BA56FE,5414768780,501,STRINGER GAP,,,RD,,,GRANTS PASS,OR,97527,41:51.0,BTAX-041751-09-2025,41:51.0
ABBY'S LEGENDARY PIZZA        , ABBY'S INC                    ,Inside City Limits,722511,Restaurant,,00:00.0,DC63A696-E76E-4484-A89B-DAB4FD8DD8AB,5414762133,205,BEACON,,NE,DR,, ,GRANTS PASS,OR,97526,56:58.0,BTAX-040420-05-2025,56:58.0
ABSOLUTE MOTOSPORT INC       ,NEIDER & ALLISON  BELL,Inside City Limits,454390,Retail-Misc Direct Selling Establishment,,00:00.0,4764A978-512E-47B8-A5FC-5DFE90BA13BE,5416777479,135,MILL,,NE,ST,,,GRANTS PASS,OR,97526,22:12.0,BTAX-040945-07-2025,22:12.0
ACCENTCARE HOME HEALTH OF ROGUE VALLEY INC , ACCENTCARE,Inside City Limits,621610,Medical-Home Health Care Services,,00:00.0,3ECCE2C5-37CE-49BF-B79F-65AED0EB5764,9722013819,1545,F,,NE,ST,,,GRANTS PASS,OR,97526,00:33.0,BTAX-041482-08-2025,00:33.0
ACCESS FAMILY MEDICINE DPC, ,Inside City Limits,621111,Medical-Physician,,00:00.0,6067eb5f-46b7-4de8-bd3d-88577bdb65fe,5414509359,1201,7TH,,NE,ST,,C,GRANTS PASS,OR,97526,36:49.0,BTAX-042259-11-2025,36:49.0
ACCESS FAMILY MEDICINE DPC,TAMARA POWELL,Inside City Limits,621111,Medical-Physician,,00:00.0,6067eb5f-46b7-4de8-bd3d-88577bdb65fe,5414509359,1201,7TH,,NE,ST,,C,GRANTS PASS,OR,97526,36:49.0,BTAX-042259-11-2025,36:49.0
ACCURATE ROOFING COMPANY LLC,CARLA & WALTER WATSON,Outside City Limits,238160,Roofing,,00:00.0,f17a62dd-fcb4-406e-b8e1-613f459d6ed8,5414769869,390,SCENIC,,,DR,,,GRANTS PASS,OR,97526,16:52.0,BTAX-042917-03-2026,16:52.0
ACCURATE ROOFING COMPANY LLC, ,Outside City Limits,238160,Roofing,,00:00.0,f17a62dd-fcb4-406e-b8e1-613f459d6ed8,5414769869,390,SCENIC,,,DR,,,GRANTS PASS,OR,97526,16:52.0,BTAX-042917-03-2026,16:52.0
ACE CASH EXPRESS, ,Inside City Limits,522298,Pawnshop,,00:00.0,f7e8d72d-af06-482e-b6d9-6a49777163f5,5414718865,412,7TH,,SE,ST,, ,GRANTS PASS,OR,97526,17:52.0,BTAX-041867-09-2025,17:52.0
ACE CASH EXPRESS,"POPULUS FINANCIAL GROUP, INC",Inside City Limits,522298,Pawnshop,,00:00.0,f7e8d72d-af06-482e-b6d9-6a49777163f5,5414718865,412,7TH,,SE,ST,, ,GRANTS PASS,OR,97526,17:52.0,BTAX-041867-09-2025,17:52.0
ACKLEY COUNSELING & EMPLOYMENT,DARYL  ACKLEY,Outside City Limits,561311,Employment Agency,,00:00.0,48ABE6B4-2B4C-4FAC-88D8-83625CEC66A6,5418268344,1600,SKYPARK,,,DR,,# 203,MEDFORD,OR,97504,25:59.0,BTAX-042075-10-2025,25:59.0
ACTION DOOR LLC,JANEL WHITTINGTON,Inside City Limits,339999,Manufacturing-Misc Manufacturing,,00:00.0,2AC298C5-025B-4BC0-9D63-F4BCD731E033,5414729118,850,ROGUE RIVER,,,HWY,,,GRANTS PASS,OR,97527,11:01.0,BTAX-041669-09-2025,11:01.0
ACTION DOOR LLC,MYLES & JANEL  WHITTINGTON,Inside City Limits,339999,Manufacturing-Misc Manufacturing,,00:00.0,2AC298C5-025B-4BC0-9D63-F4BCD731E033,5414729118,850,ROGUE RIVER,,,HWY,,,GRANTS PASS,OR,97527,11:01.0,BTAX-041669-09-2025,11:01.0
ACTIVE SPORTS & FAMILY CHIROPRACTIC,ADAM L  HENDY,Inside City Limits,621310,Medical-Chiropractor,,00:00.0,101B6FAE-913A-4D41-A266-9F9669290449,5414760662,1529,F,,NE,ST,,,GRANTS PASS,OR,97526,35:09.0,BTAX-042155-10-2025,35:09.0
ACUPRESSURE HEALTH CARE       ,CHARLOTTE SPERISEN,Inside City Limits,621399,Medical-Massage Therapy,,00:00.0,02386D82-C29A-46E8-AC86-E6A1B3F59CB7,5479550618,432,6TH,,NW,ST,,#207,GRANTS PASS,,97526,03:12.0,BTAX-041868-09-2025,03:12.0
ACUPUNCTURE AND HERBAL MEDICAL CENTER LLC ,GREGORY DOSS,Inside City Limits,624190,Social Svcs-Individual & Family Svcs,,00:00.0,A7624B2F-0B8F-423E-A384-350F0F752D2B,5414764611,910,D,,NE,ST,, ,GRANTS PASS,OR,97526,06:59.0,BTAX-040430-05-2025,06:59.0
ACUPUNCTURE AT RIVERSIDE      ,ELLEN  LEONARD,Inside City Limits,541990,Professional-Misc,,00:00.0,1AE158B2-2A46-4BA4-A591-3F05B2E62476,5414741974,957,7TH,,SE,ST,,,GRANTS PASS,OR,97526,24:42.0,BTAX-040659-07-2025,24:42.0
"ADMIRE AESTHETICS, INC",TIFFANY DIGIUSEPPE,Inside City Limits,812199,Personal Care Services,,00:00.0,d2bcdf6d-49ea-4c34-b1f2-c076e0a2e65b,5412108806,1533,F,,NE,ST,,,GRANTS PASS,OR,97526,08:34.0,BTAX-040346-05-2025,08:34.0
"ADMIRE AESTHETICS, INC", ,Inside City Limits,812199,Personal Care Services,,00:00.0,d2bcdf6d-49ea-4c34-b1f2-c076e0a2e65b,5412108806,1533,F,,NE,ST,,,GRANTS PASS,OR,97526,08:34.0,BTAX-040346-05-2025,08:34.0
ADT LLC, ,Outside City Limits,561621,Security System Services,,00:00.0,92AD429E-8F55-4315-A753-69942CD1E203,5612262843,7989,CIRRUS,,SW,DR,,22,BEAVERTON,OR,97008,54:54.0,BTAX-037145-04-2024,54:54.0
ADVANCED DENT REPAIR          ,MARK  TOBIN,Inside City Limits,811121,"Auto-Body, Paint & Interior",,00:00.0,5B5D2B32-6747-437A-BF93-D546000E5563,5414763605,669,ROGUE RIDGE,, ,DR,, ,GRANTS PASS,OR,97527,49:41.0,BTAX-040341-05-2025,49:41.0
ADVANCED LANDSCAPE MAINTENANCE, ,Inside City Limits,541320,Landscaping Services,,00:00.0,8c20b80e-54ca-421f-b838-c98e11c6c05b,5415071106,1764,HARBECK,,,RD,,,GRANTS PASS,OR,97527,12:19.0,BTAX-040470-06-2025,12:19.0
ADVANCED LANDSCAPE MAINTENANCE,ROBERT HERMAN,Inside City Limits,541320,Landscaping Services,,00:00.0,8c20b80e-54ca-421f-b838-c98e11c6c05b,5415071106,1764,HARBECK,,,RD,,,GRANTS PASS,OR,97527,12:19.0,BTAX-040470-06-2025,12:19.0
ADVANCED PRINT & TINT,JASON TRUJILLO,Inside City Limits,323111,Printing-Commercial,,00:00.0,f9a20e47-f5ed-487e-a67a-8c5bd105daaf,5414713355,526,ROGUE RIVER,, ,HWY,, ,GRANTS PASS,OR,97527,42:38.0,BTAX-040298-05-2025,42:38.0
ADVANCED PRINT & TINT, ,Inside City Limits,323111,Printing-Commercial,,00:00.0,f9a20e47-f5ed-487e-a67a-8c5bd105daaf,5414713355,526,ROGUE RIVER,, ,HWY,, ,GRANTS PASS,OR,97527,42:38.0,BTAX-040298-05-2025,42:38.0
ADVANCED TESTING & INSPECTION ,JOHN  FRAZER,Outside City Limits,541330,Engineering Services,,00:00.0,55D10AE3-39D0-45DE-9F9E-7FF205029311,5417617607,4120,CLOVERLAWN,,,DR,,,GRANTS PASS,OR,97527,09:30.0,BTAX-042036-10-2025,09:30.0
ADVANTAGE DENTAL ORAL HEALTH CENTER, ,Inside City Limits,621210,Medical-Dentist,,00:00.0,08d1ebee-ce1d-4ddf-9d52-9cf246d8d353,5414921687,1228,7TH,,NE,ST,, ,GRANTS PASS,OR,97526,07:50.0,BTAX-042193-11-2025,07:50.0
ADVANTAGE DENTAL ORAL HEALTH CENTER, ,Inside City Limits,621210,Medical-Dentist,,00:00.0,08d1ebee-ce1d-4ddf-9d52-9cf246d8d353,5414921687,1228,7TH,,NE,ST,, ,GRANTS PASS,OR,97526,07:50.0,BTAX-042193-11-2025,07:50.0
ADVANTAGE HOME CARE INC,J MICHEAL  JOHNSON,Inside City Limits,621610,Medical-Home Health Care Services,,00:00.0,F6DABBF8-8A21-4A08-85F8-5F079264DAEA,5414790993,1320,7TH,,NE,ST,, ,GRANTS PASS,OR,97526,41:33.0,BTAX-041708-09-2025,41:33.0
AFFORDABLE TRUCK & RV         ,ARTHUR  WOOLARD,Inside City Limits,453930,RV/Mobile Home Dealer,,00:00.0,7EEB6223-538A-4BD7-A1F2-62A8032089D1,5415353043,320,REDWOOD,, ,HWY,, ,GRANTS PASS,OR,97527,00:49.0,BTAX-042698-01-2026,00:49.0
AFFORDABLE TRUCK & RV         ,ARTHUR  WOOLARD,Inside City Limits,453930,RV/Mobile Home Dealer,,00:00.0,593b41b0-73fb-430e-8a38-168ee8bfd8fa,5415353043,725,UNION,, ,AVE,, ,GRANTS PASS,OR,97527,04:37.0,BTAX-042699-01-2026,04:37.0
AFI PROPERTIES,JENNIFER  AUSLAND,Inside City Limits,238990,Contractor-Trade/Specialty,COPELAND LANDSCAPE SUPPLY,00:00.0,09C318C1-590B-4048-BA85-D93959824E2B,5414764441,695,J,,SE,ST,, ,GRANTS PASS,OR,97526,21:41.0,BTAX-040869-07-2025,21:41.0
AGNESS SELF STORAGE LLC, ,Inside City Limits,493110,Storage & General Warehousing,,00:00.0,0523F650-0DE9-4326-89A3-0D78D19F5F2E,5414763126,578,AGNESS,,NE,AVE,, ,GRANTS PASS,OR,97526,16:02.0,BTAX-042402-12-2025,16:02.0
AGUILAR MORA RESTURANTS LLC,RAFAEL MORA,Inside City Limits,722511,Restaurant,,00:00.0,b56ea8f4-3a54-43dd-924a-fb2a7db5bf8f,5412262483,799,ROGUE RIVER,, ,HWY,, ,GRANTS PASS,OR,97527,15:30.0,BTAX-042323-11-2025,15:30.0
AGUILAR MORA RESTURANTS LLC,ERICA AGUILAR,Inside City Limits,722511,Restaurant,,00:00.0,b56ea8f4-3a54-43dd-924a-fb2a7db5bf8f,5412262483,799,ROGUE RIVER,, ,HWY,, ,GRANTS PASS,OR,97527,15:30.0,BTAX-042323-11-2025,15:30.0
AIRGAS USA LLC               , ,Inside City Limits,238190,Welding/Fabrication,,00:00.0,55E5079F-FF22-4474-96D5-82F49C9E36F9,2135637397,2110,VINE,,NW,ST,,,GRANTS PASS,OR,97526,21:17.0,BTAX-041655-09-2025,21:17.0
AIRTEC HEATING & AIR CONDITIONING,MARK  WEBB,Inside City Limits,238220,Contractor-HVAC Services,,00:00.0,967611E5-83D0-47D9-B953-273525CB50E5,5417617198,106,F,,NW,ST,,#420,GRANTS PASS,OR,97526,43:58.0,BTAX-041823-09-2025,43:58.0
ALL 4 PAWS, ,Inside City Limits,812910,Pet Care Services,,00:00.0,225aeae8-9f10-417d-891e-e2053f68a957,5417612275,1950,REDWOOD,,,AVE,,,GRANTS PASS,OR,97527,50:20.0,BTAX-041049-07-2025,50:20.0
ALL 4 PAWS,CHARLA LEHMAN,Inside City Limits,812910,Pet Care Services,,00:00.0,225aeae8-9f10-417d-891e-e2053f68a957,5417612275,1950,REDWOOD,,,AVE,,,GRANTS PASS,OR,97527,50:20.0,BTAX-041049-07-2025,50:20.0
ALL 4 PAWS,CHARLA LEHMAN,Inside City Limits,812910,Pet Care Services,,00:00.0,225aeae8-9f10-417d-891e-e2053f68a957,5417612275,1950,REDWOOD,, ,AVE,, ,GRANTS PASS,OR,97527,50:20.0,BTAX-041049-07-2025,50:20.0
ALL 4 PAWS, ,Inside City Limits,812910,Pet Care Services,,00:00.0,225aeae8-9f10-417d-891e-e2053f68a957,5417612275,1950,REDWOOD,, ,AVE,, ,GRANTS PASS,OR,97527,50:20.0,BTAX-041049-07-2025,50:20.0
"ALL AMERICAN CITY LANDSCAPE, INC",JACK SUTTERS,Inside City Limits,541320,Landscaping Services,,00:00.0,B891E131-04B9-4F6A-80F1-9903A72EC751,5414766127,325,SHANNON,, ,LN,, ,GRANTS PASS,OR,97526,32:10.0,BTAX-040558-06-2025,32:10.0
ALL SEASONS HEATING & AIR COND,JEFF KRULL,Inside City Limits,238220,Contractor-HVAC Services,,00:00.0,E6A0E23D-239A-45E1-94B5-7FE8D4DA2175,5414798777,2001,FOOTHILL,,,BLVD,,E12,GRANTS PASS,OR,97526,32:06.0,BTAX-040262-04-2025,32:06.0
ALL SEASONS LANDSCAPE MAINT   ,CHERYL  FROST,Inside City Limits,541320,Landscaping Services,,00:00.0,82B9BFD4-237A-4C21-85B9-CFD8604701AF,5416602367,983,BLACKBERRY,,SW,LN,,,GRANTS PASS,OR,97527,34:18.0,BTAX-040911-07-2025,34:18.0
ALL TECH COMPUTERS LLC        ,MICHAEL  BOURNE,Inside City Limits,811212,Computer/Office Machine Maint,,00:00.0,EE829AE6-A5B7-480B-A05D-8915F43283BF,5412269363,1806,6TH,,NW,ST,,,GRANTS PASS,OR,97526,18:55.0,BTAX-042346-11-2025,18:55.0
ALLEN CREEK VETERINARY HOSPITAL,HEIDI  BUEHNER-MCKENZIE,Inside City Limits,541940,Veterinary,,00:00.0,D0500AE5-6F42-44C5-9A88-C3EFD631C3CC,5414762233,1930,REDWOOD,, ,AVE,, ,GRANTS PASS,OR,97527,29:50.0,BTAX-042063-10-2025,29:50.0
ALLEN LAND SURVEYING          , ,Inside City Limits,541370,Surveying/Mapping Services,,00:00.0,17D1EFF4-6CE1-4E16-A2CA-9484D298B2F0,5414764502,321,A,,NW,ST,, ,GRANTS PASS,OR,97526,09:32.0,BTAX-040675-07-2025,09:32.0
ALLERGY AND ASTHMA CENTER OF SOUTHERN OREGON, ,Inside City Limits,621111,Medical-Physician,,00:00.0,f9e126c4-859d-445f-b4e6-7a7ed41d2013,5418581003,1722,WILLIAMS,, ,HWY,, ,GRANTS PASS,OR,97527,55:38.0,BTAX-041320-08-2025,55:38.0
ALLERGY AND ASTHMA CENTER OF SOUTHERN OREGON,DR EDWARD KERWIN & DR KEVIN PARKS,Inside City Limits,621111,Medical-Physician,,00:00.0,f9e126c4-859d-445f-b4e6-7a7ed41d2013,5418581003,1722,WILLIAMS,, ,HWY,, ,GRANTS PASS,OR,97527,55:38.0,BTAX-041320-08-2025,55:38.0
"ALLIED EXHAUST SYSTEMS, INC   ", CORPORATION                   ,Outside City Limits,441310,Retail-Automotive Parts & Accessories,,00:00.0,2F90FEFE-21E7-4933-8714-EA4894F50EC7,5414763102,2894,FOOTHILL,,,BLVD,,,GRANTS PASS,OR,975264160,44:48.0,BTAX-041863-09-2025,44:48.0
ALPINE CONSTRUCTION & REMODELING INC.,GARY BLANKS,Outside City Limits,238190,Contractor-General/Building Exterior,,00:00.0,47760fc8-bb11-4b78-acf7-71854f70b8c6,5418906752,1868,GABRIEL,,,WAY,,,MEDFORD,OR,97501,07:43.0,BTAX-041990-10-2025,07:43.0
"ALTRU HOME CARE, LLC",DAVID PEARLSTEIN,Inside City Limits,621610,Medical-Home Health Care Services,,00:00.0,668a80b8-3eb4-4ab1-aa11-597d1332a588,5415071234,1555,WILLIAMS,,,HWY,,B,GRANTS PASS,OR,97527,24:31.0,BTAX-042682-01-2026,24:31.0
"ALTRU HOME CARE, LLC", ,Inside City Limits,621610,Medical-Home Health Care Services,,00:00.0,668a80b8-3eb4-4ab1-aa11-597d1332a588,5415071234,1555,WILLIAMS,,,HWY,,B,GRANTS PASS,OR,97527,24:31.0,BTAX-042682-01-2026,24:31.0
"ALTRU HOME CARE, LLC",ALI DEAN,Inside City Limits,621610,Medical-Home Health Care Services,,00:00.0,668a80b8-3eb4-4ab1-aa11-597d1332a588,5415071234,1555,WILLIAMS,,,HWY,,B,GRANTS PASS,OR,97527,24:31.0,BTAX-042682-01-2026,24:31.0
"AMANDA E. SLOAN, LCSW",Amanda Sloan,Inside City Limits,624190,Social Svcs-Individual & Family Svcs,,00:00.0,c1cb71d1-308c-4b44-899d-c498e4a1a58c,5414761900,777,7TH,,NE,ST,,220,GRANTS PASS,OR,97526,23:05.0,BTAX-040364-05-2025,23:05.0
"AMANDA E. SLOAN, LCSW",AMANDA SLOAN,Inside City Limits,624190,Social Svcs-Individual & Family Svcs,,00:00.0,c1cb71d1-308c-4b44-899d-c498e4a1a58c,5414761900,777,7TH,,NE,ST,,220,GRANTS PASS,OR,97526,23:05.0,BTAX-040364-05-2025,23:05.0
AMANDA FITHIAN PHOTOGRAPHY           ,AMANDA  FITHIAN,Inside City Limits,541921,Photography,,00:00.0,CC6480C3-A77F-496D-BF66-D76ED1428673,5414419599,543,E,,NE,ST,,#104,GRANTS PASS,OR,97526,32:09.0,BTAX-040512-06-2025,32:09.0
AMARANTHUS RENTALS            ,EILEEN  AMARANTHUS,Inside City Limits,531110,Rental Units/Landlord,,00:00.0,C7D935EC-B41A-4368-9726-FD990EAB54B6,5412185315,1890,SUNVIEW,,NW,,, ,GRANTS PASS,OR,97526,31:39.0,BTAX-041102-08-2025,31:39.0
AMERICAN ALPHA TRAINING LLC, ,Inside City Limits,713940,Fitness Center,,00:00.0,373fda8c-808b-4362-97b5-5929cab4d74d,5416602038,401,6TH STREET,,SE,ST,,,GRANTS PASS,OR,97526,54:49.0,BTAX-042671-01-2026,54:49.0
AMERICAN ALPHA TRAINING LLC,SAMANTHA AND TIMOTHY ALLEN,Inside City Limits,713940,Fitness Center,,00:00.0,373fda8c-808b-4362-97b5-5929cab4d74d,5416602038,401,6TH STREET,,SE,ST,,,GRANTS PASS,OR,97526,54:49.0,BTAX-042671-01-2026,54:49.0
AMERICAN MEDICAL RESPONSE NW, DAVE MATHEWS (OPERATION MNGR) ,Inside City Limits,621910,Medical-Ambulance,,00:00.0,0A28B9DD-38D6-499D-8751-EFEEE34C9C10,5414746303,401,F,,NW,ST,, ,GRANTS PASS,OR,97526,41:07.0,BTAX-041914-10-2025,41:07.0
AMERICAN WAY OF LIFE LLC      , ,Inside City Limits,425120,Wholesale Agent,PEOPLES CHOICE DISTRIBUTING CO,00:00.0,F3E337D3-F246-4793-88BB-09638C8B8E2E,5414766175,2001,FOOTHILL,, ,BLVD,, ,GRANTS PASS,OR,97526,06:57.0,BTAX-041668-09-2025,06:57.0
AMERIGAS PROPANE LP           ,BOB -SR. VICE PRES.-  ROSELER,Inside City Limits,221210,Natural Gas Company,,00:00.0,025A3CF0-87A1-42F2-A119-859245E4EE1F,5414767797,1126,ROGUE RIVER,,,HWY,,,GRANTS PASS,OR,97527,26:38.0,BTAX-042194-11-2025,26:38.0
ANTHONY MORGAN'S TRAINING ACADEMY,ANTHONY  MORGAN,Inside City Limits,713940,Fitness Center,,00:00.0,FBFB9691-CD9B-4E85-B4D9-DCB2AB19AC04,5416593534,605,6th,,SE,ST,,,GRANTS PASS,OR,97526,15:44.0,BTAX-040325-05-2025,15:44.0
"A-ONE, INC                    ",PATRICIA DEVISH,Inside City Limits,561710,Pest Control,A-ONE EXTERMINATORS,00:00.0,DF93DFD0-90D0-4D7A-9C4A-F2CD23CA4DAC,5414721094,548,E,,NE,ST,, ,GRANTS PASS,OR,97526,44:57.0,BTAX-042404-12-2025,44:57.0
"A-ONE, INC                    ",DARRELL  DEVISH,Inside City Limits,561710,Pest Control,A-ONE EXTERMINATORS,00:00.0,DF93DFD0-90D0-4D7A-9C4A-F2CD23CA4DAC,5414721094,548,E,,NE,ST,, ,GRANTS PASS,OR,97526,44:57.0,BTAX-042404-12-2025,44:57.0
APLAND CUSTOM MASONRY INC   ,JERRY L & NIKKI  APLAND,Inside City Limits,238140,Contractor-Masonry,,00:00.0,C0216D8C-1396-48B6-A459-1E2AC7A97821,5414793880,3980,LEONARD,, ,RD,, ,GRANTS PASS,OR,97527,17:51.0,BTAX-040575-06-2025,17:51.0
APPLE ROGUE PROPERTY MGMT     , APPLE ROGUE APTS LLC          ,Outside City Limits,531311,Property Management,,00:00.0,3C473FF7-AC99-462D-976B-531C0B84088D,5412955510,929,8TH,,SE,ST,, ,GRANTS PASS,OR,97526,55:39.0,BTAX-034804-07-2023,55:39.0
APPLEBEE'S                    ,JOE  WONG,Inside City Limits,722511,Restaurant,,00:00.0,B469A037-8339-4607-AF4D-B56EBD3280B5,5302221311,250,AGNESS,,NE,AVE,, ,GRANTS PASS,OR,97526,13:50.0,BTAX-041649-09-2025,13:50.0
APPLIANCE & MOWER CENTER/RODER,HERSCHEL  NORDHAUS,Inside City Limits,811412,Appliance Reapair/Maint,,00:00.0,A6F7C106-04C8-47A9-AE41-719684BA9415,5414792691,950,M,,SE,ST,, ,GRANTS PASS,OR,97526,41:13.0,BTAX-041024-07-2025,41:13.0
ARIA NAILS,JENNIE MY LE,Inside City Limits,812113,Nail Salon,,00:00.0,18b71147-682a-44bc-a89e-4c9fe0df9d38,5414794849,304,AGNESS,,NE,AVE,,SUITE B,GRANTS PASS,OR,97526,26:13.0,BTAX-041645-09-2025,26:13.0
ARIA NAILS, ,Inside City Limits,812113,Nail Salon,,00:00.0,18b71147-682a-44bc-a89e-4c9fe0df9d38,5414794849,304,AGNESS,,NE,AVE,,SUITE B,GRANTS PASS,OR,97526,26:13.0,BTAX-041645-09-2025,26:13.0
ARJUNAARAV LLC         ,RAKESH SHARMA,Inside City Limits,445120,Convenience Store,A-1 MARKET #6,00:00.0,F9B4379A-4CAB-47BF-8CD2-4517B1885164,5412953060,1644,N,,SE,ST,,A,GRANTS PASS,OR,97526,48:11.0,BTAX-041760-09-2025,48:11.0
ARS FRESNO LLC                , ,Inside City Limits,447190,Gas Station,MSM 533,00:00.0,9C50D656-5342-468F-B793-D3D373D0EB84,7606074511,1650,ALLEN CREEK,, ,RD,, ,GRANTS PASS,OR,97527,49:44.0,BTAX-042786-02-2026,49:44.0
ART OF HOPE                   ,DANIEL & HOPE WEAVER,Inside City Limits,711510,Artist,,00:00.0,9789905F-2BFD-42C2-AC2E-29D3C480A46B,5414412082,1607,WILLIAMS,, ,HWY,,STE 6,GRANTS PASS,OR,97527,43:28.0,BTAX-042523-12-2025,43:28.0
ART OF HOPE                   , ,Inside City Limits,711510,Artist,,00:00.0,9789905F-2BFD-42C2-AC2E-29D3C480A46B,5414412082,1607,WILLIAMS,, ,HWY,,STE 6,GRANTS PASS,OR,97527,43:28.0,BTAX-042523-12-2025,43:28.0
ASANTE PHYSICIAN PARTNERS     , ASANTE PHYSICIAN PARTNERS     ,Inside City Limits,621111,Medical-Physician,,00:00.0,5CA907E6-BC58-4A6B-9797-9F18E6CFAC28,5417895055,700,RAMSEY,,SW,AVE,,STE 104,GRANTS PASS,OR,97526,42:37.0,BTAX-041874-09-2025,42:37.0
ASANTE PHYSICIAN PARTNERS,ASANTE HEALTH SYSTEMS  ,Inside City Limits,621111,Medical-Physician,,00:00.0,8a6a7f4c-ef16-486b-9a83-3def2d30e05e,5414727810,520,RAMSEY,,SW,AVE,,,GRANTS PASS,OR,97527,59:20.0,BTAX-041880-09-2025,59:20.0
ASANTE PHYSICIAN PARTNERS     ,ASANTE HEALTH SYSTEMS  ,Inside City Limits,621111,Medical-Physician,,00:00.0,5CA907E6-BC58-4A6B-9797-9F18E6CFAC28,5417895055,700,RAMSEY,,SW,AVE,,STE 104,GRANTS PASS,OR,97526,42:37.0,BTAX-041874-09-2025,42:37.0
ASANTE PHYSICIAN PARTNERS, ,Inside City Limits,621111,Medical-Physician,,00:00.0,8a6a7f4c-ef16-486b-9a83-3def2d30e05e,5414727810,520,RAMSEY,,SW,AVE,,,GRANTS PASS,OR,97527,59:20.0,BTAX-041880-09-2025,59:20.0
ASANTE PHYSICIAN PARTNERS CENTER FOR OUTPATIENT HEALTH,ASANTE HEALTH SYSTEMS  ,Inside City Limits,621111,Medical-Physician,,00:00.0,9d22951e-3275-41c6-b120-15942293f314,5417898183,537,UNION,, ,AVE,, ,GRANTS PASS,OR,97527,47:16.0,BTAX-041875-09-2025,47:16.0
ASANTE PHYSICIAN PARTNERS CENTER FOR OUTPATIENT HEALTH, ,Inside City Limits,621111,Medical-Physician,,00:00.0,9d22951e-3275-41c6-b120-15942293f314,5417898183,537,UNION,, ,AVE,, ,GRANTS PASS,OR,97527,47:16.0,BTAX-041875-09-2025,47:16.0
ASANTE PHYSICIAN PARTNERS OCCUPATIONAL HEALTH       ,ASANTE HEALTH SYSTEMS  ,Inside City Limits,621111,Medical-Physician,,00:00.0,D368D119-A3B3-4EB9-B3DF-EE389A69FF62,5419566250,625,RAMSEY,,,AVE,,STE A,GRANTS PASS,OR,97527,22:42.0,BTAX-041872-09-2025,22:42.0
ASANTE PHYSICIAN PARTNERS OCCUPATIONAL HEALTH       , ASANTE HEALTH SYSTEMS         ,Inside City Limits,621111,Medical-Physician,,00:00.0,D368D119-A3B3-4EB9-B3DF-EE389A69FF62,5419566250,625,RAMSEY,,,AVE,,STE A,GRANTS PASS,OR,97527,22:42.0,BTAX-041872-09-2025,22:42.0
ASANTE THREE RIVERS MEDICAL CENTER   ,ASANTE HEALTH SYSTEMS  ,Inside City Limits,622110,Medical-Hospital,,00:00.0,3E79C10F-4CC0-457E-AEDD-8BACCB3F7310,5414727311,500,RAMSEY,,SW,AVE,,,GRANTS PASS,OR,97527,49:30.0,BTAX-041876-09-2025,49:30.0
ASANTE THREE RIVERS MEDICAL CENTER   ,                        ,Inside City Limits,622110,Medical-Hospital,,00:00.0,3E79C10F-4CC0-457E-AEDD-8BACCB3F7310,5414727311,500,RAMSEY,,SW,AVE,,,GRANTS PASS,OR,97527,49:30.0,BTAX-041876-09-2025,49:30.0
ASPEN DENTAL OF OREGON PC, ,Inside City Limits,621210,Medical-Dentist,ASPEN DENTAL,00:00.0,926b6880-4090-4443-82aa-0b4af751b672,,200,TERRY,,NE,LN,,STE D,GRANTS PASS,OR,97526,21:21.0,BTAX-042827-02-2026,21:21.0
ASPEN DENTAL OF OREGON PC,PAUL  LAMOREAU,Inside City Limits,621210,Medical-Dentist,ASPEN DENTAL,00:00.0,926b6880-4090-4443-82aa-0b4af751b672,,200,TERRY,,NE,LN,,STE D,GRANTS PASS,OR,97526,21:21.0,BTAX-042827-02-2026,21:21.0
ASSOCIATES FOR ORAL AND MAXILLOFACIAL SURGERY, SAVAGE & RAJAGOPAL            ,Inside City Limits,621210,Medical-Dentist,,00:00.0,21C257C0-7F90-427C-81AA-4A9877E0BB7C,5417793781,869,7TH,,NE,ST,,,GRANTS PASS,OR,97526,31:53.0,BTAX-040760-07-2025,31:53.0
ASTRO #219                    , WSCO PETROLEUM CORP           ,Inside City Limits,447190,Gas Station,,00:00.0,D304DE9D-B387-442E-9F14-10E36926408D,5032432929,324,E,,NE,ST,, ,GRANTS PASS,OR,97526,47:42.0,BTAX-041394-08-2025,47:42.0
A-TEAM ARMS LLC              ,CHAD CRUME,Inside City Limits,339999,Manufacturing-Misc Manufacturing,,00:00.0,15229D76-136A-488E-87DE-8774C40D4C1A,5416609264,201,10TH,,SE,ST,,,GRANTS PASS,OR,97526,17:46.0,BTAX-042375-12-2025,17:46.0
ATILLA THE HOE                ,RAYMOND O  WILLIAMS,Inside City Limits,238110,Contractor-Concrete/Found/Structural,,00:00.0,25E3DD50-A3A5-4BC6-9B96-78FACA3BDFA6,5414768833,1919,NEBRASKA,, ,AVE,, ,GRANTS PASS,OR,97527,18:52.0,BTAX-040678-07-2025,18:52.0
ATTIC SELF SERVICE STORAGE    ,BARBARA  BEAN,Inside City Limits,493110,Storage & General Warehousing,,00:00.0,F3C38BDD-2D07-4171-8EF3-AFF51BFA3FD3,5414766808,1720,REDWOOD,, ,Ave,, ,GRANTS PASS,OR,97527,02:40.0,BTAX-042306-11-2025,02:40.0
ATTIC STORAGE                 ,BARBRA  BEAN,Inside City Limits,493110,Storage & General Warehousing,,00:00.0,2A2B7817-F2A7-4983-9C0E-281C6D8D34E9,5414795979,1715,ROGUE RIVER,, ,HWY,, ,GRANTS PASS,OR,97527,14:37.0,BTAX-042560-01-2026,14:37.0
AUDIOLOGY ASSOCIATES OF SOUTHERN OREGON INC,STACEY & JEFFREY  BERG,Inside City Limits,621340,Medical-Audiologist,,00:00.0,BFEEBC9E-6F11-4121-9A6C-36C7D9CAD95D,5414744694,1665,WILLIAMS,, ,HWY,,,GRANTS PASS,OR,97527,31:56.0,BTAX-040973-07-2025,31:56.0
AUGUSTA LAWN CARE OF GRANTS PASS,KYLE REILLY,Outside City Limits,561730,Yard Services,,00:00.0,4b2b3859-fce8-410e-b589-f377b49d2a53,5412992694,PO BOX 2576,,,,,,,GRANTS PASS,OR,97528,23:25.0,BTAX-040289-05-2025,23:25.0
AUGUSTA LAWN CARE OF GRANTS PASS, ,Outside City Limits,561730,Yard Services,,00:00.0,4b2b3859-fce8-410e-b589-f377b49d2a53,5412992694,PO BOX 2576,,,,,,,GRANTS PASS,OR,97528,23:25.0,BTAX-040289-05-2025,23:25.0
AUNTIE MAE'S SWEET TREATS     ,ELSA MAE  WALZ,Inside City Limits,445299,Food-Specialty Food Store,,00:00.0,C762ECFA-FBDA-4821-ADF8-68E74FF475F2,5414500174,1712,ROUNDS,,,AVE,, ,GRANTS PASS,OR,97527,12:26.0,BTAX-041368-08-2025,12:26.0
AUSLAND BUILDERS DBA AUSLAND GROUP,KELSY  AUSLAND,Inside City Limits,238190,Contractor-General/Building Exterior,,00:00.0,8E340966-D317-4D20-9025-0D52F63F67C4,5414763788,3935,HIGHLAND,, ,AVE,, ,GRANTS PASS,OR,97526,51:40.0,BTAX-041723-09-2025,51:40.0
"AUSLAND, AUSLAND REEDY LLC    ",JENNIFER  AUSLAND,Inside City Limits,541320,Landscaping Services,,00:00.0,4BCE3080-E0DA-4790-9312-4C9C6338CB3F,5414764441,695,J,,SE,ST,, ,GRANTS PASS,OR,97527,23:47.0,BTAX-040870-07-2025,23:47.0
AUTOMANIA LLC                 ,TED  HOLMAN,Inside City Limits,441120,Auto-Used Car Dealer,,00:00.0,21AF6B14-2C78-4361-88E6-5690615B1A61,5414798888,895,GLADIOLA,,SE,DR,, ,GRANTS PASS,OR,97526,01:05.0,BTAX-041499-08-2025,01:05.0
AUTOPRO AUTOMOTIVE INC        ,RICK & VALERIE  FINWALL,Inside City Limits,811111,Auto-General Repair,,00:00.0,5774DE4F-270A-4CD6-8DAF-77CEF75131EE,5414743323,1670,REDWOOD,,,Ave,,,GRANTS PASS,OR,97527,22:20.0,BTAX-041592-08-2025,22:20.0
AUTOSMITH OF OREGON           ,GREGORY  SMITH,Inside City Limits,811111,Auto-General Repair,,00:00.0,5651ED5F-7343-4DA9-AD3E-402D0C79710E,5414742886,301,J,,SE,ST,, ,GRANTS PASS,OR,97526,57:45.0,BTAX-040900-07-2025,57:45.0
AUTOZONE PARTS INC, ,Inside City Limits,441310,Retail-Automotive Parts & Accessories,AUTOZONE #2213,00:00.0,C056388C-1367-4BFF-8FE0-6A94B29CA895,5419561190,1695,6TH,,NE,ST,, ,GRANTS PASS,OR,97526,02:42.0,BTAX-041057-08-2025,02:42.0
"AUTOZONE PARTS, INC                  ", ,Inside City Limits,441310,Retail-Automotive Parts & Accessories,AUTOZONE #2222,00:00.0,51C95D4E-E9BD-4243-A196-AA4244BC5721,5414729700,1601,WILLIAMS,, ,HWY,, ,GRANTS PASS,OR,97527,07:44.0,BTAX-041058-08-2025,07:44.0
B & C SUN CONTROL             ,WILLIAM F  GHENA,Inside City Limits,238990,Contractor-Trade/Specialty,,00:00.0,450C2F43-5B46-4062-93E1-FB8B3C8E2313,5414760620,2384,UPPER RIVER,, ,RD,, ,GRANTS PASS,OR,97526,22:10.0,BTAX-040716-07-2025,22:10.0
B B JETS ICE CREAM            ,BRIAN & SHANNON  HAGEMAN,Inside City Limits,722511,Restaurant,,00:00.0,D7585594-6CC7-4024-9F6E-7AB9D59EA0AB,5412187403,434,11TH,,NE,ST,, ,GRANTS PASS,OR,97526,15:13.0,BTAX-042451-12-2025,15:13.0
B. JOHNSON & FAMILY LLC, ,Inside City Limits,238190,Contractor-General/Building Exterior,TIMBERLINE DESIGNS,00:00.0,db5cccf9-fc2c-43cb-97f3-0eb34bb4e6f1,5416213195,1584,N,,SE,ST,, ,GRANTS PASS,OR,97526,52:02.0,BTAX-041459-08-2025,52:02.0
B. JOHNSON & FAMILY LLC,WILLIAM JOHNSON,Inside City Limits,238190,Contractor-General/Building Exterior,TIMBERLINE DESIGNS,00:00.0,db5cccf9-fc2c-43cb-97f3-0eb34bb4e6f1,5416213195,1584,N,,SE,ST,, ,GRANTS PASS,OR,97526,52:02.0,BTAX-041459-08-2025,52:02.0
B. JOHNSON & FAMILY LLC,ANGELA JOHNSON,Inside City Limits,238190,Contractor-General/Building Exterior,TIMBERLINE DESIGNS,00:00.0,db5cccf9-fc2c-43cb-97f3-0eb34bb4e6f1,5416213195,1584,N,,SE,ST,, ,GRANTS PASS,OR,97526,52:02.0,BTAX-041459-08-2025,52:02.0
BABE'S BAKERY                 ,INC  TRUE PROSPERITY,Inside City Limits,311811,Bakery,,00:00.0,048A1C13-1F41-4ABA-823F-3F2136D1B61B,5414761710,1701,6TH,,NE,ST,, ,GRANTS PASS,OR,97526,45:37.0,BTAX-042900-03-2026,45:37.0
BACK 9 CREATIVE               ,EARL (GENE)  NAPIER,Inside City Limits,541430,Graphic Design,,00:00.0,8A5F6213-51CF-4105-B836-4CE8704FF4F7,5414746479,946,VALLEY VIEW,,NW,DR,, ,GRANTS PASS,OR,97526,17:27.0,BTAX-042085-10-2025,17:27.0
"BALANCE FORWARD SOLUTIONS, LLC", ,Inside City Limits,541200,Other Accounting Services,,00:00.0,0f3afbe7-b4a3-4dc1-8257-d1d5caec8895,5416361486,227,SAPPHIRE,,,CT,,,GRANTS PASS,OR,97527,45:17.0,BTAX-042727-02-2026,45:17.0
"BALANCE FORWARD SOLUTIONS, LLC",MICHELLE THOMSEN,Inside City Limits,541200,Other Accounting Services,,00:00.0,0f3afbe7-b4a3-4dc1-8257-d1d5caec8895,5416361486,227,SAPPHIRE,,,CT,,,GRANTS PASS,OR,97527,45:17.0,BTAX-042727-02-2026,45:17.0
BALANCING ACT                 ,ALONA  MYSIOR,Inside City Limits,541211,Accountant-CPA,,00:00.0,165B8104-14C4-49D4-998D-FEBFF797EDE0,5419558584,1034,WASHINGTON,,NW,BLVD,, ,GRANTS PASS,OR,97526,41:47.0,BTAX-040434-05-2025,41:47.0
BALLINGER INDUSTRIAL PARK     ,JERRY  BALLINGER,Inside City Limits,541712,Research & Development,,00:00.0,D07D8155-B0DA-4532-A323-881048B770F3,5416608826,2001,FOOTHILL,,NE,BLVD,, ,GRANTS PASS,OR,97526,07:42.0,BTAX-040984-07-2025,07:42.0
BAN MAI THAI CUISINE         ,KHAMSAEN  SETTHAPHONG,Inside City Limits,722511,Restaurant,,00:00.0,3CDA0AAA-CC41-4725-9C89-BC706E5BCE44,5414762578,1887,7TH,,NE,ST,,,GRANTS PASS,OR,97526,21:49.0,BTAX-042138-10-2025,21:49.0
BANNER BANK ,         ,Inside City Limits,522110,Finance-Commercial Bank,,00:00.0,12F006E6-D55D-4700-8AA3-FA18B1B3DF14,5419554589,1689,WILLIAMS,, ,HWY,, ,GRANTS PASS,OR,97527,24:21.0,BTAX-042505-12-2025,24:21.0
BANNER BANK,       ,Inside City Limits,522110,Finance-Commercial Bank,,00:00.0,63AEFDD6-76CF-41C4-81D3-6C736467BB73,5419566450,1409,7TH,,NE,ST,, ,GRANTS PASS,OR,97526,12:29.0,BTAX-042504-12-2025,12:29.0
BARGAINS BOOKS AND BEADS,PATRICIA HERMAN,Inside City Limits,453310,Retail-Thrift Store,,00:00.0,c8a45e13-3b24-41a5-97ce-d348b706ccfa,5416599147,239B,REDWOOD,,SW,HWY,,,GRANTS PASS,OR,97527,23:23.0,BTAX-040480-06-2025,23:23.0
BARGAINS BOOKS AND BEADS, ,Inside City Limits,453310,Retail-Thrift Store,,00:00.0,c8a45e13-3b24-41a5-97ce-d348b706ccfa,5416599147,239B,REDWOOD,,SW,HWY,,,GRANTS PASS,OR,97527,23:23.0,BTAX-040480-06-2025,23:23.0
BARK BATH & BEYOND            ,NATASHA POWELL,Inside City Limits,812910,Pet Care Services,,00:00.0,FDAAA2BA-D4AB-45DD-82B1-07987625CF5A,5414761718,516,7TH,,NE,ST,,,GRANTS PASS,OR,97526,25:29.0,BTAX-040925-07-2025,25:29.0
BARNSTORMERS THEATER INC, ,Inside City Limits,711110,Theater Company/Dinner Theater,,00:00.0,9bbf4bf4-7eff-47b0-899a-f72f19d74bba,5414793557,112,EVELYN,,NE,AVE,, ,GRANTS PASS,OR,97526,45:11.0,BTAX-042492-12-2025,45:11.0
BARNSTORMERS THEATER INC,SABEL ANNIE,Inside City Limits,711110,Theater Company/Dinner Theater,,00:00.0,9bbf4bf4-7eff-47b0-899a-f72f19d74bba,5414793557,112,EVELYN,,NE,AVE,, ,GRANTS PASS,OR,97526,45:11.0,BTAX-042492-12-2025,45:11.0
BARRETT BUSINESS SERVICES INC, BARRETT BUSINESS SERVICES INC ,Inside City Limits,541990,Professional-Misc,,00:00.0,83C0B5C4-1506-403E-9B8A-61FE4E90DD7A,5414717828,1867,WILLIAMS,,,HWY,,SUITE 101,GRANTS PASS,OR,97527,09:58.0,BTAX-042916-03-2026,09:58.0
BARRY PETERSON'S VERSATILE CONSTRUCTION,BARRY  PETERSON,Inside City Limits,238190,Contractor-General/Building Exterior,,00:00.0,7365EBCC-4F2E-4705-AF61-2246C880CF5A,5414746007,1702,BEVERLY,,NE,DR,, ,GRANTS PASS,OR,97526,51:52.0,BTAX-040655-07-2025,51:52.0
BASE ONE PLUMBING LLC,GREG MAJOR,Outside City Limits,238190,Contractor-General/Building Exterior,BASE ONE PLUMBING LLC,00:00.0,c0ace166-0e87-4734-a382-b1842b88b956,5419517501,2640,BARNETT,,E,RD,,,MEDFORD,OR,97504,44:39.0,BTAX-040418-05-2025,44:39.0
BASE ONE PLUMBING LLC, ,Outside City Limits,238190,Contractor-General/Building Exterior,BASE ONE PLUMBING LLC,00:00.0,c0ace166-0e87-4734-a382-b1842b88b956,5419517501,2640,BARNETT,,E,RD,,,MEDFORD,OR,97504,44:39.0,BTAX-040418-05-2025,44:39.0
BASKIN ROBBINS STORE #4303    ,DAN & PATRICIA  KIRKMAN,Inside City Limits,722511,Restaurant,,00:00.0,CC652D9E-6200-46CA-A888-533B7142A26C,5414741546,300,UNION,,,AVE,,SUITE A,GRANTS PASS,OR,97527,43:20.0,BTAX-041595-09-2025,43:20.0
BATTERY SOLUTIONS INC         ,"SAVE & DUNTSCH, RYAN  BRICKE",Inside City Limits,441310,Retail-Automotive Parts & Accessories,,00:00.0,428FFB03-59F4-44D5-8499-488C44AE040E,5414794343,869,ROGUE RIVER,, ,HWY,, ,GRANTS PASS,OR,97527,48:15.0,BTAX-041540-08-2025,48:15.0
BBAC INC                      ,BRET CUDD,Inside City Limits,561431,Mail Center-Private,INSIDE THE BOX,00:00.0,AD4C97D9-36AC-4C1C-8CF0-5B9F74DFCE9A,5419551400,560,F,,NE,ST,,A,GRANTS PASS,OR,97526,08:57.0,BTAX-042865-02-2026,08:57.0
BCH GP LLC, ,Inside City Limits,721110,Hotel/Motel,,00:00.0,6D25EDFD-BCEB-4F4E-9D64-FB4183E57EE8,5034497696,1627,6TH,,NE,ST,, ,GRANTS PASS,OR,97526,38:48.0,BTAX-041889-09-2025,38:48.0
BCH GP LLC,ANURAG PATEL,Inside City Limits,721110,Hotel/Motel,,00:00.0,6D25EDFD-BCEB-4F4E-9D64-FB4183E57EE8,5034497696,1627,6TH,,NE,ST,, ,GRANTS PASS,OR,97526,38:48.0,BTAX-041889-09-2025,38:48.0
BE YOUTIFUL SALON, ,Inside City Limits,812112,Beauty Salon,,00:00.0,67cac9df-c724-40f6-82e6-aa5be325702a,5417870838,1051,6TH,,NE,ST,, F,GRANTS PASS,OR,97526,05:04.0,BTAX-042736-02-2026,05:04.0
BE YOUTIFUL SALON,MARCELLA ARANA,Inside City Limits,812112,Beauty Salon,,00:00.0,67cac9df-c724-40f6-82e6-aa5be325702a,5417870838,1051,6TH,,NE,ST,, F,GRANTS PASS,OR,97526,05:04.0,BTAX-042736-02-2026,05:04.0
BEACHBUM'S STORAGE            ,FRANK A & EVA G  BEACHAM,Inside City Limits,493110,Storage & General Warehousing,,00:00.0,E8F74316-9C2A-47D6-8C88-7CDB20277EDB,5419419730,2175,HAWTHORNE,,NW,AVE,, ,GRANTS PASS,OR,97526,25:30.0,BTAX-042643-01-2026,25:30.0
"BEAR VALLEY MEDICAL CLINIC, LLC",DANIEL TIBBITS,Inside City Limits,621111,Medical-Physician,,00:00.0,c35af95c-1b69-45f2-aa6c-07339b034115,5412375040,1690,LYNDA,,NE,LN,,,GRANTS PASS,OR,97526,23:30.0,BTAX-042867-02-2026,23:30.0
"BEAR VALLEY MEDICAL CLINIC, LLC", ,Inside City Limits,621111,Medical-Physician,,00:00.0,c35af95c-1b69-45f2-aa6c-07339b034115,5412375040,1690,LYNDA,,NE,LN,,,GRANTS PASS,OR,97526,23:30.0,BTAX-042867-02-2026,23:30.0
BEAUTY IN THE ROGUE,JESSIE VASILIA,Inside City Limits,812112,Beauty Salon,,00:00.0,29b8d649-eda9-49ed-9a15-2aaff6c4e3a7,5416601422,1439,6TH,,NE,ST,,,GRANTS PASS,OR,97526,25:08.0,BTAX-042390-12-2025,25:08.0
BEHYMER SORENSON & PRICE LLC, BEHYMER & SORENSON & PRICE,Inside City Limits,541211,Accountant-CPA,,00:00.0,9EAF9B87-7BB2-49A7-A198-DB012284F941,5419550500,237,J,,SE,ST,, ,GRANTS PASS,OR,97526,32:14.0,BTAX-040688-07-2025,32:14.0
BELA & KADE, TOLEDO,Inside City Limits,541211,Accountant-CPA,,00:00.0,EA9C6378-5697-405E-975C-14CC3B087757,5412442192,406,G,,SE,ST,,SUITE B,GRANTS PASS,OR,97526,40:43.0,BTAX-040653-07-2025,40:43.0
BENSON JANITORIAL & SUPPLY    ,PETER  BENSON,Inside City Limits,561720,Janitorial Services,,00:00.0,F4FF72FF-9B1D-4919-97F4-F546297C1059,5414795200,1578,FRUITDALE,, ,DR,, ,GRANTS PASS,OR,97527,53:14.0,BTAX-041204-08-2025,53:14.0
BEST PORTABLE TOILETS         ,DAVID  BLACKLOCK,Inside City Limits,454390,Retail-Misc Direct Selling Establishment,,00:00.0,C6323AD3-E748-40A5-86C2-C4E066EF3333,5414794715,1470,M,,SE,ST,,2H,GRANTS PASS,OR,97526,32:03.0,BTAX-042114-10-2025,32:03.0
BEST WASH & FOLD              , ,Inside City Limits,812320,Dry Cleaning Services,,00:00.0,4398DE8C-157B-41A1-879B-C5C13FC120EE,5416595099,870,D,,NE,ST,, ,GRANTS PASS,OR,97526,24:54.0,BTAX-041074-08-2025,24:54.0
BEST WASH & FOLD              ,SHARI SMITH,Inside City Limits,812320,Dry Cleaning Services,,00:00.0,4398DE8C-157B-41A1-879B-C5C13FC120EE,5416595099,870,D,,NE,ST,, ,GRANTS PASS,OR,97526,24:54.0,BTAX-041074-08-2025,24:54.0
BEST WESTERN GRANTS PASS INN  ,ROBERT & SHIRLEY  JENSEN,Inside City Limits,721110,Hotel/Motel,,00:00.0,8E643B61-F426-4DED-8E08-0EA9395021A3,5414761117,111,AGNESS,,NE,AVE,, ,GRANTS PASS,OR,97526,40:31.0,BTAX-041235-08-2025,40:31.0
BETTER BUILT CONSTRUCTION, ,Outside City Limits,238190,Contractor-General/Building Exterior,,00:00.0,bf97ca45-0fea-4b8b-bf24-230ac64e95bf,5416901100,2802,CRATER LAKE,,,HWY,,,MEDFORD,OR,97504,32:09.0,BTAX-040321-05-2025,32:09.0
BETTER BUILT CONSTRUCTION,WERNER CONSTANZA,Outside City Limits,238190,Contractor-General/Building Exterior,,00:00.0,bf97ca45-0fea-4b8b-bf24-230ac64e95bf,5416901100,2802,CRATER LAKE,,,HWY,,,MEDFORD,OR,97504,32:09.0,BTAX-040321-05-2025,32:09.0
BEYOND THE GARDEN GATE        ,CLARA  PUTLITZ,Inside City Limits,712130,Zoo/Botanical Garden,,00:00.0,A5722AB1-EE1B-4491-85CD-C6C6F54110B7,5412185003,2237,ALLEN CREEK,, ,RD,, ,GRANTS PASS,OR,97527,47:17.0,BTAX-040743-07-2025,47:17.0
BIG 5 SPORTING GOODS #227     , BIG 5 CORP(JOHN LUCERO VP)    ,Inside City Limits,451110,Retail-Sporting Goods,,00:00.0,3AF12282-02D3-4756-AB25-80074BB4059E,3105360611,310,AGNESS,,NE,Ave,, ,GRANTS PASS,OR,97526,15:41.0,BTAX-041182-08-2025,15:41.0
BIKEKRAFT                    ,HEATHER WHITE,Inside City Limits,541990,Professional-Misc,,00:00.0,B61C3F2B-E356-496F-9730-9E470A34EECC,5414764935,1448,WILLIAMS,, ,HWY,, ,GRANTS PASS,OR,97527,02:12.0,BTAX-040334-05-2025,02:12.0
BILL'S GLASS & WINDSHEILDS               , BUTLER'S GLASS (BUTLER/REEVES),Inside City Limits,811122,Auto-Glass Replacement Shop,,00:00.0,0F249A2C-1FFC-4F85-A5BF-9C5FF490369F,5414799679,215,HILLCREST,,NE,DR,,,GRANTS PASS,OR,97526,15:32.0,BTAX-041382-08-2025,15:32.0
BI-MART CORPORATION,            ,Inside City Limits,452111,Retail-Department Store,BI-MART #610,00:00.0,A3A9396A-CB6A-4773-90D1-09B1E98491F8,5414798365,230,REDWOOD,, ,HWY,, ,GRANTS PASS,OR,97527,15:46.0,BTAX-040866-07-2025,15:46.0
BLACK BEAR DINER              ,CURT & ELLEN  MOORE,Inside City Limits,722511,Restaurant,,00:00.0,893BBA5D-499E-4B36-ADB5-BB777E8A50C0,5417735115,1900,6TH,,NW,ST,, ,GRANTS PASS,OR,97526,37:47.0,BTAX-040878-07-2025,37:47.0
BLACK BEARD LLC              , FRANKLIN KATRINA BRANDON PRICE,Inside City Limits,561720,Cleaning Service,HCS (HYDRO CLEANING SVC),00:00.0,C90A7BDA-5697-4DEA-A7C4-026795E776DF,5414761387,901,E,,NW,ST,, ,GRANTS PASS,OR,97526,58:37.0,BTAX-041802-09-2025,58:37.0
"BLACK BEER, LLC.", ,Inside City Limits,551114,"Managing, Corporate & Subsidiary Offices",,00:00.0,c69fa16b-299f-470a-b060-977c250292cd,5414761387,901,E,,NW,ST,, ,GRANTS PASS,OR,97526,49:45.0,BTAX-042156-10-2025,49:45.0
"BLACK BEER, LLC.",FRANKLIN PRICE,Inside City Limits,551114,"Managing, Corporate & Subsidiary Offices",,00:00.0,c69fa16b-299f-470a-b060-977c250292cd,5414761387,901,E,,NW,ST,, ,GRANTS PASS,OR,97526,49:45.0,BTAX-042156-10-2025,49:45.0
"BLACK BEER, LLC.",BRANDON PRICE,Inside City Limits,551114,"Managing, Corporate & Subsidiary Offices",,00:00.0,c69fa16b-299f-470a-b060-977c250292cd,5414761387,901,E,,NW,ST,, ,GRANTS PASS,OR,97526,49:45.0,BTAX-042156-10-2025,49:45.0
BLACK FOREST RESTAURANT LLC   , FASZER DWAYNE & DEBORAH       ,Inside City Limits,722511,Restaurant,,00:00.0,478808AA-CDB3-4C11-B5C2-C9EC9F67DF25,5412441845,820,E,,NE,ST,,,GRANTS PASS,OR,97526,04:14.0,BTAX-042238-11-2025,04:14.0
BLACK OAK ADULT FOSTER CARE   ,KEENA  SELF,Inside City Limits,623110,Medical-Nursing Care Facility,,00:00.0,ED714EE0-6258-47A8-9308-A7088BEBDB22,5419556063,1031,MORGAN,,NW,LN,, ,GRANTS PASS,OR,97526,04:47.0,BTAX-042230-11-2025,04:47.0
"BLACK, CHAPMAN, PETERSEN & STEVENS","HAPMAN,WEBBER,STEVENS  BLACK",Inside City Limits,541110,Lawyer,,00:00.0,6F3F444A-7C3F-4B20-AE0F-F40C28AD6EC7,5414743374,307,E,,NW,ST,, ,GRANTS PASS,OR,97526,51:32.0,BTAX-040695-07-2025,51:32.0
BLAKE K ANDERSON DND LLC, ,Inside City Limits,621210,Medical-Dentist,A STREET DENTAL,00:00.0,fa4b2dea-c400-46c1-81e7-001ab3e1d6f7,5414769792,828,A,,NE,ST,, ,GRANTS PASS,OR,97526,05:07.0,BTAX-041259-08-2025,05:07.0
BLAKE K ANDERSON DND LLC,BLAKE ANDERSON,Inside City Limits,621210,Medical-Dentist,A STREET DENTAL,00:00.0,fa4b2dea-c400-46c1-81e7-001ab3e1d6f7,5414769792,828,A,,NE,ST,, ,GRANTS PASS,OR,97526,05:07.0,BTAX-041259-08-2025,05:07.0
"BLG, INC",DARAND DAVIES PATRICK MCONVILLE,Inside City Limits,238990,Contractor-Trade/Specialty,RIVER CITY GLASS,00:00.0,63f88229-177a-4292-9ccd-06eef608c607,5038788585,2001,FOOTHILL,,,BLVD,,E1,GRANTS PASS,OR,97526,13:08.0,BTAX-040170-04-2025,13:08.0
"BLG, INC", ,Inside City Limits,238990,Contractor-Trade/Specialty,RIVER CITY GLASS,00:00.0,63f88229-177a-4292-9ccd-06eef608c607,5038788585,2001,FOOTHILL,,,BLVD,,E1,GRANTS PASS,OR,97526,13:08.0,BTAX-040170-04-2025,13:08.0
BLISSFUL BEING WELLSNESS LLC,ALIX MARMULSTEIN,Inside City Limits,621399,Medical-Massage Therapy,,00:00.0,b376c0ba-6f47-4e2d-a5e5-022b20fb4e65,5416609209,598,E,,NE,ST,,A,GRANTS PASS,OR,97526,25:46.0,BTAX-042928-03-2026,25:46.0
BLISSFUL BEING WELLSNESS LLC, ,Inside City Limits,621399,Medical-Massage Therapy,,00:00.0,b376c0ba-6f47-4e2d-a5e5-022b20fb4e65,5416609209,598,E,,NE,ST,,A,GRANTS PASS,OR,97526,25:46.0,BTAX-042928-03-2026,25:46.0
BLUE DOOR BOUTIQUE,JEANETTE MICHAEL,Inside City Limits,453220,Retail-Gift & Novelty Store,THE WHITE OWL,00:00.0,19cdcf62-aacd-4bf1-b782-f9393a886841,2679025458,144,G,,SE,ST,, ,GRANTS PASS,OR,97526,56:42.0,BTAX-041168-08-2025,56:42.0
BLUE DOOR BOUTIQUE, ,Inside City Limits,453220,Retail-Gift & Novelty Store,THE WHITE OWL,00:00.0,19cdcf62-aacd-4bf1-b782-f9393a886841,2679025458,144,G,,SE,ST,, ,GRANTS PASS,OR,97526,56:42.0,BTAX-041168-08-2025,56:42.0
BLUE DOOR SALON,BROOKE GILMORE,Inside City Limits,812112,Beauty Salon,,00:00.0,C8FF7EE3-1099-4E84-A4DB-6CC6C10B5DF8,5419555956,980,6TH,,SW,ST,,26,GRANTS PASS,OR,97526,35:22.0,BTAX-040742-07-2025,35:22.0
BLUE DOOR SALON, ,Inside City Limits,812112,Beauty Salon,,00:00.0,C8FF7EE3-1099-4E84-A4DB-6CC6C10B5DF8,5419555956,980,6TH,,SW,ST,,26,GRANTS PASS,OR,97526,35:22.0,BTAX-040742-07-2025,35:22.0
BLUE LINE HOLDINGS INC DBA ADAIR HOMES, ,Outside City Limits,238190,Contractor-General/Building Exterior,ADAIR HOMES INC,00:00.0,df2be277-5e39-4439-96a3-2d52f58b44c3,5418790614,6019,CRATER LAKE,,,HWY,,,CENTRAL POINT,OR,97502,51:28.0,BTAX-042610-01-2026,51:28.0
BLUE MOON ANTIQUES GIFTS & COLLECTIBLES INC          ,WARD WARREN,Inside City Limits,453220,Retail-Gift & Novelty Store,BLUE MOON TOO,00:00.0,C87D7570-496C-4715-BB2B-46FA83AAF79C,5412007020,122,H,,SW,ST,, ,GRANTS PASS,OR,97526,57:26.0,BTAX-041226-08-2025,57:26.0
BLUE WILLOW BOOKKEEPING LLC   ,NANCY  COLLINS,Inside City Limits,541214,Payroll Services,,00:00.0,D018CA25-FFF0-42B5-9669-87BC7A5356D5,5414710626,725,G,,SW,ST,, ,GRANTS PASS,OR,97526,58:45.0,BTAX-040777-07-2025,58:45.0
"BLUEEARTH MARINE, LLC", ,Inside City Limits,454390,Retail-Misc Direct Selling Establishment,,00:00.0,53a29a5b-d0f2-4177-8424-f6168d9a1c1e,5417792545,966,6TH,,SW,ST,,,GRANTS PASS,OR,97526,32:10.0,BTAX-042154-10-2025,32:10.0
"BLUEEARTH MARINE, LLC",TRAVIS HAMLYN,Inside City Limits,454390,Retail-Misc Direct Selling Establishment,,00:00.0,53a29a5b-d0f2-4177-8424-f6168d9a1c1e,5417792545,966,6TH,,SW,ST,,,GRANTS PASS,OR,97526,32:10.0,BTAX-042154-10-2025,32:10.0
B-N-B CONSTRUCTION LLC        ,BRUCE & BARBEL  DONOVAN,Inside City Limits,238190,Contractor-General/Building Exterior,,00:00.0,ADA224EA-A1DE-4BE2-8F71-16EAFE48030B,5412185454,8874,WILLIAMS,, ,HWY,, ,GRANTS PASS,OR,97527,46:59.0,BTAX-042175-10-2025,46:59.0
BOB ARRITOLA CONSTRUCTION LLC ,ROBERT  ARRITOLA,Inside City Limits,238990,Contractor-Trade/Specialty,,00:00.0,029FBEA6-CE73-4948-88D8-47E1FB634969,5414747823,722,WINONA,, ,RD,, ,GRANTS PASS,OR,97526,14:23.0,BTAX-042540-01-2026,14:23.0
BOB DRAKE REPRODUCTIONS I,ROBERT A  DRAKE,Inside City Limits,811111,Auto-General Repair,,00:00.0,5D74452A-CD4E-43F9-950A-4B95786FC3FA,5414740043,1819,WASHINGTON,,NW,BLVD,, ,GRANTS PASS,OR,97526,28:57.0,BTAX-040991-07-2025,28:57.0
BOB DRAKE REPRODUCTIONS III,ROBERT A  DRAKE,Inside City Limits,811111,Auto-General Repair,,00:00.0,6DE83F88-9546-493D-B78A-E04601BDF2A3,5414740043,1899,HAWTHORNE,,NW,Ave,,,GRANTS PASS,OR,97526,34:33.0,BTAX-040992-07-2025,34:33.0
BOB'S BUFF AND SHINE          ,ROBERT  CONNER,Inside City Limits,811121,"Auto-Body, Paint & Interior",,00:00.0,CEA78494-5FDD-4297-A39A-F27D4495919F,5414768166,625,7TH,,NE,ST,, ,GRANTS PASS,OR,97526,10:08.0,BTAX-041604-09-2025,10:08.0
BOB'S BUFF AND SHINE          ,ROBERT & ELIZABETH  CONNER,Inside City Limits,811121,"Auto-Body, Paint & Interior",,00:00.0,CEA78494-5FDD-4297-A39A-F27D4495919F,5414768166,625,7TH,,NE,ST,, ,GRANTS PASS,OR,97526,10:08.0,BTAX-041604-09-2025,10:08.0
BOB'S MECHANICAL        ,BOB  HAGLUND,Inside City Limits,811111,Auto-General Repair,,00:00.0,CDFAD3AB-D40D-40E6-84B7-76F272F05409,5414711489,500,KEEN,, ,RD,, ,GRANTS PASS,OR,97527,08:51.0,BTAX-041209-08-2025,08:51.0
BODY COVER/MAGIC STITCHES     ,RON & MELANIE  VINYARD,Inside City Limits,541990,Professional-Misc,,00:00.0,7019C75D-39E7-462A-B242-E19017B87E1A,5414711504,420,H,,SW,ST,, ,GRANTS PASS,OR,97526,55:19.0,BTAX-042845-02-2026,55:19.0
"BODYWISE, LLC", ,Inside City Limits,621399,Medical-Massage Therapy,,00:00.0,BE6AA77F-D12B-4B39-94EE-D180842240B6,5419514930,714,5TH,,NW,ST,,A,GRANTS PASS,OR,97526,06:20.0,BTAX-041208-08-2025,06:20.0
"BODYWISE, LLC",KIMBERLY TAMBELLINI,Inside City Limits,621399,Medical-Massage Therapy,,00:00.0,BE6AA77F-D12B-4B39-94EE-D180842240B6,5419514930,714,5TH,,NW,ST,,A,GRANTS PASS,OR,97526,06:20.0,BTAX-041208-08-2025,06:20.0
BOGGS ELECTRIC LLC          ,BRIAN BOGGS,Inside City Limits,238210,Contractor-Electrical,,00:00.0,D3DD0F6E-639E-40A8-9E60-60B04E1FA123,5414417900,1174,10TH,,NE,ST,, ,GRANTS PASS,OR,97526,19:31.0,BTAX-042137-10-2025,19:31.0
BOHO BEAUTY STUDIO LLC, ,Inside City Limits,812112,Beauty Salon,BOHO BEAUTY STUDIO,00:00.0,c076be7a-4c80-486d-90ce-2add207a9f08,5417877016,543,E,,NE,ST,,205,GRANTS PASS,OR,97526,43:45.0,BTAX-040427-05-2025,43:45.0
BOHO BEAUTY STUDIO LLC,YOLANDA JACKSON,Inside City Limits,812112,Beauty Salon,BOHO BEAUTY STUDIO,00:00.0,c076be7a-4c80-486d-90ce-2add207a9f08,5417877016,543,E,,NE,ST,,205,GRANTS PASS,OR,97526,43:45.0,BTAX-040427-05-2025,43:45.0
"BOLT GRAFIX, LLC",ELI BEARD,Inside City Limits,454390,Retail-Misc Direct Selling Establishment,BOLT GRAFIX,00:00.0,e3716132-6ecb-4ca4-9ce6-d83121477eb6,5419168272,2185,SPALDING,,NE,AVE,,#1,GRANTS PASS,OR,97526,01:23.0,BTAX-040611-07-2025,01:23.0
"BOLT GRAFIX, LLC",Eli Beard,Inside City Limits,454390,Retail-Misc Direct Selling Establishment,BOLT GRAFIX,00:00.0,e3716132-6ecb-4ca4-9ce6-d83121477eb6,5419168272,2185,SPALDING,,NE,AVE,,#1,GRANTS PASS,OR,97526,01:23.0,BTAX-040611-07-2025,01:23.0
BONNIE E STENEN               ,BONNIE E  STENEN,Inside City Limits,531110,Rental Units/Landlord,,00:00.0,5076662A-9F89-4D10-BA33-F4773A916207,5414796420,522,E,,NW,ST,, ,GRANTS PASS,OR,97526,53:11.0,BTAX-040614-07-2025,53:11.0
BOOTH STREET SELF STORAGE     , LEAVITT FAMILY CORPORATION    ,Inside City Limits,493110,Storage & General Warehousing,,00:00.0,9AADF8A4-E796-4ECB-9926-4B5F400D1DA4,5414791505,214,BOOTH,,NW,ST,, ,GRANTS PASS,OR,97526,16:05.0,BTAX-041431-08-2025,16:05.0
BOOTH STREET THRIFT STORE, ,Inside City Limits,453310,Retail-Thrift Store,,00:00.0,1fb52522-3fea-481e-ad20-3dba1885fe33,5414760082,114,BOOTH,,SW,ST,, ,GRANTS PASS,OR,97526,13:07.0,BTAX-040259-04-2025,13:07.0
BOOTH STREET THRIFT STORE, ,Inside City Limits,453310,Retail-Thrift Store,,00:00.0,1fb52522-3fea-481e-ad20-3dba1885fe33,5414760082,114,BOOTH,,SW,ST,, ,GRANTS PASS,OR,97526,13:07.0,BTAX-040259-04-2025,13:07.0
BOYS & GIRLS CLUB OF THE ROGUE VALLEY, ,Inside City Limits,624190,Social Svcs-Individual & Family Svcs,,00:00.0,61809263-a83a-4f25-b855-f5d4a3e3b47d,5414795258,203,9TH,,SE,ST,, ,GRANTS PASS,OR,97526,33:16.0,BTAX-040910-07-2025,33:16.0
BRAD FOX ROOFING LLC          ,BRAD  FOX,Inside City Limits,238160,Roofing,,00:00.0,6F892FC2-047E-44E4-962F-945EECD3314D,5416606890,1041,DEWEY,,NE,DR,, ,GRANTS PASS,OR,97526,13:59.0,BTAX-040691-07-2025,13:59.0
BRADBURY'S GUN-N-TACKLE, ,Inside City Limits,451110,Retail-Gun Dealer,,00:00.0,eec95330-1e13-40ca-b160-21427be1eb6f,5414761531,1809,ROGUE RIVER,, ,HWY,, ,GRANTS PASS,OR,97527,28:50.0,BTAX-042089-10-2025,28:50.0
BRADBURY'S GUN-N-TACKLE,DAVID BRADBURY,Inside City Limits,451110,Retail-Gun Dealer,,00:00.0,eec95330-1e13-40ca-b160-21427be1eb6f,5414761531,1809,ROGUE RIVER,, ,HWY,, ,GRANTS PASS,OR,97527,28:50.0,BTAX-042089-10-2025,28:50.0
BRADLEY PUTTER COMPANY, ,Inside City Limits,339999,Manufacturing-Misc Manufacturing,,00:00.0,659ba06d-c2c2-4ce6-902d-b726cfb51c9f,5417409098,310,6TH,,SW,ST,,,GRANTS PASS,OR,97526,17:25.0,BTAX-040354-05-2025,17:25.0
BRADLEY PUTTER COMPANY,BRADLEY CONVERSE,Inside City Limits,339999,Manufacturing-Misc Manufacturing,,00:00.0,659ba06d-c2c2-4ce6-902d-b726cfb51c9f,5417409098,310,6TH,,SW,ST,,,GRANTS PASS,OR,97526,17:25.0,BTAX-040354-05-2025,17:25.0
BRADS CUSTOM BUILDING         ,BRADLEY CLARK  BENTON,Inside City Limits,238190,Contractor-General/Building Exterior,,00:00.0,4EBD1408-D8DF-483A-BA03-BCFCF22642ED,5414766214,9261,LOWER RIVER,, ,RD,, ,GRANTS PASS,OR,97526,25:36.0,BTAX-040708-07-2025,25:36.0
"BRASS KNUCKLES & MORE, LLC", ,Inside City Limits,452990,Retail-General Merchandise ,,00:00.0,48821ce9-f392-4a24-9411-853b7dc29304,4582290646,1720,REDWOOD,,,AVE,,SUITE D,GRANTS PASS,OR,97527,19:24.0,BTAX-042215-11-2025,19:24.0
"BRASS KNUCKLES & MORE, LLC",HEATH LOVE,Inside City Limits,452990,Retail-General Merchandise ,,00:00.0,48821ce9-f392-4a24-9411-853b7dc29304,4582290646,1720,REDWOOD,,,AVE,,SUITE D,GRANTS PASS,OR,97527,19:24.0,BTAX-042215-11-2025,19:24.0
BREAD & BUTTER LLC,SHELLY  SOLOMON,Inside City Limits,722511,Restaurant,HORNY GOAT,00:00.0,D90FC716-592E-43EB-9A84-BAAEF313E27F,5415071901,207,K,,SW,ST,, ,GRANTS PASS,OR,97526,58:13.0,BTAX-042729-02-2026,58:13.0
BRENDA FISHER EA, ,Inside City Limits,541200,Other Accounting Services,,00:00.0,0811b0e1-7a3e-4ba7-a6bc-34870a3badc5,5418905380,540,BOLT MOUNTAIN,,,RD,,,GRANTS PASS,OR,97527,43:59.0,BTAX-042436-12-2025,43:59.0
BRENDEN C SCOTT, ,Inside City Limits,621210,Medical-Dentist,GRANTS PASS SMILE SUITE,00:00.0,e0650511-778f-413b-b33a-718eecefff16,5414711990,570,E,,NE,ST,, ,GRANTS PASS,OR,97526,31:07.0,BTAX-040523-06-2025,31:07.0
BRENDEN C SCOTT,BRENDEN SCOTT,Inside City Limits,621210,Medical-Dentist,GRANTS PASS SMILE SUITE,00:00.0,e0650511-778f-413b-b33a-718eecefff16,5414711990,570,E,,NE,ST,, ,GRANTS PASS,OR,97526,31:07.0,BTAX-040523-06-2025,31:07.0
BRESLINS TECHNOLOGY SOLUTIONS DBA ROGUE VALLEY SECURITY,Sherri Breslin,Outside City Limits,561621,Security System Services,ROGUE VALLEY SECURITY,00:00.0,183f2c79-1b43-4b75-ab45-6524e032421e,5416603242,214,8TH,,SE,ST,,,GRANTS PASS,OR,97526,31:23.0,BTAX-042311-11-2025,31:23.0
BRIAN E HANCOCK MD           ,BRIAN E  HANCOCK,Inside City Limits,621111,Medical-Physician,,00:00.0,45F0968E-5D2A-444B-A2B7-9D993BD69F49,5414742721,841,7TH,,NE,ST,, ,GRANTS PASS,OR,97526,56:09.0,BTAX-040734-07-2025,56:09.0
BRIDGE STREET AUTO INC,MICHAEL & HEIDI  DUNBAR,Inside City Limits,811111,Auto-General Repair,,00:00.0,11709CED-F4A2-4CDE-8427-28D297971C3E,5419551002,2015,BRIDGE,,SW,ST,, ,GRANTS PASS,OR,97526,52:33.0,BTAX-041541-08-2025,52:33.0
"BRISTOL HOSPICE- ROGUE VALLEY, L.L.C.",Lina Mejia,Inside City Limits,623110,Medical-Nursing Care Facility,,00:00.0,d4228705-aece-4205-8370-09849e23098c,4852123422,1867,WILLIAMS,,,HWY,,STE 110,GRANTS PASS,OR,97527,23:09.0,BTAX-041536-08-2025,23:09.0
"BRISTOL HOSPICE- ROGUE VALLEY, L.L.C.", ,Inside City Limits,623110,Medical-Nursing Care Facility,,00:00.0,d4228705-aece-4205-8370-09849e23098c,4852123422,1867,WILLIAMS,,,HWY,,STE 110,GRANTS PASS,OR,97527,23:09.0,BTAX-041536-08-2025,23:09.0
BROTHERS N SISTERS BARBER SHOP,JOHANNA M  NICOLAISEN,Inside City Limits,812111,Barber Shop,,00:00.0,F7BA22B2-1720-42C2-BA6D-19FB4284B270,5414765656,432,6TH,,NW,ST,,SUITE 103,GRANTS PASS,OR,97526,21:42.0,BTAX-042376-12-2025,21:42.0
BROWN CUSTOM WINDOW COVERINGS,DENNIS & BARBARA  BROWN,Inside City Limits,442299,Retail-Home Furnishings ,D BROWN FURNITURE & CABINET,00:00.0,A2A6D305-8F75-4686-84B6-565A1D659ACC,5414796630,341,FAIRFIELD,, ,LN,, ,GRANTS PASS,OR,97526,37:45.0,BTAX-041359-08-2025,37:45.0
BROWS BY WENDY LLC         , ,Inside City Limits,812112,Beauty Salon,SASSY BROWS,00:00.0,99B5F4E0-4953-408B-BF70-030C6C7F4AE5,5414764785,558,F,,NE,ST,,#6,GRANTS PASS,OR,97526,30:26.0,BTAX-042817-02-2026,30:26.0
BROWS BY WENDY LLC         ,DIGNA SHELBY,Inside City Limits,812112,Beauty Salon,SASSY BROWS,00:00.0,99B5F4E0-4953-408B-BF70-030C6C7F4AE5,5414764785,558,F,,NE,ST,,#6,GRANTS PASS,OR,97526,30:26.0,BTAX-042817-02-2026,30:26.0
BSB TRANSPORT LLC,Brian Bates,Inside City Limits,561499,Business Support Services-Misc,,00:00.0,33c78fde-b6f8-4151-93dd-a8ee565b7681,5412442429,1590,N,,SE,ST,,SUITE G,GRANTS PASS,OR,97526,18:23.0,BTAX-041862-09-2025,18:23.0
BSB TRANSPORT LLC,BRIAN BATES,Inside City Limits,561499,Business Support Services-Misc,,00:00.0,33c78fde-b6f8-4151-93dd-a8ee565b7681,5412442429,1590,N,,SE,ST,,SUITE G,GRANTS PASS,OR,97526,18:23.0,BTAX-041862-09-2025,18:23.0
BSB TRANSPORT LLC,STACI BATES,Inside City Limits,561499,Business Support Services-Misc,,00:00.0,33c78fde-b6f8-4151-93dd-a8ee565b7681,5412442429,1590,N,,SE,ST,,SUITE G,GRANTS PASS,OR,97526,18:23.0,BTAX-041862-09-2025,18:23.0
BUGS NORTHWEST                ,DAVID  MAYS,Inside City Limits,561710,Pest Control,,00:00.0,8789FD83-E949-4ECC-9376-C804410143CD,5414725003,2027,G,,SW,ST,, ,GRANTS PASS,OR,97526,24:54.0,BTAX-041436-08-2025,24:54.0
"BUILDER SERVICES GROUP, INC", ,Inside City Limits,238190,Contractor-General/Building Exterior,,00:00.0,de5e1a6c-7140-4a64-a262-df68f1e1569b,3863042222,1900,39TH,,W,ST,,,VANCOUVER,WA,98660,27:42.0,BTAX-041674-09-2025,27:42.0
"BUILDER SERVICES GROUP, INC","BUILDER SERVICES GROUP, INC",Inside City Limits,238190,Contractor-General/Building Exterior,,00:00.0,de5e1a6c-7140-4a64-a262-df68f1e1569b,3863042222,1900,39TH,,W,ST,,,VANCOUVER,WA,98660,27:42.0,BTAX-041674-09-2025,27:42.0
BULLDOG TOWING,RORY  MARLER,Inside City Limits,488410,Towing,,00:00.0,C9A547AE-BCDA-47D3-A1C1-D692FF42EB45,5419559600,2847,HIGHLAND,,NW,AVE,, ,GRANTS PASS,OR,97526,45:46.0,BTAX-040242-04-2025,45:46.0
BUMGARDNERS LANDSCAPE         , ,Outside City Limits,541320,Landscaping Services,,00:00.0,976FE4D1-EEAF-4439-ADA8-E0969345BEF7,5418267713,7878,BLACKWELL,,,RD,,,CENTRAL POINT,OR,97502,53:09.0,BTAX-041771-09-2025,53:09.0
BURTON NUMISMATICS            ,GARY L & AIDA  BURTON,Inside City Limits,813990,Organization-Misc,,00:00.0,704A6301-2A9E-42D8-BC5F-B7EDB06F8725,5414791204,306,I,,SE,ST,,,GRANTS PASS,OR,97526,06:56.0,BTAX-040836-07-2025,06:56.0
CAMP SHARON DIVERSITIES       ,S  ALEXANDER,Inside City Limits,531311,Property Management,,00:00.0,E5541D46-7A29-41C3-8BD6-CF103DDE0273,5414415259,560,F,,NE,ST,,SUITE 157,GRANTS PASS,OR,97526,19:37.0,BTAX-042679-01-2026,19:37.0
CANDELA DANCE STUDIO          ,MELISSA  MCROBBIE,Inside City Limits,711120,Dance Studio,,00:00.0,FFED40D4-523F-4F43-9A4D-7DCA36BE4F4F,5412917900,329,6TH,,NE,ST,,,GRANTS PASS,OR,97526,28:03.0,BTAX-042602-01-2026,28:03.0
"CAPITOL DENTAL GROUP, P.C.", ,Inside City Limits,621210,Medical-Dentist,GENTLE DENTAL GRANTS PASS,00:00.0,2200802F-35EF-4B85-9FC4-444AED0B0D2F,8664418538,1519,F,,NE,ST,,,GRANTS PASS,OR,97526,18:06.0,BTAX-041060-08-2025,18:06.0
"CAPITOL DENTAL GROUP, P.C.",  ,Inside City Limits,621210,Medical-Dentist,GENTLE DENTAL GRANTS PASS,00:00.0,2200802F-35EF-4B85-9FC4-444AED0B0D2F,8664418538,1519,F,,NE,ST,,,GRANTS PASS,OR,97526,18:06.0,BTAX-041060-08-2025,18:06.0
CARL'S HOUSE ADULT FOSTER CARE,REBECCA  SCRIBER,Inside City Limits,621610,Medical-Home Health Care Services,,00:00.0,EBB89C0A-B115-486F-ACB1-B1B555178E4B,5417613910,332,C,,NE,ST,, ,GRANTS PASS,OR,97526,10:01.0,BTAX-040833-07-2025,10:01.0
CARLSON CORP DBA ACCURATE PLUMBING SOLUTIONS, ,Outside City Limits,238220,Plumber,ACCURATE PLUMBING & ELECTRICAL SOLUTIONS,00:00.0,04329510-61D7-4825-A479-7EAA14C10A5D,5417733035,1234,CORONA,,,AVE,,,MEDFORD,OR,97504,31:35.0,BTAX-041282-08-2025,31:35.0
CARLSON CORP DBA ACCURATE PLUMBING SOLUTIONS,BRENT CARLSON,Outside City Limits,238220,Plumber,ACCURATE PLUMBING & ELECTRICAL SOLUTIONS,00:00.0,04329510-61D7-4825-A479-7EAA14C10A5D,5417733035,1234,CORONA,,,AVE,,,MEDFORD,OR,97504,31:35.0,BTAX-041282-08-2025,31:35.0
CAROLYN MAUE'S SALON          ,CAROLYN A  MAUE,Inside City Limits,812112,Beauty Salon,,00:00.0,44F17163-3225-4044-AEFF-C461ECF2ABF0,5414768246,1118,G,,SW,ST,, ,GRANTS PASS,OR,97526,52:14.0,BTAX-042015-10-2025,52:14.0
CARSON'S BISTRO LLC,JOLIE WILSON,Inside City Limits,722511,Restaurant,,00:00.0,B4392089-8756-4A03-B500-8204CB32C076,5419168020,220,H,,SW,ST,, ,GRANTS PASS,OR,97526,58:09.0,BTAX-041730-09-2025,58:09.0
"CASA AMIGA RESTAURANT, BBQ AND MEXICAN STORE","LILIA & PALOMINO,JOSE ESPINOZA",Inside City Limits,722511,Restaurant,,00:00.0,F462413B-B516-41F9-AA7F-FB18B6F8382D,5419568602,200,MCDONALD,, ,LN,, ,GRANTS PASS,OR,97527,59:34.0,BTAX-041353-08-2025,59:34.0
CASABLANCA GRILL INC, ,Inside City Limits,722515,Snack and Nonalcoholic Beverage Shop,,00:00.0,8AA5D404-677D-4C31-9678-AA1A5046FB0B,5414792503,686,UNION,, ,AVE,, ,GRANTS PASS,OR,97527,14:21.0,BTAX-041642-09-2025,14:21.0
CASABLANCA GRILL INC, ,Inside City Limits,722511,Restaurant,CASABLANCA COFFEE & GRILL,00:00.0,7d1068b1-f41a-4cdb-99c3-f34804c9b975,5414792503,412,6TH,,NW,ST,,,GRANTS PASS,OR,97526,44:34.0,BTAX-040447-05-2025,44:34.0
CASABLANCA GRILL INC,ERIC LOSOYA,Inside City Limits,722511,Restaurant,CASABLANCA COFFEE & GRILL,00:00.0,7d1068b1-f41a-4cdb-99c3-f34804c9b975,5414792503,412,6TH,,NW,ST,,,GRANTS PASS,OR,97526,44:34.0,BTAX-040447-05-2025,44:34.0
CASCADE CHIROPRACTIC OF SOUTHERN OREGON LLC,KELSEY REESER,Inside City Limits,621310,Medical-Chiropractor,,00:00.0,AA7871BC-B3F3-4614-9BB9-3BED9C84ACA0,5414720500,745,7TH,,NE,ST,, ,GRANTS PASS,OR,97526,13:55.0,BTAX-040920-07-2025,13:55.0
CASCADE EYE CARE CENTER PC    ,D. R. MERRITT &  M J MAFFETT,Inside City Limits,621320,Medical-Optometrist,,00:00.0,F616BB60-0341-4E94-9BE1-70702E175514,5414766636,1226,7TH,,NE,ST,, ,GRANTS PASS,OR,97526,48:59.0,BTAX-041286-08-2025,48:59.0
CASCADE METAL RECYCLING       ,DONALD & LYNN  ROEMER,Inside City Limits,541990,Professional-Misc,,00:00.0,E3DC034D-0F7E-4AE8-8FEB-404552100456,5414798017,2207,INDUSTRY,,NE,DR,, ,GRANTS PASS,OR,97526,21:16.0,BTAX-042842-02-2026,21:16.0
CASCADE SURGERY CENTER LLC    ,"MERRITT, MAFFETT  LEAVITT",Inside City Limits,622110,Medical-Hospital,,00:00.0,68369F81-AB0D-4581-927C-9B4B0AF6EFC0,5414742824,120,MANZANITA,,NE,AVE,, ,GRANTS PASS,OR,97526,43:52.0,BTAX-041285-08-2025,43:52.0
CASEY SHEEHAN'S IRISH INK     ,CASEY  SHEEHAN,Inside City Limits,812199,Tattoo/Piercing Shop,,00:00.0,AF6F3327-8FDB-4587-B238-F40B457BDBA3,5414766654,408,G,,SE,ST,,A,GRANTS PASS,OR,97526,10:28.0,BTAX-042378-12-2025,10:28.0
CASH CONNECTION GRANTS PASS INC, CASH CONNECTION MANAGEMENT INC,Inside City Limits,522298,Pawnshop,,00:00.0,D532BC75-8966-40AA-820B-712B7DD4AA72,5414769296,754,6TH,,SW,ST,, ,GRANTS PASS,OR,97526,57:55.0,BTAX-041892-09-2025,57:55.0
CASTLE CREEK AUTO SALES       ,ROXINE MOCK,Inside City Limits,441120,Auto-Used Car Dealer,,00:00.0,4729CA33-EEDC-4A4F-848D-E6E8993A3091,5416017657,324,REDWOOD,, ,HWY,, ,GRANTS PASS,OR,97527,49:24.0,BTAX-040764-07-2025,49:24.0
CASTLE CREEK AUTO SALES       ,JAMES MOCK,Inside City Limits,441120,Auto-Used Car Dealer,,00:00.0,4729CA33-EEDC-4A4F-848D-E6E8993A3091,5416017657,324,REDWOOD,, ,HWY,, ,GRANTS PASS,OR,97527,49:24.0,BTAX-040764-07-2025,49:24.0
CASTLE CREEK AUTO SALES       , ,Inside City Limits,441120,Auto-Used Car Dealer,,00:00.0,4729CA33-EEDC-4A4F-848D-E6E8993A3091,5416017657,324,REDWOOD,, ,HWY,, ,GRANTS PASS,OR,97527,49:24.0,BTAX-040764-07-2025,49:24.0
CAUBLE FURR & BEGUIN LLP, CAUBLE FURR & BEGUIN LLP,Inside City Limits,541110,Lawyer,,00:00.0,11FAE82A-DBF0-41C8-BB98-DA45C1637564,5414768825,111,6TH,,SE,ST,, ,GRANTS PASS,OR,97526,22:02.0,BTAX-041644-09-2025,22:02.0
CAVEMAN BOWL                  ,KEVIN  CROUCHER,Inside City Limits,713950,Bowling Alley,,00:00.0,98B61C02-6DCA-4F8F-9DC7-E42244F82791,5414792311,1230,ROGUE RIVER,, ,HWY,, ,GRANTS PASS,OR,97527,00:11.0,BTAX-041843-09-2025,00:11.0
CAVEMAN FENCE & FABRICATION INC, ,Inside City Limits,238990,Contractor-Trade/Specialty,,00:00.0,FCFE31EB-BF10-473B-B8B2-29AC48EA3912,5414740302,1080,M,,SE,ST,,,GRANTS PASS,OR,97526,10:35.0,BTAX-040806-07-2025,10:35.0
CAVEMAN HEATING AND AIR CONDITIONING INC       , ,Inside City Limits,238220,Contractor-HVAC Services,,00:00.0,C418B97E-835F-47DE-9FE7-9EE17397988C,5414760009,1010,MILBANK,,SE,RD,, ,GRANTS PASS,OR,97526,22:10.0,BTAX-040997-07-2025,22:10.0
CAVEMAN HEATING AND AIR CONDITIONING INC       ,John Frankforther,Inside City Limits,238220,Contractor-HVAC Services,,00:00.0,C418B97E-835F-47DE-9FE7-9EE17397988C,5414760009,1010,MILBANK,,SE,RD,, ,GRANTS PASS,OR,97526,22:10.0,BTAX-040997-07-2025,22:10.0
CAVEMAN KIWANIS FOUNDATION    ,CLAUDELL  KING,Outside City Limits,813410,Organization-Civic/Social,,00:00.0,2983A152-5B4B-49D9-B994-B32F0664C52B,5416608573,1830,7TH,,NE,ST,,,GRANTS PASS,OR,97526,05:37.0,BTAX-042470-12-2025,05:37.0
CAVEMAN RV INC                ,CHAD  VEST,Inside City Limits,453930,RV/Mobile Home Dealer,,00:00.0,2C8EFD13-DB63-4EF5-8945-F2B5FE6B34BE,5414761253,1190,ROGUE RIVER,, ,HWY,, ,GRANTS PASS,OR,97527,59:06.0,BTAX-042101-10-2025,59:06.0
CAVEMAN TOWING SERVICE        ,LONNIE  LEONARD,Inside City Limits,488410,Towing,,00:00.0,B52E1FFF-F5A2-43E3-8646-097CFF386BF4,5414795001,2100,VINE,,NW,ST,, ,GRANTS PASS,OR,97526,38:46.0,BTAX-040859-07-2025,38:46.0
CAVEMAN TRAVEL AGENCY         ,BRIAN & PAM  MEIN,Inside City Limits,561510,Travel Agency,,00:00.0,61BD27C1-0A49-4DE7-B966-0A666D6C445D,5414766813,301,7TH,,NE,ST,, ,GRANTS PASS,OR,97526,40:33.0,BTAX-042742-02-2026,40:33.0
CEDARS GROUP INC,JEOFFREY FEGHALI,Inside City Limits,722511,Restaurant,LITTLE CAESARS PIZZA,00:00.0,3e0ff9ef-9ed9-480a-b7fe-5cba3b784ba4,6.61831E+12,1616,WILLIAMS,,,Hwy,,,GRANTS PASS,OR,97527,55:27.0,BTAX-041989-10-2025,55:27.0
CEDARS GROUP INC,RYAN FEGHALI,Inside City Limits,722511,Restaurant,LITTLE CAESARS PIZZA,00:00.0,3e0ff9ef-9ed9-480a-b7fe-5cba3b784ba4,6.61831E+12,1616,WILLIAMS,,,Hwy,,,GRANTS PASS,OR,97527,55:27.0,BTAX-041989-10-2025,55:27.0
CEDARS GROUP INC, ,Inside City Limits,722511,Restaurant,LITTLE CAESARS PIZZA,00:00.0,3e0ff9ef-9ed9-480a-b7fe-5cba3b784ba4,6.61831E+12,1616,WILLIAMS,,,Hwy,,,GRANTS PASS,OR,97527,55:27.0,BTAX-041989-10-2025,55:27.0
CEDARS GROUP INC,JOHNNY BAKLINI,Inside City Limits,722511,Restaurant,LITTLE CAESARS PIZZA,00:00.0,3e0ff9ef-9ed9-480a-b7fe-5cba3b784ba4,6.61831E+12,1616,WILLIAMS,,,Hwy,,,GRANTS PASS,OR,97527,55:27.0,BTAX-041989-10-2025,55:27.0
CEDARWOOD SALOON INC          , CEDARWOOD SALOON INC          ,Inside City Limits,722410,Bar/Tavern,,00:00.0,F06E3402-99DF-47C2-B482-BE6805C746B6,5414796160,1345,REDWOOD,, ,AVE,, ,GRANTS PASS,OR,97527,30:27.0,BTAX-041261-08-2025,30:27.0
CENTRAL SIGNING SERVICE INC,LISA MARIE  LASSAGNE,Inside City Limits,541120,Notary,,00:00.0,5985FA83-71CF-4C21-9579-4E310A4528D5,5415071708,1002,6TH,,NW,ST,, ,GRANTS PASS,OR,97526,14:08.0,BTAX-042642-01-2026,14:08.0
CEREDA CLEANING SERVICES, ,Inside City Limits,561720,Cleaning Service,,00:00.0,aba6945e-5e0f-446d-88b2-e04ea992d445,5414415809,1935,HUNGRY HILL,,SW,DR,, ,GRANTS PASS,OR,97527,09:49.0,BTAX-041142-08-2025,09:49.0
CEREDA CLEANING SERVICES,DAVID CEREDA,Inside City Limits,561720,Cleaning Service,,00:00.0,aba6945e-5e0f-446d-88b2-e04ea992d445,5414415809,1935,HUNGRY HILL,,SW,DR,, ,GRANTS PASS,OR,97527,09:49.0,BTAX-041142-08-2025,09:49.0
CHANDLER'S INC,JOE & KELLI  CHANDLER,Inside City Limits,812320,Dry Cleaning Services,,00:00.0,E9399A49-4A05-445A-9071-D42216C1555B,5413249424,1610,ALLEN CREEK,,,RD,,SUITE 108,GRANTS PASS,OR,97527,34:30.0,BTAX-042115-10-2025,34:30.0
CHAPEL OF THE VALLEY - L.B. HALL FUNERAL HOME, SERVICE CORPORATION INTERNATIONAL,Inside City Limits,812210,Funeral Home/Services,,00:00.0,FB93F48C-D12F-48AB-A240-54EDDDBCFA52,5414797581,2065,UPPER RIVER,, ,RD,, ,GRANTS PASS,OR,97526,28:28.0,BTAX-040590-07-2025,28:28.0
"CHAPMAN PROPERTIES, LLC       ",KIRK & JAMEE  CHAPMAN,Inside City Limits,531110,Rental Units/Landlord,,00:00.0,214797DC-D6FA-482B-A18E-2D4ADB9CBB9F,5416601995,1225,GRAYS CREEK,, ,RD,, ,GRANTS PASS,OR,97527,54:12.0,BTAX-040704-07-2025,54:12.0
CHARLES & SUSAN LEWIS RENTALS ,SUSAN & CHARLES E  LEWIS,Inside City Limits,531110,Rental Units/Landlord,,00:00.0,5ADA5712-01DB-4F4B-BF3E-90512DD9AC8D,5417619953,1023,7TH,,NE,ST,, ,GRANTS PASS,OR,97526,57:54.0,BTAX-041258-08-2025,57:54.0
CHEE CORPORATION,KATE  PELL,Inside City Limits,446191,Retail-Health Food & Supplements,SUNSHINE NATURAL FOODS,00:00.0,2A6FD918-438D-40E8-AD4C-A4E548DB67E6,5414745044,128,H,,SW,ST,, ,GRANTS PASS,OR,97526,19:53.0,BTAX-042166-10-2025,19:53.0
CHERISHED FOOTSTEPS PRESCHOOL , COLLEGE HEIGHTS BAPTIST CHURCH,Inside City Limits,624410,Child Day Care,,00:00.0,AB3A9CE9-6586-4D39-97A4-2A3768ED2576,5414790468,1832,DOWELL,, ,RD,, ,GRANTS PASS,OR,97527,28:07.0,BTAX-041088-08-2025,28:07.0
CHIERICHETTI PLUMBING LLC    ,DINA MASSA,Inside City Limits,238220,Plumber,MR ROOTER,00:00.0,AFDAF4D7-20B0-48BE-A0FB-614982F36184,5414768216,2062,VINE,,NW,ST,,,GRANTS PASS,OR,97526,17:34.0,BTAX-040837-07-2025,17:34.0
CHINA HUT RESTAURANT & LOUNGE ,WENDY YUENKUEN & FONG WING FONG,Inside City Limits,722511,Restaurant,,00:00.0,2F900140-30C0-4917-B16E-10AF1738556B,5414763441,1434,6TH,,NW,ST,, ,GRANTS PASS,OR,97526,29:37.0,BTAX-040858-07-2025,29:37.0
CHRIS AND KIM KNOX RENTALS    , ,Inside City Limits,531110,Rental Units/Landlord,,00:00.0,96F371AB-24B7-4854-AC77-DF04888CE51E,5418997222,458,H,,SW,ST,, ,GRANTS PASS,OR,97526,48:51.0,BTAX-040809-07-2025,48:51.0
CHRIS HART STUDIO             ,CHRIS  HART,Inside City Limits,711510,Artist,,00:00.0,5D8E1354-CF02-4DD9-B038-5343F4C4A9F1,5414796568,1100,GLADIOLA,,SE,DR,, ,GRANTS PASS,OR,97526,49:31.0,BTAX-040527-06-2025,49:31.0
CHRISTOPHER MECCA ATTORNEY AT LAW        ,CHRISTOPHER  MECCA,Inside City Limits,541110,Lawyer,,00:00.0,9BCB7DFE-EA8C-4087-BEB1-FAE287350C55,5414741161,245,B,,NW,ST,, ,GRANTS PASS,OR,97526,18:30.0,BTAX-041806-09-2025,18:30.0
CHRISTOPHER V HENNINGS CONST,CHRISTOPHER HENNINGS,Inside City Limits,238190,Contractor-General/Building Exterior,,00:00.0,1fc4b243-cdd9-4626-a364-61a19867cef8,5416010750,1870,ALLEN CREEK,, ,RD,, ,GRANTS PASS,OR,97527,54:05.0,BTAX-041193-08-2025,54:05.0
CHRISTOPHER V HENNINGS CONST,CHRISTOPHER  HENNINGS,Inside City Limits,238190,Contractor-General/Building Exterior,,00:00.0,1fc4b243-cdd9-4626-a364-61a19867cef8,5416010750,1870,ALLEN CREEK,, ,RD,, ,GRANTS PASS,OR,97527,54:05.0,BTAX-041193-08-2025,54:05.0
CHUCK'S ROOFING AND CONSTRUCTION,RAYMOND MATTHEWS,Inside City Limits,238160,Roofing,,00:00.0,F496F344-8B0E-431A-BAC4-77CC6FDBFCF1,5414798789,1980,JONES CREEK,,W,RD,, ,GRANTS PASS,OR,97526,41:34.0,BTAX-040174-04-2025,41:34.0
CHURRO DUBS LLC, ,Outside City Limits,722330,Food-Mobile/Ice Cream Truck,,00:00.0,efb96b31-adb3-4538-ab8c-6ef7166c8567,6024780220,4767,LAKESHORE,,,DR,,,SELMA,OR,97558,06:11.0,BTAX-040313-05-2025,06:11.0
CHURRO DUBS LLC,BY DEZIGN,Outside City Limits,722330,Food-Mobile/Ice Cream Truck,,00:00.0,efb96b31-adb3-4538-ab8c-6ef7166c8567,6024780220,4767,LAKESHORE,,,DR,,,SELMA,OR,97558,06:11.0,BTAX-040313-05-2025,06:11.0
"CINDY O'DELL, LMT             ",CINDY  O'DELL,Inside City Limits,621399,Medical-Massage Therapy,,00:00.0,45D25F87-D5F5-433A-B7EB-53D0E81B0F3C,5416608787,980,6TH,,,ST,,# 17,GRANTS PASS,OR,97526,48:49.0,BTAX-040791-07-2025,48:49.0
CIRCLE K STORE #4             ,SALAHEDDIN HASSAN,Inside City Limits,445120,Convenience Store,,00:00.0,347271AB-9F31-46BA-8007-DECDA83E8F0D,5414795343,836,A,,NE,ST,, ,GRANTS PASS,OR,97526,43:12.0,BTAX-041813-09-2025,43:12.0
CIRCLE K STORE #4             , ,Inside City Limits,445120,Convenience Store,,00:00.0,347271AB-9F31-46BA-8007-DECDA83E8F0D,5414795343,836,A,,NE,ST,, ,GRANTS PASS,OR,97526,43:12.0,BTAX-041813-09-2025,43:12.0
CITY AUTOMOTIVE SERVICES LLC  ,DANIEL & PAULA  BAYARD,Inside City Limits,811111,Auto-General Repair,CITY AUTOMOTIVE,00:00.0,92B7A4F3-1281-4C9B-920A-87E896E83DC2,5414764110,1515,REDWOOD,, ,AVE,, ,GRANTS PASS,OR,97527,11:50.0,BTAX-040972-07-2025,11:50.0
CITY PLYWOOD CENTER           ,TERRY D  MILLER,Inside City Limits,321999,Manufacturing-Wood Products,,00:00.0,0567798B-E6C2-47B4-9AA2-150975A328C5,5414796114,515,F,,NE,ST,, ,GRANTS PASS,OR,97526,23:53.0,BTAX-041442-08-2025,23:53.0
CJ CRAWFORD COMPANY           ,CAROL  CRAWFORD,Inside City Limits,541990,Professional-Misc,,00:00.0,67045D3A-B554-4CEE-BD26-81636718C883,5412265030,1400,ROGUE RIVER,,,HWY,,#22,GRANTS PASS,OR,97527,00:54.0,BTAX-041040-07-2025,00:54.0
CLARKE COTTAGE,JOHN & KATHERINE CLARKE,Inside City Limits,721199,All Other Traveler Accommodation,,00:00.0,8d4626f7-87f0-45b8-a563-ac72c1fcb23a,8054648381,2474,COACH,, ,DR,, ,GRANTS PASS,OR,97527,53:16.0,BTAX-041081-08-2025,53:16.0
CLARKE COTTAGE, ,Inside City Limits,721199,All Other Traveler Accommodation,,00:00.0,8d4626f7-87f0-45b8-a563-ac72c1fcb23a,8054648381,2474,COACH,, ,DR,, ,GRANTS PASS,OR,97527,53:16.0,BTAX-041081-08-2025,53:16.0
CLASSICS BARBERSHOP,SKYLER CALDERON,Inside City Limits,812111,Barber Shop,,00:00.0,58190fd9-36d8-4bd9-8c50-e9023c1a3484,5414741004,323,H,,SW,ST,, ,GRANTS PASS,OR,97526,35:17.0,BTAX-040134-04-2025,35:17.0
CLASSICS BARBERSHOP, ,Inside City Limits,812111,Barber Shop,,00:00.0,58190fd9-36d8-4bd9-8c50-e9023c1a3484,5414741004,323,H,,SW,ST,, ,GRANTS PASS,OR,97526,35:17.0,BTAX-040134-04-2025,35:17.0
CLAUDIA MARCHINI ART          ,CLAUDIA  MARCHINI,Inside City Limits,711510,Artist,,00:00.0,7AFC1A0B-9053-4692-9593-E780A4F83ACC,5414716026,140,RUSTIC CANYON,,,DR,,,GRANTS PASS,OR,97526,01:07.0,BTAX-041692-09-2025,01:07.0
CLEANING SOLUTIONS AND RESTORATION LLC,ZACHARY MORRIS,Outside City Limits,561740,Carpet & Upholstery Cleaning,,00:00.0,8036a064-d2e4-42ec-88ba-754a4eb08482,5414507567,2163,SPALDING,,NE,AVE,,SPC 7,GRANTS PASS,OR,97526,21:28.0,BTAX-041183-08-2025,21:28.0
CLEANING SOLUTIONS AND RESTORATION LLC, ,Outside City Limits,561740,Carpet & Upholstery Cleaning,,00:00.0,8036a064-d2e4-42ec-88ba-754a4eb08482,5414507567,2163,SPALDING,,NE,AVE,,SPC 7,GRANTS PASS,OR,97526,21:28.0,BTAX-041183-08-2025,21:28.0
CLIFF MEYER CUSTOM WOOD TURNING,WARREN C & SUSAN A  MEYER,Inside City Limits,999999,Crafts & Hobbies,,00:00.0,C8FB5024-E420-4E09-BA64-C94ECAB366CA,5416602752,220,CENTRAL,,SW,AVE,, ,GRANTS PASS,OR,97526,24:05.0,BTAX-040634-07-2025,24:05.0
CLIFF'S CUSTOM FLOORS INC     ,CLIFF  BOWDEN,Inside City Limits,238330,Flooring,,00:00.0,F4209B2D-724A-457E-8347-855A30EE6087,5414764164,3524,ELK,,,LN,, ,GRANTS PASS,OR,97527,47:06.0,BTAX-042042-10-2025,47:06.0
CLIMATE CITY CONSTRUCTION CORP,ANDREW RIES,Inside City Limits,238190,Contractor-General/Building Exterior,,00:00.0,ed87750f-0c23-4e80-ad9a-1a51e5109c1e,5417612830,857,M,,SE,ST,, ,GRANTS PASS,OR,97526,02:00.0,BTAX-042010-10-2025,02:00.0
CLIMATE CITY CONSTRUCTION CORP,ANDREW RIES,Inside City Limits,238190,Contractor-General/Building Exterior,,00:00.0,ed87750f-0c23-4e80-ad9a-1a51e5109c1e,5417612830,857,M,,SE,ST,, ,GRANTS PASS,OR,97526,02:00.0,BTAX-042010-10-2025,02:00.0
CLINTON'S LAWN SERVICE        ,JERRY  CLINTON,Outside City Limits,541320,Landscaping Services,,00:00.0,21ECFF9C-AC26-4E7C-988F-968D3961AD6A,5419566991,5287,ROGUE RIVER,,,HWY,,,GRANTS PASS,OR,97527,05:42.0,BTAX-040615-07-2025,05:42.0
CLOUD 9 MASSAGE,SUZANNE ROSA,Inside City Limits,621399,Medical-Massage Therapy,,00:00.0,66006b6d-dd4d-47f5-9eed-9d6669d49ffd,5417780336,432,6TH,,NW,ST,, ,GRANTS PASS,OR,97526,28:52.0,BTAX-040350-05-2025,28:52.0
CLOUD 9 MASSAGE, ,Inside City Limits,621399,Medical-Massage Therapy,,00:00.0,66006b6d-dd4d-47f5-9eed-9d6669d49ffd,5417780336,432,6TH,,NW,ST,, ,GRANTS PASS,OR,97526,28:52.0,BTAX-040350-05-2025,28:52.0
CLOUSER DRILLING INC          ,KEVIN  GILL,Inside City Limits,238990,Contractor-Trade/Specialty,,00:00.0,BB9ADB52-E9FA-4BB1-A15D-7B5057F4962E,5414767795,129,ASSEMBLY,,,CIR,,,GRANTS PASS,OR,97526,00:56.0,BTAX-040971-07-2025,00:56.0
CLOVERLAWN MARKET LLC         ,MARK & THERESA  HILL,Inside City Limits,452990,Retail-General Merchandise ,,00:00.0,E86788AA-E797-48C9-94F4-E2EBE3F4AD8E,5414796280,2600,CLOVERLAWN,, ,DR,, ,GRANTS PASS,OR,97527,25:28.0,BTAX-041356-08-2025,25:28.0
CLUB NORTHWEST                ,SCOTT  DRAPER,Inside City Limits,713940,Fitness Center,,00:00.0,2CF91DA1-BF5E-46E0-BB32-06ACF9D4040E,5419552582,2160,VINE,,NW,ST,, ,GRANTS PASS,OR,97526,37:11.0,BTAX-042465-12-2025,37:11.0
CNC PROPERTIES LLC           ,CORY & CAROLYN FAWCETT   ,Inside City Limits,531210,Real Estate Agents/Brokers,,00:00.0,C80F907A-A8CF-46B6-BF75-F08E47FD797F,5414796708,832,D,,NE,ST,,,GRANTS PASS,OR,97526,13:15.0,BTAX-041476-08-2025,13:15.0
COLONIAL DECORATORS           ,"TIMOTHY,JOAN & KERRY PRULHIERE",Inside City Limits,442210,Retail-Floor Coverings,,00:00.0,C5BFF606-DF98-4121-AB5C-29026217CBC9,5414793192,545,WESTBROOK,,NE,WAY,, ,GRANTS PASS,OR,97526,44:37.0,BTAX-040722-07-2025,44:37.0
COLUMBIA BANK, ,Inside City Limits,522110,Finance-Commercial Bank,,00:00.0,45451FEC-9955-4974-A9B8-8B77198EAD48,5414726402,1670,WILLIAMS,, ,HWY,, ,GRANTS PASS,OR,97527,16:35.0,BTAX-041732-09-2025,16:35.0
COLUMBIA BANK, ,Inside City Limits,522110,Finance-Commercial Bank,,00:00.0,CBB676D9-C2A0-4B10-9AF0-75E9A0C757A9,5414791776,117,F,,NE,ST,, ,GRANTS PASS,OR,97526,19:56.0,BTAX-041922-10-2025,19:56.0
COLUMBIA BELLS LLC            , ,Inside City Limits,722513,Limited-Service Restaurant,TACO BELL #028002,00:00.0,A9E97AB9-6A3D-429D-BC06-E9DB02E17DCB,5414798521,195,TERRY,,NE,LN,,,GRANTS PASS,OR,97526,12:25.0,BTAX-040892-07-2025,12:25.0
COLUMBIA BELLS LLC, ,Inside City Limits,722513,Limited-Service Restaurant,TACO BELL,00:00.0,E8B29895-20B3-4360-863B-E23279E0CE34,5416878445,1670,ALLEN CREEK,,,RD,,,GRANTS PASS,OR,97527,50:15.0,BTAX-041438-08-2025,50:15.0
COLVIN OIL CO 76 #126         , ,Inside City Limits,447190,Gas Station,,00:00.0,0EF54A37-D97D-4D8E-8419-CA5CA0710398,5414795343,1995,6TH,,NE,ST,, ,GRANTS PASS,OR,97526,48:49.0,BTAX-041814-09-2025,48:49.0
COLVIN OIL CO 76 #126         ,SALAHEDDIN HASSAN,Inside City Limits,447190,Gas Station,,00:00.0,0EF54A37-D97D-4D8E-8419-CA5CA0710398,5414795343,1995,6TH,,NE,ST,, ,GRANTS PASS,OR,97526,48:49.0,BTAX-041814-09-2025,48:49.0
COLVIN OIL CO 76 STATION    , ,Inside City Limits,447190,Gas Station,,00:00.0,4B58C56F-2480-4B53-9977-2F58AC90167C,5414795343,1553,WILLIAMS,, ,HWY,, ,GRANTS PASS,OR,97527,53:44.0,BTAX-041790-09-2025,53:44.0
COLVIN OIL CO 76 STATION    ,SALAHEDDIN HASSAN,Inside City Limits,447190,Gas Station,,00:00.0,4B58C56F-2480-4B53-9977-2F58AC90167C,5414795343,1553,WILLIAMS,, ,HWY,, ,GRANTS PASS,OR,97527,53:44.0,BTAX-041790-09-2025,53:44.0
COLVIN OIL CO STATION #3      ,SALAHEDDIN HASSAN,Inside City Limits,447190,Gas Station,,00:00.0,A78538F8-0902-4B22-8D2F-86D51A3D5E7F,5414795343,1044,6TH,,NW,ST,, ,GRANTS PASS,OR,97526,07:39.0,BTAX-041791-09-2025,07:39.0
COLVIN OIL CO STATION #3      , ,Inside City Limits,447190,Gas Station,,00:00.0,A78538F8-0902-4B22-8D2F-86D51A3D5E7F,5414795343,1044,6TH,,NW,ST,, ,GRANTS PASS,OR,97526,07:39.0,BTAX-041791-09-2025,07:39.0
COLVIN OIL CO-CHEVRON STATION , ,Inside City Limits,447190,Gas Station,,00:00.0,005A9FBD-5036-4605-9219-58D69A25B270,5414795343,125,MORGAN,,NE,LN,, ,GRANTS PASS,OR,97526,28:12.0,BTAX-041792-09-2025,28:12.0
COLVIN OIL CO-CHEVRON STATION ,SALAHEDDIN HASSAN,Inside City Limits,447190,Gas Station,,00:00.0,005A9FBD-5036-4605-9219-58D69A25B270,5414795343,125,MORGAN,,NE,LN,, ,GRANTS PASS,OR,97526,28:12.0,BTAX-041792-09-2025,28:12.0
COMING ATTRACTIONS THEATRES   ,JOHN  SCHWEIGER,Inside City Limits,512131,Movie Theater,SOUTHGATE CINEMAS,00:00.0,65C3C579-2845-4EDA-AB84-34D63ACAC433,5414718503,1625,RINGUETTE,, ,ST,, ,GRANTS PASS,OR,97527,17:18.0,BTAX-042146-10-2025,17:18.0
COMMERCIAL & RESIDENTIAL MAINTENANCE,DAVE  WRIGHT,Outside City Limits,238190,Contractor-General/Building Exterior,C & R MAINTENANCE,00:00.0,B3139BC5-6280-4ABD-AF2A-93E6112678D8,5418422427,718,BLACK OAK,,,DR,,A,MEDFORD,OR,97504,36:09.0,BTAX-042054-10-2025,36:09.0
COMMODITY TRENDS,ANDREW LODON EERO PIKAT,Inside City Limits,561499,Business Support Services-Misc,,00:00.0,E09F8B3D-DED1-48E1-936F-11562043ED78,3125548122,560,F,,NE,ST,,SUITE A #429,GRANTS PASS,OR,97526,42:10.0,BTAX-041573-08-2025,42:10.0
COMMUNITY/HENDERSON RADIATOR  , KEVIN D MCCASKILL             ,Inside City Limits,811111,Auto-General Repair,,00:00.0,8886DA5A-42CD-4D82-8207-78DDF2340AFB,5414766463,112,M,,SW,ST,, ,GRANTS PASS,OR,97526,12:19.0,BTAX-041272-08-2025,12:19.0
COMPETITIVE ATHLETICS LLC    ,AARIN YARRISH & HOLLY KNOLL,Inside City Limits,451110,Retail-Sporting Goods,,00:00.0,315892B1-4CC5-4A08-8B52-F904CA5FAC65,5414791001,105,7TH,,NE,ST,,,GRANTS PASS,OR,97526,32:01.0,BTAX-041554-08-2025,32:01.0
CONDOR MANAGEMENT CORP,MICHAEL L  TRIPP,Inside City Limits,531110,Rental Units/Landlord,,00:00.0,FF4CCCE8-2291-4432-8FD3-1E449B957F7A,5414714485,1215,7TH,,NE,ST,, ,GRANTS PASS,OR,97526,22:25.0,BTAX-042216-11-2025,22:25.0
CONFIDENT STAFFING EMPLOYEE LEASING & CONSTRUCTION WORKFORCE INC,REBECCA H.  MORRISON-STONEY,Inside City Limits,561311,Employment Agency,,00:00.0,CBAE123F-F744-4B45-AC67-032887E5E0C7,5414765932,164,G,,SE,ST,,,GRANTS PASS,OR,97526,03:17.0,BTAX-041377-08-2025,03:17.0
CONNIE'S HAIR DESIGN LLC,CONNIE  WESTPHALL,Inside City Limits,812112,Beauty Salon,,00:00.0,76E97896-B143-47E4-8FF5-D5ED23B588D3,5414741772,266,9TH,,SE,ST,,,GRANTS PASS,OR,97526,40:37.0,BTAX-040762-07-2025,40:37.0
CONNIE'S HAIR DESIGN LLC,CONNIE WESTPHALL,Inside City Limits,812112,Beauty Salon,,00:00.0,76E97896-B143-47E4-8FF5-D5ED23B588D3,5414741772,266,9TH,,SE,ST,,,GRANTS PASS,OR,97526,40:37.0,BTAX-040762-07-2025,40:37.0
CONNOLLY CUSTOM CABINETS      ,JAMES  CONNOLLY,Inside City Limits,321999,Manufacturing-Wood Products,,00:00.0,D834CE38-0F7B-4252-8142-44D2EB84E9FD,5416599028,1670,REDWOOD,,,Ave,,,GRANTS PASS,OR,97527,59:14.0,BTAX-041288-08-2025,59:14.0
CONTINUUM BEHAVIORAL HEALTH AND RECOVERY SERVICES,   ,Inside City Limits,624229,Other Community Housing Services,,00:00.0,4545ab77-8d08-47df-b8ea-56803d6140d7,5418168377,902,DEWEY,,,DR,,,GRANTS PASS,OR,97526,53:17.0,BTAX-042943-03-2026,53:17.0
CONTINUUM BEHAVIORAL HEALTH AND RECOVERY SERVICES,   ,Inside City Limits,621420,Medical-Mental Health/Substance Abuse Center,,00:00.0,439d95ad-ee89-4dbc-9bf7-c29ec946185b,5418168377,688 & 690,ROGUE RIVER,,,HWY,, ,GRANTS PASS,OR,97527,34:21.0,BTAX-042795-02-2026,34:21.0
COPELAND SAND & GRAVEL INC   ,JENNIFER COPELAND SAND & GRAVEL,Inside City Limits,425120,Wholesale Agent,,00:00.0,8AE6C436-78CE-4058-93AD-6C70C68F9E6A,5414764441,695,J,,SE,ST,, ,GRANTS PASS,OR,97526,18:32.0,BTAX-040867-07-2025,18:32.0
CORAL SEA SCUBA & WATER SPORTS,TODD  BINGHAM,Inside City Limits,451110,Retail-Sporting Goods,,00:00.0,6C6A73C7-05AE-43CF-937B-4D5C2BC5153A,5414728111,123,M,,SW,ST,, ,GRANTS PASS,OR,97526,40:49.0,BTAX-041529-08-2025,40:49.0
CORE-MARK US INC, ,Inside City Limits,425120,Wholesale Agent,,00:00.0,ab7bb0ba-7f8b-4e0c-8931-1bbfaab63a58,5036520200,1060,M,,SE,ST,, ,GRANTS PASS,OR,97526,54:06.0,BTAX-041900-09-2025,54:06.0
COSMIC CLOUD,DHRUV ANEJA,Inside City Limits,452990,Retail-General Merchandise ,,00:00.0,7a972014-168e-420c-a694-6d679b345925,7074904692,786,7TH,,SE,ST,, B,GRANTS PASS,OR,97526,55:51.0,BTAX-042546-01-2026,55:51.0
COSMIC CLOUD, ,Inside City Limits,452990,Retail-General Merchandise ,,00:00.0,7a972014-168e-420c-a694-6d679b345925,7074904692,786,7TH,,SE,ST,, B,GRANTS PASS,OR,97526,55:51.0,BTAX-042546-01-2026,55:51.0
COSMIC CLOUD,MATTHEW  HILLMAN,Inside City Limits,452990,Retail-General Merchandise ,,00:00.0,7a972014-168e-420c-a694-6d679b345925,7074904692,786,7TH,,SE,ST,, B,GRANTS PASS,OR,97526,55:51.0,BTAX-042546-01-2026,55:51.0
COUGHRAN OUTFITTERS           , JIM & MARLA COUGHRAN          ,Inside City Limits,541990,Professional-Misc,,00:00.0,DB2A899A-9F8D-4D9C-B555-AEA8BC0C8DDC,5417780279,2929,CHENEY CREEK,, ,RD,, ,GRANTS PASS,OR,97527,13:34.0,BTAX-040685-07-2025,13:34.0
COUNTRYSIDE VILLAGE           , DENSE & HORTON                ,Inside City Limits,623110,Medical-Nursing Care Facility,,00:00.0,4A685DF4-D1C9-494C-922A-FA9E01DB9528,5419560999,1700,KELLENBECK,, ,AVE,, ,GRANTS PASS,OR,97527,13:06.0,BTAX-040314-05-2025,13:06.0
COURIER PUBLISHING CO         ,  ,Inside City Limits,511110,Newspaper Publisher,,00:00.0,1EB9E3AB-AEA2-4A9D-BD93-3934ABBBC721,5414743700,409,7TH,,SE,ST,, ,GRANTS PASS,OR,97526,22:36.0,BTAX-041278-08-2025,22:36.0
COWBOY CORRAL,TERESA COOK,Inside City Limits,448150,Retail-Clothing & Accessories,,00:00.0,96FE24AB-345C-46A6-899D-FB8108207BAD,5414768886,421,6TH,,SE,ST,, ,GRANTS PASS,OR,97526,20:42.0,BTAX-041650-09-2025,20:42.0
CP DESIGNS INC,CURTIS  PEARCE,Inside City Limits,811121,"Auto-Body, Paint & Interior",GRANTS PASS POWDER COATING,00:00.0,d5af48dc-b3a0-43a5-a956-ecd69db2ae7a,5412269872,2020,ROGUE RIVER,, ,HWY,, ,GRANTS PASS,OR,97527,14:22.0,BTAX-041066-08-2025,14:22.0
CPM REAL ESTATE SERVICES INC ,DAVID  WRIGHT,Inside City Limits,531311,Property Management,,00:00.0,F1D66E07-8787-4100-8173-0C0B28E65172,5418422426,126,F,,NE,ST,,,GRANTS PASS,OR,97526,26:09.0,BTAX-041253-08-2025,26:09.0
CR BEAUTY,CRYSTAL REED,Inside City Limits,812112,Beauty Salon,CR BEAUTY #167535195,00:00.0,e520e1cd-bc4c-4db4-bd14-401d76cfd391,5414419987,1144,QUAIL CROSSING,,NE,,, ,GRANTS PASS,OR,97526,34:23.0,BTAX-041255-08-2025,34:23.0
CR BEAUTY, ,Inside City Limits,812112,Beauty Salon,CR BEAUTY #167535195,00:00.0,e520e1cd-bc4c-4db4-bd14-401d76cfd391,5414419987,1144,QUAIL CROSSING,,NE,,, ,GRANTS PASS,OR,97526,34:23.0,BTAX-041255-08-2025,34:23.0
CRAIG GANT AUTOMOTIVE SERVICES,CRAIG  GANT,Inside City Limits,811111,Auto-General Repair,,00:00.0,784E3C67-4FB4-45B0-AC18-A4BDBEF5AEDC,5105046168,4725,ROGUE RIVER,, ,HWY,, ,GRANTS PASS,OR,97527,12:24.0,BTAX-041155-08-2025,12:24.0
CRATER MUSIC COMPANY LLC,JAMES C & MARCIA A  LAVIA,Outside City Limits,713110,Amusement/Theme Park,,00:00.0,F7D02343-62A3-4D79-AE14-906C0E87CB4E,5416650011,980,FRONT,,S,,,,CENTRAL POINT,OR,97502,50:54.0,BTAX-041951-10-2025,50:54.0
"CRAWFORD INSURANCE, LLC",SEAN CRAWFORD,Inside City Limits,524210,Insurance Agency & Brokerages,FARMERS INSURANCE SEAN CRAWFORD AGENCY,00:00.0,e488c8f9-cc4a-41ae-94a8-d9a269c4a1a7,5414741953,777,7TH,,NE,ST,,STE 110,GRANTS PASS,OR,97526,40:44.0,BTAX-040525-06-2025,40:44.0
"CRAWFORD INSURANCE, LLC", ,Inside City Limits,524210,Insurance Agency & Brokerages,FARMERS INSURANCE SEAN CRAWFORD AGENCY,00:00.0,e488c8f9-cc4a-41ae-94a8-d9a269c4a1a7,5414741953,777,7TH,,NE,ST,,STE 110,GRANTS PASS,OR,97526,40:44.0,BTAX-040525-06-2025,40:44.0
CREATIVE COMFY'S LLC          ,DONNA & BEN  HILL,Inside City Limits,541990,Professional-Misc,,00:00.0,D61D1B6A-0E26-446E-9FF7-656F8EEE0F26,5417613700,1215,A,,NE,ST,, ,GRANTS PASS,OR,97526,49:11.0,BTAX-041619-09-2025,49:11.0
CREATIVE SUPPORTS INC        ,               ,Outside City Limits,624190,Social Svcs-Individual & Family Svcs,,00:00.0,C0A322B5-47DD-40BF-926B-B70A398E29C5,5418641673,109,MANZANITA,,NE,AVE,,,GRANTS PASS,OR,97526,23:40.0,BTAX-041295-08-2025,23:40.0
CSC Global,ROBERT GORDON,Inside City Limits,445110,Food-Grocery Store,ALBERTSON'S STORE #3541,00:00.0,7c71cba9-f828-4cdf-91c5-12310aa0551b,6238693381,1690,ALLEN CREEK,, ,RD,, ,GRANTS PASS,OR,97527,56:17.0,BTAX-041135-08-2025,56:17.0
CSC Global,ROBERT MILLER,Inside City Limits,445110,Food-Grocery Store,ALBERTSON'S STORE #3541,00:00.0,7c71cba9-f828-4cdf-91c5-12310aa0551b,6238693381,1690,ALLEN CREEK,, ,RD,, ,GRANTS PASS,OR,97527,56:17.0,BTAX-041135-08-2025,56:17.0
CSC Global,LAURA LACEY,Inside City Limits,445110,Food-Grocery Store,ALBERTSON'S STORE #3541,00:00.0,7c71cba9-f828-4cdf-91c5-12310aa0551b,6238693381,1690,ALLEN CREEK,, ,RD,, ,GRANTS PASS,OR,97527,56:17.0,BTAX-041135-08-2025,56:17.0
"CSIR, LLC",Scott Carscallen,Inside City Limits,531210,Real Estate Agents/Brokers,CASCADE HASSON SOTHEBY'S INTERNATIONAL REALTY,00:00.0,75395707-2e19-4c7b-b117-aa38053ca2ff,5413124057,1661,7TH,,NE,ST,,,GRANTS PASS,OR,97526,46:13.0,BTAX-040790-07-2025,46:13.0
"CSIR, LLC",STEVE STODLEY DEB TEBBS,Inside City Limits,531210,Real Estate Agents/Brokers,CASCADE HASSON SOTHEBY'S INTERNATIONAL REALTY,00:00.0,75395707-2e19-4c7b-b117-aa38053ca2ff,5413124057,1661,7TH,,NE,ST,,,GRANTS PASS,OR,97526,46:13.0,BTAX-040790-07-2025,46:13.0
CSO FINANCIAL INC,MARY INSCORE,Inside City Limits,525990,Finance-Misc Finance,CREDIT SERVICES OF OREGON,00:00.0,8099FFB0-0A3C-434A-9F36-E0DB8B4A19E4,5416736661,528,E,,NE,ST,, ,GRANTS PASS,OR,97526,18:58.0,BTAX-041334-08-2025,18:58.0
"CUCHIARA'S LANDSCAPE MANAGEMENT, INC.",MICHAEL  CUCHIARA,Inside City Limits,238220,Irrigation & Sprinkler Systems,,00:00.0,8EB58FF7-A167-4AC6-A153-7700CE308A8F,5417875296,3205,GRAY,, ,AVE,, ,GRANTS PASS,OR,97527,02:31.0,BTAX-041298-08-2025,02:31.0
CUSTOM CONCRETE & MASONRY     ,TERRIE M  RENECKER,Inside City Limits,238110,Contractor-Concrete/Found/Structural,,00:00.0,D818CB3C-CAC4-4B90-A451-26CD4B960C25,5414761591,1294,SHADY,, ,LN,, ,GRANTS PASS,OR,97527,36:56.0,BTAX-040652-07-2025,36:56.0
CUT THROAT INK, ,Inside City Limits,812199,Tattoo/Piercing Shop,,00:00.0,eedfb29a-f5cf-4894-bb90-ff6c9a9ea6b9,5412268121,1330,6TH,,NW,ST,, ,GRANTS PASS,OR,97526,51:14.0,BTAX-040275-04-2025,51:14.0
CUT THROAT INK,WILLIAM VEADER,Inside City Limits,812199,Tattoo/Piercing Shop,,00:00.0,eedfb29a-f5cf-4894-bb90-ff6c9a9ea6b9,5412268121,1330,6TH,,NW,ST,, ,GRANTS PASS,OR,97526,51:14.0,BTAX-040275-04-2025,51:14.0
CUTTING EDGE YARD SERVICES,STANLEY MITCHELL,Inside City Limits,541320,Landscaping Services,,00:00.0,b6a78288-79cc-40b4-a87d-b894d920f0c0,5309653524,1126,SPRUCE,,SW,ST,,,GRANTS PASS,OR,97526,50:11.0,BTAX-036503-11-2023,50:11.0
CUTTING EDGE YARD SERVICES, ,Inside City Limits,541320,Landscaping Services,,00:00.0,b6a78288-79cc-40b4-a87d-b894d920f0c0,5309653524,1126,SPRUCE,,SW,ST,,,GRANTS PASS,OR,97526,50:11.0,BTAX-036503-11-2023,50:11.0
CVG CARPENTRY LLC,WILLY ALLEN,Inside City Limits,238190,Contractor-General/Building Exterior,,00:00.0,292bb119-93d9-4051-8703-2c3387c98294,5414198258,9290,LOWER RIVER,,,RD,,,GRANTS PASS,OR,97526,45:40.0,BTAX-040175-04-2025,45:40.0
CVG CARPENTRY LLC,WILLIAM ALLEN,Inside City Limits,238190,Contractor-General/Building Exterior,,00:00.0,292bb119-93d9-4051-8703-2c3387c98294,5414198258,9290,LOWER RIVER,,,RD,,,GRANTS PASS,OR,97526,45:40.0,BTAX-040175-04-2025,45:40.0
CYNTHIA HARELSON CPA PC       ,CYNTHIA  HARELSON,Inside City Limits,541211,Accountant-CPA,,00:00.0,ED9BFC0C-34D0-47C1-94D5-FA6C7E0071D6,5414799775,318,A,,NW,ST,, ,GRANTS PASS,OR,97526,59:25.0,BTAX-042017-10-2025,59:25.0
CYNTHIA'S HOME SWEET HOME     , CYNTHIA'S HOME SWEET HOME     ,Inside City Limits,722511,Restaurant,,00:00.0,B81AD758-7863-4C0D-A0B2-6173251AACCF,5414795953,1038,6TH,,NW,ST,, ,GRANTS PASS,OR,97526,31:13.0,BTAX-042831-02-2026,31:13.0
D AND D AUTO SALES LLC,DAVID  DENNIS,Inside City Limits,441120,Auto-Used Car Dealer,,00:00.0,9D615376-E702-4A02-A9C5-5D8088903207,5414760628,110,PARK,,E,ST,, ,GRANTS PASS,OR,97527,38:59.0,BTAX-041139-08-2025,38:59.0
DALE WOODRUFF CONSTRUCTION    ,DALE  WOODRUFF,Inside City Limits,238190,Contractor-General/Building Exterior,,00:00.0,89742688-5064-473C-BCD8-120A6A1365F1,5414765862,721,7TH,,SE,ST,, ,GRANTS PASS,OR,97526,03:05.0,BTAX-040902-07-2025,03:05.0
DANA & PATRICIA CRAWFORD RENTALS,DANA & PATRICIA  CRAWFORD,Inside City Limits,531110,Rental Units/Landlord,,00:00.0,6A871798-35CF-4B64-A88C-DC3A49E616D0,5412189950,410,CEDAR HEIGHTS,, ,DR,, ,GRANTS PASS,OR,97526,13:14.0,BTAX-040781-07-2025,13:14.0
DANIEL SIMCOE ATTORNEY        ,R DANIEL  SIMCOE,Inside City Limits,541110,Lawyer,,00:00.0,5D4F2D55-1719-4200-9AA6-6F4430B6C498,5414741162,242,E,,NW,ST,, ,GRANTS PASS,OR,97526,46:19.0,BTAX-041420-08-2025,46:19.0
DAN'L BOONE'S TRADIN' POST    ,ROBIN BOONE,Inside City Limits,453220,Retail-Gift & Novelty Store,,00:00.0,B879B0E1-253A-42AA-AAF1-E01CB518EA40,5414742992,470,REDWOOD,, ,HWY,, ,GRANTS PASS,OR,97527,32:00.0,BTAX-040641-07-2025,32:00.0
DAN'L BOONE'S TRADIN' POST    , ,Inside City Limits,453220,Retail-Gift & Novelty Store,,00:00.0,B879B0E1-253A-42AA-AAF1-E01CB518EA40,5414742992,470,REDWOOD,, ,HWY,, ,GRANTS PASS,OR,97527,32:00.0,BTAX-040641-07-2025,32:00.0
DARLA K BOHN AFC WILLOW HOUSE,DARLA K  BOHN,Inside City Limits,623110,Medical-Nursing Care Facility,,00:00.0,6E514249-3906-4086-B201-AC0E60ED57EF,5414720480,1717,G,,SW,ST,, ,GRANTS PASS,OR,97526,22:13.0,BTAX-040848-07-2025,22:13.0
DARREN S HUDDLESTON DMD PC ,DARREN S  HUDDLESTON,Inside City Limits,621210,Medical-Dentist,,00:00.0,619D134B-5D9E-4227-AE29-FE13E71C4E47,5414768788,1035,6TH,,NE,ST,,SUITE A,GRANTS PASS,OR,97526,24:02.0,BTAX-042310-11-2025,24:02.0
DARR'S AQUATICS,"CHRISTIAN, BROOKE, KEVIN DARR",Inside City Limits,712130,AQUARIUM,,00:00.0,c46c03b3-7931-44cd-a8ff-073aa4f236c9,5412206281,112,LEWIS,,,Ave,,,GRANTS PASS,OR,97527,03:14.0,BTAX-042109-10-2025,03:14.0
DARR'S AQUATICS, ,Inside City Limits,712130,AQUARIUM,,00:00.0,c46c03b3-7931-44cd-a8ff-073aa4f236c9,5412206281,112,LEWIS,,,Ave,,,GRANTS PASS,OR,97527,03:14.0,BTAX-042109-10-2025,03:14.0
DAVE WILSON'S HANDY HAMMER LLC,DAVE  WILSON,Inside City Limits,238190,Contractor-General/Building Exterior,,00:00.0,BA54EDCD-6DEF-468B-B615-4B65FE2AA0F6,5414417487,484,TINA,,,WAY,, ,GRANTS PASS,OR,97526,36:31.0,BTAX-042518-12-2025,36:31.0
DAVERA CORP, ,Inside City Limits,621111,Medical-Physician,REDWOOD FAMILY PRACTICE,00:00.0,86cf6a51-8ab3-463a-8fef-a5a51737bd08,5414745665,214,OUTLOOK,,NE,AVE,,,GRANTS PASS,OR,97526,02:53.0,BTAX-040196-04-2025,02:53.0
DAVERA CORP,"DAVID  RAY, DC, FNP",Inside City Limits,621111,Medical-Physician,REDWOOD FAMILY PRACTICE,00:00.0,86cf6a51-8ab3-463a-8fef-a5a51737bd08,5414745665,214,OUTLOOK,,NE,AVE,,,GRANTS PASS,OR,97526,02:53.0,BTAX-040196-04-2025,02:53.0
DAVE'S TV & VCR SERVICE CENTER,DAVID LOUIS  MALTZ,Inside City Limits,811211,Consumer Electronics Repair/Maint,,00:00.0,BFE79DAA-77A5-40D6-9439-48B01E30FA96,5414793915,938,6TH,,SW,ST,,,GRANTS PASS,OR,97526,55:00.0,BTAX-041733-09-2025,55:00.0
DAVE'S WHOLESALE FLOORING & REMNANTS,DAVID HIBBARD,Inside City Limits,236118,Const-Residential Remodeler,DAVE'S HOME SUPPLY,00:00.0,d7a5f672-7bb5-450e-9c1a-3b6a9ad55111,5417792922,171,EHRMAN,,,WAY,,,MEDFORD,OR,97501,59:23.0,BTAX-041724-09-2025,59:23.0
DAVE'S WHOLESALE FLOORING & REMNANTS, ,Inside City Limits,236118,Const-Residential Remodeler,DAVE'S HOME SUPPLY,00:00.0,d7a5f672-7bb5-450e-9c1a-3b6a9ad55111,5417792922,171,EHRMAN,,,WAY,,,MEDFORD,OR,97501,59:23.0,BTAX-041724-09-2025,59:23.0
DAVID F YOUNG MD PC          ,DAVID YOUNG,Inside City Limits,621111,Medical-Physician,,00:00.0,0262741F-CE9C-4AD2-9B4C-FEABFABE3B52,5414793367,1309,6TH,,NE,ST,, ,GRANTS PASS,OR,97526,43:00.0,BTAX-040789-07-2025,43:00.0
DAVID M KRAUSS DC            ,DAVID M  KRAUSS DC,Inside City Limits,621310,Medical-Chiropractor,,00:00.0,441B293F-129F-4CFC-8BF3-7EE210624138,5414764616,1217,6TH,,NE,ST,, ,GRANTS PASS,OR,97526,56:47.0,BTAX-042079-10-2025,56:47.0
DAVID R WILLING DC LLC           ,DAVID R  WILLING,Inside City Limits,621310,Medical-Chiropractor,,00:00.0,C4E56965-4B14-4FA6-94D2-5383A1B38659,5414762112,237,ROGUE RIVER,, ,HWY,, ,GRANTS PASS,OR,97527,41:08.0,BTAX-041338-08-2025,41:08.0
DAWN SCHMIDT - PK TRANSCRIPTION ,DAWN M  SCHMIDT,Inside City Limits,561110,Administration-Office,,00:00.0,86545FE8-A36C-46F5-9045-87363E77C649,5419550445,619,LEONARD,,SW,ST,, ,GRANTS PASS,OR,97526,31:54.0,BTAX-041021-07-2025,31:54.0
DAY OR NIGHT ELECTRIC         , ,Outside City Limits,238210,Contractor-Electrical,,00:00.0,F4BEBF05-B9C1-4BB1-8FDC-3C0FF6528A8F,5418742371,1078,SHOESTRING,,,RD,,,RIDDLE,OR,97469,53:16.0,BTAX-042040-10-2025,53:16.0
DAY OR NIGHT ELECTRIC         ,CODY HACKETT,Outside City Limits,238210,Contractor-Electrical,,00:00.0,F4BEBF05-B9C1-4BB1-8FDC-3C0FF6528A8F,5418742371,1078,SHOESTRING,,,RD,,,RIDDLE,OR,97469,53:16.0,BTAX-042040-10-2025,53:16.0
DAYDREAM ESTHETICS,ALLYSON HARLACHER,Inside City Limits,812112,Esthetician Services,,00:00.0,e07c198e-5038-44b2-bd29-b405dade308e,5414411297,215,6TH,,SE,ST,,SUITE 203,GRANTS PASS,OR,97526,06:08.0,BTAX-042481-12-2025,06:08.0
DAYDREAM ESTHETICS, ,Inside City Limits,812112,Esthetician Services,,00:00.0,e07c198e-5038-44b2-bd29-b405dade308e,5414411297,215,6TH,,SE,ST,,SUITE 203,GRANTS PASS,OR,97526,06:08.0,BTAX-042481-12-2025,06:08.0
DB FRANCHISING USA LLC       , ,Inside City Limits,561110,Administration-Office,,00:00.0,36e74d15-24bd-4c02-9532-726c0763f231,5419554700,110,4TH,,SW,ST,, ,GRANTS PASS,OR,97526,18:00.0,BTAX-040151-04-2025,18:00.0
DEANO'S DINER                 ,HEIDI  KRANZ,Inside City Limits,722511,Restaurant,,00:00.0,DF3148C2-7780-4641-89E2-F2953C8BAB22,5412184256,2480,WILLIAMS,, ,HWY,, ,GRANTS PASS,OR,97527,44:14.0,BTAX-041080-08-2025,44:14.0
DEBRA GEBHARD LMT            ,DEBRA  GEBHARD,Inside City Limits,621399,Medical-Massage Therapy,,00:00.0,6BB739AE-D5EB-43DD-8215-A08D7181AC91,5414710397,1607,WILLIAMS,,,HWY,, ,GRANTS PASS,OR,97527,00:58.0,BTAX-042047-10-2025,00:58.0
DEL SAITO'S MARTIAL ARTS      ,DEL & IDA  SAITO,Inside City Limits,713940,Fitness Center,,00:00.0,3C2D604E-A8E2-4B0A-B8CE-BE6058C90C22,5414713002,1535,HARBECK,, ,RD,, ,GRANTS PASS,OR,97527,18:20.0,BTAX-040757-07-2025,18:20.0
"DELTA LINK, INC",STACEY EICHNER,Outside City Limits,237130,Contractor-Telecommunications,,00:00.0,b15ad1e2-a407-4b4e-809f-e2280178c36f,5418412776,202,WILSON,,,WAY,,,EAGLE POINT,OR,97524,41:21.0,BTAX-042883-03-2026,41:21.0
"DELTA LINK, INC", ,Outside City Limits,237130,Contractor-Telecommunications,,00:00.0,b15ad1e2-a407-4b4e-809f-e2280178c36f,5418412776,202,WILSON,,,WAY,,,EAGLE POINT,OR,97524,41:21.0,BTAX-042883-03-2026,41:21.0
DETAIL FREELANCE LLC,CATHERINE SABADOS,Inside City Limits,541219,Bookkeeping Services,,00:00.0,dfe0d6ae-d04b-4c9d-8f82-a252a93355aa,5413244798,1422,RAYDEAN,,,DR,,,GRANTS PASS,OR,97527,21:06.0,BTAX-042355-12-2025,21:06.0
DETAIL FREELANCE LLC, ,Inside City Limits,541219,Bookkeeping Services,,00:00.0,dfe0d6ae-d04b-4c9d-8f82-a252a93355aa,5413244798,1422,RAYDEAN,,,DR,,,GRANTS PASS,OR,97527,21:06.0,BTAX-042355-12-2025,21:06.0
DEWAYNE LUMPKIN DESIGN STUDIO/GALLERY,DEWAYNE LUMPKIN,Inside City Limits,453920,Art Dealer,,00:00.0,2d1e2706-a044-4c16-b540-188b72931483,5417619978,1550,ROGUE RIVER,,,HWY,,,GRANTS PASS,OR,97527,37:56.0,BTAX-040450-06-2025,37:56.0
DEWAYNE LUMPKIN DESIGN STUDIO/GALLERY, ,Inside City Limits,453920,Art Dealer,,00:00.0,2d1e2706-a044-4c16-b540-188b72931483,5417619978,1550,ROGUE RIVER,,,HWY,,,GRANTS PASS,OR,97527,37:56.0,BTAX-040450-06-2025,37:56.0
DG CREATIVE BRANDING          ,KAREN  ADAIR,Inside City Limits,541810,Advertising Agency,,00:00.0,B36C9493-C79A-4017-BE26-4F9B4DC1FFF0,7073915273,2345,ROBERTSON,, ,CRST,, ,GRANTS PASS,OR,97527,20:08.0,BTAX-042019-10-2025,20:08.0
DG RETAIL LLC, ,Inside City Limits,452990,Retail-General Merchandise ,DOLLAR GENERAL STORE #19768,00:00.0,a1326253-dbdf-4f7f-a23c-1ebe623404b0,6158554000,1950,BRIDGE,,SW,ST,, ,GRANTS PASS,OR,97526,44:11.0,BTAX-042495-12-2025,44:11.0
DIAMOND AUTO DETAIL GP        ,GRANT J  RIVERIA,Inside City Limits,811192,Car Wash & Detailing,,00:00.0,7EC3639F-615A-42AC-8769-C643CC108603,5414790087,712,REDWOOD,,,Hwy,,,GRANTS PASS,OR,97527,51:27.0,BTAX-042728-02-2026,51:27.0
DIAMOND ENTERPRISE LLC, ,Inside City Limits,446110,Pharmacy/Drug Store,,00:00.0,e03b72df-f3fb-4afc-8a15-c076829d94c2,5419168355,300,6TH,,SW,ST,, ,GRANTS PASS,OR,97526,44:17.0,BTAX-041165-08-2025,44:17.0
DIAMOND ENTERPRISE LLC,CARRIE BOLTZ,Inside City Limits,446110,Pharmacy/Drug Store,,00:00.0,e03b72df-f3fb-4afc-8a15-c076829d94c2,5419168355,300,6TH,,SW,ST,, ,GRANTS PASS,OR,97526,44:17.0,BTAX-041165-08-2025,44:17.0
DIAMOND ENTERPRISE LLC,JAMES SPARMAN,Inside City Limits,446110,Pharmacy/Drug Store,,00:00.0,e03b72df-f3fb-4afc-8a15-c076829d94c2,5419168355,300,6TH,,SW,ST,, ,GRANTS PASS,OR,97526,44:17.0,BTAX-041165-08-2025,44:17.0
DIAMOND WINDOW CO INC,CHRIS  MITCHELL,Inside City Limits,454390,Retail-Misc Direct Selling Establishment,MITCHELL WINDOW & DOOR,00:00.0,29B09F14-86E6-4423-B97E-B6F3C315233E,5414744499,337,UNION,,,AVE,,SUITE G,GRANTS PASS,OR,97527,41:01.0,BTAX-042466-12-2025,41:01.0
DINGUS PHOTOGRAPHY     ,L  VINCE  WILLIAMS,Inside City Limits,541921,Photography,,00:00.0,93F98403-85E4-4946-82FF-16E5C6314CBF,5414791466,1138,WESTERLY,,SW,CT,, ,GRANTS PASS,OR,97527,10:14.0,BTAX-041133-08-2025,10:14.0
DIVERSIFIED INVESTMENTS       ,SHERYL  MORACE-MIKEL,Inside City Limits,523999,Finance-Investment Activities,,00:00.0,2600590E-8881-4D54-88B2-E20783F0449A,5414747371,777,7TH,,NE,ST,,,GRANTS PASS,OR,97526,01:48.0,BTAX-041446-08-2025,01:48.0
DIVERSIFIED MAINTENANCE SYSTEMS ,DANIEL N & RENEE K  WALLACE,Inside City Limits,561720,Janitorial Services,DMS,00:00.0,337FEBE9-8ABC-48ED-B5E1-C2970AD7DB61,5414766769,1454,RAYDEAN,, ,DR,, ,GRANTS PASS,OR,97527,26:48.0,BTAX-041887-09-2025,26:48.0
DIVYA RESTAURANT LLC,HARDEEP SINGH,Inside City Limits,722513,Limited-Service Restaurant,SAMS BURGER,00:00.0,bc1fdea6-ce3c-4d86-8211-f5f6c0d2a340,5412953097,1644,N,,SE,ST,,#6B,GRANTS PASS,OR,97526,24:04.0,BTAX-040164-04-2025,24:04.0
DIVYA RESTAURANT LLC, ,Inside City Limits,722513,Limited-Service Restaurant,SAMS BURGER,00:00.0,bc1fdea6-ce3c-4d86-8211-f5f6c0d2a340,5412953097,1644,N,,SE,ST,,#6B,GRANTS PASS,OR,97526,24:04.0,BTAX-040164-04-2025,24:04.0
DJ'S BUMP & PAINT PARLOR      ,DIRK H  JOHNSON,Inside City Limits,811121,"Auto-Body, Paint & Interior",DJ'S BUMP & PAINT,00:00.0,A84A3833-9CD5-436D-BC77-CE4DA8EB99F3,5414765604,325,G,,SW,ST,, ,GRANTS PASS,OR,97526,24:45.0,BTAX-041519-08-2025,24:45.0
DMJ SHUTTLES                  ,DARILYN  KOSTER,Inside City Limits,485310,Transportation-Taxi,,00:00.0,90EA52F7-342B-4282-99B3-062ED289473B,5414764382,711,12TH,,NE,ST,, ,GRANTS PASS,OR,97526,55:10.0,BTAX-040619-07-2025,55:10.0
DOLLAR GENERAL STORE #16558, ,Inside City Limits,452111,Retail-Department Store,,00:00.0,736ac2d9-8b32-4aaf-b4a2-4c354a32fd47,6158554000,1290,REDWOOD,, ,AVE,, ,GRANTS PASS,OR,97527,25:26.0,BTAX-042762-02-2026,25:26.0
DOLLAR GENERAL STORE #16558, ,Inside City Limits,452111,Retail-Department Store,,00:00.0,736ac2d9-8b32-4aaf-b4a2-4c354a32fd47,6158554000,1290,REDWOOD,, ,AVE,, ,GRANTS PASS,OR,97527,25:26.0,BTAX-042762-02-2026,25:26.0
DOLLAR TREE STORES INC #2945 ,DOLLAR        ,Inside City Limits,454390,Retail-Misc Direct Selling Establishment,,00:00.0,584C8F22-204D-4CFF-8BCE-F54F9442F5F7,5414791777,320,AGNESS,,NE,AVE,,,GRANTS PASS,OR,97526,32:44.0,BTAX-041728-09-2025,32:44.0
DONUTLAND                     ,HEANG  PHAY,Inside City Limits,311811,Bakery,,00:00.0,635719DA-16A2-4AB7-B38C-3B9E706F8536,5412262180,75,FRUITDALE,,,DR,,,GRANTS PASS,OR,97527,05:10.0,BTAX-040184-04-2025,05:10.0
DONUTLAND                     ,ANNETTE PHAY,Inside City Limits,311811,Bakery,,00:00.0,635719DA-16A2-4AB7-B38C-3B9E706F8536,5412262180,75,FRUITDALE,,,DR,,,GRANTS PASS,OR,97527,05:10.0,BTAX-040184-04-2025,05:10.0
DONUTLAND                     , ,Inside City Limits,311811,Bakery,,00:00.0,635719DA-16A2-4AB7-B38C-3B9E706F8536,5412262180,75,FRUITDALE,,,DR,,,GRANTS PASS,OR,97527,05:10.0,BTAX-040184-04-2025,05:10.0
DOORWAY OF HOPE, ,Inside City Limits,541611,Consulting Service,WELLNESS CONSULTANT,00:00.0,29b5f5a3-0249-4dcf-93d2-31b86667e07e,7074980663,2106,BRIDGE,,SW,ST,,,GRANTS PASS,OR,97526,11:06.0,BTAX-040212-04-2025,11:06.0
DOORWAY OF HOPE,KATHLEEN KROHN,Inside City Limits,541611,Consulting Service,WELLNESS CONSULTANT,00:00.0,29b5f5a3-0249-4dcf-93d2-31b86667e07e,7074980663,2106,BRIDGE,,SW,ST,,,GRANTS PASS,OR,97526,11:06.0,BTAX-040212-04-2025,11:06.0
DOUBLE R PRODUCTS             , ,Inside City Limits,238190,Contractor-General/Building Exterior,,00:00.0,C2C749BA-7C55-4F46-9F9B-0D41E6C0326F,5414761387,901,E,,NW,ST,, ,GRANTS PASS,OR,97526,54:24.0,BTAX-041560-08-2025,54:24.0
DOUG GILLETTE PLUMBING LLC        ,DOUG GILLETTE,Inside City Limits,238220,Plumber,,00:00.0,6EAC2705-849F-4F1D-AE6B-8F152CBC8871,5412182464,1201,ALLENWOOD,,SE,DR,, ,GRANTS PASS,OR,97527,00:12.0,BTAX-041084-08-2025,00:12.0
DOUGLASS TREE LLC, ,Inside City Limits,238190,Contractor-General/Building Exterior,,00:00.0,559e8125-ca47-4253-ade2-881874db7c15,5413268116,805,SCENIC,,NW,DR,,,GRANTS PASS,OR,97526,00:07.0,BTAX-041893-09-2025,00:07.0
DOUGLASS TREE LLC,MIKE DOUGLASS,Inside City Limits,238190,Contractor-General/Building Exterior,,00:00.0,559e8125-ca47-4253-ade2-881874db7c15,5413268116,805,SCENIC,,NW,DR,,,GRANTS PASS,OR,97526,00:07.0,BTAX-041893-09-2025,00:07.0
DOUG'S GARDENING SERVICE      ,DOUGLAS G  CLARK,Inside City Limits,541320,Landscaping Services,,00:00.0,58279DDE-8236-4E05-8D23-B22D840FD2CE,5414716148,1411,RAYDEAN,, ,DR,, ,GRANTS PASS,OR,97527,59:27.0,BTAX-041292-08-2025,59:27.0
DR KEVIN TEAGLE DC CCSP     ,KEVIN  TEAGLE,Inside City Limits,621111,Medical-Physician,,00:00.0,02590E46-3F9A-413F-BCFE-FB662C2398CD,5414742225,1829,NEBRASKA,,,AVE,,,GRANTS PASS,OR,97527,58:54.0,BTAX-041715-09-2025,58:54.0
"DRIVE CAR WASH, INC",DEREK  HORSLEY,Inside City Limits,811192,Car Wash & Detailing,CRATER CAR WASH,00:00.0,7246ccc6-4033-41c1-817b-84d27f6c28ef,5419168544,1562,F,,NE,ST,, ,GRANTS PASS,OR,97526,30:44.0,BTAX-042963-03-2026,30:44.0
"DRIVE CAR WASH, INC", ,Inside City Limits,811192,Car Wash & Detailing,CRATER CAR WASH,00:00.0,7246ccc6-4033-41c1-817b-84d27f6c28ef,5419168544,1562,F,,NE,ST,, ,GRANTS PASS,OR,97526,30:44.0,BTAX-042963-03-2026,30:44.0
"DRIVE CAR WASH, INC",JOHN SAUSE,Inside City Limits,811192,Car Wash & Detailing,CRATER CAR WASH,00:00.0,7246ccc6-4033-41c1-817b-84d27f6c28ef,5419168544,1562,F,,NE,ST,, ,GRANTS PASS,OR,97526,30:44.0,BTAX-042963-03-2026,30:44.0
DUANE & BELINDA MARZI RENTALS ,DUANE & BELINDA  MARZI,Inside City Limits,531110,Rental Units/Landlord,,00:00.0,843A99BC-72EB-44D9-B18D-3FB5940AF640,5414720102,1127,ORIOLE,,SE,ST,, ,GRANTS PASS,OR,97526,28:30.0,BTAX-041325-08-2025,28:30.0
DUCTS N STUFF LLC, ,Inside City Limits,238220,Contractor-HVAC Services,,00:00.0,b2611f6e-8208-46f7-b9d2-4c7d592eecf2,5416593606,1484,RAYDEAN,,,DR,,C,GRANTS PASS,OR,97527,39:58.0,BTAX-041845-09-2025,39:58.0
DUCTS N STUFF LLC,JEREMY GUTHRIE,Inside City Limits,238220,Contractor-HVAC Services,,00:00.0,b2611f6e-8208-46f7-b9d2-4c7d592eecf2,5416593606,1484,RAYDEAN,,,DR,,C,GRANTS PASS,OR,97527,39:58.0,BTAX-041845-09-2025,39:58.0
DUDZ DEN,RENEE  KINCAID,Inside City Limits,812111,Barber Shop,,00:00.0,06E89808-1B66-49E8-A9DC-E022FC0B0D04,5419558877,202,REDWOOD,, ,HWY,, ,GRANTS PASS,OR,97527,03:41.0,BTAX-040673-07-2025,03:41.0
"DUTCH BROS., LLC - A-TOWN           ",TRAVIS  BOERSMA,Inside City Limits,722515,Snack and Nonalcoholic Beverage Shop,,00:00.0,49EB06EA-C1AD-46B8-9638-76E42C4AF350,5419554700,1620,ALLEN CREEK,,,Rd,,B,GRANTS PASS,OR,97527,54:04.0,BTAX-042186-10-2025,54:04.0
"DUTCH BROS., LLC - COFFEE HOUSE       ",TRAVIS  BOERSMA,Inside City Limits,722515,Snack and Nonalcoholic Beverage Shop,,00:00.0,46800D35-8DDE-4DD0-BFD4-2C1D740BE0DF,5419554700,332,6TH,,NW,ST,, ,GRANTS PASS,OR,97526,44:55.0,BTAX-042190-10-2025,44:55.0
"DUTCH BROS., LLC - GP SHOPPING CENTER",TRAVIS  BOERSMA,Inside City Limits,722515,Snack and Nonalcoholic Beverage Shop,,00:00.0,B8C2BEFC-6742-46D2-B728-14E26A071157,5419554700,903,D,,NE,ST,, ,GRANTS PASS,OR,97526,30:03.0,BTAX-042187-10-2025,30:03.0
"DUTCH BROS., LLC - HILLCREST        ",TRAVIS  BOERSMA,Inside City Limits,722515,Snack and Nonalcoholic Beverage Shop,,00:00.0,DBD0760A-A401-4176-A19F-774E283F9AD5,5419554700,1698,7TH,,NE,ST,, ,GRANTS PASS,OR,97526,13:35.0,BTAX-042188-10-2025,13:35.0
"DUTCH BROS., LLC - I                  ",TRAVIS  BOERSMA,Inside City Limits,722515,Snack and Nonalcoholic Beverage Shop,,00:00.0,3ED762B9-AB42-43B3-9A38-42C1D47B6772,5419554700,150,6TH,,SW,ST,, ,GRANTS PASS,OR,97526,24:29.0,BTAX-042189-10-2025,24:29.0
"DUTCH BROS., LLC - III                ",TRAVIS  BOERSMA,Inside City Limits,722515,Snack and Nonalcoholic Beverage Shop,,00:00.0,198BBCDD-71ED-4575-A9D7-FF740187CF0F,5419554700,1390,WILLIAMS,, ,HWY,, ,GRANTS PASS,OR,97527,10:14.0,BTAX-042192-10-2025,10:14.0
"DUTCH BROS., LLC - IV                 ",TRAVIS  BOERSMA,Inside City Limits,722515,Snack and Nonalcoholic Beverage Shop,,00:00.0,CBFD0E66-A6B7-4DBF-A998-779BB27BBCC0,5419554700,251,AGNESS,,NE,AVE,, ,GRANTS PASS,OR,97526,50:49.0,BTAX-042191-10-2025,50:49.0
"DUTCH BROS., LLC - RINGUETTE        ",TRAVIS  BOERSMA,Inside City Limits,722515,Snack and Nonalcoholic Beverage Shop,,00:00.0,F7433FCD-5873-4AE8-B230-103E3BA620D7,5419554700,638,REDWOOD,, ,HWY,, ,GRANTS PASS,OR,97527,33:58.0,BTAX-042281-11-2025,33:58.0
DWIGHT D FASZER,Dwight Faszer,Inside City Limits,238190,Contractor-General/Building Exterior,,00:00.0,69509CF0-C13C-49FF-965F-8DA9C0898461,5416590394,1634,BEVERLY,,NE,DR,, ,GRANTS PASS,OR,97526,00:21.0,BTAX-041017-07-2025,00:21.0
"DWYER WILLIAMS CHERKOSS ATTORNEYS, P.C.", DWYER WILLIAMS POTTER ATTY LLP,Outside City Limits,541110,Lawyer,,00:00.0,942D17F3-FB32-4ED5-A2A2-223988636B63,5416170555,777,7TH,,NE,ST,,SUITE 106,GRANTS PASS,OR,97526,22:44.0,BTAX-041383-08-2025,22:44.0
"DWYER WILLIAMS CHERKOSS ATTORNEYS, P.C.",DWYER WILLIAMS CHERKOSS ATTORNEYS,Outside City Limits,541110,Lawyer,,00:00.0,942D17F3-FB32-4ED5-A2A2-223988636B63,5416170555,777,7TH,,NE,ST,,SUITE 106,GRANTS PASS,OR,97526,22:44.0,BTAX-041383-08-2025,22:44.0
DYNACO PRODUCTS               ,MARY/GUY  ANDERSON,Inside City Limits,811211,Consumer Electronics Repair/Maint,,00:00.0,B3BD1F88-F2F6-4734-A44F-AA9762A88A9F,5419554600,570,SERENITY,, ,LN,, ,GRANTS PASS,OR,97526,33:43.0,BTAX-041358-08-2025,33:43.0
"E S A M, INC                  ",INC)  SHAREHOLDERS (ESAM,Inside City Limits,811211,Consumer Electronics Repair/Maint,,00:00.0,EF8C8D0A-9DA1-42CB-A373-7CFCF81DEEEB,5414769162,2100,SPALDING,,NE,AVE,, ,GRANTS PASS,OR,97526,44:09.0,BTAX-041558-08-2025,44:09.0
EA2 LLC,SHANNON MATTSON,Inside City Limits,531210,Real Estate Agents/Brokers,RE/MAX INTEGRITY,00:00.0,B3ED4763-E012-46A4-A616-611CC271BCB1,5419558483,1830,7TH,,NE,ST,, ,GRANTS PASS,OR,97526,14:18.0,BTAX-042001-10-2025,14:18.0
EAGLE PLYWOOD SPECIALTIES     ,MICHAEL & DENISE  PRATT,Inside City Limits,321999,Manufacturing-Wood Products,,00:00.0,AF381211-75EF-41F4-B2B5-0ACE1FCDB046,5414793301,2158,INDUSTRY,,NE,DR,,,GRANTS PASS,OR,97526,09:32.0,BTAX-040904-07-2025,09:32.0
EAM INC                      ,KORICK & KIMBERLY  DANIELS,Inside City Limits,532111,Rental-Car Rentals,SOUTHERN OREGON RENTALS ,00:00.0,DC4EAA8A-7A76-47ED-8997-A03D39A9A5FD,5414760007,825,F,,NE,ST,, ,GRANTS PASS,OR,97526,20:26.0,BTAX-040908-07-2025,20:26.0
ecoATM LLC,ecoATM Legal,Inside City Limits,443142,Retail-Electronics,,00:00.0,3ECF2A9A-D0EF-488A-AB7C-BAB94BC5D94E,8587667522,1950,BRIDGE,,SW,ST,, ,GRANTS PASS,OR,97526,28:48.0,BTAX-040439-05-2025,28:48.0
ED STARNER EXCAVATING         ,TERRI L & WALLACE E  STARNER,Inside City Limits,238190,Contractor-General/Building Exterior,,00:00.0,F75AA81E-A9F5-4B18-BAFC-61FBA199E3BF,5412262139,2906,MIDWAY,,,AVE,,,GRANTS PASS,OR,97527,45:38.0,BTAX-041328-08-2025,45:38.0
EDDY'S GRILL LLC,CHARLES SHECKELLS,Inside City Limits,722513,Limited-Service Restaurant,,00:00.0,2906B532-A569-4B87-9235-221AB5BD8564,7029019636,956,ROGUE RIVER,, ,HWY,, ,GRANTS PASS,OR,97527,58:23.0,BTAX-042027-10-2025,58:23.0
EDDY'S GRILL LLC, ,Inside City Limits,722513,Limited-Service Restaurant,,00:00.0,2906B532-A569-4B87-9235-221AB5BD8564,7029019636,956,ROGUE RIVER,, ,HWY,, ,GRANTS PASS,OR,97527,58:23.0,BTAX-042027-10-2025,58:23.0
EDGEWATER CHRISTIAN FELLOWSHIP, NON-PROFIT CHURCH             ,Inside City Limits,813110,Religious Organization,,00:00.0,E1E31500-3A46-4043-B708-4BFFCC01091D,5414747172,101,ASSEMBLY,,,CIR,, ,GRANTS PASS,OR,97526,46:17.0,BTAX-041310-08-2025,46:17.0
EDWARD D JONES & CO LP       , EDWARD D JONES & CO           ,Inside City Limits,525990,Finance-Misc Finance,,00:00.0,9764A626-373C-49C0-8DEA-DAC044464E5A,5414796432,117,E,,NW,ST,, ,GRANTS PASS,OR,97526,39:50.0,BTAX-041962-10-2025,39:50.0
EDWARD D JONES & CO LP, EDWARD D JONES & CO LP,Inside City Limits,525990,Finance-Misc Finance,EDWARD JONES,00:00.0,B832B692-81D6-4629-9C1D-340EEC85EB0D,5414799660,725,7TH,,NE,ST,,SUITE A,GRANTS PASS,OR,97526,45:06.0,BTAX-041963-10-2025,45:06.0
EDWARD JONES                  , PARTNERSHIP (LIMITED)         ,Inside City Limits,525990,Finance-Misc Finance,EDWARD JONES,00:00.0,DF221121-80EA-4B4C-9AE1-E67821CF44F2,5414791634,300,UNION,,,AVE,,SUITE D,GRANTS PASS,OR,97527,02:22.0,BTAX-041965-10-2025,02:22.0
EDWARD JONES                  , EDJ HOLDING & THE JONES FINANC,Inside City Limits,525990,Finance-Misc Finance,EDWARD JONES,00:00.0,6F953445-1439-4A46-AB5F-072EE5B1A279,5414790829,1660,WILLIAMS,,,Hwy,,,GRANTS PASS,OR,97527,50:44.0,BTAX-041964-10-2025,50:44.0
EDWARD JONES, ,Inside City Limits,523999,Finance-Investment Activities,,00:00.0,ac52c69a-db07-4045-b75c-9ef40025ebb2,5417874349,1830,7TH,,NE,ST,,SUITE 101,GRANTS PASS,OR,975263489,13:23.0,BTAX-041966-10-2025,13:23.0
EDWARD JONES,JENNIFER GODFREY,Inside City Limits,523999,Finance-Investment Activities,,00:00.0,ac52c69a-db07-4045-b75c-9ef40025ebb2,5417874349,1830,7TH,,NE,ST,,SUITE 101,GRANTS PASS,OR,975263489,13:23.0,BTAX-041966-10-2025,13:23.0
EDWARDS FLOOR COVERING         ,STEVE  EDWARDS,Inside City Limits,442210,Retail-Floor Coverings,,00:00.0,404E94A3-BBB3-4761-9412-E3BCC7DEAA96,5416590513,405,ROBERTSON BRIDGE,, ,RD,, ,GRANTS PASS,OR,97526,45:43.0,BTAX-040772-07-2025,45:43.0
EL CHARRO VIEJO               , MORA & AGUILAR                ,Inside City Limits,722511,Restaurant,,00:00.0,42DBB5B7-BFE7-444D-8CBD-C52A332FBD7A,5419555929,1610,ALLEN CREEK,,SW,RD,,SUITE 103,GRANTS PASS,OR,97527,06:50.0,BTAX-041597-09-2025,06:50.0
EL MOLCAJETE MEXICAN RESTUARANT LLC, ,Inside City Limits,722511,Restaurant,,00:00.0,E52E176C-8B89-4C42-BF17-3207A63CB4BC,5414741506,201,PARK,,E,ST,, ,GRANTS PASS,OR,97527,43:20.0,BTAX-042387-12-2025,43:20.0
EL MOLCAJETE MEXICAN RESTUARANT LLC,MARIELA HERNANDEZ,Inside City Limits,722511,Restaurant,,00:00.0,E52E176C-8B89-4C42-BF17-3207A63CB4BC,5414741506,201,PARK,,E,ST,, ,GRANTS PASS,OR,97527,43:20.0,BTAX-042387-12-2025,43:20.0
ELAINE F KING                 ,ELAINE F  KING,Inside City Limits,541213,Tax Preparation Services,,00:00.0,B43CBC7A-4ECE-4099-8EA8-2C7AD8998BA0,5414749839,2595,NEW HOPE,,,RD,,,GRANTS PASS,OR,97527,38:18.0,BTAX-041404-08-2025,38:18.0
"ELECTRIFY AMERICA, LLC", ,Inside City Limits,447190,Gas Station,,00:00.0,c014633e-476b-4038-8636-d66c04744bc5,7036363671,135,TERRY,,NE,LN,, ,GRANTS PASS,OR,97526,50:59.0,BTAX-042873-03-2026,50:59.0
"ELECTRIFY AMERICA, LLC",GIOVANNI PALAZZO,Inside City Limits,447190,Gas Station,,00:00.0,c014633e-476b-4038-8636-d66c04744bc5,7036363671,135,TERRY,,NE,LN,, ,GRANTS PASS,OR,97526,50:59.0,BTAX-042873-03-2026,50:59.0
ELEGANCE II LLC,TRACI PRIEBS,Inside City Limits,453310,Retail-Thrift Store,,00:00.0,1d8fa864-4364-4b46-ba29-5e15adff9f18,5414760570,331,6TH,,SE,ST,, ,GRANTS PASS,OR,97526,25:42.0,BTAX-040191-04-2025,25:42.0
ELEGANCE II LLC, ,Inside City Limits,453310,Retail-Thrift Store,,00:00.0,1d8fa864-4364-4b46-ba29-5e15adff9f18,5414760570,331,6TH,,SE,ST,, ,GRANTS PASS,OR,97526,25:42.0,BTAX-040191-04-2025,25:42.0
ELEGANCE II LLC,TERRI GEORGE,Inside City Limits,453310,Retail-Thrift Store,,00:00.0,1d8fa864-4364-4b46-ba29-5e15adff9f18,5414760570,331,6TH,,SE,ST,, ,GRANTS PASS,OR,97526,25:42.0,BTAX-040191-04-2025,25:42.0
"ELMER'S BREAKFAST, LUNCH, AND DINNER", SOUTHERN OREGON ELMERS LLC,Inside City Limits,722511,Restaurant,,00:00.0,B62C7514-F147-46FB-9D26-EA2AEEB0B3ED,5414740740,175,AGNESS,,NE,AVE,, ,GRANTS PASS,OR,97526,45:20.0,BTAX-040968-07-2025,45:20.0
ELWOOD STAFFING SERVICES INC ,INC  ELWOOD STAFFING SERVICES,Outside City Limits,561330,Professional Employer Organization,,00:00.0,C8F0524D-1480-4971-B27A-FD70EAFB4786,8123726200,2368,CRATER LAKE,,,AVE,,,MEDFORD,OR,97504,22:16.0,BTAX-041672-09-2025,22:16.0
EMC PATCHES LLC,LEE BEAUMONT IV,Inside City Limits,339999,Manufacturing-Misc Manufacturing,,00:00.0,fd33c870-c8b8-4c2b-8413-3f5c39625047,5415823720,1624,N,,SE,ST,,UNIT 4A,GRANTS PASS,OR,97526,17:52.0,BTAX-041543-08-2025,17:52.0
EMC PATCHES LLC, ,Inside City Limits,339999,Manufacturing-Misc Manufacturing,,00:00.0,fd33c870-c8b8-4c2b-8413-3f5c39625047,5415823720,1624,N,,SE,ST,,UNIT 4A,GRANTS PASS,OR,97526,17:52.0,BTAX-041543-08-2025,17:52.0
EMERY & SONS CONSTRUCTION GROUP,DAN VANNOY,Outside City Limits,238190,Contractor-General/Building Exterior,,00:00.0,77ab83af-0f6d-4856-af38-cb8866c4694e,5035887576,3841,FAIRVIEW INDUSTRIAL,,,DR,SE,SUITE 150,SALEM,OR,97302,31:47.0,BTAX-042274-11-2025,31:47.0
EMERY & SONS CONSTRUCTION GROUP, ,Outside City Limits,238190,Contractor-General/Building Exterior,,00:00.0,77ab83af-0f6d-4856-af38-cb8866c4694e,5035887576,3841,FAIRVIEW INDUSTRIAL,,,DR,SE,SUITE 150,SALEM,OR,97302,31:47.0,BTAX-042274-11-2025,31:47.0
EMILIO'S UPHOLSTERY,EMILIO   REGLA CRUZ,Inside City Limits,811420,Furniture/Reupholstery Repair,,00:00.0,29113bda-6243-4a5e-91ee-596ae837bb6f,5414416107,1515,REDWOOD,, ,AVE,,# 5,GRANTS PASS,OR,97527,56:04.0,BTAX-042956-03-2026,56:04.0
EMILIO'S UPHOLSTERY, ,Inside City Limits,811420,Furniture/Reupholstery Repair,,00:00.0,29113bda-6243-4a5e-91ee-596ae837bb6f,5414416107,1515,REDWOOD,, ,AVE,,# 5,GRANTS PASS,OR,97527,56:04.0,BTAX-042956-03-2026,56:04.0
EN VOGUE BEAUTY LLC,MARIA WOOLDRIDGE,Inside City Limits,812112,Beauty Salon,EN V SALON,00:00.0,ad1ac60b-e745-4d01-aecf-d18577c643cb,5414762053,306,6TH,,SW,ST,,,GRANTS PASS,OR,97526,59:19.0,BTAX-042881-03-2026,59:19.0
EN VOGUE BEAUTY LLC, ,Inside City Limits,812112,Beauty Salon,EN V SALON,00:00.0,ad1ac60b-e745-4d01-aecf-d18577c643cb,5414762053,306,6TH,,SW,ST,,,GRANTS PASS,OR,97526,59:19.0,BTAX-042881-03-2026,59:19.0
ENCORE CERAMICS INC          ,BARRY A & DEBORAH W  RUSSELL,Inside City Limits,999999,Crafts & Hobbies,,00:00.0,07B7CEDC-0186-4D77-AE1C-D67C2553EBAB,5419558382,2245,SPALDING,,NE,AVE,, ,GRANTS PASS,OR,97526,23:53.0,BTAX-041826-09-2025,23:53.0
ENGINEERED STRUCTURES INC    ,"NEIL & HILL, THOMAS  NELSON",Outside City Limits,238190,Contractor-General/Building Exterior,,00:00.0,2E7A3D83-C2B3-4B37-8B55-A3052B8BCBD6,2083623040,2200,COBALT POINT,,S,WAY,,,MERIDIAN,ID,83642,07:43.0,BTAX-041048-07-2025,07:43.0
ENRIQUE GONZALEZ H            ,ENRIQUE  GONZALEZ H,Inside City Limits,561730,Yard Services,,00:00.0,758F7515-747F-4451-A49F-33A7684C7B56,5414763022,4052,WILLIAMS,, ,HWY,, ,GRANTS PASS,OR,97527,18:59.0,BTAX-041067-08-2025,18:59.0
ENTERPRISE RENT-A-CAR OF OREGON ,ANDY (JACK) CORP.  TAYLOR,Inside City Limits,532111,Rental-Car Rentals,,00:00.0,2944D157-26B4-4E41-974F-276E39AF0E02,5414717800,715,UNION,,,AVE,,,GRANTS PASS,OR,97527,26:11.0,BTAX-040187-04-2025,26:11.0
ERICKSON DENTAL CARE          , ,Inside City Limits,621210,Medical-Dentist,,00:00.0,25FC0DD8-28DB-4911-B8A6-569664B41B2F,5414763419,1224,7TH,,NE,ST,, ,GRANTS PASS,OR,97526,26:57.0,BTAX-040651-07-2025,26:57.0
ERIC'S TREE SERVICE LLC,ERIC CHARLES  WERNER,Inside City Limits,113310,Logging,,00:00.0,96078F20-EE2B-4400-A828-E14F0498023E,5414794064,932,MCVAY,, ,LN,, ,GRANTS PASS,OR,97526,05:18.0,BTAX-040697-07-2025,05:18.0
ERRANDS PLUS                  ,AUGUSTA  PUMILIA,Inside City Limits,492210,Delivery Service-Local,,00:00.0,86A9BC63-F867-4FDE-98F9-AA34D34C45A5,5414790075,1719,PORTOLA,,SE,DR,, ,GRANTS PASS,OR,97526,58:21.0,BTAX-040295-05-2025,58:21.0
"ESSENTIAL WELLNESS BODYWORK & MASSAGE, LLC", ,Inside City Limits,621399,Medical-Massage Therapy,,00:00.0,0f6d6707-74bc-49c9-80db-2d9f2b7476ce,5412957148,301,7TH,,NE,ST,, ,GRANTS PASS,OR,97526,23:26.0,BTAX-041661-09-2025,23:26.0
"ESSENTIAL WELLNESS BODYWORK & MASSAGE, LLC",KAREN SUGGS,Inside City Limits,621399,Medical-Massage Therapy,,00:00.0,0f6d6707-74bc-49c9-80db-2d9f2b7476ce,5412957148,301,7TH,,NE,ST,, ,GRANTS PASS,OR,97526,23:26.0,BTAX-041661-09-2025,23:26.0
"ESSENTIALS FOR SELF RELIANCE, LLC", ,Inside City Limits,454390,Retail-Misc Direct Selling Establishment,,00:00.0,cf9b0149-1f76-47e9-90b0-8450d25f426d,5412877507,120,GALICE,,,RD,,,MERLIN,OR,97532,59:23.0,BTAX-042662-01-2026,59:23.0
"ESSENTIALS FOR SELF RELIANCE, LLC",BETTY FRIEDRICHSMEYER,Inside City Limits,454390,Retail-Misc Direct Selling Establishment,,00:00.0,cf9b0149-1f76-47e9-90b0-8450d25f426d,5412877507,120,GALICE,,,RD,,,MERLIN,OR,97532,59:23.0,BTAX-042662-01-2026,59:23.0
"ESSENTIALS FOR SELF RELIANCE, LLC",TY KIRKPATRICK,Inside City Limits,454390,Retail-Misc Direct Selling Establishment,,00:00.0,cf9b0149-1f76-47e9-90b0-8450d25f426d,5412877507,120,GALICE,,,RD,,,MERLIN,OR,97532,59:23.0,BTAX-042662-01-2026,59:23.0
ETERNAL BODY ART              ,KIM E  BURTON,Inside City Limits,812199,Tattoo/Piercing Shop,,00:00.0,984B61E4-07E1-489C-866B-EF2300AF7662,5414710607,729,G,,SW,ST,, ,GRANTS PASS,OR,97526,06:34.0,BTAX-041464-08-2025,06:34.0
EUROPEAN PSYCHIC,JANET ANDRO,Inside City Limits,541990,Professional-Misc,GIA DELFRANCESA,00:00.0,c1c99ca9-2cf9-4c16-b177-c6db167626da,5415808890,1647,WILLIAMS,, ,HWY,, ,GRANTS PASS,OR,97527,34:55.0,BTAX-042529-12-2025,34:55.0
EUROPEAN PSYCHIC, ,Inside City Limits,541990,Professional-Misc,GIA DELFRANCESA,00:00.0,c1c99ca9-2cf9-4c16-b177-c6db167626da,5415808890,1647,WILLIAMS,, ,HWY,, ,GRANTS PASS,OR,97527,34:55.0,BTAX-042529-12-2025,34:55.0
EVELYN DAVIS & MAUREEN SMITH RENTALS,"EVELYN & SMITH, MAUREEN DAVIS",Inside City Limits,531110,Rental Units/Landlord,,00:00.0,35F98FC9-7805-40BF-AE04-919D24D4C3D7,5418219112,1249,PLUMMER,, ,AVE,, ,GRANTS PASS,OR,97527,31:23.0,BTAX-041120-08-2025,31:23.0
EVERGREEN FEDERAL SAVINGS & LOAN,EVERGREEN FEDERAL SAVINGS & LOAN       ,Inside City Limits,522130,Finance-Credit Union,,00:00.0,F2F2F72A-1CA0-4E3F-A698-C5CA23DC51A9,5414793351,969,6TH,,SE,ST,, ,GRANTS PASS,OR,97526,48:42.0,BTAX-041479-08-2025,48:42.0
EVERGREEN FEDERAL SAVINGS & LOAN, ACCOUNT HOLDERS ARE OWNERS    ,Inside City Limits,522130,Finance-Credit Union,,00:00.0,34CA8DC7-3037-4925-B6E9-203F6BC8FBF4,5414793351,1329,6TH,,NE,ST,, ,GRANTS PASS,OR,97526,41:48.0,BTAX-041478-08-2025,41:48.0
EVERGREEN FEDERAL'S AFFORDABLE HOUSING COMPANY, SHAREHOLDERS                  ,Inside City Limits,522310,Finance-Loan Broker(Mortg/Nonmortg),,00:00.0,E3D8D581-FFBD-4AE3-98D1-F2C9431D24B3,5414793351,969,6TH,,SE,ST,, ,GRANTS PASS,OR,97526,19:58.0,BTAX-041535-08-2025,19:58.0
EVERGREEN HEATING             ,DANIEL MASON,Outside City Limits,238220,Contractor-HVAC Services,,00:00.0,536959AA-6AD4-4A3A-AA3C-F757572777DE,5412267035,1420,SUMMIT,,,LP,,,GRANTS PASS,OR,97527,00:04.0,BTAX-042616-01-2026,00:04.0
EVERGREEN HEATING             ,DANIEL MASON,Outside City Limits,238220,Contractor-HVAC Services,,00:00.0,536959AA-6AD4-4A3A-AA3C-F757572777DE,5412267035,1420,SUMMIT,,,LP,,,GRANTS PASS,OR,97527,00:04.0,BTAX-042616-01-2026,00:04.0
EVERGREEN PROPERTIES INC, ,Outside City Limits,531110,Rental Units/Landlord,,00:00.0,274BBF73-867D-4BF6-AAF0-776C9203C084,5412441800,215,6TH,,SE,ST,,# 205,GRANTS PASS,OR,97526,14:38.0,BTAX-041501-08-2025,14:38.0
EVOLVE BUSINESS SOLUTION LLC, ,Inside City Limits,561110,Administration-Office,,00:00.0,073970ee-a130-4a1c-a752-4d867aab745c,5413260679,2724,MAIN,,W,ST,,,MEDFORD,OR,97501,21:35.0,BTAX-041434-08-2025,21:35.0
EVOLVE BUSINESS SOLUTION LLC,LAUREN REGNANI,Inside City Limits,561110,Administration-Office,,00:00.0,073970ee-a130-4a1c-a752-4d867aab745c,5413260679,2724,MAIN,,W,ST,,,MEDFORD,OR,97501,21:35.0,BTAX-041434-08-2025,21:35.0
EXCLUSIVE WIRELESS INC,THOMAS HENG,Inside City Limits,517110,Telecommunication-Wireless Carrier,T-MOBILE,00:00.0,386524af-2e29-4d67-94ca-adfbbe1b78c1,5412958033,211,TERRY,,NE,LN,,C,GRANTS PASS,OR,97526,45:12.0,BTAX-041470-08-2025,45:12.0
EXCLUSIVE WIRELESS INC, ,Inside City Limits,517110,Telecommunication-Wireless Carrier,T-MOBILE,00:00.0,386524af-2e29-4d67-94ca-adfbbe1b78c1,5412958033,211,TERRY,,NE,LN,,C,GRANTS PASS,OR,97526,45:12.0,BTAX-041470-08-2025,45:12.0
EXHIBITRON COMPANY            ,KEN  NORTHRUP,Inside City Limits,541430,Graphic Design,,00:00.0,0B36F28F-78BC-40E6-93DE-763AA63B1994,5414717400,505,H,,SE,ST,,,GRANTS PASS,OR,97526,08:17.0,BTAX-041064-08-2025,08:17.0
EXPERT CLOTHING ALTERATIONS   ,CELESTE  LAFERRIERE-SMITH,Inside City Limits,811490,Tailor,,00:00.0,9EE0C73E-4EF4-4FB9-8590-C319BE0B99B7,5414795156,1315,7TH,,NE,ST,, ,GRANTS PASS,OR,97526,43:59.0,BTAX-042038-10-2025,43:59.0
EXPRESS CUTS                  ,"UNE/PUNTNEY, LAURIE  REYNOLDS",Inside City Limits,812111,Barber Shop,,00:00.0,7600F2E2-EA82-4A72-829F-4E61CE9BE76F,5414765144,215,8TH,,SE,ST,, ,GRANTS PASS,OR,97526,10:50.0,BTAX-042663-01-2026,10:50.0
EXPRESS EMPLOYMENT PROFESSIONALS, THE STOLLER GROUP INC/        ,Inside City Limits,561311,Employment Agency,,00:00.0,DDA61F00-C98F-4749-81A6-7CDA56B2F737,5417795522,497,UNION,,,AVE,,,GRANTS PASS,OR,97527,46:24.0,BTAX-040994-07-2025,46:24.0
EYE CARE GROUP OF SOUTHERN OREGON LLC,   ,Inside City Limits,621320,Medical-Optometrist,,00:00.0,7bae367f-0240-437b-8f6c-517b3e0a46fa,5414764545,1022,6TH,,NW,ST,, ,GRANTS PASS,OR,97526,20:22.0,BTAX-042319-11-2025,20:22.0
EYE TO EYE,TAMARA ULREY,Inside City Limits,621330,Medical - Mental Health Counselor,EYE TO EYE INVESTIGATIONS/EYE TO EYE COUNSELING THERAPY,00:00.0,9bb4fcb0-8e6b-4999-ae6f-07d966e221c8,5416211487,980,6TH,,SW,ST,,19A,GRANTS PASS,OR,97526,01:51.0,BTAX-040379-05-2025,01:51.0
EYE TO EYE,Tamara Ulrey,Inside City Limits,621330,Medical - Mental Health Counselor,EYE TO EYE INVESTIGATIONS/EYE TO EYE COUNSELING THERAPY,00:00.0,9bb4fcb0-8e6b-4999-ae6f-07d966e221c8,5416211487,980,6TH,,SW,ST,,19A,GRANTS PASS,OR,97526,01:51.0,BTAX-040379-05-2025,01:51.0
E-Z WASH LAUNDROMAT           ,NICK  BAIDA,Inside City Limits,812320,Dry Cleaning Services,,00:00.0,F06F96C7-E0E8-425D-B40D-360EDDAF57AF,5414412210,1300,G,,SW,ST,, ,GRANTS PASS,OR,97526,55:16.0,BTAX-042661-01-2026,55:16.0
EZ-WASH & FOLD,TAMMY MENDES,Inside City Limits,812320,Dry Cleaning Services,,00:00.0,1b278db9-e09e-4439-9779-2aed0bedc75f,5416593400,1300,G,,SW,ST,, ,GRANTS PASS,OR,97526,15:53.0,BTAX-040552-06-2025,15:53.0
EZ-WASH & FOLD,WHITNEY RAUM,Inside City Limits,812320,Dry Cleaning Services,,00:00.0,1b278db9-e09e-4439-9779-2aed0bedc75f,5416593400,1300,G,,SW,ST,, ,GRANTS PASS,OR,97526,15:53.0,BTAX-040552-06-2025,15:53.0
EZ-WASH & FOLD, ,Inside City Limits,812320,Dry Cleaning Services,,00:00.0,1b278db9-e09e-4439-9779-2aed0bedc75f,5416593400,1300,G,,SW,ST,, ,GRANTS PASS,OR,97526,15:53.0,BTAX-040552-06-2025,15:53.0
FAIRGROUNDS TOWING & FUEL LLC,RANDY  HARRIS,Inside City Limits,488410,Towing,,00:00.0,40B2FB9F-520E-496B-8800-4C2A4F28D7AD,5414795501,780,UNION,, ,AVE,, ,GRANTS PASS,OR,97527,53:36.0,BTAX-041857-09-2025,53:36.0
FAMILY HERB SHOP LLC,RAY SPENCER JR,Inside City Limits,446191,Retail-Health Food & Supplements,,00:00.0,399BEE93-6B28-49C4-90FE-145B32DEB2C6,5414793602,247,G,,SW,ST,, ,GRANTS PASS,OR,97526,58:09.0,BTAX-041686-09-2025,58:09.0
FARMERS BUILDING SUPPLY INC  ,LEON  STUTZMAN,Inside City Limits,444130,Retail-Hardware,,00:00.0,C0ADC56C-181B-458C-9743-964DEEE1F05E,5414760851,1741,DOWELL,, ,RD,, ,GRANTS PASS,OR,97527,11:51.0,BTAX-041032-07-2025,11:51.0
FAST LANE RC LLC, ,Inside City Limits,811211,Consumer Electronics Repair/Maint,,00:00.0,f0f26a4b-e767-46fd-a2df-e37373510ca1,5412189478,850,ROGUE RIVER,, ,HWY,, ,GRANTS PASS,OR,97527,32:28.0,BTAX-042723-02-2026,32:28.0
FAST LANE RC LLC,MYLES WHITTINGTON,Inside City Limits,811211,Consumer Electronics Repair/Maint,,00:00.0,f0f26a4b-e767-46fd-a2df-e37373510ca1,5412189478,850,ROGUE RIVER,, ,HWY,, ,GRANTS PASS,OR,97527,32:28.0,BTAX-042723-02-2026,32:28.0
FAYE DAWSON RENTALS           ,FAYE  DAWSON,Inside City Limits,531110,Rental Units/Landlord,,00:00.0,79E817C1-BCF5-4987-8ADD-11E47DAA60B5,5414790967,122,SAVAGE,,NE,ST,, ,GRANTS PASS,OR,97526,01:21.0,BTAX-041462-08-2025,01:21.0
FED SPEC PURCHASES, ,Inside City Limits,425120,Wholesale Agent,,00:00.0,bdb54d60-ef66-408b-9e1b-5f113f63209c,5592881471,1300,G,,SW,ST,,# C,GRANTS PASS,OR,97526,36:52.0,BTAX-040310-05-2025,36:52.0
FED SPEC PURCHASES,WILLIAM WILLIAMS,Inside City Limits,425120,Wholesale Agent,,00:00.0,bdb54d60-ef66-408b-9e1b-5f113f63209c,5592881471,1300,G,,SW,ST,,# C,GRANTS PASS,OR,97526,36:52.0,BTAX-040310-05-2025,36:52.0
FEDERICO VENTURES             ,JASON  FEDERICO,Inside City Limits,722513,Limited-Service Restaurant,DAIRY QUEEN,00:00.0,B508CC18-7787-423F-9B7D-CAEF96EB99A4,5419417658,610,REDWOOD,, ,HWY,, ,GRANTS PASS,OR,97527,20:46.0,BTAX-041230-08-2025,20:46.0
FEDERICO VENTURES             ,JASON  FEDERICO,Inside City Limits,722513,Limited-Service Restaurant,DAIRY QUEEN,00:00.0,844E4ACB-EC6F-401D-BA56-9B563E132769,5414768282,1674,6TH,,NW,ST,, ,GRANTS PASS,OR,97526,03:18.0,BTAX-040931-07-2025,03:18.0
FERGUSON TREE'S               ,KEN  FERGUSON,Inside City Limits,454390,Christmas Tree Lot,,00:00.0,C7FF23BF-8193-4BB2-A1B5-6E54551314EB,5416599458,1401,6TH,,NE,ST,, ,GRANTS PASS,OR,97526,01:08.0,BTAX-040799-07-2025,01:08.0
FICKES LLC                   ,TOM FICKES,Inside City Limits,621320,Medical-Optometrist,,00:00.0,592BEFCE-4AA3-4C68-9030-362C2C5DEC09,5414712070,135,TERRY,,NE,LN,, ,GRANTS PASS,OR,97526,47:06.0,BTAX-041063-08-2025,47:06.0
"FILIPEK CONSTRUCTION, TODD A. ",TODD  FILIPEK,Inside City Limits,238190,Contractor-General/Building Exterior,,00:00.0,B62BC5CC-EF6E-4973-AFCB-C805DE035DCA,5414711946,5523,LEONARD,, ,RD,, ,GRANTS PASS,OR,97527,34:18.0,BTAX-040877-07-2025,34:18.0
"FINEST BUILDING INTERIORS, LLC",TERRY SUMMERS,Outside City Limits,238190,Contractor-General/Building Exterior,,00:00.0,6f899fde-d063-492b-b19b-c78a7514533d,5419512708,1271,PALIMA,,,DR,,,EAGLE POINT,OR,97524,38:20.0,BTAX-036430-11-2023,38:20.0
"FINEST BUILDING INTERIORS, LLC",TERRY SUMMERS,Outside City Limits,238190,Contractor-General/Building Exterior,,00:00.0,6f899fde-d063-492b-b19b-c78a7514533d,5419512708,1271,PALIMA,,,DR,,,EAGLE POINT,OR,97524,38:20.0,BTAX-036430-11-2023,38:20.0
FIONA BEAN,JULIE M  TYRRELL,Inside City Limits,448150,Retail-Clothing & Accessories,,00:00.0,89B2DE02-0428-4BDE-BFAB-8FD5FFEC7226,5414419021,111,G,,SW,ST,, ,GRANTS PASS,OR,97526,02:05.0,BTAX-041093-08-2025,02:05.0
FIRE MOUNTAIN GEMS            ,CHRISTLIN & STUART  FREEDMAN,Inside City Limits,339999,Manufacturing-Misc Manufacturing,,00:00.0,897836BC-1F3E-4BB6-A3E5-ACE9AEF8596F,5419567700,1001,E,,NE,ST,,,GRANTS PASS,OR,97526,54:09.0,BTAX-040930-07-2025,54:09.0
FIRE RIVER MUSIC LLC         ,CAROL  ORTON,Inside City Limits,451140,Retail-Music/Instruments & Supplies,,00:00.0,8E563F3E-DBB5-49E4-88BE-3CEACD7DC195,5412870117,302,H,,SE,ST,, ,GRANTS PASS,OR,97526,13:17.0,BTAX-042459-12-2025,13:17.0
FIRELIGHT LASER DESIGN, ,Inside City Limits,339999,Manufacturing-Misc Manufacturing,,00:00.0,440983fb-99bf-48df-b868-e86a798f0ddd,5412186134,225,HILLCREST,,NE,Dr,,6,GRANTS PASS,OR,97526,44:12.0,BTAX-040506-06-2025,44:12.0
FIRELIGHT LASER DESIGN,LINDA DAY JEANEEN BEAGLEY,Inside City Limits,339999,Manufacturing-Misc Manufacturing,,00:00.0,440983fb-99bf-48df-b868-e86a798f0ddd,5412186134,225,HILLCREST,,NE,Dr,,6,GRANTS PASS,OR,97526,44:12.0,BTAX-040506-06-2025,44:12.0
FIRST COMMUNITY CREDIT UNION, ,Inside City Limits,522110,Finance-Commercial Bank,,00:00.0,fa635481-6fe8-4611-9c2f-d3efbe3b5e1b,5414792601,1551,HARBECK,, ,RD,, ,GRANTS PASS,OR,97527,14:48.0,BTAX-041484-08-2025,14:48.0
FIRST COMMUNITY CREDIT UNION  , CREDIT UNION-FCCU MEMBER OWN  ,Inside City Limits,522130,Finance-Credit Union,,00:00.0,06D031A7-F338-4708-9DF7-6059BEF866D0,5414792601,108,SAVAGE,,NE,ST,, ,GRANTS PASS,OR,97526,22:31.0,BTAX-041252-08-2025,22:31.0
FIRST INTERSTATE BANK,   ,Inside City Limits,522110,Finance-Commercial Bank,,00:00.0,AAEB3039-AD6C-4EAA-B2BA-08B073BDAD15,5419568485,265,UNION,, ,AVE,, ,GRANTS PASS,OR,97527,23:46.0,BTAX-042871-03-2026,23:46.0
FIRST INTERSTATE BANK        ,  ,Inside City Limits,522110,Finance-Commercial Bank,,00:00.0,75C25A19-A74A-448C-910A-508EB97DF7F9,5414747278,1304,6TH,,NW,ST,, ,GRANTS PASS,OR,97526,02:48.0,BTAX-042056-10-2025,02:48.0
FIRST STUDENT                 , LAIDLAW EDUCATION SERVICES    ,Inside City Limits,485113,Transportation-Bus System,,00:00.0,D53CE9D6-5BB6-4CFA-9C45-5E29BA4520F8,5414767733,126,RINGUETTE,, ,ST,, ,GRANTS PASS,OR,97527,09:40.0,BTAX-041160-08-2025,09:40.0
FITZGERALD GAS SERVICES LLC,CHAD FITZGERALD,Outside City Limits,238990,Contractor-Trade/Specialty,,00:00.0,4aafcfde-5bb9-4924-b4a2-aac16615498b,5419414020,503,GIRARD,,,CIRCLE,,,MEDFORD,OR,97504,35:55.0,BTAX-040813-07-2025,35:55.0
FITZGERALD GAS SERVICES LLC,CHAD FITZGERALD,Outside City Limits,238990,Contractor-Trade/Specialty,,00:00.0,4aafcfde-5bb9-4924-b4a2-aac16615498b,5419414020,503,GIRARD,,,CIRCLE,,,MEDFORD,OR,97504,35:55.0,BTAX-040813-07-2025,35:55.0
FLAVOR VAPOR LLC,MYNDI CRUZ,Inside City Limits,454390,Retail-Misc Direct Selling Establishment,,00:00.0,bffd459d-eb13-477e-9602-7dbe0774e66d,5413939840,162,BEACON,,NE,DR,,119,GRANTS PASS,OR,97526,32:23.0,BTAX-041961-10-2025,32:23.0
FLAWLESS DETAIL SERVICE       ,SALVADOR  DURAN,Inside City Limits,811192,Car Wash & Detailing,,00:00.0,4E3209FC-0C23-411C-A12E-25CDFB9EC897,5412188565,405,LOUGHRIDGE,,NW,AVE,,,GRANTS PASS,OR,97526,03:02.0,BTAX-040724-07-2025,03:02.0
FLESPY'S BAR & GRILL LLC,MICHAEL FLEMING,Inside City Limits,722410,Bar/Tavern,,00:00.0,419f2dba-0f1a-4ba8-b608-aef5ac3fd5d5,5416595165,670,FRUITDALE,, ,DR,, ,GRANTS PASS,OR,97527,52:33.0,BTAX-040139-04-2025,52:33.0
FLESPY'S BAR & GRILL LLC, ,Inside City Limits,722410,Bar/Tavern,,00:00.0,419f2dba-0f1a-4ba8-b608-aef5ac3fd5d5,5416595165,670,FRUITDALE,, ,DR,, ,GRANTS PASS,OR,97527,52:33.0,BTAX-040139-04-2025,52:33.0
FLESPY'S BAR & GRILL LLC,NICOLE FLEMING,Inside City Limits,722410,Bar/Tavern,,00:00.0,419f2dba-0f1a-4ba8-b608-aef5ac3fd5d5,5416595165,670,FRUITDALE,, ,DR,, ,GRANTS PASS,OR,97527,52:33.0,BTAX-040139-04-2025,52:33.0
FLORA RESEARCH LABORATORIES LLC,"JAMES/NEAL, DANA  KABABICK",Inside City Limits,541712,Research & Development,,00:00.0,36938866-594F-4846-8684-55511293F97A,5414720980,1000,M,,SE,ST,,#B,GRANTS PASS,OR,97526,26:39.0,BTAX-042088-10-2025,26:39.0
"FLORAL INNOVATIONS, LLC", ,Inside City Limits,453110,Florist,,00:00.0,4ccc84fd-b4c7-4583-9b39-58ccab466d2f,5414767656,811,IDLE,, ,CT,, ,GRANTS PASS,OR,97527,14:14.0,BTAX-040292-05-2025,14:14.0
"FLORAL INNOVATIONS, LLC",DEBORA MORRISON,Inside City Limits,453110,Florist,,00:00.0,4ccc84fd-b4c7-4583-9b39-58ccab466d2f,5414767656,811,IDLE,, ,CT,, ,GRANTS PASS,OR,97527,14:14.0,BTAX-040292-05-2025,14:14.0
FLORES TRUCK REPAIR,HECTOR  FLORES,Inside City Limits,811111,Auto-General Repair,MOBILE MECHANIC,00:00.0,F3364911-E99A-4CB5-BAD1-340F4749C7E0,5412611369,1480,D,,NE,ST,,,GRANTS PASS,OR,97526,52:41.0,BTAX-042765-02-2026,52:41.0
FLYING TOAD GRAPHICS          ,BEN & CYNDI  BLANKENBAKER,Inside City Limits,541430,Graphic Design,,00:00.0,AB45BF82-36D3-47E0-8D43-A3BCD6F629D5,5414768516,952,12TH,,NE,ST,, ,GRANTS PASS,OR,97526,33:26.0,BTAX-042397-12-2025,33:26.0
"FOCAL POINT TATTOO, LLC",RACHEL NICHOLS,Inside City Limits,812199,Tattoo/Piercing Shop,,00:00.0,75580a97-07ec-4be7-85ef-c3e20b4d4170,5414509533,543,E,,NE,ST,,206,GRANTS PASS,OR,97526,56:00.0,BTAX-042766-02-2026,56:00.0
"FOCAL POINT TATTOO, LLC", ,Inside City Limits,812199,Tattoo/Piercing Shop,,00:00.0,75580a97-07ec-4be7-85ef-c3e20b4d4170,5414509533,543,E,,NE,ST,,206,GRANTS PASS,OR,97526,56:00.0,BTAX-042766-02-2026,56:00.0
FOLEY FADES, ,Inside City Limits,812111,Barber Shop,,00:00.0,382283bb-4c65-41a9-98fa-f9e5f2af83c7,5412911868,116,I,,SW,ST,,,GRANTS PASS,OR,97526,05:32.0,BTAX-042651-01-2026,05:32.0
FOLEY FADES,AARON FOLEY,Inside City Limits,812111,Barber Shop,,00:00.0,382283bb-4c65-41a9-98fa-f9e5f2af83c7,5412911868,116,I,,SW,ST,,,GRANTS PASS,OR,97526,05:32.0,BTAX-042651-01-2026,05:32.0
"FOREVER NAILS & SPA, INC.                 ",THUTHAO  MACKAY,Inside City Limits,812113,Nail Salon,,00:00.0,805A80A2-3EF3-45F4-AC8F-53C505646E02,5414716000,1634,WILLIAMS,,,Hwy,,,GRANTS PASS,OR,97527,41:29.0,BTAX-041822-09-2025,41:29.0
FOUR SEASONS RESTAURANT LLC,LIEPING XIE,Inside City Limits,722511,Restaurant,,00:00.0,b3fe892c-6de3-4a21-9e4d-128a28430f3f,5414796532,122,K,,SE,ST,,,GRANTS PASS,OR,97526,43:38.0,BTAX-042684-01-2026,43:38.0
FOUR SEASONS RESTAURANT LLC, ,Inside City Limits,722511,Restaurant,,00:00.0,b3fe892c-6de3-4a21-9e4d-128a28430f3f,5414796532,122,K,,SE,ST,,,GRANTS PASS,OR,97526,43:38.0,BTAX-042684-01-2026,43:38.0
FOX FIREARMS                  ,RAY  STEWART,Inside City Limits,451110,Retail-Gun Dealer,,00:00.0,B7D21857-70A5-46AF-BD26-52C1A3F41E99,5414791163,525,E,,NE,ST,,,GRANTS PASS,OR,97526,58:50.0,BTAX-042297-11-2025,58:50.0
FRANCISCAN APTS               ,GRACE & ROSS  CHAPMAN,Inside City Limits,531110,Rental Units/Landlord,,00:00.0,7E20A69B-AF73-467C-8716-526845D3826C,5415825958,234,ROGUE RIVER,,SW,AVE,, ,GRANTS PASS,OR,97526,04:05.0,BTAX-040667-07-2025,04:05.0
FRANZ BAKERY OUTLET           , FRANZ FAMILY BAKERIES         ,Inside City Limits,311811,Bakery,,00:00.0,C679F6FA-3476-4C47-AB44-399830955535,5032322191,550,F,,NE,ST,, ,GRANTS PASS,OR,97526,40:11.0,BTAX-042657-01-2026,40:11.0
FRED MEYER JEWELERS INC #126 , FRED MEYER JEWELERS,Inside City Limits,448310,Retail-Jewelry Store,,00:00.0,BEAFACCB-DC53-4959-86AC-4079AEEBC8CA,5414747216,1101,GRANTS PASS,,,Pkwy,,,GRANTS PASS,OR,97526,27:02.0,BTAX-041513-08-2025,27:02.0
FRED MEYER STORES INC, FRED MEYER INC,Inside City Limits,445110,Food-Grocery Store,FRED MEYER STORE #126,00:00.0,5BEB60D5-1423-49A2-9A31-6B7CA3CE36F4,5414747200,1101,GRANTS PASS,,,PKWY,,,GRANTS PASS,OR,97526,40:39.0,BTAX-041786-09-2025,40:39.0
FREEDOM SALES                 ,LISA & CURTIS  KISSEL,Inside City Limits,541990,Professional-Misc,,00:00.0,109EF3FD-C762-499F-AF48-DBB69D7059A9,5416598456,410,PLUMTREE,, ,LN,, ,GRANTS PASS,OR,97526,44:01.0,BTAX-040711-07-2025,44:01.0
FRIDAS BRUNCH & CANTINA,MANELA HERNANDEZ,Inside City Limits,722511,Restaurant,,00:00.0,b004f605-420b-41db-948c-a77c64f240f9,5413246000,786,7TH,,SE,ST,, ,GRANTS PASS,OR,97526,39:10.0,BTAX-042386-12-2025,39:10.0
FROG PRINCE AQUATICS          ,MIGUEL & LINDA  LEZAMA,Inside City Limits,541990,Professional-Misc,,00:00.0,D64B181F-3680-4564-8AF6-F3B2B607AB87,5416592967,1835,N,,SE,ST,, ,GRANTS PASS,OR,97527,42:15.0,BTAX-042031-10-2025,42:15.0
FULL CIRCLE BEAUTY SALON      ,SYLINA  DORDON,Inside City Limits,812112,Beauty Salon,,00:00.0,419EBDF5-9CAA-420A-9A33-5D904AE5E190,5417616298,850,6TH,,NW,ST,,SUITE 11,GRANTS PASS,OR,97526,25:38.0,BTAX-042920-03-2026,25:38.0
FULL TILT MECHANICAL & CONSTRUCTION LLC,JOHN WING,Outside City Limits,811211,Consumer Electronics Repair/Maint,,00:00.0,6e89045c-4513-49e6-8240-5669f64e9136,9075902019,2353,NUSSBAUMER,,,ST,,,FAIRBANKS,AK,99709,11:21.0,BTAX-036394-11-2023,11:21.0
FULL TILT MECHANICAL & CONSTRUCTION LLC, ,Outside City Limits,811211,Consumer Electronics Repair/Maint,,00:00.0,6e89045c-4513-49e6-8240-5669f64e9136,9075902019,2353,NUSSBAUMER,,,ST,,,FAIRBANKS,AK,99709,11:21.0,BTAX-036394-11-2023,11:21.0
FUR THE LOVE OF FLUFF, ,Inside City Limits,812910,Pet Care Services,,00:00.0,0522766c-7ad3-4e9e-8a60-a97edeed70fa,5416597718,783,6,,SE,ST,,A,GRANTS PASS,OR,97526,04:22.0,BTAX-040951-07-2025,04:22.0
FUR THE LOVE OF FLUFF,CLAYTON BENCH,Inside City Limits,812910,Pet Care Services,,00:00.0,0522766c-7ad3-4e9e-8a60-a97edeed70fa,5416597718,783,6,,SE,ST,,A,GRANTS PASS,OR,97526,04:22.0,BTAX-040951-07-2025,04:22.0
FUR THE LOVE OF FLUFF,MESHA KOCZIAN,Inside City Limits,812910,Pet Care Services,,00:00.0,0522766c-7ad3-4e9e-8a60-a97edeed70fa,5416597718,783,6,,SE,ST,,A,GRANTS PASS,OR,97526,04:22.0,BTAX-040951-07-2025,04:22.0
FURTADO'S LANDSCAPE INC       ,RANDY  FURTADO,Outside City Limits,541320,Landscaping Services,,00:00.0,11D58DF9-DD26-4CF3-893E-051F6C6B87F6,5414508584,2179,INDUSTRY,,NE,DR,,#5,GRANTS PASS,OR,97526,47:08.0,BTAX-041229-08-2025,47:08.0
FUSION DANCE ACADEMY, ,Inside City Limits,711120,Dance Studio,,00:00.0,2ac633f0-b600-4b6a-b5e9-2962c1f77e6e,5419718588,1515,REDWOOD,, ,AVE,, STE #6,GRANTS PASS,OR,97527,27:01.0,BTAX-040642-07-2025,27:01.0
FUSION DANCE ACADEMY,KIMBERLY AWBREY,Inside City Limits,711120,Dance Studio,,00:00.0,2ac633f0-b600-4b6a-b5e9-2962c1f77e6e,5419718588,1515,REDWOOD,, ,AVE,, STE #6,GRANTS PASS,OR,97527,27:01.0,BTAX-040642-07-2025,27:01.0
FUSION DANCE ACADEMY,KIMBERLY AWBREY,Inside City Limits,711120,Dance Studio,,00:00.0,2ac633f0-b600-4b6a-b5e9-2962c1f77e6e,5419718588,1515,REDWOOD,,,AVE,,STE #11,GRANTS PASS,OR,97527,27:01.0,BTAX-040642-07-2025,27:01.0
FUSION DANCE ACADEMY, ,Inside City Limits,711120,Dance Studio,,00:00.0,2ac633f0-b600-4b6a-b5e9-2962c1f77e6e,5419718588,1515,REDWOOD,,,AVE,,STE #11,GRANTS PASS,OR,97527,27:01.0,BTAX-040642-07-2025,27:01.0
G P VENTURES LLC              , ,Inside City Limits,531311,Property Management,,00:00.0,5DC2CC04-CE80-4204-A838-A5874A187827,5419441470,162,BEACON,,NE,DR,, ,GRANTS PASS,OR,97526,20:40.0,BTAX-042073-10-2025,20:40.0
G ST BARBER CO,CHASE DANIELLE,Inside City Limits,812111,Barber Shop,,00:00.0,f853b07a-fa18-4a40-9389-22e6f32b6e72,5416250117,124,G,,SE,ST,,,GRANTS PASS,OR,97526,32:42.0,BTAX-042557-01-2026,32:42.0
G ST BARBER CO, ,Inside City Limits,812111,Barber Shop,,00:00.0,f853b07a-fa18-4a40-9389-22e6f32b6e72,5416250117,124,G,,SE,ST,,,GRANTS PASS,OR,97526,32:42.0,BTAX-042557-01-2026,32:42.0
G ST MARKETPLACE LLC          ,SUSAN  SHIRLEY,Inside City Limits,448150,Retail-Clothing & Accessories,,00:00.0,25DE8EA7-6EB1-4A92-9B15-8FEE8871A04E,5414792335,137,G,,SW,ST,, ,GRANTS PASS,OR,97526,25:02.0,BTAX-041078-08-2025,25:02.0
G STREET BAR & GRILL          ,HWA MEI  KELLER,Inside City Limits,722511,Restaurant,,00:00.0,D6398891-00EB-4E10-805B-A83BD91905DF,5419565427,125,G,,SE,ST,, ,GRANTS PASS,OR,97526,22:14.0,BTAX-042331-11-2025,22:14.0
G. PENA REMODELING LLC,NATALIE OLMEDO,Inside City Limits,238190,Contractor-General/Building Exterior,,00:00.0,00041628-fcc1-49d4-8138-0e73134715fd,7079519606,4120,MIDWAY,,,AVE,,,GRANTS PASS,OR,97527,58:38.0,BTAX-040610-07-2025,58:38.0
G. PENA REMODELING LLC,GUADALUPE ROJAS,Inside City Limits,238190,Contractor-General/Building Exterior,,00:00.0,00041628-fcc1-49d4-8138-0e73134715fd,7079519606,4120,MIDWAY,,,AVE,,,GRANTS PASS,OR,97527,58:38.0,BTAX-040610-07-2025,58:38.0
G. PENA REMODELING LLC, ,Inside City Limits,238190,Contractor-General/Building Exterior,,00:00.0,00041628-fcc1-49d4-8138-0e73134715fd,7079519606,4120,MIDWAY,,,AVE,,,GRANTS PASS,OR,97527,58:38.0,BTAX-040610-07-2025,58:38.0
G.G. SUGARPLUMS MOBILE BAKESHOP LLC,DANIELLE GLARUM,Inside City Limits,311811,Bakery,G.G. SUGARPLUMS BAKESHOP,00:00.0,D0C03106-EA06-4448-95DF-6A698CA2C501,5419447528,225,6TH,,SE,ST,,,GRANTS PASS,OR,97526,05:39.0,BTAX-040345-05-2025,05:39.0
G.G. SUGARPLUMS MOBILE BAKESHOP LLC, ,Inside City Limits,311811,Bakery,G.G. SUGARPLUMS BAKESHOP,00:00.0,D0C03106-EA06-4448-95DF-6A698CA2C501,5419447528,225,6TH,,SE,ST,,,GRANTS PASS,OR,97526,05:39.0,BTAX-040345-05-2025,05:39.0
G.G. SUGARPLUMS MOBILE BAKESHOP LLC,JOHN GLARUM JR,Inside City Limits,311811,Bakery,G.G. SUGARPLUMS BAKESHOP,00:00.0,D0C03106-EA06-4448-95DF-6A698CA2C501,5419447528,225,6TH,,SE,ST,,,GRANTS PASS,OR,97526,05:39.0,BTAX-040345-05-2025,05:39.0
G2 HAIR STUDIO,RONALD & KATHLEEN GILLASPIE,Inside City Limits,812112,Beauty Salon,,00:00.0,8ab9c42d-0fe6-47d1-bcb1-d4bc013bc32e,5412267741,611,6TH,,,ST,,,GRANTS PASS,OR,97526,10:44.0,BTAX-033771-01-2023,10:44.0
G2 HAIR STUDIO,RONALD & KATHLEEN GILLASPIE,Inside City Limits,812112,Beauty Salon,,00:00.0,8ab9c42d-0fe6-47d1-bcb1-d4bc013bc32e,5412267741,611,6TH,,,ST,,,GRANTS PASS,OR,97526,29:47.0,BTAX-042673-01-2026,29:47.0
G2 HAIR STUDIO, ,Inside City Limits,812112,Beauty Salon,,00:00.0,8ab9c42d-0fe6-47d1-bcb1-d4bc013bc32e,5412267741,611,6TH,,,ST,,,GRANTS PASS,OR,97526,10:44.0,BTAX-033771-01-2023,10:44.0
G2 HAIR STUDIO, ,Inside City Limits,812112,Beauty Salon,,00:00.0,8ab9c42d-0fe6-47d1-bcb1-d4bc013bc32e,5412267741,611,6TH,,,ST,,,GRANTS PASS,OR,97526,29:47.0,BTAX-042673-01-2026,29:47.0
GALAXY VAPE,JOHIT KUMAR,Inside City Limits,453991,Retail-Tobacco Store,,00:00.0,2ffae9d3-a912-40e7-add4-2623c73b0a52,5416902900,1607,WILLIAMS,,,HWY,,3A,GRANTS PASS,OR,97527,34:20.0,BTAX-042688-01-2026,34:20.0
GALAXY VAPE, ,Inside City Limits,453991,Retail-Tobacco Store,,00:00.0,2ffae9d3-a912-40e7-add4-2623c73b0a52,5416902900,1607,WILLIAMS,,,HWY,,3A,GRANTS PASS,OR,97527,34:20.0,BTAX-042688-01-2026,34:20.0
GALAXY VAPE,MATTHEW HILL,Inside City Limits,453991,Retail-Tobacco Store,,00:00.0,2ffae9d3-a912-40e7-add4-2623c73b0a52,5416902900,1607,WILLIAMS,,,HWY,,3A,GRANTS PASS,OR,97527,34:20.0,BTAX-042688-01-2026,34:20.0
GAME SWAP,TIMOTHY R  ARNETTE,Inside City Limits,451120,"Retail-Hobbies, Toys & Games ",,00:00.0,BACB3686-2ADD-4258-B2FF-50E96AA0E965,5414719537,942,6TH,,SW,ST,,,GRANTS PASS,OR,97526,18:14.0,BTAX-042182-10-2025,18:14.0
GAMESTOP INC                  , GAMESTOP INC                  ,Inside City Limits,451120,"Retail-Hobbies, Toys & Games ",GAMESTOP #7749 ,00:00.0,9D9FBD8E-AE65-477F-9278-CAD89EE5341B,8177227221,144,TERRY,,NE,LN,,SUITE 5,GRANTS PASS,OR,97526,57:45.0,BTAX-041473-08-2025,57:45.0
GAMMA GRIZ LLC                ,PATRICIA  SNYDER,Inside City Limits,452990,Retail-General Merchandise ,,00:00.0,C682ABBD-5D05-41CE-9FD5-CB37398EE38F,5414415409,2122,PORTOLA,,SE,DR,,,GRANTS PASS,OR,97526,50:17.0,BTAX-042634-01-2026,50:17.0
GARDA CL NORTHWEST INC, GARDA CL NORTHWEST INC        ,Outside City Limits,561613,Armored Car Services,,00:00.0,AF00D79C-6272-4A5E-A98A-030C72EB27A2,5619397000,407,PECH,,,RD,,,CENTRAL POINT,OR,97502,50:02.0,BTAX-041729-09-2025,50:02.0
GARDEN COTTAGE AIRBNB, ,Inside City Limits,531110,Rental Units/Landlord,,00:00.0,fb1db22c-309e-49c5-9587-f7180b31862b,5414502207,341,K,,SW,ST,, ,GRANTS PASS,OR,97526,06:26.0,BTAX-042895-03-2026,06:26.0
GARDEN COTTAGE AIRBNB,LINDA ACCARDO,Inside City Limits,531110,Rental Units/Landlord,,00:00.0,fb1db22c-309e-49c5-9587-f7180b31862b,5414502207,341,K,,SW,ST,, ,GRANTS PASS,OR,97526,06:26.0,BTAX-042895-03-2026,06:26.0
GARDEN GROVE         ,WILLIAM LOVELACE,Inside City Limits,531110,Rental Units/Landlord,,00:00.0,E4F4AED1-1F0A-45E8-AC40-6146C2D90677,5414741764,1100,FRUITDALE,, ,DR,, ,GRANTS PASS,OR,97527,41:19.0,BTAX-041392-08-2025,41:19.0
GARDEN PLAZA MANAGEMENT LLC         ,ANTHONY  JAVORIC,Inside City Limits,531311,Property Management,GARDEN PLAZA APTS,00:00.0,8ECFA66E-7C47-4AD2-83ED-008CD0F615AC,5414794991,525,6TH,,NE,ST,, ,GRANTS PASS,OR,97526,28:14.0,BTAX-040444-05-2025,28:14.0
GARDINIER ENTERPRISES LLC,BRYCE & BECKY GARDINIER,Inside City Limits,812112,Beauty Salon,TAN REPUBLIC OF SOUTHERN OR,00:00.0,2f296385-2e0c-418a-9747-09331d0c4ada,5414795121,1509,F,,NE,ST,,,GRANTS PASS,OR,97526,53:37.0,BTAX-042581-01-2026,53:37.0
GARDINIER ENTERPRISES LLC, ,Inside City Limits,812112,Beauty Salon,TAN REPUBLIC OF SOUTHERN OR,00:00.0,2f296385-2e0c-418a-9747-09331d0c4ada,5414795121,1509,F,,NE,ST,,,GRANTS PASS,OR,97526,53:37.0,BTAX-042581-01-2026,53:37.0
GARDINIER ENTERPRISES LLC, ,Inside City Limits,812112,Beauty Salon,TAN REPUBLIC OF SOUTHERN OR,00:00.0,5ac51d5e-7cd7-405c-b4a2-9d362360c31e,5414795121,1628,WILLIAMS,,,HWY,,,GRANTS PASS,OR,97527,26:38.0,BTAX-042580-01-2026,26:38.0
GARDINIER ENTERPRISES LLC,BRYCE & BECKY GARDINIER,Inside City Limits,812112,Beauty Salon,TAN REPUBLIC OF SOUTHERN OR,00:00.0,5ac51d5e-7cd7-405c-b4a2-9d362360c31e,5414795121,1628,WILLIAMS,,,HWY,,,GRANTS PASS,OR,97527,26:38.0,BTAX-042580-01-2026,26:38.0
GARY KRAUSE LANDSCAPING,GARY KRAUSE,Outside City Limits,541320,Landscaping Services,,00:00.0,949e6ad1-db9e-44a6-ba7a-f0c53c5ddc0a,5418997643,345,CHINA GULCH,,,RD,,,RUCH,OR,97530,04:31.0,BTAX-040301-05-2025,04:31.0
GARY KRAUSE LANDSCAPING, ,Outside City Limits,541320,Landscaping Services,,00:00.0,949e6ad1-db9e-44a6-ba7a-f0c53c5ddc0a,5418997643,345,CHINA GULCH,,,RD,,,RUCH,OR,97530,04:31.0,BTAX-040301-05-2025,04:31.0
GARY L BURTON RENTALS         ,GARY L & AIDA  BURTON,Inside City Limits,531110,Rental Units/Landlord,,00:00.0,7D6439FC-8E24-43D3-AD52-CEB35A07D8E7,5414761875,306,I,,SE,ST,,,GRANTS PASS,OR,97526,47:32.0,BTAX-040852-07-2025,47:32.0
GARY W JANTZER RENTALS        ,GARY JANTZER,Outside City Limits,531110,Rental Units/Landlord,,00:00.0,D9BBD45C-78C6-40A5-BB89-66CBD04045FB,5414721100,2200,INDUSTRY,,,DR,,,GRANTS PASS,OR,97526,18:21.0,BTAX-041305-08-2025,18:21.0
GARY'S                        ,GARY POULTON,Inside City Limits,812112,Beauty Salon,,00:00.0,F16E4DC9-A26A-46FC-8D82-DFA581FC312A,5414769697,131,REDWOOD,, ,HWY,, ,GRANTS PASS,OR,97527,12:08.0,BTAX-040921-07-2025,12:08.0
GATES FURNITURE OF GRANTS PASS,JOHN G & LOIS  GATES,Inside City Limits,442110,Retail-Furniture Store,GATES HOME FURNISHINGS,00:00.0,4F876FB8-4E2E-4E46-8551-D07ECBDE4725,5419568425,700,6TH,,SW,ST,, ,GRANTS PASS,OR,97526,46:10.0,BTAX-041301-08-2025,46:10.0
GENERAL CREDIT SERVICE        ,LAUREN  REGNANI,Inside City Limits,561440,Collection Agency,,00:00.0,60509EE1-DDCE-4919-A767-638919D6E771,5417737791,2724,MAIN,,W,ST,,,MEDFORD,OR,97501,04:21.0,BTAX-041463-08-2025,04:21.0
GENERAL PABLO MELVA LANDSCAPING MAINTENANCE    ,HUMBERTO  ORDAZ,Inside City Limits,541320,Landscaping Services,,00:00.0,72427AD1-A570-4E4D-859C-AF3DB8D06461,5416216737,724,MADRONE,,NE,ST,, ,GRANTS PASS,OR,97526,16:35.0,BTAX-041149-08-2025,16:35.0
GENE'S GROUNDS MAINTENANCE    ,GENE  COOPER,Inside City Limits,541320,Landscaping Services,,00:00.0,C733F3C7-DEE3-406E-9277-EC1F6CDF9FCC,5414768297,1140,BRIDGE,,SW,ST,,APT B,GRANTS PASS,OR,97526,16:13.0,BTAX-040665-07-2025,16:13.0
GENOA HEALTHCARE LLC, ,Inside City Limits,446110,Pharmacy/Drug Store,,00:00.0,d43850ee-99a9-4f2a-bb88-60ff08c33281,6516880258,1545,HARBECK,,,RD,,SUITE P1,GRANTS PASS,OR,97527,28:27.0,BTAX-041939-10-2025,28:27.0
GENOA HEALTHCARE LLC,GENOA HEATHCARE LLC,Inside City Limits,446110,Pharmacy/Drug Store,,00:00.0,d43850ee-99a9-4f2a-bb88-60ff08c33281,6516880258,1545,HARBECK,,,RD,,SUITE P1,GRANTS PASS,OR,97527,28:27.0,BTAX-041939-10-2025,28:27.0
GENTS ONLY BARBER SHOP,CHRISTOPHER ROBINSON,Inside City Limits,812111,Barber Shop,,00:00.0,f6f86781-b667-430f-ae00-ba385d24ccdc,2069995162,1470,DAVID,,SW,DR,,,GRANTS PASS,OR,97527,59:56.0,BTAX-040277-04-2025,59:56.0
GENTS ONLY BARBER SHOP, ,Inside City Limits,812111,Barber Shop,,00:00.0,f6f86781-b667-430f-ae00-ba385d24ccdc,2069995162,1470,DAVID,,SW,DR,,,GRANTS PASS,OR,97527,59:56.0,BTAX-040277-04-2025,59:56.0
GERLITZ ENGINEERING CONSULTANTS,JUSTIN GERLITZ,Inside City Limits,541330,Engineering Services,,00:00.0,24608d74-0172-4abe-8426-e9e6b1230a7d,5412442617,223,B,,NE,ST,,,GRANTS PASS,OR,97526,43:17.0,BTAX-040882-07-2025,43:17.0
GERLITZ ENGINEERING CONSULTANTS,JUSTIN GERLITZ,Inside City Limits,541330,Engineering Services,,00:00.0,24608d74-0172-4abe-8426-e9e6b1230a7d,5412442617,223,B,,NE,ST,,,GRANTS PASS,OR,97526,43:17.0,BTAX-040882-07-2025,43:17.0
GIA ORIGINALS                 ,GRACE  ANDERSON,Inside City Limits,811490,Tailor,,00:00.0,2E966F3A-1205-4AC2-B743-415A949CF90E,5414795934,121,BLOSSOM,,NW,DR,, ,GRANTS PASS,OR,97526,42:26.0,BTAX-041075-08-2025,42:26.0
GIANNELLI'S A TASTE OF ITALY, ,Inside City Limits,722511,Restaurant,,00:00.0,f85a08f3-9282-4377-bc20-3d62da28ba61,5419168004,211,A,,NE,ST,, ,GRANTS PASS,OR,97526,41:30.0,BTAX-041903-09-2025,41:30.0
GIANNELLI'S A TASTE OF ITALY,SHERRY WEHAB,Inside City Limits,722511,Restaurant,,00:00.0,f85a08f3-9282-4377-bc20-3d62da28ba61,5419168004,211,A,,NE,ST,, ,GRANTS PASS,OR,97526,41:30.0,BTAX-041903-09-2025,41:30.0
GILBERT CREEK HEALTH & REHABILITATION CENTER LLC, ,Inside City Limits,623110,Medical-Nursing Care Facility,ROYALE GARDENS HEALTH & REHABILITATION CENTER,00:00.0,97d29065-87f3-4057-8eab-8f7df4a1d1b9,5414768891,2075,HIGHLAND,,NW,AVE,,,GRANTS PASS,OR,97526,07:31.0,BTAX-040469-06-2025,07:31.0
GILBERT CREEK HEALTH & REHABILITATION CENTER LLC, ,Inside City Limits,623110,Medical-Nursing Care Facility,ROYALE GARDENS HEALTH & REHABILITATION CENTER,00:00.0,97d29065-87f3-4057-8eab-8f7df4a1d1b9,5414768891,2075,HIGHLAND,,NW,AVE,,,GRANTS PASS,OR,97526,07:31.0,BTAX-040469-06-2025,07:31.0
GIZMO TECH,CHRISTIAN MENDEZ,Inside City Limits,541519,Computer Services,,00:00.0,14f0fe91-d6a9-429f-ae18-205aa3f3d8d4,5416464656,850,6TH,,NW,ST,,UNIT #8,GRANTS PASS,OR,97526,19:13.0,BTAX-040315-05-2025,19:13.0
GIZMO TECH, ,Inside City Limits,541519,Computer Services,,00:00.0,14f0fe91-d6a9-429f-ae18-205aa3f3d8d4,5416464656,850,6TH,,NW,ST,,UNIT #8,GRANTS PASS,OR,97526,19:13.0,BTAX-040315-05-2025,19:13.0
GLAMOR ATTIRE BY JAN,JAN  KOSKI,Inside City Limits,448150,Retail-Clothing & Accessories,GLAMOR ATTIRE BY JAN,00:00.0,2809583E-62B8-4B19-BA16-AC4817FBCF96,5414798820,1439,6TH,,NE,ST,, ,GRANTS PASS,OR,97526,32:35.0,BTAX-040661-07-2025,32:35.0
"GNC HOLDINGS, LLC",        ,Inside City Limits,446191,Retail-Health Food & Supplements,,00:00.0,6AD863A4-1E5F-49D7-B07A-DC37D9150F98,4123275383,955,D,,NE,ST,,,GRANTS PASS,OR,97526,39:04.0,BTAX-040143-04-2025,39:04.0
GO MINI'S OF OREGON LLC,JULIA DENEAU,Inside City Limits,493110,Storage & General Warehousing,GO MINI'S,00:00.0,9bc55723-ae93-4bc2-8d31-9223b9b65e03,5416591800,675,PARK,,E,ST,, ,GRANTS PASS,OR,97527,57:29.0,BTAX-040828-07-2025,57:29.0
GO MINI'S OF OREGON LLC, ,Inside City Limits,493110,Storage & General Warehousing,GO MINI'S,00:00.0,9bc55723-ae93-4bc2-8d31-9223b9b65e03,5416591800,675,PARK,,E,ST,, ,GRANTS PASS,OR,97527,57:29.0,BTAX-040828-07-2025,57:29.0
GOLDEN WEST AUTO BODY         ,"STEVE/SHIRLEY, TIM  CHILCOTT",Inside City Limits,811121,"Auto-Body, Paint & Interior",,00:00.0,12CFFEEF-A93C-4604-A5DD-8ACC7FDF086A,5414798717,317,G,,SE,ST,, ,GRANTS PASS,OR,97526,43:24.0,BTAX-040761-07-2025,43:24.0
GONZALEZ TREE SERVICE LLC,JAIME GONZALEZ,Inside City Limits,238190,Contractor-General/Building Exterior,,00:00.0,bbaad914-a6ba-4ed9-a2de-7609dc330491,5414504663,1702,BRIDGE,,SW,ST,, ,GRANTS PASS,OR,97526,10:01.0,BTAX-042810-02-2026,10:01.0
GONZALEZ TREE SERVICE LLC, ,Inside City Limits,238190,Contractor-General/Building Exterior,,00:00.0,bbaad914-a6ba-4ed9-a2de-7609dc330491,5414504663,1702,BRIDGE,,SW,ST,, ,GRANTS PASS,OR,97526,10:01.0,BTAX-042810-02-2026,10:01.0
GONZALEZ TREE SERVICE LLC,KASANDRA GONZALEZ,Inside City Limits,238190,Contractor-General/Building Exterior,,00:00.0,bbaad914-a6ba-4ed9-a2de-7609dc330491,5414504663,1702,BRIDGE,,SW,ST,, ,GRANTS PASS,OR,97526,10:01.0,BTAX-042810-02-2026,10:01.0
GOOSEBERRIES                  ,YUAN CHANG  ZHU,Inside City Limits,446191,Retail-Health Food & Supplements,,00:00.0,30557EC6-CAF0-474B-93AB-C5D990BAC05C,5414712700,1201,REDWOOD,, ,AVE,, ,GRANTS PASS,OR,97527,09:06.0,BTAX-040658-07-2025,09:06.0
GOSPEL RESCUE MISSION         , GOSPEL RESCUE MISSION         ,Inside City Limits,624190,Social Svcs-Individual & Family Svcs,,00:00.0,F44C7A72-1173-4604-9C1F-DA9D103BD49F,5414760082,540,FOUNDRY,,SW,ST,,,GRANTS PASS,OR,97526,26:59.0,BTAX-042020-10-2025,26:59.0
GP AUTO GROUP LLC,BRANDON DAHL,Inside City Limits,811191,Auto-Oil Change/Lubrication Shop,,00:00.0,b8dda78e-9ef5-4658-97d9-b10f6e19ecbd,5415071116,819,MILL,,SE,ST,, ,GRANTS PASS,OR,97526,23:11.0,BTAX-042227-11-2025,23:11.0
GP AUTO GROUP LLC,JEFF HEWITT,Inside City Limits,811191,Auto-Oil Change/Lubrication Shop,,00:00.0,b8dda78e-9ef5-4658-97d9-b10f6e19ecbd,5415071116,819,MILL,,SE,ST,, ,GRANTS PASS,OR,97526,23:11.0,BTAX-042227-11-2025,23:11.0
GP AUTO GROUP LLC,BERTO VILLASENOR,Inside City Limits,811191,Auto-Oil Change/Lubrication Shop,,00:00.0,b8dda78e-9ef5-4658-97d9-b10f6e19ecbd,5415071116,819,MILL,,SE,ST,, ,GRANTS PASS,OR,97526,23:11.0,BTAX-042227-11-2025,23:11.0
GP AUTO GROUP LLC, ,Inside City Limits,811191,Auto-Oil Change/Lubrication Shop,,00:00.0,b8dda78e-9ef5-4658-97d9-b10f6e19ecbd,5415071116,819,MILL,,SE,ST,, ,GRANTS PASS,OR,97526,23:11.0,BTAX-042227-11-2025,23:11.0
GP COTTAGES,DENNIS WALKER,Inside City Limits,721199,All Other Traveler Accommodation,,00:00.0,32cae5ba-f437-4c19-8f93-3bb280f05043,5037067353,416,M,,SE,ST,,,GRANTS PASS,OR,97526,16:38.0,BTAX-040204-04-2025,16:38.0
GP COTTAGES, ,Inside City Limits,721199,All Other Traveler Accommodation,,00:00.0,32cae5ba-f437-4c19-8f93-3bb280f05043,5037067353,416,M,,SE,ST,,,GRANTS PASS,OR,97526,16:38.0,BTAX-040204-04-2025,16:38.0
GP DOWNTOWN SUITES LLC,NOEL SHECKELLS,Inside City Limits,721110,Hotel/Motel,BEAR MOUNTAIN INN,00:00.0,c0899ceb-bcdb-4bea-af3c-73b709862ab5,5417785408,144,L,,SW,ST,,,GRANTS PASS,OR,97526,20:20.0,BTAX-041917-10-2025,20:20.0
GP DOWNTOWN SUITES LLC,TOM SHECKELLS,Inside City Limits,721110,Hotel/Motel,BEAR MOUNTAIN INN,00:00.0,c0899ceb-bcdb-4bea-af3c-73b709862ab5,5417785408,144,L,,SW,ST,,,GRANTS PASS,OR,97526,20:20.0,BTAX-041917-10-2025,20:20.0
GP DOWNTOWN SUITES LLC, ,Inside City Limits,721110,Hotel/Motel,BEAR MOUNTAIN INN,00:00.0,c0899ceb-bcdb-4bea-af3c-73b709862ab5,5417785408,144,L,,SW,ST,,,GRANTS PASS,OR,97526,20:20.0,BTAX-041917-10-2025,20:20.0
GP HOSPITALITY LLC, ,Inside City Limits,721110,Hotel/Motel,,00:00.0,b17aa30c-c12b-4798-a213-5ed3750c251d,,1880,6TH,,NW,ST,, ,GRANTS PASS,OR,97526,35:30.0,BTAX-041888-09-2025,35:30.0
GP HOSPITALITY LLC,ANURAG PATEL,Inside City Limits,721110,Hotel/Motel,,00:00.0,b17aa30c-c12b-4798-a213-5ed3750c251d,,1880,6TH,,NW,ST,, ,GRANTS PASS,OR,97526,35:30.0,BTAX-041888-09-2025,35:30.0
"GPP SOLUTIONS, LLC ", ,Inside City Limits,446110,Pharmacy/Drug Store,GRANTS PASS PHARMACY,00:00.0,E90CFB0B-C617-4BEF-880C-7471B709B302,5414764262,414,6TH,,SW,ST,, ,GRANTS PASS,OR,97526,56:51.0,BTAX-040377-05-2025,56:51.0
"GPP SOLUTIONS, LLC ",MICHELLE BELCHER,Inside City Limits,446110,Pharmacy/Drug Store,GRANTS PASS PHARMACY,00:00.0,E90CFB0B-C617-4BEF-880C-7471B709B302,5414764262,414,6TH,,SW,ST,, ,GRANTS PASS,OR,97526,56:51.0,BTAX-040377-05-2025,56:51.0
"GPP SOLUTIONS, LLC ",JEFFREY HARRELL,Inside City Limits,446110,Pharmacy/Drug Store,GRANTS PASS PHARMACY,00:00.0,E90CFB0B-C617-4BEF-880C-7471B709B302,5414764262,414,6TH,,SW,ST,, ,GRANTS PASS,OR,97526,56:51.0,BTAX-040377-05-2025,56:51.0
GRANDMA'S CARE LLC            ,TIFFANY  OGREN,Inside City Limits,621610,Medical-Home Health Care Services,,00:00.0,E2A762F0-9032-4BB9-8307-85839FA14104,5416594059,1444,WILLOW,, ,LN,, ,GRANTS PASS,OR,97527,50:08.0,BTAX-042024-10-2025,50:08.0
GRANDMA'S CARE LLC            ,Tiffany Ogren,Inside City Limits,621610,Medical-Home Health Care Services,,00:00.0,E2A762F0-9032-4BB9-8307-85839FA14104,5416594059,1444,WILLOW,, ,LN,, ,GRANTS PASS,OR,97527,50:08.0,BTAX-042024-10-2025,50:08.0
GRANDMA'S HAVEN LLC, ,Inside City Limits,621610,Medical-Home Health Care Services,,00:00.0,f5e58109-3c27-4d3d-a835-dc693d694a36,5419555054,192,SARADAN,,,LN,,,GRANTS PASS,OR,97527,21:36.0,BTAX-041418-08-2025,21:36.0
GRANDMA'S HAVEN LLC,Tiffany Ogren,Inside City Limits,621610,Medical-Home Health Care Services,,00:00.0,f5e58109-3c27-4d3d-a835-dc693d694a36,5419555054,192,SARADAN,,,LN,,,GRANTS PASS,OR,97527,21:36.0,BTAX-041418-08-2025,21:36.0
GRANGE COOPERATIVE SUPPLY     , MEMBERS                       ,Inside City Limits,452990,Retail-General Merchandise ,GRANGE CO-OP GRANTS PASS,00:00.0,85A0FA8F-E4D0-436A-9209-312C1943296A,5414767771,1710,SCHUTZWOHL,,W,LN,, ,GRANTS PASS,OR,97527,13:13.0,BTAX-041976-10-2025,13:13.0
GRANTS PASS & JOSEPHINE COUNTY CHAMBER OF COMMERCE,Terry Hopkins,Inside City Limits,813319,Organization-Social Advocacy,,00:00.0,a66c9e78-6129-4842-becd-9c8e739f76fc,5414767717,1995,VINE,,NW,ST,,,GRANTS PASS,OR,97526,30:41.0,BTAX-040375-05-2025,30:41.0
GRANTS PASS ACTIVE CLUB       ,RANDY FISHER,Inside City Limits,813410,Organization-Civic/Social,,00:00.0,DC65BCA9-736C-4B4B-B653-31736BA38AD8,5417615180,2001,FOOTHILL,, ,BLVD,, ,GRANTS PASS,OR,97526,09:16.0,BTAX-042515-12-2025,09:16.0
"GRANTS PASS APPLIANCE, INC",MARVIN JESSEE,Inside City Limits,443141,Retail-Home Appliances,ACTIVE APPLIANCE,00:00.0,59777291-0bf9-4029-8cb0-244750162ac5,5414798734,605,7TH,,SE,ST,, ,GRANTS PASS,OR,97526,07:01.0,BTAX-042681-01-2026,07:01.0
"GRANTS PASS APPLIANCE, INC", ,Inside City Limits,443141,Retail-Home Appliances,ACTIVE APPLIANCE,00:00.0,59777291-0bf9-4029-8cb0-244750162ac5,5414798734,605,7TH,,SE,ST,, ,GRANTS PASS,OR,97526,07:01.0,BTAX-042681-01-2026,07:01.0
Grants Pass Barber Shop LLC,Cameron DuBoise,Inside City Limits,812111,Barber Shop,,00:00.0,10267d78-9728-4bf9-b9b2-46b9a9b6af8c,,232,6TH,,NW,ST,,A,GRANTS PASS,OR,97526,38:26.0,BTAX-041528-08-2025,38:26.0
Grants Pass Barber Shop LLC,Cameron Duboise,Inside City Limits,812111,Barber Shop,,00:00.0,10267d78-9728-4bf9-b9b2-46b9a9b6af8c,,232,6TH,,NW,ST,,A,GRANTS PASS,OR,97526,38:26.0,BTAX-041528-08-2025,38:26.0
GRANTS PASS BROADCASTING CORP,CARL WILSON,Inside City Limits,515112,Radio Station,,00:00.0,5D3EFC42-4999-4BA0-B738-ADFAF8F76AC2,5414766608,888,ROGUE RIVER,, ,HWY,, ,GRANTS PASS,OR,97527,45:14.0,BTAX-041545-08-2025,45:14.0
GRANTS PASS CAB LLC           ,BENNIE  GRAEBER,Outside City Limits,485310,Transportation-Taxi,,00:00.0,546AC471-327E-4AF2-972E-8B6A57FA8A51,5414766444,2001,FOOTHILL,, ,BLVD,, ,GRANTS PASS,OR,97526,54:44.0,TAXICO-040479-06-2025,54:44.0
GRANTS PASS CAB LLC           ,BENNIE GRAEBER,Outside City Limits,485310,Transportation-Taxi,,00:00.0,546AC471-327E-4AF2-972E-8B6A57FA8A51,5414766444,2001,FOOTHILL,, ,BLVD,, ,GRANTS PASS,OR,97526,54:44.0,TAXICO-040479-06-2025,54:44.0
GRANTS PASS CHIROPRACTIC CLINIC PC,EDWARD & DENISE  WELCH,Inside City Limits,621310,Medical-Chiropractor,,00:00.0,F04F100D-A6B1-407F-A777-2A4E9EBD30FF,5414791982,1103,7TH,,NE,ST,, ,GRANTS PASS,OR,97526,40:18.0,BTAX-042150-10-2025,40:18.0
GRANTS PASS CLINIC PHYSICIANS & SURGEONS,   ,Inside City Limits,621111,Medical-Physician,,00:00.0,967FA92F-7F72-4347-BD6A-3F59B4C6EEDF,5414766644,495,RAMSEY,,SW,Ave,, ,GRANTS PASS,OR,97527,25:27.0,BTAX-041070-08-2025,25:27.0
GRANTS PASS DENTAL LLC        , ,Inside City Limits,621210,Medical-Dentist,,00:00.0,81A5BE0C-4514-43DE-92FB-EC2F38713A1B,5414764511,118,JACKSON,,NE,ST,, ,GRANTS PASS,OR,97526,06:05.0,BTAX-041268-08-2025,06:05.0
GRANTS PASS DENTAL LLC        ,JED LEDESMA,Inside City Limits,621210,Medical-Dentist,,00:00.0,81A5BE0C-4514-43DE-92FB-EC2F38713A1B,5414764511,118,JACKSON,,NE,ST,, ,GRANTS PASS,OR,97526,06:05.0,BTAX-041268-08-2025,06:05.0
GRANTS PASS ELKS LODGE #1584  , CURRENT MEMBER                ,Inside City Limits,813410,Organization-Civic/Social,,00:00.0,6AF21234-6428-4295-ACC7-1B966F825DDF,5414790001,1051,6TH,,NE,ST,,#2E,GRANTS PASS,OR,97526,43:07.0,BTAX-042370-12-2025,43:07.0
GRANTS PASS EQUIPMENT RENTAL  ,VANESSA BROWN,Inside City Limits,532490,Rental-Equipment/Machinery Rentals,,00:00.0,68CF78AE-B742-4AAE-8EF7-884B28A211F6,5414765219,285,ROGUE RIVER,, ,HWY,, ,GRANTS PASS,OR,97527,05:15.0,BTAX-041378-08-2025,05:15.0
GRANTS PASS EQUIPMENT RENTAL  ,JEROME  BROWN,Inside City Limits,532490,Rental-Equipment/Machinery Rentals,,00:00.0,68CF78AE-B742-4AAE-8EF7-884B28A211F6,5414765219,285,ROGUE RIVER,, ,HWY,, ,GRANTS PASS,OR,97527,05:15.0,BTAX-041378-08-2025,05:15.0
GRANTS PASS FAMILY YMCA       ,     ,Inside City Limits,624110,Social Svcs-Child & Youth Facility,,00:00.0,B1F2A896-0090-4483-AED6-DE5CB291A599,5414740001,1000,REDWOOD,, ,AVE,, ,GRANTS PASS,OR,97527,13:05.0,BTAX-041700-09-2025,13:05.0
GRANTS PASS FLORIST AND GIFTS LLC,GREG & BRANDIE CHANDLER,Inside City Limits,453110,Florist,,00:00.0,1666ed7a-7605-455f-8ee8-dc05c4ab6aeb,5416601468,632,6TH,,SW,ST,, ,GRANTS PASS,OR,97526,11:22.0,BTAX-042124-10-2025,11:22.0
GRANTS PASS FLORIST AND GIFTS LLC, ,Inside City Limits,453110,Florist,,00:00.0,1666ed7a-7605-455f-8ee8-dc05c4ab6aeb,5416601468,632,6TH,,SW,ST,, ,GRANTS PASS,OR,97526,11:22.0,BTAX-042124-10-2025,11:22.0
GRANTS PASS GROWERS MARKET    , ,Inside City Limits,111998,Farming-Misc Crops,,00:00.0,96EB7460-C11D-4096-B137-EC60745B2324,5418161144,598,F,,NE,ST,, ,GRANTS PASS,OR,97526,41:37.0,BTAX-041419-08-2025,41:37.0
GRANTS PASS HEATING & AIR CONDITIONING,GERALD  MYERS,Outside City Limits,238220,Contractor-HVAC Services,,00:00.0,7A910C3E-8CEE-4608-9379-9A5E8F962BBD,5414741545,121,BIGHAM,,,DR,,,CENTRAL POINT,OR,97502,34:16.0,BTAX-040607-07-2025,34:16.0
GRANTS PASS II DIALYSIS #02074, STAR DIALYSIS                 ,Inside City Limits,621492,Medical-Dialysis Center,,00:00.0,F96FD43A-0472-4C46-99C9-54B931485B3E,5414790545,1055,REDWOOD,, ,AVE,, ,GRANTS PASS,OR,97527,29:46.0,BTAX-041514-08-2025,29:46.0
GRANTS PASS INVESTMENTS LLC,QING YAN,Inside City Limits,721110,Hotel/Motel,DISCOVERY INN,00:00.0,D2ACBC96-1504-40D1-9EDF-A5FF145ED3CF,5414767793,748,7TH,,SE,ST,, ,GRANTS PASS,OR,97526,48:40.0,BTAX-041110-08-2025,48:40.0
GRANTS PASS MOULDING INC,"JOHN & SAMMIS, SHIRLEY DUNKIN",Inside City Limits,238190,Contractor-General/Building Exterior,,00:00.0,7DAD2714-1DF3-48E6-9557-F7D6D0E970D1,5414795354,123,BEACON,,NE,DR,, ,GRANTS PASS,OR,97526,24:22.0,BTAX-041307-08-2025,24:22.0
GRANTS PASS MUSEUM OF ART,Hyla Lipson,Inside City Limits,712110,Museum,,00:00.0,67e47316-1132-4bba-a14a-fda1f926dda6,5414793290,229,G,,SW,ST,, ,GRANTS PASS,OR,97526,31:24.0,BTAX-042444-12-2025,31:24.0
GRANTS PASS NEWS & SMOKES     ,DAVID  WILLIAMS,Inside City Limits,453991,Retail-Tobacco Store,,00:00.0,FB607C12-08C1-45D9-B5FF-325AFD92E4E4,5414797506,1569,6TH,,NE,ST,, ,GRANTS PASS,OR,97526,37:26.0,BTAX-040692-07-2025,37:26.0
GRANTS PASS NURSING & REHAB CENTER LLC, ,Inside City Limits,623110,Medical-Nursing Care Facility,HIGHLAND HOUSE NURSING & REHABILITATION CENTER,00:00.0,6251ee7e-ac3a-4d65-8f57-798a9c75bf75,5414741901,2201,HIGHLAND,,NW,AVE,,,GRANTS PASS,OR,97526,00:26.0,BTAX-040468-06-2025,00:26.0
GRANTS PASS NURSING & REHAB CENTER LLC, ,Inside City Limits,623110,Medical-Nursing Care Facility,HIGHLAND HOUSE NURSING & REHABILITATION CENTER,00:00.0,6251ee7e-ac3a-4d65-8f57-798a9c75bf75,5414741901,2201,HIGHLAND,,NW,AVE,,,GRANTS PASS,OR,97526,00:26.0,BTAX-040468-06-2025,00:26.0
GRANTS PASS ORTHODONTICS,BRENT ERICKSON,Inside City Limits,621210,Medical-Dentist,,00:00.0,6B82391F-6A0D-4686-858F-0AF016E954BA,5414740860,859,7TH,,NE,ST,, ,GRANTS PASS,OR,97526,14:20.0,BTAX-042029-10-2025,14:20.0
GRANTS PASS ORTHODONTICS, ,Inside City Limits,621210,Medical-Dentist,,00:00.0,6B82391F-6A0D-4686-858F-0AF016E954BA,5414740860,859,7TH,,NE,ST,, ,GRANTS PASS,OR,97526,14:20.0,BTAX-042029-10-2025,14:20.0
GRANTS PASS PHYSICAL THERAPY ,INC  THERAPEUTIC ASSSOCIATES,Inside City Limits,621111,Medical-Physician,,00:00.0,FA586950-25D3-4B48-A7B0-8C828ABFE5FF,5414790765,702,RAMSEY,,SW,AVE,,220,GRANTS PASS,OR,97527,26:17.0,BTAX-042843-02-2026,26:17.0
GRANTS PASS POWER EQUIPMENT LLC              , ,Inside City Limits,811111,Auto-General Repair,,00:00.0,7D276290-0BF2-4FC9-AAA9-666EEC68FA9B,5414797815,407-B,UNION,,SW,AVE,,,GRANTS PASS,OR,97527,44:28.0,BTAX-040763-07-2025,44:28.0
GRANTS PASS POWER EQUIPMENT LLC              ,AARON GORE,Inside City Limits,811111,Auto-General Repair,,00:00.0,7D276290-0BF2-4FC9-AAA9-666EEC68FA9B,5414797815,407-B,UNION,,SW,AVE,,,GRANTS PASS,OR,97527,44:28.0,BTAX-040763-07-2025,44:28.0
GRANTS PASS POWER EQUIPMENT LLC              ,CARA GORE,Inside City Limits,811111,Auto-General Repair,,00:00.0,7D276290-0BF2-4FC9-AAA9-666EEC68FA9B,5414797815,407-B,UNION,,SW,AVE,,,GRANTS PASS,OR,97527,44:28.0,BTAX-040763-07-2025,44:28.0
GRANTS PASS PRESSURE WASHING & MORE LLC ,NATHAN & KRISTEN  BEAIRSTO ,Inside City Limits,812990,All Other Personal Services,,00:00.0,b1e4da59-e55e-48dd-a52c-e10f9b2d6bfa,5413014271,120,CRYSTAL,,,DR,,,GRANTS PASS ,OR,97527,47:18.0,BTAX-039188-10-2024,47:18.0
GRANTS PASS ROTARY CLUB FOUNDATION,Ann Rusk,Inside City Limits,813410,Organization-Civic/Social,,00:00.0,3e5a4658-be32-411f-a71e-943d4448c3be,5416603390,595,E,,NE,ST,,,GRANTS PASS,OR,97526,52:08.0,BTAX-042290-11-2025,52:08.0
GRANTS PASS SENIOR HOUSING    ,WILLIAM LOVELACE,Inside City Limits,623312,Medical-Assisted Living Facility/Elderly,,00:00.0,0F288509-14EB-42C4-9433-6E466FB0CF19,5414792112,1465,10TH,,NE,ST,, ,GRANTS PASS,OR,97526,44:26.0,BTAX-041393-08-2025,44:26.0
GRANTS PASS SURGERY CENTER LLC, ,Inside City Limits,621111,Medical-Physician,,00:00.0,CA408179-BE81-4A0D-86EC-9A6F52D9618D,5414724880,1601,HAWTHORNE,,NW,AVE,, ,GRANTS PASS,OR,97526,12:57.0,BTAX-040830-07-2025,12:57.0
GRANTS PASS TOYOTA LLC, ,Inside City Limits,441110,Auto-New Car Dealer,GRANTS PASS TOYOTA,00:00.0,A4D10D8D-BAF3-445E-956C-401FF34A31AD,5414766858,375,REDWOOD,, ,HWY,, ,GRANTS PASS,OR,97527,51:11.0,BTAX-040950-07-2025,51:11.0
GRANTS PASS WATER LABORATORY/PRECISION BACKFLOW SERVICES,A. DOROTHEA  SCHAAFSMA,Inside City Limits,813990,Organization-Misc,,00:00.0,6ACBDADD-1DD1-419D-BEB9-1D05C8F74906,5414760733,964,M,,SE,ST,, ,GRANTS PASS,OR,97526,02:55.0,BTAX-041688-09-2025,02:55.0
GREAT NORTHWEST MUSIC,ANDREW  MARTIN,Inside City Limits,611710,Educational Support Services,,00:00.0,ABA5E37C-4B2A-41B1-8758-CA4F8AF84674,5419568600,228,K,,SW,ST,,,GRANTS PASS,OR,97526,21:29.0,BTAX-042471-12-2025,21:29.0
"GREYHOUND LINES, INC",Karen Blust,Inside City Limits,485113,Transportation-Bus System,,00:00.0,37B178D0-2D62-4954-8A7B-CEA4F6895B9B,2148498082,605,7TH,,NE,ST,, ,GRANTS PASS,OR,97526,00:26.0,BTAX-041817-09-2025,00:26.0
GRIP N GRUB, ,Inside City Limits,722330,Food-Mobile/Ice Cream Truck,,00:00.0,240415c1-7ef4-498d-bb09-9976058c19b5,8455514777,123,K,,SE,ST,, ,GRANTS PASS,OR,97526,10:26.0,BTAX-040398-05-2025,10:26.0
GRIP N GRUB,JAMIE TALARICO,Inside City Limits,722330,Food-Mobile/Ice Cream Truck,,00:00.0,240415c1-7ef4-498d-bb09-9976058c19b5,8455514777,123,K,,SE,ST,, ,GRANTS PASS,OR,97526,10:26.0,BTAX-040398-05-2025,10:26.0
GROOM AT THE TOP              ,TIM & HOLLY  REYES,Inside City Limits,812910,Pet Care Services,,00:00.0,74B904FF-45C4-4452-8B71-3618820E73D1,5415077052,128,K,,SE,ST,,,GRANTS PASS,OR,97526,44:54.0,BTAX-040808-07-2025,44:54.0
GROVER ELECTRIC & PLUMBING    ,DAVID E  BLAYDON,Inside City Limits,444130,Retail-Hardware,,00:00.0,A27AA8EA-E03D-488B-9BEC-DE711ECCF0C2,3606964676,1001,ROGUE RIVER,, ,HWY,, ,GRANTS PASS,OR,97527,19:01.0,BTAX-040783-07-2025,19:01.0
GROW'S PROFESSIONAL LANDSCAPING LLC,BRADLEY A  GROW,Inside City Limits,541320,Landscaping Services,,00:00.0,DE338870-021F-4489-B166-CE26EC69BE7D,5414745576,4200,REDWOOD,, ,AVE,, ,GRANTS PASS,OR,97527,39:32.0,BTAX-042494-12-2025,39:32.0
GRUBE DESIGN                  ,JAMES  GRUBE,Inside City Limits,541310,Architectural Services,,00:00.0,3C3725DF-67AA-41A1-A0B8-3D8F989772E9,5414792139,1040,WASHINGTON,,NW,BLVD,, ,GRANTS PASS,OR,97526,34:46.0,BTAX-042911-03-2026,34:46.0
GUSTAVO HERNANDEZ             ,GUSTAVO  HERNANDEZ,Inside City Limits,561730,Yard Services,,00:00.0,5AB83B12-F787-4E6A-9B60-0927F4AB929D,5418906832,900,GREEN BRIAR,,SE,Ln,,B,GRANTS PASS,OR,97526,56:41.0,BTAX-040787-07-2025,56:41.0
"H & S STATIONS, LLC #5008", ,Inside City Limits,447190,Gas Station,,00:00.0,EE79BA14-A50D-4E30-96C3-0F4158C81524,7.14762E+13,650,REDWOOD,, ,HWY,, ,GRANTS PASS,OR,97527,47:12.0,BTAX-041787-09-2025,47:12.0
"H & S STATIONS, LLC #5008",SALAHEDDIN HASSAN,Inside City Limits,447190,Gas Station,,00:00.0,EE79BA14-A50D-4E30-96C3-0F4158C81524,7.14762E+13,650,REDWOOD,, ,HWY,, ,GRANTS PASS,OR,97527,47:12.0,BTAX-041787-09-2025,47:12.0
H ST ANTIQUES & INTERIORS    ,JEFF & KAREN  MCGOWAN,Inside City Limits,453310,Retail-Thrift Store,,00:00.0,EE9F1B7E-DF79-4746-8EF6-FF0DC2F4B96A,5419561200,138,H,,SE,ST,, ,GRANTS PASS,OR,97526,09:41.0,BTAX-041598-09-2025,09:41.0
H STREET BUSINESS & FINANCIAL SERVICES LLC,BRENDA  PATTON,Inside City Limits,541213,Tax Preparation Services,,00:00.0,0FC3B51D-6484-41EE-9578-D284ED344153,5414742395,231,H,,SE,ST,,,GRANTS PASS,OR,97526,13:05.0,BTAX-040676-07-2025,13:05.0
H2 PRINTING AND GRAPHICS LLC,GEOFFREY HENDRIX,Outside City Limits,323111,Printing-Commercial,,00:00.0,fb8fbd73-acd9-4a0e-b050-e7e426f0b9b7,7079535882,1457,GRANITE HILL,,,RD,,,GRANTS PASS,OR,97526,09:48.0,BTAX-042214-11-2025,09:48.0
H2 PRINTING AND GRAPHICS LLC,Geoffrey Hendrix,Outside City Limits,323111,Printing-Commercial,,00:00.0,fb8fbd73-acd9-4a0e-b050-e7e426f0b9b7,7079535882,1457,GRANITE HILL,,,RD,,,GRANTS PASS,OR,97526,09:48.0,BTAX-042214-11-2025,09:48.0
HAIR & NAILS BY JUDITH RODRIGUEZ,JUDITH  RODRIGUEZ,Inside City Limits,812112,Beauty Salon,,00:00.0,1070F2BA-D344-4E6C-87BF-FA501C562E11,5414768854,1901,COLORADO,, ,LN,, ,GRANTS PASS,OR,97527,29:11.0,BTAX-040812-07-2025,29:11.0
HAIR BY MIRANDA HYDE, ,Inside City Limits,812112,Beauty Salon,HAIR REPUBLIC / REGISTRY # 172677990,00:00.0,ac7ee2ae-c9d2-4a85-9846-2ec6c7cb3a73,5414411336,215,6TH,,SE,ST,,307,GRANTS PASS,OR,97526,00:00.0,BTAX-036358-11-2023,00:00.0
HAIR BY MIRANDA HYDE,MIRANDA HYDE,Inside City Limits,812112,Beauty Salon,HAIR REPUBLIC / REGISTRY # 172677990,00:00.0,ac7ee2ae-c9d2-4a85-9846-2ec6c7cb3a73,5414411336,215,6TH,,SE,ST,,307,GRANTS PASS,OR,97526,00:00.0,BTAX-036358-11-2023,00:00.0
HAIR CHANNEL, ,Inside City Limits,812112,Beauty Salon,,00:00.0,3b317c21-bd8f-4f3a-bbaa-267e9f71d560,5417611590,1647,WILLIAMS,, ,HWY,,STE C,GRANTS PASS,OR,97527,31:23.0,BTAX-042770-02-2026,31:23.0
HAIR CHANNEL,JOAN  PERRY-LORCH,Inside City Limits,812112,Beauty Salon,,00:00.0,3b317c21-bd8f-4f3a-bbaa-267e9f71d560,5417611590,1647,WILLIAMS,, ,HWY,,STE C,GRANTS PASS,OR,97527,31:23.0,BTAX-042770-02-2026,31:23.0
HALEY BERRY MASSAGE THERAPY, ,Inside City Limits,621399,Medical-Massage Therapy,,00:00.0,2897AED4-DEE9-4631-B63D-788D2A4A84C8,5416609398,598,E,,NE,ST,,B,GRANTS PASS,OR,97526,11:47.0,BTAX-042307-11-2025,11:47.0
HALEY BERRY MASSAGE THERAPY,HALEY BERRY,Inside City Limits,621399,Medical-Massage Therapy,,00:00.0,2897AED4-DEE9-4631-B63D-788D2A4A84C8,5416609398,598,E,,NE,ST,,B,GRANTS PASS,OR,97526,11:47.0,BTAX-042307-11-2025,11:47.0
"HAMLYN FAMILY, LLC",TRAVIS HAMLYN,Inside City Limits,531210,Real Estate Agents/Brokers,,00:00.0,3fc5e830-25df-41a2-bb04-ab9778cd4a11,5414797204,966,6TH,,SW,ST,, ,GRANTS PASS,OR,97526,11:49.0,BTAX-041782-09-2025,11:49.0
"HAMLYN FAMILY, LLC", ,Inside City Limits,531210,Real Estate Agents/Brokers,,00:00.0,3fc5e830-25df-41a2-bb04-ab9778cd4a11,5414797204,966,6TH,,SW,ST,, ,GRANTS PASS,OR,97526,11:49.0,BTAX-041782-09-2025,11:49.0
"HAMLYN FAMILY, LLC",ROBERT HAMLYN,Inside City Limits,531210,Real Estate Agents/Brokers,,00:00.0,3fc5e830-25df-41a2-bb04-ab9778cd4a11,5414797204,966,6TH,,SW,ST,, ,GRANTS PASS,OR,97526,11:49.0,BTAX-041782-09-2025,11:49.0
HANNIGAN ELECTRIC LLC,REANNA MEISNER,Outside City Limits,238210,Contractor-Electrical,,00:00.0,dcec66cc-64b0-4c80-98ae-6f5f7f811b2f,5416702588,452,MAIN,,N,ST,,,CANYONVILLE,OR,97417,54:56.0,BTAX-042416-12-2025,54:56.0
HANNIGAN ELECTRIC LLC,Thaddeus Hannigan,Outside City Limits,238210,Contractor-Electrical,,00:00.0,dcec66cc-64b0-4c80-98ae-6f5f7f811b2f,5416702588,452,MAIN,,N,ST,,,CANYONVILLE,OR,97417,54:56.0,BTAX-042416-12-2025,54:56.0
HANNIGAN ELECTRIC LLC,THADDEUS HANNIGAN,Outside City Limits,238210,Contractor-Electrical,,00:00.0,dcec66cc-64b0-4c80-98ae-6f5f7f811b2f,5416702588,452,MAIN,,N,ST,,,CANYONVILLE,OR,97417,54:56.0,BTAX-042416-12-2025,54:56.0
HANNUM CONSTRUCTION           ,KENNETH HANNUM,Inside City Limits,238190,Contractor-General/Building Exterior,,00:00.0,07466052-CD25-4D96-85A0-F10DEBDA97DF,5416594579,1916,GAFFNEY,, ,WAY,, ,GRANTS PASS,OR,97527,57:56.0,BTAX-041194-08-2025,57:56.0
HAPA ADVANCED AESTHETICS, ,Inside City Limits,812112,Beauty Salon,,00:00.0,5e850dfa-3f52-4447-ba96-cbf0d519319e,5412182047,215,A,,NE,ST,,,GRANTS PASS,OR,97526,43:31.0,BTAX-042940-03-2026,43:31.0
HAPA ADVANCED AESTHETICS,MADELINE SCHILTZ,Inside City Limits,812112,Beauty Salon,,00:00.0,5e850dfa-3f52-4447-ba96-cbf0d519319e,5412182047,215,A,,NE,ST,,,GRANTS PASS,OR,97526,43:31.0,BTAX-042940-03-2026,43:31.0
HARBOR FREIGHT TOOLS #811, ,Inside City Limits,452990,Retail-General Merchandise ,,00:00.0,7e033ffd-1c9c-46bd-ace5-37e93358a953,8188365001,340,BEACON,,NE,DR,, ,GRANTS PASS,OR,97526,56:27.0,BTAX-040599-07-2025,56:27.0
HART JEWELERS                 ,"TOM HART JR, TOM HART SR & CHERLE & RON HIX",Inside City Limits,448310,Retail-Jewelry Store,,00:00.0,F7750D7D-9C9B-41BB-9D23-A329070ACDE7,5414765543,235,6TH,,SE,ST,, ,GRANTS PASS,OR,97526,44:40.0,BTAX-041626-09-2025,44:40.0
"HASCO STATIONS, LLC",SALAHEDDIN HASSAN,Inside City Limits,447190,Gas Station,,00:00.0,fbb9a107-1158-47a5-b78b-73c7bd630975,7.14762E+12,2520,FOOTHILL,,,BLVD,,,GRANTS PASS,OR,97526,33:58.0,BTAX-042798-02-2026,33:58.0
"HASCO STATIONS, LLC",SALAHEDDIN HASSAN,Inside City Limits,447190,Gas Station,,00:00.0,c3d97769-0b86-4f5e-a4ed-e6ba55d0d647,7.14762E+12,730,REDWOOD,,,HWY,,,GRANTS PASS,OR,97527,28:39.0,BTAX-042797-02-2026,28:39.0
"HASCO STATIONS, LLC", ,Inside City Limits,447190,Gas Station,,00:00.0,fbb9a107-1158-47a5-b78b-73c7bd630975,7.14762E+12,2520,FOOTHILL,,,BLVD,,,GRANTS PASS,OR,97526,33:58.0,BTAX-042798-02-2026,33:58.0
"HASCO STATIONS, LLC", ,Inside City Limits,447190,Gas Station,,00:00.0,c3d97769-0b86-4f5e-a4ed-e6ba55d0d647,7.14762E+12,730,REDWOOD,,,HWY,,,GRANTS PASS,OR,97527,28:39.0,BTAX-042797-02-2026,28:39.0
HAVOC                         ,ETHAN KLINE,Inside City Limits,448150,Retail-Clothing & Accessories,,00:00.0,61D5A2DC-4B25-4A65-A620-7B02C50DF2CD,5414794846,791,6TH,,SE,ST,, ,GRANTS PASS,OR,97526,00:45.0,BTAX-041037-07-2025,00:45.0
HAWKS INN               , ,Inside City Limits,531110,Rental Units/Landlord,,00:00.0,32D63178-B165-4DD2-A96E-0032AA4983C7,5037847357,1464,6TH,,NW,ST,, ,GRANTS PASS,OR,97526,49:58.0,BTAX-041578-08-2025,49:58.0
HAWKS INN               ,WENDY HAWKINS,Inside City Limits,531110,Rental Units/Landlord,,00:00.0,32D63178-B165-4DD2-A96E-0032AA4983C7,5037847357,1464,6TH,,NW,ST,, ,GRANTS PASS,OR,97526,49:58.0,BTAX-041578-08-2025,49:58.0
HD YORK INSURANCE & ASSOC., ,Inside City Limits,524210,Insurance Agency & Brokerages,HD YORK INSURANCE & ASSOC.,00:00.0,98fd2c57-3713-4584-9169-c2443d55f589,5414745635,302,4TH,,NW,ST,, ,GRANTS PASS,OR,97526,44:03.0,BTAX-041950-10-2025,44:03.0
HD YORK INSURANCE & ASSOC.,NIKKI APLAND,Inside City Limits,524210,Insurance Agency & Brokerages,HD YORK INSURANCE & ASSOC.,00:00.0,98fd2c57-3713-4584-9169-c2443d55f589,5414745635,302,4TH,,NW,ST,, ,GRANTS PASS,OR,97526,44:03.0,BTAX-041950-10-2025,44:03.0
HEADHUNTERS SALON & SPA       ,CONNIE PROUDFIT,Inside City Limits,812112,Beauty Salon,,00:00.0,A63EB1CF-90B8-48E0-8CBD-99DA6513D6FC,5414714323,204,G,,SW,ST,, ,GRANTS PASS,OR,97526,01:30.0,BTAX-042407-12-2025,01:30.0
HEALING TOUCH MASSAGE         ,ELIZABETH  HALL,Inside City Limits,621399,Medical-Massage Therapy,,00:00.0,3191C0CE-7578-4AD4-B109-4856E841D1DC,5416018939,980,6TH,,SW,ST,,SUITE 17,GRANTS PASS,OR,97526,14:56.0,BTAX-041273-08-2025,14:56.0
HEALTHY BODY MASSAGE THERAPY LLC , ,Inside City Limits,621399,Medical-Massage Therapy,,00:00.0,D1397ED7-A5E5-4EA9-A733-DA8C299A5A7D,5416599321,530,E,,NE,ST,,,GRANTS PASS,OR,97526,11:45.0,BTAX-040465-06-2025,11:45.0
"HEARTLAND ACADEMY OF DANCE & THEATRICS, LLC",LAUREL & BRENT KEHOE,Inside City Limits,711120,Dance Studio,,00:00.0,ABD46C57-873B-467C-9AF7-DE8A3F0608E9,5414505283,234,L,,SW,ST,,,GRANTS PASS,OR,97526,25:47.0,BTAX-041755-09-2025,25:47.0
HEARTS WITH A MISSION, ,Inside City Limits,624221,Social Svcs-Temporary Shelter,,00:00.0,981e8a87-7648-4eea-a9ef-5708a6238c50,5416467385,1504,9TH,,NE,ST,, ,GRANTS PASS,OR,97526,23:31.0,BTAX-040650-07-2025,23:31.0
HEARTS WITH A MISSION,KEVIN LAMSON,Inside City Limits,624221,Social Svcs-Temporary Shelter,,00:00.0,981e8a87-7648-4eea-a9ef-5708a6238c50,5416467385,1504,9TH,,NE,ST,, ,GRANTS PASS,OR,97526,23:31.0,BTAX-040650-07-2025,23:31.0
HEATHER L HOLT LAW OFFICE     ,HEATHER  HOLT,Inside City Limits,541110,Lawyer,,00:00.0,8BD54667-E516-46DE-AFD8-C496ABCF75D4,5419551690,910,D,,NE,ST,, ,GRANTS PASS,OR,97526,08:34.0,BTAX-041860-09-2025,08:34.0
HEATHER LINNEMEYER LLC        ,HEATHER  LINNEMEYER,Inside City Limits,621399,Medical-Massage Therapy,,00:00.0,733CE19A-10F8-4B6F-9EAB-F215F8F2DABC,5416608367,777,7TH,,NE,ST,,#211,GRANTS PASS,OR,97526,31:12.0,BTAX-040998-07-2025,31:12.0
HEAVENLY SWEETS BAKERY        ,BRITTANY HOLCOMB,Inside City Limits,311811,Bakery,,00:00.0,24D77FF5-73C8-43EB-A3F3-132D50723440,5419559485,200,4TH,,NW,ST,, ,GRANTS PASS,OR,97526,21:22.0,BTAX-041587-08-2025,21:22.0
HEAVENLY SWEETS BAKERY        ,BRITTANY BROOKS YVETTE BARTHOLOMEW,Inside City Limits,311811,Bakery,,00:00.0,24D77FF5-73C8-43EB-A3F3-132D50723440,5419559485,200,4TH,,NW,ST,, ,GRANTS PASS,OR,97526,21:22.0,BTAX-041587-08-2025,21:22.0
HEAVENLY SWEETS BAKERY        , ,Inside City Limits,311811,Bakery,,00:00.0,24D77FF5-73C8-43EB-A3F3-132D50723440,5419559485,200,4TH,,NW,ST,, ,GRANTS PASS,OR,97526,21:22.0,BTAX-041587-08-2025,21:22.0
HEIRLOOM LIVING CENTERS LLC,"BAKER, MASTERS &  CHMELIR",Inside City Limits,623110,Medical-Nursing Care Facility,KINSINGTON PLACE,00:00.0,FFB645B5-30C5-4392-AB1A-B7D3D5F5E34B,,827,KINSINGTON,,SW,CT,, ,GRANTS PASS,OR,97526,30:21.0,BTAX-041504-08-2025,30:21.0
HEIRLOOM LIVING CENTERS LLC,JOHN  CHMELIR,Inside City Limits,623110,Medical-Nursing Care Facility,KINSINGTON AT REDWOOD PARK,00:00.0,07115399-FA41-4944-A228-7FD9A42A37DC,5414762536,1390,DOWELL,, ,RD,, ,GRANTS PASS,OR,97527,33:40.0,BTAX-041505-08-2025,33:40.0
HELCO ELECTRIC LLC            ,LEE HELLER,Inside City Limits,238210,Contractor-Electrical,,00:00.0,4611555D-AF2F-4C47-963A-D438A7F0092E,5414744626,503,H,,SE,ST,, ,GRANTS PASS,OR,97526,52:45.0,BTAX-041330-08-2025,52:45.0
HELLGATE JETBOAT EXCURSIONS   ,ROBERT  HAMLYN,Inside City Limits,561520,Tour Operator,,00:00.0,E9CD1112-4F88-4E2B-9E49-4A00DD28A04F,5414797204,966,6TH,,SW,ST,, ,GRANTS PASS,OR,97526,42:52.0,BTAX-042151-10-2025,42:52.0
HELPING SENIORS LLC, ,Inside City Limits,623312,Medical-Assisted Living Facility/Elderly,,00:00.0,098eafc6-33d3-4fc0-a458-f815bc5a8e74,5412952002,1728,HIGHLAND,,NW,AVE,, ,GRANTS PASS,OR,97526,51:43.0,BTAX-042068-10-2025,51:43.0
HELPING SENIORS LLC,MARGARET BURKE,Inside City Limits,623312,Medical-Assisted Living Facility/Elderly,,00:00.0,098eafc6-33d3-4fc0-a458-f815bc5a8e74,5412952002,1728,HIGHLAND,,NW,AVE,, ,GRANTS PASS,OR,97526,51:43.0,BTAX-042068-10-2025,51:43.0
HEN HOUSE TATTOO LLC,DANIEL BARTOW,Inside City Limits,812199,Tattoo/Piercing Shop,,00:00.0,d2fad920-cfb6-4429-a40c-eb649a964f35,5412441141,214,6TH,,NW,ST,,,GRANTS PASS,OR,97526,15:18.0,BTAX-041300-08-2025,15:18.0
HEN HOUSE TATTOO LLC,HALEY BARTOW,Inside City Limits,812199,Tattoo/Piercing Shop,,00:00.0,d2fad920-cfb6-4429-a40c-eb649a964f35,5412441141,214,6TH,,NW,ST,,,GRANTS PASS,OR,97526,15:18.0,BTAX-041300-08-2025,15:18.0
HEN HOUSE TATTOO LLC, ,Inside City Limits,812199,Tattoo/Piercing Shop,,00:00.0,d2fad920-cfb6-4429-a40c-eb649a964f35,5412441141,214,6TH,,NW,ST,,,GRANTS PASS,OR,97526,15:18.0,BTAX-041300-08-2025,15:18.0
HENDERSHOTT SCHOOL OF GUITAR  ,PAUL V  HENDERSHOTT,Inside City Limits,611699,Education-Misc Schools & Institutions,,00:00.0,E1EBB1A6-F0F4-4346-AECD-FE27029A1C98,5414760631,126,H,,SW,ST,,,GRANTS PASS,OR,97526,21:13.0,BTAX-041631-09-2025,21:13.0
HENDERSON'S LINE-UP BRAKE     ,ROBERT A  HENDERSON,Inside City Limits,811111,Auto-General Repair,,00:00.0,1C9AF8E6-95D3-4C3A-B659-FC3B29679821,5414792882,417,HENDERSON,,SW,LN,, ,GRANTS PASS,OR,97527,25:38.0,BTAX-041451-08-2025,25:38.0
HENRY GUERRERO DENTAL LAB     ,HENRY  GUERRERO,Inside City Limits,541380,Laboratory,,00:00.0,FC401A4F-348E-42B8-84E2-A6615F35FFEB,5416604541,1317,10TH,,NE,ST,, ,GRANTS PASS,OR,97526,43:09.0,BTAX-041664-09-2025,43:09.0
HEX LAWN MAINTENANCE,HECTOR PINTO-PEREZ,Outside City Limits,561730,Yard Services,,00:00.0,94fb98cd-c4ed-465c-aac7-ff5ed3aae90b,5412918955,2335,LEONARD,,,RD,,,GRANTS PASS,OR,97527,41:16.0,BTAX-042542-01-2026,41:16.0
HICKEY FLOOR COVERING         ,ANTHONY HICKEY,Inside City Limits,442210,Retail-Floor Coverings,,00:00.0,A80FFE95-B7E5-4BB1-8AE7-979ABE39A0D1,5414410938,1495,FOUNDRY,,SW,ST,, ,GRANTS PASS,OR,97526,40:30.0,BTAX-040702-07-2025,40:30.0
HIGHER SELF TATTOO, ,Inside City Limits,812199,Tattoo/Piercing Shop,,00:00.0,8d0b63c8-6fc1-416a-91f2-49a33c8fe93e,5417614296,1439,6TH,,NE,ST,,UNIT E,GRANTS PASS,OR,97526,46:06.0,BTAX-041126-08-2025,46:06.0
HIGHER SELF TATTOO,JOHN  GIAMMONA,Inside City Limits,812199,Tattoo/Piercing Shop,,00:00.0,8d0b63c8-6fc1-416a-91f2-49a33c8fe93e,5417614296,1439,6TH,,NE,ST,,UNIT E,GRANTS PASS,OR,97526,46:06.0,BTAX-041126-08-2025,46:06.0
HIGHLAND HEIGHTS MOBILE HOME PARK,ATRICK & JACQUELINE PATTERSON,Inside City Limits,721211,RV Parks & Campgrounds,,00:00.0,45E86E34-0DB9-4EC4-B145-94F6CD7A1694,5416609866,2525,HIGHLAND,,NW,AVE,,,GRANTS PASS,OR,97526,04:18.0,BTAX-041100-08-2025,04:18.0
HIGHLAND MARKET               ,DAN  VESTA CLAFLIN,Inside City Limits,452990,Retail-General Merchandise ,,00:00.0,3DD3A741-CC62-4D8A-B115-3B21619788EB,5414790044,1824,HIGHLAND,,NW,AVE,, ,GRANTS PASS,OR,97526,13:25.0,BTAX-041250-08-2025,13:25.0
HIGHLAND NEIGHBORHOOD BARBER,BAYLOR VONDAUDT,Inside City Limits,812111,Barber Shop,,00:00.0,f00d7630-0ac7-4047-b373-0405733a8509,5037298602,1608,HIGHLAND,,NW,AVE,,,GRANTS PASS,OR,97526,46:26.0,BTAX-040961-07-2025,46:26.0
HILARY'S HEALING HANDS,HILARY BOTTI,Inside City Limits,621399,Medical-Massage Therapy,,00:00.0,debc885d-eb90-4492-870c-4de31369c380,5414505762,2900,VINE,,NW,ST,, ,GRANTS PASS,OR,97526,15:50.0,BTAX-041274-08-2025,15:50.0
HILARY'S HEALING HANDS, ,Inside City Limits,621399,Medical-Massage Therapy,,00:00.0,debc885d-eb90-4492-870c-4de31369c380,5414505762,2900,VINE,,NW,ST,, ,GRANTS PASS,OR,97526,15:50.0,BTAX-041274-08-2025,15:50.0
HOLIDAY INN EXPRESS GRANTS PASS,ROBERT & SHIRLEY  JENSEN,Inside City Limits,721110,Hotel/Motel,,00:00.0,547ED227-218A-4546-B81A-E82EEB0DF4DF,5414716144,105,AGNESS,,NE,AVE,, ,GRANTS PASS,OR,97526,35:53.0,BTAX-040228-04-2025,35:53.0
HOLLAND CAPITAL MANAGEMENT    ,ROBERT  HOLLAND,Inside City Limits,523999,Finance-Investment Activities,,00:00.0,163D7BF3-DF74-4565-9796-B9799B28D0DF,5419564200,204,E,,NW,ST,, ,GRANTS PASS,OR,97526,04:45.0,BTAX-042332-11-2025,04:45.0
HOLLY A PRESLAR ATTORNEY AT LAW,HOLLY PRESLAR,Inside City Limits,541110,Lawyer,,00:00.0,418B038C-96DE-4FA7-9168-BDB858C11B43,5414746200,620,4TH,,SW,ST,, ,GRANTS PASS,OR,97526,56:05.0,BTAX-041072-08-2025,56:05.0
HOLLY SPITZ, ,Inside City Limits,524210,Insurance Agency & Brokerages,SPITZ INSURANCE AGENCY,00:00.0,1869a65a-fa04-4788-83c7-225afa8a5e92,5414797312,1690,WILLIAMS,, ,HWY,, ,GRANTS PASS,OR,97527,07:51.0,BTAX-041346-08-2025,07:51.0
HOLLY SPITZ,HOLLY SPITZ,Inside City Limits,524210,Insurance Agency & Brokerages,SPITZ INSURANCE AGENCY,00:00.0,1869a65a-fa04-4788-83c7-225afa8a5e92,5414797312,1690,WILLIAMS,, ,HWY,, ,GRANTS PASS,OR,97527,07:51.0,BTAX-041346-08-2025,07:51.0
HOLMBECK LAW LLC          ,KATHI  HOLMBECK,Inside City Limits,541110,Lawyer,,00:00.0,05F09E09-11A5-4ED4-9971-BFC7DB1078B1,5414766677,236,E,,NW,ST,, ,GRANTS PASS,OR,97526,59:45.0,BTAX-040889-07-2025,59:45.0
HOLMBECK LAW LLC          ,  ,Inside City Limits,541110,Lawyer,,00:00.0,05F09E09-11A5-4ED4-9971-BFC7DB1078B1,5414766677,236,E,,NW,ST,, ,GRANTS PASS,OR,97526,59:45.0,BTAX-040889-07-2025,59:45.0
HOME AWAY FROM HOME FAMILY PRESCHOOL AND CHILDCARE LLC,AMBER OLDRIDGE,Inside City Limits,624410,Child Day Care,,00:00.0,2485eb4b-27c1-425d-a115-7590789882e6,5412269824,1460,GRABLE,,NE,DR,, ,GRANTS PASS,OR,97526,20:14.0,BTAX-041116-08-2025,20:14.0
HOME AWAY FROM HOME FAMILY PRESCHOOL AND CHILDCARE LLC, ,Inside City Limits,624410,Child Day Care,,00:00.0,2485eb4b-27c1-425d-a115-7590789882e6,5412269824,1460,GRABLE,,NE,DR,, ,GRANTS PASS,OR,97526,20:14.0,BTAX-041116-08-2025,20:14.0
HOME AWAY FROM HOME FAMILY PRESCHOOL AND CHILDCARE LLC,AMBER OLDRIDGE,Inside City Limits,624410,Child Day Care,,00:00.0,2485eb4b-27c1-425d-a115-7590789882e6,5412269824,1460,GRABLE,,NE,DR,, ,GRANTS PASS,OR,97526,02:12.0,BTAX-040236-04-2025,02:12.0
HOME AWAY FROM HOME FAMILY PRESCHOOL AND CHILDCARE LLC, ,Inside City Limits,624410,Child Day Care,,00:00.0,2485eb4b-27c1-425d-a115-7590789882e6,5412269824,1460,GRABLE,,NE,DR,, ,GRANTS PASS,OR,97526,02:12.0,BTAX-040236-04-2025,02:12.0
HOME AWAY FROM HOME PET SPA   ,SANDRA M  MAZUREK,Inside City Limits,812910,Pet Care Services,,00:00.0,B1744F35-837D-44E8-A86F-63B3B81EF2A3,5414718775,100,MILL,,NE,ST,, ,GRANTS PASS,OR,97526,48:09.0,BTAX-042284-11-2025,48:09.0
HOMEBRIDGING GP INC, CHAD  HANSEN,Inside City Limits,238190,Contractor-General/Building Exterior,,00:00.0,eb9b00eb-f71a-42d8-baa2-653f506b38c2,(541) 660-6895,101,ASSEMBLY,,,CIR,, ,GRANTS PASS,OR,97526,18:54.0,BTAX-042340-11-2025,18:54.0
HONE BROTHERS RETAIL LLC,GAVIN HONE,Inside City Limits,444220,Retail-Nursery & Garden Center,ENDLESS SUMMER GARDEN SUPPLY,00:00.0,b93125d5-bc26-4d65-883e-dde2df59b675,5414746000,310,MORGAN,,NW,LN,, ,GRANTS PASS,OR,97526,50:04.0,BTAX-040694-07-2025,50:04.0
HONE BROTHERS RETAIL LLC, ,Inside City Limits,444220,Retail-Nursery & Garden Center,ENDLESS SUMMER GARDEN SUPPLY,00:00.0,b93125d5-bc26-4d65-883e-dde2df59b675,5414746000,310,MORGAN,,NW,LN,, ,GRANTS PASS,OR,97526,50:04.0,BTAX-040694-07-2025,50:04.0
HONE BROTHERS RETAIL LLC,BRIAN HONE,Inside City Limits,444220,Retail-Nursery & Garden Center,ENDLESS SUMMER GARDEN SUPPLY,00:00.0,b93125d5-bc26-4d65-883e-dde2df59b675,5414746000,310,MORGAN,,NW,LN,, ,GRANTS PASS,OR,97526,50:04.0,BTAX-040694-07-2025,50:04.0
HONEST LANDSCAPE MAINTENANCE  ,KEVIN  BROWN,Inside City Limits,541320,Landscaping Services,,00:00.0,6A51116F-1758-4165-8F42-B37FF20FB8F8,5414767932,1996,CLOVERLAWN,, ,DR,, ,GRANTS PASS,OR,97527,51:57.0,BTAX-041051-08-2025,51:57.0
HONG KONG RESTAURANT SOO LIP, ,Inside City Limits,722511,Restaurant,,00:00.0,99FE5480-32E6-4D5B-B5F8-72AC29438359,5414764244,820,6TH,,NW,ST,, ,GRANTS PASS,OR,97526,13:50.0,BTAX-042317-11-2025,13:50.0
HONG KONG RESTAURANT SOO LIP,RU ZHAO,Inside City Limits,722511,Restaurant,,00:00.0,99FE5480-32E6-4D5B-B5F8-72AC29438359,5414764244,820,6TH,,NW,ST,, ,GRANTS PASS,OR,97526,13:50.0,BTAX-042317-11-2025,13:50.0
HORIZON VILLAGE MANAGEMENT    ,SHIRLEY & DANIEL  BARKLIND,Inside City Limits,238190,Contractor-General/Building Exterior,CLASSIC CONSTRUCTION,00:00.0,A6B026A7-4444-4BAF-8002-4E55055E8265,5414769026,3095-B,CANAL,,,AVE,,,GRANTS PASS,OR,97527,22:00.0,BTAX-040679-07-2025,22:00.0
HULL CUMMINGS PROPERTIES LLC  ,MAX HULL & TIM CUMMINGS,Inside City Limits,531110,Rental Units/Landlord,,00:00.0,0EB7E202-D3C7-4239-A35E-1D3744308BA6,5414728817,236,B,,NW,ST,, ,GRANTS PASS,OR,97526,55:06.0,BTAX-041244-08-2025,55:06.0
HUNAN GARDENS                  , ,Inside City Limits,722511,Restaurant,,00:00.0,EE89A196-1DBE-49A4-8765-5B670801A288,5414747333,929,D,,NE,ST,,,GRANTS PASS,OR,97526,17:19.0,BTAX-041575-08-2025,17:19.0
HUNAN GARDENS                  ,ZHOU SHITING,Inside City Limits,722511,Restaurant,,00:00.0,EE89A196-1DBE-49A4-8765-5B670801A288,5414747333,929,D,,NE,ST,,,GRANTS PASS,OR,97526,17:19.0,BTAX-041575-08-2025,17:19.0
HUNAN GARDENS                  ,HE DAO KAI,Inside City Limits,722511,Restaurant,,00:00.0,EE89A196-1DBE-49A4-8765-5B670801A288,5414747333,929,D,,NE,ST,,,GRANTS PASS,OR,97526,17:19.0,BTAX-041575-08-2025,17:19.0
"HUNTER COMMUNICATIONS & TECHNOLOGIES, LLC        ",RICHARD RYAN,Inside City Limits,517110,Telecommunication-Wireless Carrier,,00:00.0,789788C8-C6A4-44C3-8AC8-04E4D133DF91,5417729282,624,J,,SE,ST,, ,GRANTS PASS,OR,97526,11:24.0,BTAX-042680-01-2026,11:24.0
"HURLEY ASSOCIATES, INC",JAMES B  HURLEY,Inside City Limits,525990,Finance-Misc Finance,,00:00.0,C7608724-D25C-4133-AF0A-A9CB2016E42F,5414791934,831,7TH,,NE,ST,,,GRANTS PASS,OR,97526,25:28.0,BTAX-041335-08-2025,25:28.0
HY-TECH ELECTRIC INC         ,THOMAS  CERUTTI,Outside City Limits,238210,Contractor-Electrical,,00:00.0,65E76BEB-596B-4E26-83C8-6B605C68837A,5412100327,5260,FOOTHILL,,,BLVD,,,GRANTS PASS,OR,97526,21:55.0,BTAX-041290-08-2025,21:55.0
ICCO, ,Inside City Limits,621498,Medical-Outpatient Care Center,BESTMED URGENT CARE,00:00.0,9eaa9c45-5183-4054-9190-acf13f685306,5415070684,1890,6TH,,NW,ST,,,GRANTS PASS,OR,97526,01:02.0,BTAX-040181-04-2025,01:02.0
ILLUMINATE SKIN HEALTH LLC,MARY LAWSON,Inside City Limits,812112,Beauty Salon,,00:00.0,5b2e0e69-4266-42c3-8244-84ab0a7f0612,,212,8TH,,SE,ST,,,GRANTS PASS,OR,97526,49:43.0,BTAX-042659-01-2026,49:43.0
ILLUMINATE SKIN HEALTH LLC, ,Inside City Limits,812112,Beauty Salon,,00:00.0,5b2e0e69-4266-42c3-8244-84ab0a7f0612,,212,8TH,,SE,ST,,,GRANTS PASS,OR,97526,49:43.0,BTAX-042659-01-2026,49:43.0
IMAGINE THAT ... CREATIVE CHILDREN'S CENTER LLC, ,Inside City Limits,624410,Child Day Care,,00:00.0,6361351c-be04-4a90-bb6a-2542e8a5e8ba,5414729688,741,4TH,,NW,ST,, ,GRANTS PASS,OR,97526,16:05.0,BTAX-042379-12-2025,16:05.0
IMAGINE THAT ... CREATIVE CHILDREN'S CENTER LLC,DIANE GALLAS,Inside City Limits,624410,Child Day Care,,00:00.0,6361351c-be04-4a90-bb6a-2542e8a5e8ba,5414729688,741,4TH,,NW,ST,, ,GRANTS PASS,OR,97526,16:05.0,BTAX-042379-12-2025,16:05.0
IMAGINE THAT ... CREATIVE CHILDREN'S CENTER LLC, ,Inside City Limits,611699,Education-Misc Schools & Institutions,,00:00.0,9FE9E944-E0A5-4954-85B9-F6C2D4F3646C,5414729688,1209,MEIER,,NE,DR,, ,GRANTS PASS,OR,97526,15:34.0,BTAX-041762-09-2025,15:34.0
IMPACT REHABILITATION PARTNERS LLC, ,Inside City Limits,621111,Medical-Physician,BENCHMARK PHYSICAL THERAPY,00:00.0,21234E1E-8100-43B5-9AAB-46271D3B8CCE,4232388921,497,RAMSEY,,SW,AVE,,,GRANTS PASS,OR,97527,52:07.0,BTAX-041840-09-2025,52:07.0
IMPACT REHABILITATION PARTNERS LLC  , ,Inside City Limits,621111,Medical-Physician,BENCHMARK PHYSICAL THERAPY,00:00.0,17DEB544-729F-440A-A39F-AEBC7DD8681B,4232388921,2160,VINE,,NW,ST,, ,GRANTS PASS,OR,97526,53:10.0,BTAX-042405-12-2025,53:10.0
IMPACT REHABILITATION PARTNERS LLC,DAVID VANNAME,Inside City Limits,621111,Medical-Physician,BENCHMARK PHYSICAL THERAPY,00:00.0,21234E1E-8100-43B5-9AAB-46271D3B8CCE,4232388921,497,RAMSEY,,SW,AVE,,,GRANTS PASS,OR,97527,52:07.0,BTAX-041840-09-2025,52:07.0
IMPACT REHABILITATION PARTNERS LLC  ,BRYAN BARGANIER,Inside City Limits,621111,Medical-Physician,BENCHMARK PHYSICAL THERAPY,00:00.0,17DEB544-729F-440A-A39F-AEBC7DD8681B,4232388921,2160,VINE,,NW,ST,, ,GRANTS PASS,OR,97526,53:10.0,BTAX-042405-12-2025,53:10.0
IMPACT REHABILITATION PARTNERS LLC,BRYAN BARGANIER,Inside City Limits,621111,Medical-Physician,BENCHMARK PHYSICAL THERAPY,00:00.0,21234E1E-8100-43B5-9AAB-46271D3B8CCE,4232388921,497,RAMSEY,,SW,AVE,,,GRANTS PASS,OR,97527,52:07.0,BTAX-041840-09-2025,52:07.0
IMPACT REHABILITATION PARTNERS LLC  ,DAVID VANNAME,Inside City Limits,621111,Medical-Physician,BENCHMARK PHYSICAL THERAPY,00:00.0,17DEB544-729F-440A-A39F-AEBC7DD8681B,4232388921,2160,VINE,,NW,ST,, ,GRANTS PASS,OR,97526,53:10.0,BTAX-042405-12-2025,53:10.0
IMPACT REHABILITATION PARTNERS LLC,DAVID VANNAME,Inside City Limits,621111,Medical-Physician,BENCHMARK PHYSICAL THERAPY,00:00.0,7A0C5B3E-6B7F-4D37-A158-78A0980F56D9,4238034816,625,RAMSEY,,SW,AVE,,SUITE B,GRANTS PASS,OR,97527,54:38.0,BTAX-041841-09-2025,54:38.0
IMPACT REHABILITATION PARTNERS LLC,BRYAN BARGANIER,Inside City Limits,621111,Medical-Physician,BENCHMARK PHYSICAL THERAPY,00:00.0,F096DE3E-17CB-46BF-8BA0-776348853167,4232388921,162,BEACON,,NE,DR,,SUITE 101,GRANTS PASS,OR,97526,40:17.0,BTAX-042339-11-2025,40:17.0
IMPACT REHABILITATION PARTNERS LLC,BRYAN BARGANIER,Inside City Limits,621111,Medical-Physician,BENCHMARK PHYSICAL THERAPY,00:00.0,7A0C5B3E-6B7F-4D37-A158-78A0980F56D9,4238034816,625,RAMSEY,,SW,AVE,,SUITE B,GRANTS PASS,OR,97527,54:38.0,BTAX-041841-09-2025,54:38.0
IMPACT REHABILITATION PARTNERS LLC,DAVID VANNAME,Inside City Limits,621111,Medical-Physician,BENCHMARK PHYSICAL THERAPY,00:00.0,F096DE3E-17CB-46BF-8BA0-776348853167,4232388921,162,BEACON,,NE,DR,,SUITE 101,GRANTS PASS,OR,97526,40:17.0,BTAX-042339-11-2025,40:17.0
IMPACT REHABILITATION PARTNERS LLC, ,Inside City Limits,621111,Medical-Physician,BENCHMARK PHYSICAL THERAPY,00:00.0,7A0C5B3E-6B7F-4D37-A158-78A0980F56D9,4238034816,625,RAMSEY,,SW,AVE,,SUITE B,GRANTS PASS,OR,97527,54:38.0,BTAX-041841-09-2025,54:38.0
IMPACT REHABILITATION PARTNERS LLC, ,Inside City Limits,621111,Medical-Physician,BENCHMARK PHYSICAL THERAPY,00:00.0,F096DE3E-17CB-46BF-8BA0-776348853167,4232388921,162,BEACON,,NE,DR,,SUITE 101,GRANTS PASS,OR,97526,40:17.0,BTAX-042339-11-2025,40:17.0
IMPERIAL HOMES                ,ROBERT WATTS,Inside City Limits,238190,Contractor-General/Building Exterior,,00:00.0,39CD924F-880F-4792-8D09-9FFDE0BD4896,5414797793,297,PARK,,E,ST,, ,GRANTS PASS,OR,97527,50:16.0,BTAX-041423-08-2025,50:16.0
IMPRINTS DESIGN & SCREEN PRINT,SHARON  RYDELL,Inside City Limits,541430,Graphic Design,,00:00.0,06AAFC6C-3BE9-48D0-9AFF-EC8DE81B68CD,5414768176,65,FRUITDALE,, ,DR,, ,GRANTS PASS,OR,97527,12:32.0,BTAX-040923-07-2025,12:32.0
IN HIS TIMEFRAME              ,DEBORAH & JAMES MCSHANE       ,Inside City Limits,541990,Professional-Misc,,00:00.0,A5203B8C-9577-4DF9-BFC9-7E0754092D40,5414791541,139,G,,SW,ST,, ,GRANTS PASS,OR,97526,27:50.0,BTAX-041411-08-2025,27:50.0
INDEPENDENT MANUFACTURING GROUP LLC,AARON TIERNEY,Inside City Limits,451110,Retail-Sporting Goods,,00:00.0,020aae58-ddf8-426a-9997-4fcc3323864f,5416593201,714,KINNEY,,NW,ST,, ,GRANTS PASS,OR,97526,02:41.0,BTAX-040518-06-2025,02:41.0
INDEPENDENT MANUFACTURING GROUP LLC, ,Inside City Limits,451110,Retail-Sporting Goods,,00:00.0,020aae58-ddf8-426a-9997-4fcc3323864f,5416593201,714,KINNEY,,NW,ST,, ,GRANTS PASS,OR,97526,02:41.0,BTAX-040518-06-2025,02:41.0
INDIAN CREEK DISMANTLERS,JOE SALEH,Inside City Limits,441110,Auto-New Car Dealer,,00:00.0,e4956606-bcd3-45a5-b433-66798aac1b2f,5414797203,1455,ROGUE RIVER,, ,HWY,, ,GRANTS PASS,OR,97527,25:58.0,BTAX-042754-02-2026,25:58.0
INDIAN CREEK DISMANTLERS, ,Inside City Limits,441110,Auto-New Car Dealer,,00:00.0,e4956606-bcd3-45a5-b433-66798aac1b2f,5414797203,1455,ROGUE RIVER,, ,HWY,, ,GRANTS PASS,OR,97527,25:58.0,BTAX-042754-02-2026,25:58.0
INDIAN CREEK DISMANTLERS,BENJAMIN SHAPIRO,Inside City Limits,441110,Auto-New Car Dealer,,00:00.0,e4956606-bcd3-45a5-b433-66798aac1b2f,5414797203,1455,ROGUE RIVER,, ,HWY,, ,GRANTS PASS,OR,97527,25:58.0,BTAX-042754-02-2026,25:58.0
INDIAN CREEK MANAGEMENT INC,BEN SHAPIRO  JOE SALEH,Inside City Limits,541990,Professional-Misc,INDIAN CREEK DISMANTLERS,00:00.0,B9E44D7E-B4D7-422C-BE53-B170DB612CA4,5414797203,1098,M,,SE,ST,, ,GRANTS PASS,OR,97526,09:56.0,BTAX-041367-08-2025,09:56.0
INDRA'S ICE CREAM INC, ,Inside City Limits,722511,Restaurant,UDDERS,00:00.0,9a97eee9-934c-4761-a096-e499e19fe5b7,5414417047,1893,7TH,,NE,ST,,,GRANTS PASS,OR,97526,37:16.0,BTAX-040553-06-2025,37:16.0
INDRA'S ICE CREAM INC,INDRA NICHOLAS,Inside City Limits,722511,Restaurant,UDDERS,00:00.0,9a97eee9-934c-4761-a096-e499e19fe5b7,5414417047,1893,7TH,,NE,ST,,,GRANTS PASS,OR,97526,37:16.0,BTAX-040553-06-2025,37:16.0
INDUSTRIAL BOLT AND SUPPLY INC,CLAY ROARK,Inside City Limits,444130,Retail-Hardware,,00:00.0,7f6671f7-d92e-4bef-bb97-c07c2bb50616,5414742212,1616,DOWELL,,,RD,,SUITE D/E,GRANTS PASS,OR,97527,30:04.0,BTAX-042654-01-2026,30:04.0
INDUSTRIAL BOLT AND SUPPLY INC, ,Inside City Limits,444130,Retail-Hardware,,00:00.0,7f6671f7-d92e-4bef-bb97-c07c2bb50616,5414742212,1616,DOWELL,,,RD,,SUITE D/E,GRANTS PASS,OR,97527,30:04.0,BTAX-042654-01-2026,30:04.0
INDUSTRIAL GENERATOR SERVICE  ,ROBERT THOMASSON JR,Inside City Limits,811111,Auto-General Repair,,00:00.0,FC9BD679-F1CA-4B7F-8CD5-F075B1FB3650,5414503028,105,MILL,,SE,ST,, ,GRANTS PASS,OR,97527,47:43.0,BTAX-042358-12-2025,47:43.0
INDUSTRIAL SOURCE / NATIONAL EXTINGUISHER SERVICE,ROBERT & BRENT LAING,Inside City Limits,454390,Retail-Misc Direct Selling Establishment,,00:00.0,B191F8DF-DCA1-4710-ACE4-B997EC18278E,5414765486,85,FRUITDALE,, ,DR,, ,GRANTS PASS,OR,97527,45:05.0,BTAX-041517-08-2025,45:05.0
INFINITY ELECTRICAL CONTRACTORS INC,CINDY ZEPPETELLO,Outside City Limits,238210,Contractor-Electrical,,00:00.0,79661221-ef3c-4cdc-927d-76ef1d819d9a,5418262430,4778,AIRWAY,,,DR,,,CENTRAL POINT,OR,97502,27:14.0,BTAX-041443-08-2025,27:14.0
INFINITY ELECTRICAL CONTRACTORS INC,MARTIN DANIELS,Outside City Limits,238210,Contractor-Electrical,,00:00.0,79661221-ef3c-4cdc-927d-76ef1d819d9a,5418262430,4778,AIRWAY,,,DR,,,CENTRAL POINT,OR,97502,27:14.0,BTAX-041443-08-2025,27:14.0
INK AND LACE,LACY PROSE,Inside City Limits,812199,Tattoo/Piercing Shop,,00:00.0,b68ed5b9-42a3-43e6-b812-84121a7971a1,5412188420,213,H,,SE,ST,, ,GRANTS PASS,OR,97526,22:06.0,BTAX-042606-01-2026,22:06.0
INK AND LACE, ,Inside City Limits,812199,Tattoo/Piercing Shop,,00:00.0,b68ed5b9-42a3-43e6-b812-84121a7971a1,5412188420,213,H,,SE,ST,, ,GRANTS PASS,OR,97526,22:06.0,BTAX-042606-01-2026,22:06.0
INNER WORKS WAY LLC,ANDREA KREMKO,Inside City Limits,624190,Social Svcs-Individual & Family Svcs,,00:00.0,52C6AF0E-A4C5-479C-9406-D4885D0B6659,5417615478,1590,N,,SE,ST,,,GRANTS PASS,OR,97526,36:58.0,BTAX-040825-07-2025,36:58.0
IN-N-OUT BURGERS #328, ,Inside City Limits,722513,Limited-Service Restaurant,,00:00.0,2cc69602-5196-4f47-9be6-d6ab604c4b8e,9495096200,124,MORGAN,,NE,LN,, ,GRANTS PASS,OR,97526,51:34.0,BTAX-042176-10-2025,51:34.0
INSURANCE LOUNGE LLC ,MICHAEL  DELAGRANGE,Inside City Limits,52411,"Direct Life, Health, and Insurance",,00:00.0,19183E31-1493-4F8F-A673-F89C171E417C,5412002222,1221,7TH,,NE,ST,, ,GRANTS PASS,OR,97526,01:33.0,BTAX-042272-11-2025,01:33.0
"INSURANCE SERVICES OF SOUTHERN OR, LLC",JAN NORBY,Inside City Limits,524210,Insurance Agency & Brokerages,,00:00.0,559a0969-e53c-4bc6-9dcb-257071ae2ff1,5414763527,1309,7TH,,NE,ST,,C,GRANTS PASS,OR,97526,41:44.0,BTAX-042936-03-2026,41:44.0
"INSURANCE SERVICES OF SOUTHERN OR, LLC", ,Inside City Limits,524210,Insurance Agency & Brokerages,,00:00.0,559a0969-e53c-4bc6-9dcb-257071ae2ff1,5414763527,1309,7TH,,NE,ST,,C,GRANTS PASS,OR,97526,41:44.0,BTAX-042936-03-2026,41:44.0
INTEGRATED ELECTRONIC SYSTEMS INC,AARON  CROWLEY,Outside City Limits,238210,Contractor-Electrical,,00:00.0,4EBD9A82-CDC4-49F6-8FA4-6DD2D7BE925F,5414854456,937,FRONT,,,ST,,,JUNCTION CITY,OR,97448,49:08.0,BTAX-042454-12-2025,49:08.0
INTEGRITY LIQUIDATION SERVICES  ,BRAD & TAMARA  MARTIN,Inside City Limits,453310,Retail-Thrift Store,F ST. COTTAGE,00:00.0,BCF78514-6F44-4A34-A917-498B04969E50,5412267897,1588,MOUNT BALDY,,,RD,,,GRANTS PASS,OR,97527,09:15.0,BTAX-042433-12-2025,09:15.0
INTEGRITY SIGNS OREGON LLC, ,Outside City Limits,238990,Sign Installation/Painting,,00:00.0,19e626bf-672f-43e1-8734-874f5593e6db,5039813743,3224,PRINGLE,,,RD,SE,SUITE # 120,SALEM,OR,97302,14:04.0,BTAX-040481-06-2025,14:04.0
INTERPATH LABORATORY INC     ,TOM KENNEDY,Inside City Limits,621511,Medical-Laboratory,,00:00.0,3b8c4ef8-acd8-4d44-83ee-ad8606b35079,5412784329,1619,HAWTHORNE,,NW,AVE,,101,GRANTS PASS,OR,97526,21:03.0,BTAX-042753-02-2026,21:03.0
INTERPATH LABORATORY INC     , ,Inside City Limits,621511,Medical-Laboratory,,00:00.0,3b8c4ef8-acd8-4d44-83ee-ad8606b35079,5412784329,1619,HAWTHORNE,,NW,AVE,,101,GRANTS PASS,OR,97526,21:03.0,BTAX-042753-02-2026,21:03.0
INTERPATH LABORATORY INC     , ,Inside City Limits,621511,Medical-Laboratory,,00:00.0,C9A2E6A5-095C-4941-8C2D-84EED71B6EAE,5412784329,702,RAMSEY,,SW,AVE,,118,GRANTS PASS,OR,97527,59:27.0,BTAX-041046-07-2025,59:27.0
I-SECURE INC                  ,CHRIS  ISABELL,Inside City Limits,541990,Professional-Misc,,00:00.0,98490EC2-A098-4818-9F11-2029DF2FA6EC,5414791425,114,ASSEMBLY,,,CIRCLE,,,GRANTS PASS,OR,97526,25:37.0,BTAX-041525-08-2025,25:37.0
ITZANEE LLC   ,ELVIA  MARTINEZ,Inside City Limits,722511,Restaurant,MUCHAS GRACIAS GP,00:00.0,5868EC2F-F275-47C4-B87D-5E2A6F6935C8,5414729423,1999,7TH,,NE,ST,, ,GRANTS PASS,OR,97526,37:07.0,BTAX-042369-12-2025,37:07.0
J & D DRAKE INVESTMENTS INC., ,Inside City Limits,238320,Painting & Wall Covering,DRAKE'S PAINT & SUPPLY,00:00.0,3662015e-e5a0-4362-80c9-127516ec9cf2,5417733335,1535,F,,NE,ST,,,GRANTS PASS,OR,97526,52:00.0,BTAX-040507-06-2025,52:00.0
J & D DRAKE INVESTMENTS INC.,JOHN DRAKE,Inside City Limits,238320,Painting & Wall Covering,DRAKE'S PAINT & SUPPLY,00:00.0,3662015e-e5a0-4362-80c9-127516ec9cf2,5417733335,1535,F,,NE,ST,,,GRANTS PASS,OR,97526,52:00.0,BTAX-040507-06-2025,52:00.0
J & D DRAKE INVESTMENTS INC.,DAN DRAKE,Inside City Limits,238320,Painting & Wall Covering,DRAKE'S PAINT & SUPPLY,00:00.0,3662015e-e5a0-4362-80c9-127516ec9cf2,5417733335,1535,F,,NE,ST,,,GRANTS PASS,OR,97526,52:00.0,BTAX-040507-06-2025,52:00.0
J AND J THOMAS INC,MARK MERCER,Inside City Limits,541611,Consulting Service,,00:00.0,D65234B6-B365-4AE2-B759-96B881CDAAC4,5412189672,1051,6TH,,NW,ST,,STE 2C,GRANTS PASS,OR,97526,23:32.0,BTAX-042337-11-2025,23:32.0
J AUSTIN & COMPANY           ,MARK  HUTTO,Inside City Limits,448310,Retail-Jewelry Store,,00:00.0,25A0A789-95F5-4EAC-ACFA-5CA695F27792,5414884312,217,6TH,,SE,ST,, ,GRANTS PASS,OR,97526,09:05.0,BTAX-042253-11-2025,09:05.0
J. KOLBY ROBINSON DMD PC,JAMES ROBINSON,Inside City Limits,621210,Medical-Dentist,TIMBER KIDS DENTISTRY,00:00.0,5c2126fb-dd0b-4f59-a8f3-04e388d66662,5419168484,124,EVELYN,,NE,AVE,,SUITE B,GRANTS PASS,OR,97526,50:04.0,BTAX-042524-12-2025,50:04.0
J. KOLBY ROBINSON DMD PC, ,Inside City Limits,621210,Medical-Dentist,TIMBER KIDS DENTISTRY,00:00.0,5c2126fb-dd0b-4f59-a8f3-04e388d66662,5419168484,124,EVELYN,,NE,AVE,,SUITE B,GRANTS PASS,OR,97526,50:04.0,BTAX-042524-12-2025,50:04.0
J.A. SUTHERLAND INC           , J.A. SUTHERLAND SHANK & BURRIS,Inside City Limits,722511,Restaurant,TACO BELL #19978,00:00.0,FD72DFB2-B175-4A98-B6CF-8513AA9D8426,7074621147,1881,6TH,,NE,ST,, ,GRANTS PASS,OR,97526,11:28.0,BTAX-040491-06-2025,11:28.0
JAC LLC,CHRIS BIXLER,Inside City Limits,811191,Auto-Oil Change/Lubrication Shop,,00:00.0,EC849794-35BF-4ECB-AFA8-D569C5C40225,5419565241,1502,F,,NE,ST,, ,GRANTS PASS,OR,97526,12:37.0,BTAX-041861-09-2025,12:37.0
JACK'S LANDING RV RESORT     ,YUN CHANG,Inside City Limits,721211,RV Parks & Campgrounds,,00:00.0,99B1263D-9B09-4F84-8586-9834F69DCBBF,5414721144,247,MORGAN,,NE,LN,, OFFICE SPACE 60,GRANTS PASS,OR,97526,24:36.0,BTAX-040589-07-2025,24:36.0
JACK'S LANDING RV RESORT     , ,Inside City Limits,721211,RV Parks & Campgrounds,,00:00.0,99B1263D-9B09-4F84-8586-9834F69DCBBF,5414721144,247,MORGAN,,NE,LN,, OFFICE SPACE 60,GRANTS PASS,OR,97526,24:36.0,BTAX-040589-07-2025,24:36.0
JACOBY PROPERTIES LLC        ,"HAROLD, GREG & DAVID  JACOBY",Inside City Limits,493110,Storage & General Warehousing,PARKWAY MINI STORAGE,00:00.0,3F9F38BC-1304-4A44-90B1-2DA3E4945CC2,5414721988,1110,MILBANK,,SE,RD,,,GRANTS PASS,OR,97526,06:23.0,BTAX-040801-07-2025,06:23.0
JADE EAST APARTMENTS  ,W LEHMAN,Inside City Limits,531110,Rental Units/Landlord,,00:00.0,1984A196-BC9C-405E-8D12-4E797D30A1FA,5417795785,820,D,,NE,ST,,,GRANTS PASS,OR,97526,30:15.0,BTAX-040956-07-2025,30:15.0
JALAN CO                      ,JAMES  WILLIAMS,Inside City Limits,531110,Rental Units/Landlord,,00:00.0,BE7E0126-CC46-4379-854D-E7A7AEDF7DD3,5416010851,410,G,,SE,ST,, ,GRANTS PASS,OR,97526,30:41.0,BTAX-041071-08-2025,30:41.0
JAMES M CORNISH LIV TRUST,JAMES CORNISH,Inside City Limits,531110,Rental Units/Landlord,,00:00.0,e3291e10-d22e-43f6-85bc-cda92a945cc8,5412182979,7808,QUINAULT,,NW,ST,, ,CAMAS,WA,98607,40:47.0,BTAX-042930-03-2026,40:47.0
JAMES M CORNISH LIV TRUST,CECELIA CORNISH,Inside City Limits,531110,Rental Units/Landlord,,00:00.0,e3291e10-d22e-43f6-85bc-cda92a945cc8,5412182979,7808,QUINAULT,,NW,ST,, ,CAMAS,WA,98607,40:47.0,BTAX-042930-03-2026,40:47.0
JANTZER ENTERPRISES INC,GARY  JANTZER,Inside City Limits,531110,Rental Units/Landlord,,00:00.0,9F45DB68-0649-4D36-A98C-C9ABEF24431C,5414721100,2200,INDUSTRY,,,DR,,,GRANTS PASS,OR,97526,15:24.0,BTAX-041304-08-2025,15:24.0
JASMINE PARK, JASMINE PARK I LTD PARTNERSHIP,Inside City Limits,531110,Rental Units/Landlord,JASMINE PARK #1,00:00.0,D5E1A346-4C1A-4798-AAA9-2C066A07C511,5414792112,501,ANDERSON,,NE,ST,, ,GRANTS PASS,OR,,27:48.0,BTAX-041157-08-2025,27:48.0
JASON DEAN CONSTRUCTION LLC  ,JASON  DEAN,Inside City Limits,238190,Contractor-General/Building Exterior,,00:00.0,047D40D5-9784-44D8-B63A-BCA5D3C6155F,5416602271,965,9TH,,NE,ST,, ,GRANTS PASS,OR,97526,25:56.0,BTAX-042244-11-2025,25:56.0
JAVELONA CORPORATION          ,ROSE & JEFFREY JAVELONA,Inside City Limits,561431,Mail Center-Private,OLD TOWN MAIL HOUSE ,00:00.0,2BF11AE3-04C7-4F82-B0B6-15C04E42AE49,5414798489,106,F,,NW,ST,,,GRANTS PASS,OR,97526,16:04.0,BTAX-041654-09-2025,16:04.0
JAVIER OROZCO TREE SERVICE,JAVIER OROZCO,Inside City Limits,561730,Tree Services,JOTS TREE SERVICE,00:00.0,be1be2a6-ce1a-499f-9a34-1617c4f40ae9,5419569936,226,HUMPHREY,,,LN,,,GRANTS PASS,OR,97527,19:44.0,BTAX-041852-09-2025,19:44.0
JAXMETAL, ,Inside City Limits,238190,Contractor-General/Building Exterior,,00:00.0,d07eafd5-b661-45fc-a1e6-9a660038e913,5413241727,1600,N,,SE,ST,,,GRANTS PASS,OR,97526,44:34.0,BTAX-042893-03-2026,44:34.0
JAXMETAL,JACK SMITH,Inside City Limits,238190,Contractor-General/Building Exterior,,00:00.0,d07eafd5-b661-45fc-a1e6-9a660038e913,5413241727,1600,N,,SE,ST,,,GRANTS PASS,OR,97526,44:34.0,BTAX-042893-03-2026,44:34.0
"JAY AND JAY, LLC              ",JILL  DINI,Inside City Limits,722511,Restaurant,BOHEMIAN BAR AND BISTRO,00:00.0,A7772F71-04AD-4AA1-9584-0C48732461DE,5414717158,221,G,,SW,ST,, ,GRANTS PASS,OR,97526,04:51.0,BTAX-041247-08-2025,04:51.0
JB CREATIVE,JUSTIN BRIGGS,Inside City Limits,541921,Photography,JUST B CREATIVE,00:00.0,3a7b82ba-f4c0-4048-a955-5b86acf58888,7073543474,1435,STURGEON,,SW,CT,,,GRANTS PASS,OR,97527,37:41.0,BTAX-041004-07-2025,37:41.0
JB CREATIVE, ,Inside City Limits,541921,Photography,JUST B CREATIVE,00:00.0,3a7b82ba-f4c0-4048-a955-5b86acf58888,7073543474,1435,STURGEON,,SW,CT,,,GRANTS PASS,OR,97527,37:41.0,BTAX-041004-07-2025,37:41.0
JB STEEL LLC,ROBERT BATZER,Outside City Limits,238190,Contractor-General/Building Exterior,,00:00.0,ab77d08f-a0bd-4f9c-b7f2-d72c89c3c610,5417737553,190,ROSS,,N,LN,,,MEDFORD,OR,97501,28:11.0,BTAX-040937-07-2025,28:11.0
JB STEEL LLC, ,Outside City Limits,238190,Contractor-General/Building Exterior,,00:00.0,ab77d08f-a0bd-4f9c-b7f2-d72c89c3c610,5417737553,190,ROSS,,N,LN,,,MEDFORD,OR,97501,28:11.0,BTAX-040937-07-2025,28:11.0
JBNB INC                      ,ROBERT WILSON &  NICK WATT,Inside City Limits,454390,Retail-Misc Direct Selling Establishment,ROLEY'S PACIFIC SUPPLY,00:00.0,966B359B-29AD-420E-80A7-A82313BEF93B,5414797578,1644,N,,SE,ST,,STE D,GRANTS PASS,OR,97526,13:03.0,BTAX-040431-05-2025,13:03.0
JC BRADLEY PROPERTIES LLC,JASON & CONSTANCE BRADLEY,Inside City Limits,721199,All Other Traveler Accommodation,,00:00.0,c46b7da2-dbe0-448a-8d56-b7164862a980,5419737811,406,DIMMICK,,NW,ST,,,GRANTS PASS,OR,97526,37:59.0,BTAX-040173-04-2025,37:59.0
JC BRADLEY PROPERTIES LLC, ,Inside City Limits,721199,All Other Traveler Accommodation,,00:00.0,c46b7da2-dbe0-448a-8d56-b7164862a980,5419737811,406,DIMMICK,,NW,ST,,,GRANTS PASS,OR,97526,37:59.0,BTAX-040173-04-2025,37:59.0
JC JONES REALTY INC,JOHN C  JONES,Inside City Limits,531210,Real Estate Agents/Brokers,CENTURY 21 JC JONES AMERICAN DREAM,00:00.0,CEA521A5-9932-440B-B805-5D7647B909FA,5414766502,858,6TH,,NW,ST,, ,GRANTS PASS,OR,97526,07:18.0,BTAX-041366-08-2025,07:18.0
JCK ENTERPRISES LLC          , ,Inside City Limits,722513,Limited-Service Restaurant,CARL'S JR #8185,00:00.0,661A30F2-B326-4D4C-8364-F5331D172732,5413426557,220,TERRY,,NE,LN,, ,GRANTS PASS,OR,97526,30:38.0,BTAX-041387-08-2025,30:38.0
JCK RESTAURANTS INC          ,INC  JCK RESTAURANTS,Inside City Limits,722513,Limited-Service Restaurant,CARL'S JR #8532 ,00:00.0,C6CE09B1-FDE7-4365-B0CF-C13A11F87891,5413426557,1802,6TH,,NW,ST,, ,GRANTS PASS,OR,97526,34:25.0,BTAX-041388-08-2025,34:25.0
"JCK SUBS, INC", ,Inside City Limits,722511,Restaurant,JERSEY MIKES,00:00.0,13c6ca32-36f4-4bac-a9db-cab1e39b21f3,5419160250,200,TERRY,,NE,LN,,C,GRANTS PASS,OR,97526,38:23.0,BTAX-041389-08-2025,38:23.0
"JCK SUBS, INC",JOSEPH KARCHER,Inside City Limits,722511,Restaurant,JERSEY MIKES,00:00.0,13c6ca32-36f4-4bac-a9db-cab1e39b21f3,5419160250,200,TERRY,,NE,LN,,C,GRANTS PASS,OR,97526,38:23.0,BTAX-041389-08-2025,38:23.0
JC'S TAXI LLC,ANDREA  LEMASTER MADAMBA,Inside City Limits,485310,Transportation-Taxi,,00:00.0,2CC939EA-9F99-49B5-8A97-D6D0F7BD5A14,5417617433,607,A,,NW,ST,, ,GRANTS PASS,OR,97526,52:19.0,TAXICO-041458-08-2025,52:19.0
JD'S SPORTS PUB LLC           ,JACK & GABRIELLE  DIMATTEO,Inside City Limits,722511,Restaurant,,00:00.0,C33C51DB-FBDD-4B5B-ADD2-7FCD978CD1D4,5414710383,690,REDWOOD,, ,HWY,, ,GRANTS PASS,OR,97527,20:43.0,BTAX-042268-11-2025,20:43.0
JEFF VOIGT & ASSOCIATES       ,JEFF  VOIGT,Inside City Limits,523999,Finance-Investment Activities,,00:00.0,0B161957-A004-4831-8303-9EF8DB10390C,5414419060,403,E,,NE,ST,,,GRANTS PASS,OR,97526,05:43.0,BTAX-041749-09-2025,05:43.0
JEFFERSON STATE MORTGAGE COMPANY,FAYE F & ROBERT  DAWSON,Inside City Limits,522310,Finance-Loan Broker(Mortg/Nonmortg),,00:00.0,AE7B6FA6-D448-4433-8541-DC907444506A,5414790967,122,SAVAGE,,NE,ST,, ,GRANTS PASS,OR,97526,55:31.0,BTAX-041460-08-2025,55:31.0
JENNIFER BUSHARD LICENSED MARRIAGE AND FAMILY THERAPIST,"JENNIFER BUSHARD, LMFT#T1507",Inside City Limits,624190,Social Svcs-Individual & Family Svcs,HOLISTIC HEALING THERAPY,00:00.0,b9885d64-daf7-4cea-9bf1-67588d831302,5412269088,777,7TH,,NE,ST,,,GRANTS PASS,OR,97526,09:59.0,BTAX-040550-06-2025,09:59.0
JENNIFER BUSHARD LICENSED MARRIAGE AND FAMILY THERAPIST, ,Inside City Limits,624190,Social Svcs-Individual & Family Svcs,HOLISTIC HEALING THERAPY,00:00.0,b9885d64-daf7-4cea-9bf1-67588d831302,5412269088,777,7TH,,NE,ST,,,GRANTS PASS,OR,97526,09:59.0,BTAX-040550-06-2025,09:59.0
JESSE'S SUPERIOR PAINTING     ,JESSE  LEE,Inside City Limits,238320,Painting & Wall Covering,,00:00.0,82E43407-AB9A-46C8-873D-6B5B049D0680,5412267782,300,ELKHORN,, ,DR,, ,GRANTS PASS,OR,97526,02:54.0,BTAX-040422-05-2025,02:54.0
JESSICA HULL LMT              ,JESSICA  HULL,Inside City Limits,621399,Medical-Massage Therapy,,00:00.0,EA197DD1-C4BD-4424-9803-050053A599CC,5416598405,4626,LEONARD,, ,RD,, ,GRANTS PASS,OR,97527,40:01.0,BTAX-041927-10-2025,40:01.0
"JH KELLY, LLC", ,Outside City Limits,238210,Contractor-Electrical,,00:00.0,7518fdd0-4b77-4930-80f8-e2caff7ccdbe,3604235510,821,3RD,,,AVE,,,LONGVIEW,WA,98632,49:06.0,BTAX-042388-12-2025,49:06.0
JIFFY JOANNE LLC              ,DALE  FARMER,Inside City Limits,811191,Auto-Oil Change/Lubrication Shop,JIFFY LUBE,00:00.0,032A697F-5E0E-4FC2-B24D-BE4632BE3685,5414794890,305,G,,SE,ST,, ,GRANTS PASS,OR,97526,00:28.0,BTAX-041551-08-2025,00:28.0
JIM CLARK'S CONSIGNMENT COUNTRY,JIM  CLARK,Inside City Limits,441120,Auto-Used Car Dealer,,00:00.0,9A31864E-1D62-4D58-A6F9-38214E2A5BAF,5414760818,1630,ROGUE RIVER,, ,HWY,, ,GRANTS PASS,OR,97527,28:17.0,BTAX-041448-08-2025,28:17.0
JIMMY'S CLASSIC DRIVE IN, ,Inside City Limits,722511,Restaurant,,00:00.0,3f3c2236-87d6-4d89-9cf2-1e40c5f88d7c,5414793850,515,E,,NE,ST,,,GRANTS PASS,OR,97526,03:44.0,BTAX-042235-11-2025,03:44.0
JIMMY'S CLASSIC DRIVE IN,TERALL & RUTH BLALOCK,Inside City Limits,722511,Restaurant,,00:00.0,3f3c2236-87d6-4d89-9cf2-1e40c5f88d7c,5414793850,515,E,,NE,ST,,,GRANTS PASS,OR,97526,03:44.0,BTAX-042235-11-2025,03:44.0
"JL INSURANCE, LLC", ,Inside City Limits,524210,Insurance Agency & Brokerages,,00:00.0,7331564c-a2af-4e26-9b65-15de2b136cd6,5412958880,1252,6TH,,NW,ST,,Suite 3,GRANTS PASS,OR,97526,12:03.0,BTAX-042373-12-2025,12:03.0
"JL INSURANCE, LLC",JEFF FOGELQUIST,Inside City Limits,524210,Insurance Agency & Brokerages,,00:00.0,7331564c-a2af-4e26-9b65-15de2b136cd6,5412958880,1252,6TH,,NW,ST,,Suite 3,GRANTS PASS,OR,97526,12:03.0,BTAX-042373-12-2025,12:03.0
JNP CONSTRUCTION SERVICES LLC,RICK BRADSHAW,Outside City Limits,236118,Const-Residential Remodeler,,00:00.0,739d27e2-5d8b-40ea-ada6-0cee3f91c090,5412990624,7201,ROGUE RIVER,,,HWY,,,GRANTS PASS,OR,97527,13:08.0,BTAX-042442-12-2025,13:08.0
JNP CONSTRUCTION SERVICES LLC,Rick Bradshaw,Outside City Limits,236118,Const-Residential Remodeler,,00:00.0,739d27e2-5d8b-40ea-ada6-0cee3f91c090,5412990624,7201,ROGUE RIVER,,,HWY,,,GRANTS PASS,OR,97527,13:08.0,BTAX-042442-12-2025,13:08.0
JODY STEPHENS REMODELING & RESTORATION,JODY STEPHENS,Inside City Limits,238190,Contractor-General/Building Exterior,,00:00.0,50eb2c97-ccdd-43fa-b709-56508246c7e6,5412955699,225,HILLCREST,,NE,Dr,,9,GRANTS PASS,OR,97526,07:02.0,BTAX-041141-08-2025,07:02.0
JODY STEPHENS REMODELING & RESTORATION,JODY STEPHENS,Inside City Limits,238190,Contractor-General/Building Exterior,,00:00.0,50eb2c97-ccdd-43fa-b709-56508246c7e6,5412955699,225,HILLCREST,,NE,Dr,,9,GRANTS PASS,OR,97526,07:02.0,BTAX-041141-08-2025,07:02.0
JOE AND FRIENDS SALON             ,ELIZABETH GOMEZ,Inside City Limits,812112,Beauty Salon,,00:00.0,8DF27190-A197-4FC7-93D8-3A8214FEE806,5414741732,212,SAVAGE,,NE,ST,,SUITE C,GRANTS PASS,OR,97526,13:48.0,BTAX-042866-02-2026,13:48.0
JOE AND FRIENDS SALON             ,JOE GOMEZ III,Inside City Limits,812112,Beauty Salon,,00:00.0,8DF27190-A197-4FC7-93D8-3A8214FEE806,5414741732,212,SAVAGE,,NE,ST,,SUITE C,GRANTS PASS,OR,97526,13:48.0,BTAX-042866-02-2026,13:48.0
JOE AND FRIENDS SALON             , ,Inside City Limits,812112,Beauty Salon,,00:00.0,8DF27190-A197-4FC7-93D8-3A8214FEE806,5414741732,212,SAVAGE,,NE,ST,,SUITE C,GRANTS PASS,OR,97526,13:48.0,BTAX-042866-02-2026,13:48.0
JOE'S BALANCE SHOP,Collin Hebert,Inside City Limits,811111,Auto-General Repair,,00:00.0,9573f242-1fe3-402f-b59f-74c7964e07b6,5417617509,1339,FOUNDRY,,SW,ST,,,GRANTS PASS,OR,97526,29:17.0,BTAX-041035-07-2025,29:17.0
JOE'S BALANCE SHOP,COLLIN HEBERT,Inside City Limits,811111,Auto-General Repair,,00:00.0,9573f242-1fe3-402f-b59f-74c7964e07b6,5417617509,1339,FOUNDRY,,SW,ST,,,GRANTS PASS,OR,97526,29:17.0,BTAX-041035-07-2025,29:17.0
JOHN A DILLINGHAM RENTALS     ,JOHN DILLINGHAM,Inside City Limits,531110,Rental Units/Landlord,,00:00.0,9FB61741-03FD-4026-ACFD-1F335629AFD6,5414797205,1080,BELLE AIRE,,SE,DR,, ,GRANTS PASS,OR,97526,44:27.0,BTAX-040883-07-2025,44:27.0
JOHN J & CLETA ANN GALLO RENTAL,JOHN J & CLETA ANN  GALLO,Inside City Limits,531110,Rental Units/Landlord,,00:00.0,509CD603-BED0-4661-B8FE-C2EC8FC8ABB2,5414768236,1412,GILBERT,,NW,WAY,, ,GRANTS PASS,OR,97526,39:04.0,BTAX-040948-07-2025,39:04.0
JOHN L SCOTT REAL ESTATE      , GRANTS PASS ASSOCIATED BROKERS,Inside City Limits,531210,Real Estate Agents/Brokers,,00:00.0,2D3128D3-D751-4703-9D79-A8193B6F0A87,5414761299,705,7TH,,NE,ST,, ,GRANTS PASS,OR,97526,39:26.0,BTAX-041098-08-2025,39:26.0
"JOHN P WASCHAK DDS, MS, PC",JOHN WASCHAK,Inside City Limits,621210,Medical-Dentist,DR WASCHAK PEDIATRIC DENTISTRY AND ORTHODONTICS,00:00.0,F51B31FA-0269-4ACE-A11A-4061A7249112,5414768383,1501,6TH,,NE,ST,,,GRANTS PASS,OR,97526,15:52.0,BTAX-040632-07-2025,15:52.0
"JOHN P WASCHAK DDS, MS, PC", ,Inside City Limits,621210,Medical-Dentist,DR WASCHAK PEDIATRIC DENTISTRY AND ORTHODONTICS,00:00.0,F51B31FA-0269-4ACE-A11A-4061A7249112,5414768383,1501,6TH,,NE,ST,,,GRANTS PASS,OR,97526,15:52.0,BTAX-040632-07-2025,15:52.0
JOHN R MORRIS & SON           ,JOHN & JONATHON  MORRIS,Inside City Limits,484220,Transportation-Trucking (Freight),,00:00.0,A469C2D1-F29B-44B9-97F4-BAB5055DB65A,,1199,HARVEY,,SE,DR,, ,GRANTS PASS,OR,97526,05:11.0,BTAX-040982-07-2025,05:11.0
JOHNSON BUILDERS  CORP,MIKE JOHNSON MIKE EVANS,Inside City Limits,238190,Contractor-General/Building Exterior,,00:00.0,884E315E-5043-41AE-9AF1-EC0E049BA527,5414791465,1300,ROGUE RIVER,, ,HWY,, ,GRANTS PASS,OR,97527,04:14.0,BTAX-040941-07-2025,04:14.0
"JOHNSTON DENTAL CARE, LLC",MATTHEW JOHNSTON DMD PC,Inside City Limits,621210,Medical-Dentist,,00:00.0,55F4253D-113B-4D57-9356-4EEC1B23D6E8,5414796623,1825,HAWTHORNE,,NW,AVE,,,GRANTS PASS,OR,97526,06:14.0,BTAX-041012-07-2025,06:14.0
"JOHNSTON DENTAL CARE, LLC", ,Inside City Limits,621210,Medical-Dentist,,00:00.0,55F4253D-113B-4D57-9356-4EEC1B23D6E8,5414796623,1825,HAWTHORNE,,NW,AVE,,,GRANTS PASS,OR,97526,06:14.0,BTAX-041012-07-2025,06:14.0
JON CHAMBERS CHIROPRACTIC LLC,JON  CHAMBERS,Inside City Limits,621310,Medical-Chiropractor,THE NEURO CLINIC,00:00.0,057229EB-6F28-450E-966A-8F849DFDA30F,5414791289,1663,WILLIAMS,,,HWY,, ,GRANTS PASS,OR,97527,58:01.0,BTAX-042593-01-2026,58:01.0
JON HUGHES CONSTRUCTION       , ,Inside City Limits,238190,Contractor-General/Building Exterior,,00:00.0,E2E892A7-8A94-426C-9B16-2E1172DA2340,5416607805,899,GLADIOLA,,SE,DR,, ,GRANTS PASS,OR,97526,39:27.0,BTAX-042260-11-2025,39:27.0
JORGE ALVARADO'S CLEANING, ,Inside City Limits,561720,Cleaning Service,,00:00.0,a559c13e-7061-4d89-94b4-0c9623d8ca82,7074078951,1621,APPLE,,,LN,,,GRANTS PASS,OR,97527,54:44.0,BTAX-042800-02-2026,54:44.0
JORGE ALVARADO'S CLEANING,JORGE ARMENTA ALVARADO,Inside City Limits,561720,Cleaning Service,,00:00.0,a559c13e-7061-4d89-94b4-0c9623d8ca82,7074078951,1621,APPLE,,,LN,,,GRANTS PASS,OR,97527,54:44.0,BTAX-042800-02-2026,54:44.0
JORNA TAYLOR PROPERTY SERVICES LLC, ,Inside City Limits,531311,Property Management,,00:00.0,08b1d92f-2409-48ab-b009-f113936f7d19,5412187169,1051,6TH,,NE,ST,, SUITE 1B,GRANTS PASS,OR,97526,38:27.0,BTAX-041062-08-2025,38:27.0
JORNA TAYLOR PROPERTY SERVICES LLC,JORNA R TAYLOR,Inside City Limits,531311,Property Management,,00:00.0,08b1d92f-2409-48ab-b009-f113936f7d19,5412187169,1051,6TH,,NE,ST,, SUITE 1B,GRANTS PASS,OR,97526,38:27.0,BTAX-041062-08-2025,38:27.0
JOSEPH SPEELMAN RENTALS       ,JOSEPH  SPEELMA,Inside City Limits,531110,Rental Units/Landlord,,00:00.0,229498DD-A1B5-46EB-AECB-754C253586A0,5414766838,561,G,,SW,ST,, ,GRANTS PASS,OR,97526,18:45.0,BTAX-040934-07-2025,18:45.0
JOSEPHINE COMMUNITY LIBRARY DISTRICT, JOSEPHINE COUNTY              ,Inside City Limits,519120,Library,,00:00.0,106807C7-C3A6-4C84-98F9-BBAD7971FC89,5414760571,200,C,,NW,ST,, ,GRANTS PASS,OR,97526,07:05.0,BTAX-042110-10-2025,07:05.0
JOSEPHINE COUNTY HABITAT FOR HUMANITY,JOSEPHINE COUNTY HABITAT FOR HUMANITY ,Inside City Limits,624190,Social Svcs-Individual & Family Svcs,,00:00.0,76A2533B-E880-4862-B59D-D9A7362218E1,5414742884,409,E,,NE,ST,,,GRANTS PASS,OR,97526,59:30.0,BTAX-042033-10-2025,59:30.0
JOSEPHINE COUNTY HISTORICAL SOCIETY      , JO CO HISTORICAL SOCIETY BOARD,Inside City Limits,712110,Museum,,00:00.0,E926F2EC-EF6E-45EC-904A-9CF61DEBEB04,5414797827,512,5TH,,SW,ST,, ,GRANTS PASS,OR,97526,36:05.0,BTAX-040999-07-2025,36:05.0
JOSEPHINE COUNTY PUBLIC DEFENDERS,DOUGLAS ENGLE               ,Inside City Limits,541110,Lawyer,,00:00.0,F81EA7EB-F6F6-46BE-9270-385BEE6AD33E,5417795636,215,6TH,,SE,ST,,4TH FLOOR,GRANTS PASS,OR,97526,32:25.0,BTAX-040946-07-2025,32:25.0
JOSHUA K BABB CONSTRUCTION,JOSHUA  BABB,Outside City Limits,238190,Contractor-General/Building Exterior,,00:00.0,c1e3e857-d889-4b7c-954e-f261a21e40d1,5416606963,2235,SARDINE CREEK,,,RD,,,GOLD HILL,OR,97525,44:56.0,BTAX-042635-01-2026,44:56.0
JOSHUA K BABB CONSTRUCTION, ,Outside City Limits,238190,Contractor-General/Building Exterior,,00:00.0,c1e3e857-d889-4b7c-954e-f261a21e40d1,5416606963,2235,SARDINE CREEK,,,RD,,,GOLD HILL,OR,97525,44:56.0,BTAX-042635-01-2026,44:56.0
"JPMORGAN CHASE BANK, N.A.        ", JPMORGAN CHASE BANK NA        ,Inside City Limits,522110,Finance-Commercial Bank,,00:00.0,2516593E-5ADC-4A29-A660-976A67005D92,5414793802,151,MIDLAND,,NE,AVE,, ,GRANTS PASS,OR,97526,54:35.0,BTAX-042710-02-2026,54:35.0
JUAN VELAZQUEZ CONSTRUCTION   ,JUAN VELAZQUEZ SR,Inside City Limits,238190,Contractor-General/Building Exterior,,00:00.0,E203E413-9A14-46CE-9EAB-76F58A4F9DFD,5416606538,1108,ROGUE RIVER,,SW,AVE,, ,GRANTS PASS,OR,97526,37:47.0,BTAX-041262-08-2025,37:47.0
JULIE'S UPTOWN BAR & GRILL LLC,JULIE  HOFFMAN,Inside City Limits,722410,Bar/Tavern,,00:00.0,9D4B31D2-F024-4CAF-BEFB-7538CBFED754,5414729375,2030,VINE,,NW,ST,, ,GRANTS PASS,OR,97526,03:04.0,BTAX-041238-08-2025,03:04.0
JUNK YARD JOE'S BBQ SMOKER, ,Inside City Limits,722330,Food-Mobile/Ice Cream Truck,,00:00.0,f86beb68-a55f-4f9e-8373-f584ac720bfd,8188223376,1098,M,,SE,ST,, ,GRANTS PASS,OR,97526,59:01.0,BTAX-042874-03-2026,59:01.0
JUNK YARD JOE'S BBQ SMOKER,JOE SALEH,Inside City Limits,722330,Food-Mobile/Ice Cream Truck,,00:00.0,f86beb68-a55f-4f9e-8373-f584ac720bfd,8188223376,1098,M,,SE,ST,, ,GRANTS PASS,OR,97526,59:01.0,BTAX-042874-03-2026,59:01.0
JUPITER WELLNESS LLC, ,Inside City Limits,621399,Medical-Massage Therapy,,00:00.0,091f8478-050a-4549-939b-4f60d82bc15d,5305984316,777,7TH,,NE,ST,, #101,GRANTS PASS,OR,97526,11:57.0,BTAX-042829-02-2026,11:57.0
JUPITER WELLNESS LLC,BRANDI LYNCH,Inside City Limits,621399,Medical-Massage Therapy,,00:00.0,091f8478-050a-4549-939b-4f60d82bc15d,5305984316,777,7TH,,NE,ST,, #101,GRANTS PASS,OR,97526,11:57.0,BTAX-042829-02-2026,11:57.0
JUST BE BODYWORKS LLC,TONI SKAGGS,Inside City Limits,621399,Medical-Massage Therapy,,00:00.0,6fb151fb-0518-44ef-be1e-caa84e5ec262,5417612247,225,5TH,,NW,ST,,,GRANTS PASS,OR,97526,55:48.0,BTAX-040572-06-2025,55:48.0
JUST BE BODYWORKS LLC, ,Inside City Limits,621399,Medical-Massage Therapy,,00:00.0,6fb151fb-0518-44ef-be1e-caa84e5ec262,5417612247,225,5TH,,NW,ST,,,GRANTS PASS,OR,97526,55:48.0,BTAX-040572-06-2025,55:48.0
JUST IN TIME DOG GROOMING     ,ANDREA  FELBER,Inside City Limits,812910,Pet Care Services,,00:00.0,C815C9E1-C94A-4266-A807-87418D5D83C2,5414763529,2482,WILLIAMS,, ,HWY,,#C,GRANTS PASS,OR,97527,11:20.0,BTAX-040442-05-2025,11:20.0
JW COMPUTER SERVICE           ,JAMES WARRINER,Inside City Limits,811212,Computer/Office Machine Maint,,00:00.0,C9C4BEA6-CF90-4EEF-B8D9-75E40331386D,5414720300,536,MANZANITA,,NW,AVE,, ,GRANTS PASS,OR,97526,55:58.0,BTAX-041425-08-2025,55:58.0
K C DESIGNS GRANTS PASS       ,KAREN & RICHARD  CROWLEY,Inside City Limits,811490,Tailor,,00:00.0,4AC909B8-F638-4F82-9337-1DA955049C24,5414792249,1145,ANNABELLE,, ,LN,, ,GRANTS PASS,OR,97527,38:10.0,BTAX-041079-08-2025,38:10.0
KA DESIGNS LLC               ,KENNETH  AGUILAR,Inside City Limits,238190,Contractor-General/Building Exterior,,00:00.0,E2AA24E5-3592-4771-B8C0-E8AF332B5E5B,5412181752,1470,M,,SE,ST,,BLDG 2,GRANTS PASS,OR,97526,34:31.0,BTAX-041202-08-2025,34:31.0
KAIROS/KAIROS NORTHWEST       , KAIROS NORTHWEST              ,Inside City Limits,621420,Medical-Mental Health/Substance Abuse Center,,00:00.0,69407C52-74BD-4AF8-B4DA-21F0171CC142,5419564943,1920,KURTZ,, ,LN,,,GRANTS PASS,OR,97526,41:54.0,BTAX-040897-07-2025,41:54.0
KAIROS/KAIROS NORTHWEST       , KAIROS NORTHWEST              ,Inside City Limits,621420,Medical-Mental Health/Substance Abuse Center,,00:00.0,69407C52-74BD-4AF8-B4DA-21F0171CC142,5419564943,1920,KURTZ,, ,LN,,,GRANTS PASS,OR,97526,03:08.0,BTAX-041302-08-2025,03:08.0
KALIKAT CREATIONS,KALI BARNHART,Inside City Limits,541890,Advertising Services,,00:00.0,f943aea4-cd91-4d46-9caf-8f5f89b88739,7074992334,606,WESTHOLM,,SW,AVE,,,GRANTS PASS,OR,97526,38:54.0,BTAX-040229-04-2025,38:54.0
KALIKAT CREATIONS, ,Inside City Limits,541890,Advertising Services,,00:00.0,f943aea4-cd91-4d46-9caf-8f5f89b88739,7074992334,606,WESTHOLM,,SW,AVE,,,GRANTS PASS,OR,97526,38:54.0,BTAX-040229-04-2025,38:54.0
KALON, ,Inside City Limits,812112,Esthetician Services,,00:00.0,c9e8ef09-1061-4081-bb82-ecc2883395ff,5416602573,223,5TH,,NW,ST,,,GRANTS PASS,OR,97526,28:41.0,BTAX-042012-10-2025,28:41.0
KALON,NATALIE BESLER,Inside City Limits,812112,Esthetician Services,,00:00.0,c9e8ef09-1061-4081-bb82-ecc2883395ff,5416602573,223,5TH,,NW,ST,,,GRANTS PASS,OR,97526,28:41.0,BTAX-042012-10-2025,28:41.0
KAMBOJ MARKET LLC,JASBIR MEHROK,Inside City Limits,445120,Convenience Store,TOWN AND COUNTRY MARKET 1,00:00.0,75a770cf-0701-475c-aba6-2626d58548d5,5414768186,2482,WILLIAMS,, ,HWY,,A,GRANTS PASS,OR,97527,36:42.0,BTAX-040567-06-2025,36:42.0
KAMBOJ MARKET LLC,SATPAL SHAMA,Inside City Limits,445120,Convenience Store,TOWN AND COUNTRY MARKET 1,00:00.0,75a770cf-0701-475c-aba6-2626d58548d5,5414768186,2482,WILLIAMS,, ,HWY,,A,GRANTS PASS,OR,97527,36:42.0,BTAX-040567-06-2025,36:42.0
KAMBOJ MARKET LLC, ,Inside City Limits,445120,Convenience Store,TOWN AND COUNTRY MARKET 1,00:00.0,75a770cf-0701-475c-aba6-2626d58548d5,5414768186,2482,WILLIAMS,, ,HWY,,A,GRANTS PASS,OR,97527,36:42.0,BTAX-040567-06-2025,36:42.0
KAMBOJ RETAIL LLC,GURMEET MEHROK,Inside City Limits,445120,Convenience Store,TOWN & COUNTRY MARKET 2,00:00.0,62164486-7FED-47DA-B8AD-B5861BBCC0BE,5414769512,1910,REDWOOD,, ,AVE,, ,GRANTS PASS,OR,97527,45:09.0,BTAX-041915-10-2025,45:09.0
KAMBOJ RETAIL LLC,gurmeet mehrok,Inside City Limits,445120,Convenience Store,TOWN & COUNTRY MARKET 2,00:00.0,62164486-7FED-47DA-B8AD-B5861BBCC0BE,5414769512,1910,REDWOOD,, ,AVE,, ,GRANTS PASS,OR,97527,45:09.0,BTAX-041915-10-2025,45:09.0
KAR-GLO                       ,MITCHELL JOHNSON,Inside City Limits,452990,Retail-General Merchandise ,,00:00.0,83BE48AC-3F18-48E1-AD01-5196C678B188,5414768962,233,ROGUE RIVER,, ,HWY,,#1125,GRANTS PASS,OR,97527,49:29.0,BTAX-042289-11-2025,49:29.0
KAS & ASSOCIATES INC          ,SCOTT PINGLE PE SE,Inside City Limits,541330,Engineering Services,,00:00.0,2B31CFC3-CF3F-4C6C-8063-52E2246839FF,5414795801,1867,WILLIAMS,, ,HWY,, ,GRANTS PASS,OR,97527,06:15.0,BTAX-040705-07-2025,06:15.0
KASDORF AND ASSOCIATES LLC,MARLA KASDORF,Inside City Limits,524210,Insurance Agency & Brokerages,,00:00.0,3b13db6f-1f96-46d1-9328-6e7f4a22a1a5,5412950777,336,SHETLAND,, ,DR,,,GRANTS PASS,OR,97526,49:06.0,BTAX-040248-04-2025,49:06.0
KASDORF AND ASSOCIATES LLC, ,Inside City Limits,524210,Insurance Agency & Brokerages,,00:00.0,3b13db6f-1f96-46d1-9328-6e7f4a22a1a5,5412950777,336,SHETLAND,, ,DR,,,GRANTS PASS,OR,97526,49:06.0,BTAX-040248-04-2025,49:06.0
KASIAH CONSULTING, ,Inside City Limits,541611,Consulting Service,,00:00.0,6049ba73-370e-4bc8-ba00-3281fb9c018a,5414150166,1060,WOODCREST,,NW,CIR,, ,GRANTS PASS,OR,97526,22:19.0,BTAX-040749-07-2025,22:19.0
KASIAH CONSULTING,SCOTT KASIAH,Inside City Limits,541611,Consulting Service,,00:00.0,6049ba73-370e-4bc8-ba00-3281fb9c018a,5414150166,1060,WOODCREST,,NW,CIR,, ,GRANTS PASS,OR,97526,22:19.0,BTAX-040749-07-2025,22:19.0
"KATANACRAFT, LLC",KELLY HACKER,Inside City Limits,339999,Manufacturing-Misc Manufacturing,,00:00.0,cfdb9eb8-4a03-4923-ad8b-4af6b8e25333,5414797204,1420,M,,SE,ST,,,GRANTS PASS,OR,97526,49:31.0,BTAX-040577-06-2025,49:31.0
"KATANACRAFT, LLC", ,Inside City Limits,339999,Manufacturing-Misc Manufacturing,,00:00.0,cfdb9eb8-4a03-4923-ad8b-4af6b8e25333,5414797204,1420,M,,SE,ST,,,GRANTS PASS,OR,97526,49:31.0,BTAX-040577-06-2025,49:31.0
"KATANACRAFT, LLC",TRAVIS HAMLYN,Inside City Limits,339999,Manufacturing-Misc Manufacturing,,00:00.0,cfdb9eb8-4a03-4923-ad8b-4af6b8e25333,5414797204,1420,M,,SE,ST,,,GRANTS PASS,OR,97526,49:31.0,BTAX-040577-06-2025,49:31.0
KATHLEEN M KELLY CPA         ,KATHLEEN KELLY,Inside City Limits,541211,Accountant-CPA,,00:00.0,2B6ACA85-F40B-478C-ACAC-E33F0E31D367,5414712487,717,5TH,,NW,ST,, ,GRANTS PASS,OR,97526,36:35.0,BTAX-041412-08-2025,36:35.0
KBP LAKE OF THE WOODS LLC, TIM/JAY STEINER (KLAMATH INVES,Inside City Limits,238190,Contractor-General/Building Exterior,DIAMOND HOME IMPROVEMENT,00:00.0,FA7F3F21-C4C4-4A6C-BB71-54DCD8872DEF,5418853535,1881,7TH,,NE,ST,, ,GRANTS PASS,OR,97526,14:53.0,BTAX-041585-08-2025,14:53.0
KCI USA INC DBA SOLVENTUM ADVANCED WOUND CARE, KCI USA INC                   ,Outside City Limits,532299,Rental-Misc Rentals,SOLVENTUM ADVANCED WOUND CARE,00:00.0,0D0D0349-8E28-4040-8BBE-B2ACA7CCF24D,7323645623,255,BARNETT,,E,RD,,STE 112,MEDFORD,OR,97501,54:46.0,BTAX-042491-12-2025,54:46.0
KEITH'S GASOLINE ALLEY        ,KEITH  POTTS,Inside City Limits,447190,Gas Station,,00:00.0,8ACD7C1E-37C8-48CF-9EAE-B7684CB2CC4E,5412185154,838,FRUITDALE ,,,DR,,,GRANTS PASS,OR,97526,49:24.0,BTAX-040644-07-2025,49:24.0
KELLEY STUDIOS                ,BRENDA  KELLEY,Outside City Limits,711510,Artist,,00:00.0,8F1E2BF2-F2D3-4D35-9537-B9EA79E68668,5414742138,4855,REDWOOD,, ,HWY,, ,GRANTS PASS,OR,97527,11:58.0,BTAX-040342-05-2025,11:58.0
KELLY'S AUTOMOTIVE SERVICE    ,DAVE & LISA  KELLY,Inside City Limits,811111,Auto-General Repair,,00:00.0,66987760-B14F-46F1-ABDA-35A672676A8A,5414766964,1661,6TH,,NE,ST,, ,GRANTS PASS,OR,97526,40:34.0,BTAX-042066-10-2025,40:34.0
KELSEY REINHART - THERAPEUTIC MASSAGE,KELSEY  REINHART,Inside City Limits,621399,Medical-Massage Therapy,,00:00.0,4C709848-5550-4BB5-8649-E90ED253BB2D,5414152344,598,E,,NE,ST,,B,GRANTS PASS,OR,97526,07:13.0,BTAX-042625-01-2026,07:13.0
KEY BANK                      , KEYBANK NATIONAL ASSOCIATION  ,Inside City Limits,522110,Finance-Commercial Bank,,00:00.0,9D088F71-F51D-4CD1-8D36-C14A4AB180FD,5414792299,1646,WILLIAMS,, ,HWY,, ,GRANTS PASS,OR,97527,46:19.0,BTAX-040989-07-2025,46:19.0
KEY LINE CONSTRUCTION INC     ,TANK  PARRISH,Outside City Limits,238190,Contractor-General/Building Exterior,,00:00.0,0A8349A5-0C2C-4E93-9C8C-70D7EB0616D8,5416655415,6687,TOLO,,,RD,,,CENTRAL POINT,OR,97502,49:35.0,BTAX-041319-08-2025,49:35.0
KEY MECHANICAL COMPANY OF WASHINGTON,FRANK  LEONARD,Outside City Limits,238220,Contractor-HVAC Services,,00:00.0,5B863A9E-A5E5-4966-8C44-585E61DE0327,5032310731,4655,190TH,,NE,LN,,,PORTLAND,OR,97230,40:27.0,BTAX-041327-08-2025,40:27.0
KIDDIE COVE EARLY LEARNING CENTER,CHERYL SHEEHAN,Inside City Limits,624410,Child Day Care,,00:00.0,90ba8710-dcff-40eb-ade9-d016cd47b435,5412958104,408,G,,SE,ST,,SUITE C,GRANTS PASS,OR,97527,19:34.0,BTAX-040462-06-2025,19:34.0
KIDDIE COVE EARLY LEARNING CENTER, ,Inside City Limits,624410,Child Day Care,,00:00.0,90ba8710-dcff-40eb-ade9-d016cd47b435,5412958104,408,G,,SE,ST,,SUITE C,GRANTS PASS,OR,97527,19:34.0,BTAX-040462-06-2025,19:34.0
KIMBERLY FIEN,KIMBERLY FIEN,Inside City Limits,561720,Cleaning Service,,00:00.0,16661e63-852c-430e-833e-e5fcaa3172e4,6199178199,312,PARKHILL,, ,PL,, ,GRANTS PASS,OR,97527,12:38.0,BTAX-040986-07-2025,12:38.0
KIM'S HAIRCUTTING STUDIO, ,Inside City Limits,812112,Beauty Salon,,00:00.0,31b81cb6-93c7-4c5d-b87c-9a1c3fecdacb,5414973296,424,6TH,,NW,ST,,STE 213,GRANTS PASS,OR,97526,46:41.0,BTAX-041681-09-2025,46:41.0
KIM'S HAIRCUTTING STUDIO,KIMBERLY WILLIAMS,Inside City Limits,812112,Beauty Salon,,00:00.0,31b81cb6-93c7-4c5d-b87c-9a1c3fecdacb,5414973296,424,6TH,,NW,ST,,STE 213,GRANTS PASS,OR,97526,46:41.0,BTAX-041681-09-2025,46:41.0
"KINGSVIEW WEALTH MANAGEMENT, LLC", ,Inside City Limits,523999,Finance-Investment Activities,,00:00.0,4ecba793-5851-4f1d-b39d-e03548aea10b,5412914405,509,7TH,,SE,ST,,2ND FLOOR #2,GRANTS PASS,OR,97526,40:45.0,BTAX-041811-09-2025,40:45.0
"KINGSVIEW WEALTH MANAGEMENT, LLC",SEAN MCGILLIVRAY,Inside City Limits,523999,Finance-Investment Activities,,00:00.0,4ecba793-5851-4f1d-b39d-e03548aea10b,5412914405,509,7TH,,SE,ST,,2ND FLOOR #2,GRANTS PASS,OR,97526,40:45.0,BTAX-041811-09-2025,40:45.0
KINZLER & CO INSURANCE & FINANCIAL,KENNETH KINZLER,Inside City Limits,524210,Insurance Agency & Brokerages,,00:00.0,F622D046-6BBC-431F-84E6-ACBE0F979F37,5414721644,400,G,,SE,ST,,,GRANTS PASS,OR,97526,44:38.0,BTAX-042467-12-2025,44:38.0
KINZLER & CO INSURANCE & FINANCIAL,         ,Inside City Limits,524210,Insurance Agency & Brokerages,,00:00.0,F622D046-6BBC-431F-84E6-ACBE0F979F37,5414721644,400,G,,SE,ST,,,GRANTS PASS,OR,97526,44:38.0,BTAX-042467-12-2025,44:38.0
KNIFE RIVER MATERIALS  , ,Outside City Limits,238110,Contractor-Concrete/Found/Structural,,00:00.0,25727688-E704-4A8D-B679-CFA5B7963CB5,5417702960,3959,HAMRICK,,,RD,,,CENTRAL POINT,OR,97502,41:46.0,BTAX-040593-07-2025,41:46.0
KNIGHTS INN MOTEL             ,M G  PATEL,Inside City Limits,721110,Hotel/Motel,,00:00.0,6E151652-6BFA-4592-8153-BB037075C53A,5414795595,104,7TH,,SE,ST,, ,GRANTS PASS,OR,97526,18:45.0,BTAX-041097-08-2025,18:45.0
KOI SUSHI BAR AND ASIAN BISTRO LLC, ,Inside City Limits,722511,Restaurant,,00:00.0,ca09afbc-c222-4d78-9f59-1f8a667565e7,,111,HILLCREST,,NE,DR,, ,GRANTS PASS,OR,97526,53:14.0,BTAX-041906-09-2025,53:14.0
KOI SUSHI BAR AND ASIAN BISTRO LLC,DEWI TULUS,Inside City Limits,722511,Restaurant,,00:00.0,ca09afbc-c222-4d78-9f59-1f8a667565e7,,111,HILLCREST,,NE,DR,, ,GRANTS PASS,OR,97526,53:14.0,BTAX-041906-09-2025,53:14.0
KOI SUSHI BAR AND ASIAN BISTRO LLC,DJOKO HANDOJO,Inside City Limits,722511,Restaurant,,00:00.0,ca09afbc-c222-4d78-9f59-1f8a667565e7,,111,HILLCREST,,NE,DR,, ,GRANTS PASS,OR,97526,53:14.0,BTAX-041906-09-2025,53:14.0
KR PLUMBING, ,Inside City Limits,238220,Plumber,,00:00.0,f153c5c0-1eb7-48d3-9cc8-76a5eba90986,5417617729,1002,BELLE AIRE,,SE,DR,,,GRANTS PASS,OR,97526,08:47.0,BTAX-042630-01-2026,08:47.0
KR PLUMBING,KYLE REYNOLDS,Inside City Limits,238220,Plumber,,00:00.0,f153c5c0-1eb7-48d3-9cc8-76a5eba90986,5417617729,1002,BELLE AIRE,,SE,DR,,,GRANTS PASS,OR,97526,08:47.0,BTAX-042630-01-2026,08:47.0
KRC COMPANY INC,KLAY ROBINSON,Inside City Limits,238190,Contractor-General/Building Exterior,,00:00.0,BE82E8A4-F4EA-40CF-B48A-44C4E68774D6,5414741586,1650 1/2,TERRACE,,NE,DR,, ,GRANTS PASS,OR,97526,32:57.0,BTAX-041827-09-2025,32:57.0
KRC COMPANY INC, ,Inside City Limits,238190,Contractor-General/Building Exterior,,00:00.0,BE82E8A4-F4EA-40CF-B48A-44C4E68774D6,5414741586,1650 1/2,TERRACE,,NE,DR,, ,GRANTS PASS,OR,97526,32:57.0,BTAX-041827-09-2025,32:57.0
KRISTI'S ALL NATURAL PET FOOD ,"HIGGS, CRAMER, ALVIS ALLEN",Inside City Limits,453910,Retail-Pets & Pet Supplies,,00:00.0,65FFDB54-79CE-4CF3-A926-2E60F705C3C5,5412958095,356,K,,SW,ST,, ,GRANTS PASS,OR,97526,36:34.0,BTAX-041374-08-2025,36:34.0
KURL UP & DYE                 ,LISA ARIAS,Inside City Limits,812112,Beauty Salon,,00:00.0,E49DB14F-6188-48A2-8C76-B921871B8C97,5416606646,1370,ROGUE RIVER,, ,HWY,,STE 1,GRANTS PASS,OR,97527,12:40.0,BTAX-042421-12-2025,12:40.0
KYNDRA & DANIEL BURDIS RENTALS,KYNDRA & DANIEL  BURDIS,Inside City Limits,531110,Rental Units/Landlord,,00:00.0,F40C498A-8E16-4921-9592-6EE8AFD1E90E,5414728179,1051,6TH,,NE,ST,, ,GRANTS PASS,OR,97527,41:31.0,BTAX-041516-08-2025,41:31.0
L. LOUISE DAVIES,L. DAVIES,Inside City Limits,813110,Religious Organization,,00:00.0,4475f606-8ab5-493c-9a6a-3b290e1c342e,5414763600,5941,HIGHLAND,,,AVE,,#15,GRANTS PASS,OR,97526,29:46.0,BTAX-041848-09-2025,29:46.0
L. LOUISE DAVIES, ,Inside City Limits,813110,Religious Organization,,00:00.0,4475f606-8ab5-493c-9a6a-3b290e1c342e,5414763600,5941,HIGHLAND,,,AVE,,#15,GRANTS PASS,OR,97526,29:46.0,BTAX-041848-09-2025,29:46.0
LA BELLA FACCIA               ,ROBNETTE BUCKLEY,Inside City Limits,812112,Beauty Salon,THE SPHERE,00:00.0,100E8E0C-F1BC-496C-B002-E7F53ABB0AC3,5414714405,1034,6TH,,NW,ST,, ,GRANTS PASS,OR,97526,45:52.0,BTAX-042633-01-2026,45:52.0
LA HACIENDA MEXICAN GRILL, ,Inside City Limits,722511,Restaurant,,00:00.0,27522ca0-5161-4d44-96fe-f65e31f91648,5412267471,775,6TH,,SE,ST,, ,GRANTS PASS,OR,97526,40:49.0,BTAX-040136-04-2025,40:49.0
LA HACIENDA MEXICAN GRILL,LEOBARDO BEDOLLA,Inside City Limits,722511,Restaurant,,00:00.0,27522ca0-5161-4d44-96fe-f65e31f91648,5412267471,775,6TH,,SE,ST,, ,GRANTS PASS,OR,97526,40:49.0,BTAX-040136-04-2025,40:49.0
LA QUINTA INN & SUITES        , GRANTS INVESTMENTS INC        ,Inside City Limits,721110,Hotel/Motel,,00:00.0,F5BDD054-DF3C-4146-BCD1-190AA340A17A,5414720152,243,MORGAN,,NE,LN,, ,GRANTS PASS,OR,97526,10:41.0,BTAX-041486-08-2025,10:41.0
LAHORGUE METAL FABRICATING    ,CHARLES  LAHORGUE,Inside City Limits,238190,Welding/Fabrication,,00:00.0,E2C0B6C6-1BE3-4581-ABF7-7DC477364466,5414795050,1470,M,,SE,ST,,UNIT 2C,GRANTS PASS,OR,97526,19:41.0,BTAX-040990-07-2025,19:41.0
LARRY BROWN CONSTRUCTION,LAWRENCE BROWN,Inside City Limits,238190,Contractor-General/Building Exterior,,00:00.0,d6035272-a91d-4a83-b7f6-ebe8253447e4,5417877915,1252,6TH,,SE,ST,,SUITE 8,GRANTS PASS,OR,97526,28:54.0,BTAX-041704-09-2025,28:54.0
LARRY BROWN CONSTRUCTION,LARRY BROWN,Inside City Limits,238190,Contractor-General/Building Exterior,,00:00.0,d6035272-a91d-4a83-b7f6-ebe8253447e4,5417877915,1252,6TH,,SE,ST,,SUITE 8,GRANTS PASS,OR,97526,28:54.0,BTAX-041704-09-2025,28:54.0
"LAURA ERKENEFF, LMFT", ,Inside City Limits,624190,Social Svcs-Individual & Family Svcs,,00:00.0,33e37174-31e5-4624-9c87-4b7868554e44,5412958722,215,6TH,,SE,ST,,#210,GRANTS PASS,OR,97526,29:25.0,BTAX-040565-06-2025,29:25.0
LAURA M JOHNSON DDS PC,LAURA JOHNSON,Inside City Limits,621210,Medical-Dentist,ALLEN CREEK DENTAL,00:00.0,8ab13d0a-e30c-4260-83ec-50e5b1b44133,5414762200,1002,RAMSEY,,,AVE,,,GRANTS PASS,OR,97527,53:53.0,BTAX-041777-09-2025,53:53.0
LAURA M JOHNSON DDS PC, ,Inside City Limits,621210,Medical-Dentist,ALLEN CREEK DENTAL,00:00.0,8ab13d0a-e30c-4260-83ec-50e5b1b44133,5414762200,1002,RAMSEY,,,AVE,,,GRANTS PASS,OR,97527,53:53.0,BTAX-041777-09-2025,53:53.0
LAURENCE J SMITH RENTALS      ,STEPHANIE SMITH,Inside City Limits,531110,Rental Units/Landlord,,00:00.0,2A5B31E1-5F91-4131-8026-BF969E9DC76A,5414760449,350,GLENWOOD,,E,ST,, ,GRANTS PASS,OR,97527,48:09.0,BTAX-042553-01-2026,48:09.0
LAURENCE J SMITH RENTALS      , ,Inside City Limits,531110,Rental Units/Landlord,,00:00.0,2A5B31E1-5F91-4131-8026-BF969E9DC76A,5414760449,350,GLENWOOD,,E,ST,, ,GRANTS PASS,OR,97527,48:09.0,BTAX-042553-01-2026,48:09.0
LAVENDER LANE ESSENTIALS,DEANNA & TIMOTHY BYERS,Inside City Limits,453220,Retail-Gift & Novelty Store,,00:00.0,76cb69ed-d19e-4641-88c4-50c36c9fddef,5419375784,543,E,,NE,ST,,UNIT 102,GRANTS PASS,OR,97526,26:54.0,BTAX-042722-02-2026,26:54.0
LAVENDER LANE ESSENTIALS, ,Inside City Limits,453220,Retail-Gift & Novelty Store,,00:00.0,76cb69ed-d19e-4641-88c4-50c36c9fddef,5419375784,543,E,,NE,ST,,UNIT 102,GRANTS PASS,OR,97526,26:54.0,BTAX-042722-02-2026,26:54.0
LEAH K'S SPECIALTY DETAILING  ,LEAH  KEENEY,Inside City Limits,811192,Car Wash & Detailing,,00:00.0,E9D1E9CD-A789-4C5F-9848-AFF79B507C18,5414762332,1271,TOBIN,,SE,CT,, ,GRANTS PASS,OR,97527,09:56.0,BTAX-041612-09-2025,09:56.0
LEE'S MINI STORAGE            , RV'S MOBILE WORLD INC         ,Inside City Limits,493110,Storage & General Warehousing,,00:00.0,6A065782-AB7A-4C35-BBFD-E63B07A37265,5414762772,1249,ROGUE RIVER,, ,Hwy,, ,GRANTS PASS,OR,97527,11:02.0,BTAX-040932-07-2025,11:02.0
LEGACY MUSIC ENTERTAINMENT    ,PAMELA  DULONG,Inside City Limits,451140,Retail-Music/Instruments & Supplies,,00:00.0,E3DDB731-8588-4A08-AA83-14689A011A98,5416599126,730,SAVAGE,,NE,ST,, ,GRANTS PASS,OR,,12:59.0,BTAX-041819-09-2025,12:59.0
LEMOSS ENTERPRISES INC,SHARON EMFINGER,Inside City Limits,531110,Rental Units/Landlord,,00:00.0,27199ebc-9f27-4d12-b431-16a150c58226,5414795074,1437,VIEW,,NE,DR,, ,GRANTS PASS,OR,97526,25:44.0,BTAX-041994-10-2025,25:44.0
LEMOSS ENTERPRISES INC, ,Inside City Limits,531110,Rental Units/Landlord,,00:00.0,27199ebc-9f27-4d12-b431-16a150c58226,5414795074,1437,VIEW,,NE,DR,, ,GRANTS PASS,OR,97526,25:44.0,BTAX-041994-10-2025,25:44.0
LES SCHWAB TIRE CENTER        , CORPORATION (LES SCHWAB)      ,Inside City Limits,441320,Retail-Tire Dealer,,00:00.0,E4DB973C-67C0-44DF-A30E-CD1751EB0794,5414792671,1694,6TH,,NW,ST,, ,GRANTS PASS,OR,97526,22:53.0,BTAX-041908-10-2025,22:53.0
LES SCHWAB TIRE CENTER #263   , LES SCHWAB TIRE CORPORATION   ,Inside City Limits,441320,Retail-Tire Dealer,,00:00.0,4A8F4981-F6E6-4C59-9CA1-F4A0D29B9407,5419555200,320,UNION,, ,AVE,, ,GRANTS PASS,OR,97527,09:49.0,BTAX-040687-07-2025,09:49.0
LET IT FLY GOLF LLC           ,LINDA  EDWARDS,Inside City Limits,451110,Retail-Sporting Goods,LET IT FLY SPORTS,00:00.0,16FB78C8-2DB2-4598-A73B-4AD74FB30D96,5416602044,959,BUENA VISTA,, ,LN,, ,GRANTS PASS,OR,97527,17:42.0,BTAX-041275-08-2025,17:42.0
LET THERE BE LIGHT ELECTRIC, ,Inside City Limits,238210,Contractor-Electrical,,00:00.0,42f9e447-63c0-4e36-aa26-bc72bce46e91,8009207573,2312,WYNDHAM,,SE,WAY,, ,GRANTS PASS,OR,97527,19:47.0,BTAX-040701-07-2025,19:47.0
LET THERE BE LIGHT ELECTRIC,KEVIN GAMBUCCI,Inside City Limits,238210,Contractor-Electrical,,00:00.0,42f9e447-63c0-4e36-aa26-bc72bce46e91,8009207573,2312,WYNDHAM,,SE,WAY,, ,GRANTS PASS,OR,97527,19:47.0,BTAX-040701-07-2025,19:47.0
LIBERTY AUTOMOTIVE LLC        ,WILLIAM COX,Inside City Limits,811111,Auto-General Repair,,00:00.0,AC062FAD-951F-47B4-80DE-EAEF0B91ECE5,5419563003,520,E,,NE,ST,, ,GRANTS PASS,OR,97526,31:01.0,BTAX-042951-03-2026,31:01.0
LIEBERMAN GROUP INC, ,Inside City Limits,541611,Consulting Service,,00:00.0,17044c9a-38f5-4853-beb8-9c8161f01fc5,5417610551,1590,N,,SE,ST,, ,GRANTS PASS,OR,97526,22:06.0,BTAX-041769-09-2025,22:06.0
LIEBERMAN GROUP INC,ROBERT LIEBERMAN,Inside City Limits,541611,Consulting Service,,00:00.0,17044c9a-38f5-4853-beb8-9c8161f01fc5,5417610551,1590,N,,SE,ST,, ,GRANTS PASS,OR,97526,22:06.0,BTAX-041769-09-2025,22:06.0
LIMITLESS AUTO SALES LLC,JONATHAN LEONARD,Inside City Limits,441120,Auto-Used Car Dealer,,00:00.0,66b0fede-2d76-4b84-84f4-676be8af43e7,5417611130,317,G,,SE,ST,,,GRANTS PASS,OR,97526,13:16.0,BTAX-042652-01-2026,13:16.0
LIMITLESS AUTO SALES LLC,KALEB FISHER,Inside City Limits,441120,Auto-Used Car Dealer,,00:00.0,66b0fede-2d76-4b84-84f4-676be8af43e7,5417611130,317,G,,SE,ST,,,GRANTS PASS,OR,97526,13:16.0,BTAX-042652-01-2026,13:16.0
LIMITLESS AUTO SALES LLC,JONATHAN LEONARD,Inside City Limits,441120,Auto-Used Car Dealer,,00:00.0,66b0fede-2d76-4b84-84f4-676be8af43e7,5417611130,317,G,,SE,ST,,,GRANTS PASS,OR,97526,13:16.0,BTAX-042652-01-2026,13:16.0
LINCARE INC                   , CORPORATION-LINCARE INC       ,Inside City Limits,423450,Medical Equipment and Supplies Merchant,,00:00.0,A5F78010-A016-43C3-998B-AA65489DABE9,5417732211,3263,BIDDLE,,,RD,,,MEDFORD,OR,97504,59:49.0,BTAX-041027-07-2025,59:49.0
LINCOLN ROAD VETERINARY CLINIC, ,Inside City Limits,541940,Veterinary,LINCOLN ROAD VETERINARY LLC,00:00.0,2169e836-c326-4170-85ef-6ad14e8b9d2d,5414767769,585,LINCOLN,, ,RD,, ,GRANTS PASS,OR,97526,58:18.0,BTAX-042338-11-2025,58:18.0
LINCOLN ROAD VETERINARY CLINIC, ,Inside City Limits,541940,Veterinary,LINCOLN ROAD VETERINARY LLC,00:00.0,2169e836-c326-4170-85ef-6ad14e8b9d2d,5414767769,585,LINCOLN,, ,RD,, ,GRANTS PASS,OR,97526,58:18.0,BTAX-042338-11-2025,58:18.0
LINDA FUIDGE RENTALS,LINDA  FUIDGE,Inside City Limits,531110,Rental Units/Landlord,,00:00.0,BD79CAF6-6964-431F-B76A-77CAF7C558D5,5414795398,245,ERIC,, ,WAY,, ,GRANTS PASS,OR,97526,15:42.0,BTAX-040782-07-2025,15:42.0
LINDA HOLLINGSWORTH           ,LINDA  HOLLINGSWORTH,Inside City Limits,541211,Accountant-CPA,,00:00.0,63D586E7-1B84-46FC-B9C9-13CA6EA8D6A7,5414741372,109,PARK,,E,ST,,,GRANTS PASS,OR,97527,06:37.0,BTAX-042539-01-2026,06:37.0
LIPPARELLI RENTALS            ,DON & DONNA  LIPPARELLI,Inside City Limits,531110,Rental Units/Landlord,,00:00.0,0819F7A6-3AAA-403E-96A1-C40CAAD9ECDE,5414799872,130,TROLLVIEW,, ,RD,, ,GRANTS PASS,OR,97527,44:59.0,BTAX-041188-08-2025,44:59.0
LIPPERT'S CARPET ONE          ,WESLEY  LIPPERT,Inside City Limits,442210,Retail-Floor Coverings,,00:00.0,B34D9C85-A35D-408B-89D2-5B07C76EFF79,5414767641,1150,ROGUE RIVER,, ,HWY,, ,GRANTS PASS,OR,97527,10:16.0,BTAX-041483-08-2025,10:16.0
LIQUID TECHNOLOGIES LLC      ,ROBERT WHITE,Inside City Limits,339999,Manufacturing-Misc Manufacturing,RIVER WILD BOATS,00:00.0,0EAE5986-80EE-49E4-954C-861307AE807D,5419551970,1450,M,,SE,ST,, ,GRANTS PASS,OR,97526,47:22.0,BTAX-042295-11-2025,47:22.0
LISA CALLAHAN CPNP            ,LISA  CALLAHAN,Inside City Limits,621111,Medical-Physician,,00:00.0,5C8F762A-4632-4EF6-B2EF-7422DBA02B9B,5414720021,1601,6TH,,NE,ST,, ,GRANTS PASS,OR,97526,14:02.0,BTAX-042266-11-2025,14:02.0
LISA DIONNE LLC               , CLARK & HORBAN                ,Inside City Limits,812112,Beauty Salon,,00:00.0,26287BD6-F87F-4D22-A2AD-33B7349E4590,5412269828,223,HILLCREST,,NE,DR,,,GRANTS PASS,OR,97526,51:40.0,BTAX-042840-02-2026,51:40.0
LITHIA'S GRANTS PASS AUTO CENT,R BRAD  GRAY,Inside City Limits,441110,Auto-New Car Dealer,,00:00.0,A2B5DEDE-FF5D-4944-AB86-709A17941DC5,5414766684,1421,6TH,,NE,ST,, ,GRANTS PASS,OR,97526,23:49.0,BTAX-042324-11-2025,23:49.0
LITTLE SPROUTS PRESCHOOL      ,TERRESA  MUSSER,Inside City Limits,624410,Child Day Care,,00:00.0,4D98D7D9-8AAB-410C-8FC8-207E5BDB5697,5414711628,736,8TH,,NE,ST,, ,GRANTS PASS,OR,97526,56:30.0,BTAX-040816-07-2025,56:30.0
LLOYD'S QUALITY LANDSCAPE & MAINTENANCE,LLOYD  GEURIN,Inside City Limits,561730,Yard Services,,00:00.0,50EC68F2-6CA1-49E2-BA0E-30C1DB3A8078,5414745656,4888,JEROME PRAIRIE ,,,RD,, ,GRANTS PASS,OR,97527,52:47.0,BTAX-042157-10-2025,52:47.0
LOCAL BOYS AUTO SALES LLC     ,LUKE FRANKEL,Inside City Limits,441120,Auto-Used Car Dealer,,00:00.0,23C46E2E-B602-4E92-A7EF-13C4EDC1D373,5417616168,414,F,,NE,ST,, ,GRANTS PASS,OR,97526,12:29.0,BTAX-042122-10-2025,12:29.0
LOGAN DESIGN INC              ,LISA  WOODRUFF,Inside City Limits,238990,Sign Installation/Painting,,00:00.0,B6737FAF-8B61-4565-8872-51B958FCD545,5414747127,707,7TH,,SE,ST,,,GRANTS PASS,OR,97526,12:23.0,BTAX-042254-11-2025,12:23.0
LOOK SHARP,PARKER PASTRELL,Inside City Limits,561720,Window Cleaning Service,,00:00.0,4816f9da-1243-4a27-adf3-be44d4b0d270,,309,KENNEDY,,SW,WAY,,,GRANTS PASS,OR,97526,59:01.0,BTAX-040412-05-2025,59:01.0
LOS POSTRES ICE CREAM AND MORE, ,Inside City Limits,722515,Snack and Nonalcoholic Beverage Shop,,00:00.0,354416aa-31da-478d-a62b-2d8c11cc316a,7023368795,202,REDWOOD,, ,HWY,,STE B,GRANTS PASS,OR,97527,51:27.0,BTAX-040960-07-2025,51:27.0
LOS POSTRES ICE CREAM AND MORE,GABRIELA GUIZAR,Inside City Limits,722515,Snack and Nonalcoholic Beverage Shop,,00:00.0,354416aa-31da-478d-a62b-2d8c11cc316a,7023368795,202,REDWOOD,, ,HWY,,STE B,GRANTS PASS,OR,97527,51:27.0,BTAX-040960-07-2025,51:27.0
LOS TAQUITOS, ,Inside City Limits,722511,Restaurant,,00:00.0,5d1ccc07-7308-43d1-9269-f06f7875ab28,4582129931,304,AGNESS,,NE,AVE,,SUITE C,GRANTS PASS,OR,97526,06:01.0,BTAX-041602-09-2025,06:01.0
LOS TAQUITOS,JORGE AGUILAR,Inside City Limits,722511,Restaurant,,00:00.0,5d1ccc07-7308-43d1-9269-f06f7875ab28,4582129931,304,AGNESS,,NE,AVE,,SUITE C,GRANTS PASS,OR,97526,06:01.0,BTAX-041602-09-2025,06:01.0
LOST CREEK LLC,    ,Inside City Limits,722513,Limited-Service Restaurant,LUCKY LIZARD 2,00:00.0,a12b69fa-02c0-4a96-8cde-0dfe03fcd174,5414653966,261,ROGUE RIVER,, ,HWY,, ,GRANTS PASS,OR,97527,25:06.0,BTAX-042508-12-2025,25:06.0
LOST CREEK LLC,    ,Inside City Limits,722513,Limited-Service Restaurant,MARIO'S 2,NULL,8bee6ec7-5f5f-4a7d-a2ef-d86107e93b86,5414653966,1889,7TH,,NE,ST,,,GRANTS PASS,OR,97526,22:31.0,BTAX-042507-12-2025,22:31.0
LOST CREEK LLC,    ,Inside City Limits,722513,Limited-Service Restaurant,RIVER CITY,NULL,4df32530-7b4f-4a45-bfed-262d7db2fc97,5414653966,150,K,,SE,ST,, ,GRANTS PASS,OR,97526,27:15.0,BTAX-042509-12-2025,27:15.0
LOST CREEK LLC,    ,Inside City Limits,722513,Limited-Service Restaurant,PURPLE PARROT #4,NULL,297e6659-3ad2-4ee0-ac84-a0fc46ad16e6,5414653966,145,J,,SE,ST,,,GRANTS PASS,OR,97526,29:54.0,BTAX-042510-12-2025,29:54.0
"LOST RIVER HAY CO, LLC","TIM PARKS, CHANDLER O'GRADY ANGELA BENNETT",Inside City Limits,111940,Farming-Hay,,00:00.0,1220d526-1d58-4e8b-b1a9-2a4f68a27c4c,5418913324,2475,WILLIAMS,, ,HWY,, ,GRANTS PASS,OR,97527,33:40.0,BTAX-042403-12-2025,33:40.0
LOUIE MARTIN CONSTRUCTION LLC,LOUIS MARTIN CHERYL MARTIN,Inside City Limits,238190,Contractor-General/Building Exterior,,00:00.0,b41471ee-5916-459b-b0b1-a0bf07f00194,5416608847,811,A,,NE,ST,, ,GRANTS PASS,OR,97526,05:21.0,BTAX-042841-02-2026,05:21.0
"LOVELACE PROPERTIES, LLC",WILLIAM LOVELACE,Inside City Limits,238190,Contractor-General/Building Exterior,"LOVELACE PROPERTIES, LLC",00:00.0,2D83D95E-0FF0-487C-936E-DF6C5DF94A35,5414792112,910,D,,NE,ST,,SUITE 103,GRANTS PASS,OR,97526,34:26.0,BTAX-040710-07-2025,34:26.0
LOVELACE PROPERTIES/HARBECK VILLAGE, ,Inside City Limits,531311,Property Management,HARBECK VILLAGE APARTMENTS,00:00.0,461B9376-675A-4797-BA87-1315704E99C7,5414795520,1760,HARBECK,,,Rd,, ,GRANTS PASS,OR,97527,15:51.0,BTAX-041156-08-2025,15:51.0
LOWE FAMILY ENTERPRISES LLC  ,JAMES  LOWE,Inside City Limits,561499,Business Support Services-Misc,,00:00.0,D55CE392-4EC6-4F3C-A59A-0FA3DE4ACD6B,5416605035,3149,SOUTH RIVER,, ,RD,, ,GRANTS PASS,OR,97527,01:22.0,BTAX-042599-01-2026,01:22.0
"LRG RESTAURANT GROUP, LLC", ,Inside City Limits,722511,Restaurant,KENTUCKY FRIED CHICKEN,00:00.0,7fa9836c-ca23-4d7d-9280-06d7de151552,5412734639,280,BEACON,,NE,DR,, ,GRANTS PASS,OR,97526,10:52.0,BTAX-042516-12-2025,10:52.0
"LRG RESTAURANT GROUP, LLC", ,Inside City Limits,722511,Restaurant,KENTUCKY FRIED CHICKEN,00:00.0,7fa9836c-ca23-4d7d-9280-06d7de151552,5412734639,280,BEACON,,NE,DR,, ,GRANTS PASS,OR,97526,10:52.0,BTAX-042516-12-2025,10:52.0
LUCKY FEET SPA,YUPENG SUN,Inside City Limits,621399,Medical-Massage Therapy,,00:00.0,0c7492d0-a8c3-4a9d-909c-04f422528850,5417586996,1618,WILLIAMS,,,Hwy,,,GRANTS PASS,OR,97527,13:35.0,BTAX-040203-04-2025,13:35.0
LUCKY FEET SPA, ,Inside City Limits,621399,Medical-Massage Therapy,,00:00.0,0c7492d0-a8c3-4a9d-909c-04f422528850,5417586996,1618,WILLIAMS,,,Hwy,,,GRANTS PASS,OR,97527,13:35.0,BTAX-040203-04-2025,13:35.0
LUMEN TECHNOLOGIES,LUMEN/CENTURY LINK TECHNOLOGIES,Outside City Limits,517110,Telecommunication-Wireless Carrier,CENTURYLINK,00:00.0,5665E7CE-99CD-4419-9223-6E7CAC1D03F2,7208881000,205,MILL,,NE,ST,,,GRANTS PASS,OR,97526,38:02.0,BTAX-042201-11-2025,38:02.0
LUNG CLINIC - CENTER FOR SLEEP MEDICINE INC,CARLOS & CLAUDIA  MARCHINI,Inside City Limits,621111,Medical-Physician,,00:00.0,3F92F42D-E417-4886-9B5A-1E1BDDCD7393,5414716026,874,7TH,,NE,ST,, ,GRANTS PASS,OR,97526,41:20.0,BTAX-040693-07-2025,41:20.0
LYLE'S BARBER SHOP            ,BRIAN  MAZE,Inside City Limits,812111,Barber Shop,,00:00.0,BF9C11B3-8590-4075-AEDC-3BB996BD5DF4,,916,6TH,,SW,ST,, ,GRANTS PASS,OR,97526,48:27.0,BTAX-040703-07-2025,48:27.0
LYNN'S TRANSCRIPTION SERVICE  ,LYNN  VAN COUVERING,Inside City Limits,541990,Professional-Misc,,00:00.0,44320D5A-C105-44A2-B29F-139C1FE124DB,5419556661,1303,MARCY LOOP,,,RD,,,GRANTS PASS,OR,97527,12:04.0,BTAX-042618-01-2026,12:04.0
M & M SERVICES LLC,TODD  MARTHOSKI,Outside City Limits,238990,Contractor-Trade/Specialty,,00:00.0,6D5DC855-9F1C-4561-9FA9-78DDE4500940,5416188536,38,STAGE,,S,RD,,,MEDFORD,OR,97501,22:21.0,BTAX-040142-04-2025,22:21.0
M STREET MARKET               ,DAVID  WILLIAMS,Inside City Limits,452990,Retail-General Merchandise ,,00:00.0,F87F6D6C-1F60-466E-94A4-739C42B46D79,5414797506,1024,M,,SE,ST,,A,GRANTS PASS,OR,97526,20:30.0,BTAX-041703-09-2025,20:30.0
M V L ENTERPRISES INC,JEDEDIAH JESTER & CHRISTIN BRYK,Outside City Limits,541320,Landscaping Services,MOUNTAIN VIEW LANDSCAPING,00:00.0,DED1FDEB-C3A3-46E3-B22C-2372EF11DD16,5414740224,7016,NEW HOPE,,,RD,,,GRANTS PASS,OR,97527,41:07.0,BTAX-040754-07-2025,41:07.0
MA MOSA'S LLC                 ,JODI  HAINES,Inside City Limits,722511,Restaurant,MA MOSA'S,00:00.0,DF23CE78-031F-4EA5-B44B-0E8CC50AFFC5,5414790236,118,E,,NW,ST,, ,GRANTS PASS,OR,97526,24:28.0,BTAX-042139-10-2025,24:28.0
MAC GRAPHICALLY YOURS LLC    ,RENAE  MEDINA,Inside City Limits,541430,Graphic Design,,00:00.0,12758E09-0773-496B-9F97-470024142480,5414716310,611,7TH,,SE,ST,, ,GRANTS PASS,OR,97526,48:23.0,BTAX-042647-01-2026,48:23.0
MADHOUSE DESIGN LLC           ,"MICHAEL, DAVID & ALAN ANDERSON",Inside City Limits,454390,Retail-Misc Direct Selling Establishment,,00:00.0,0814EEC3-0706-441F-B9FE-9FFBF1078B55,5416609887,2143,SPALDING,,NE,AVE,, ,GRANTS PASS,OR,97526,08:55.0,BTAX-041640-09-2025,08:55.0
MAG IV INC                    ,"ANDY MAGERLE, TIM & JEN  KIM BALL",Inside City Limits,541213,Tax Preparation Services,LIBERTY TAX,00:00.0,4EE6A8B9-5F02-480D-946B-5FC704F550AE,5419550122,110,K,,SE,ST,,,GRANTS PASS,OR,97526,26:17.0,BTAX-041808-09-2025,26:17.0
MAG IV INC                    ,TIM & ANDY  MAGERLE,Inside City Limits,541213,Tax Preparation Services,LIBERTY TAX SERVICE,00:00.0,31A31609-BEE3-4AA1-8BC4-EC4B0B80DAB4,5419564415,1607,WILLIAMS,, ,HWY,, ,GRANTS PASS,OR,97527,21:17.0,BTAX-041807-09-2025,21:17.0
MAGAZINE EXCHANGE INC,ROGER BARRY,Inside City Limits,425120,Wholesale Agent,,00:00.0,5624BA24-050E-4559-8EF6-BDB61457D75F,5414797389,2165,INDUSTRY,,NE,DR,, ,GRANTS PASS,OR,97526,54:23.0,BTAX-040723-07-2025,54:23.0
MAGIC DONUTS AND COFFEE,ABEL QUIROZ CORTEZ,Inside City Limits,722513,Limited-Service Restaurant,,00:00.0,0cdedd4c-13db-4870-a3fd-4a25994ea94d,5035699550,945,D,,NE,ST,,,GRANTS PASS,OR,97526,15:49.0,BTAX-042567-01-2026,15:49.0
MAGIC DONUTS AND COFFEE, ,Inside City Limits,722513,Limited-Service Restaurant,,00:00.0,0cdedd4c-13db-4870-a3fd-4a25994ea94d,5035699550,945,D,,NE,ST,,,GRANTS PASS,OR,97526,15:49.0,BTAX-042567-01-2026,15:49.0
MAGIC MAN COSTUME & FUN SHOP  ,JOHN  HOPF,Inside City Limits,448150,Retail-Clothing & Accessories,,00:00.0,6844B5C6-637E-4A92-AB0E-AAAD76B4245A,5419564420,1624,WILLIAMS,,,Hwy,,,GRANTS PASS,OR,97527,48:10.0,BTAX-040690-07-2025,48:10.0
MAGIC MAN COSTUME & FUN SHOP  ,JOHN  HOPF,Inside City Limits,448150,Retail-Clothing & Accessories,,00:00.0,6844B5C6-637E-4A92-AB0E-AAAD76B4245A,5419564420,1624,WILLIAMS,,,Hwy,,,GRANTS PASS,OR,97527,48:10.0,BTAX-040690-07-2025,48:10.0
MAIL CALL, ,Inside City Limits,561431,Mail Center-Private,,00:00.0,931F07F3-BC45-4FBC-A3A6-8C7D5B680DEA,5414741748,233,ROGUE RIVER,, ,HWY,, ,GRANTS PASS,OR,97527,52:15.0,BTAX-041009-07-2025,52:15.0
MAIL CALL,LORI GEURIN,Inside City Limits,561431,Mail Center-Private,,00:00.0,931F07F3-BC45-4FBC-A3A6-8C7D5B680DEA,5414741748,233,ROGUE RIVER,, ,HWY,, ,GRANTS PASS,OR,97527,52:15.0,BTAX-041009-07-2025,52:15.0
"MAILBOX PLUS, LLC", ,Inside City Limits,491110,Postal Service,,00:00.0,df9e7609-2663-4729-baa6-a63cfb85ea50,5414794957,1051,6TH,,NE,ST,,STE C,GRANTS PASS,OR,97526,42:43.0,BTAX-040717-07-2025,42:43.0
"MAILBOX PLUS, LLC",CHELSEA MILNER,Inside City Limits,491110,Postal Service,,00:00.0,df9e7609-2663-4729-baa6-a63cfb85ea50,5414794957,1051,6TH,,NE,ST,,STE C,GRANTS PASS,OR,97526,42:43.0,BTAX-040717-07-2025,42:43.0
MALECON GRILL AND CANTINA LLC,PEDRO PEREZ ALVAREZ SUSANA RODRIGUEZ,Inside City Limits,722511,Restaurant,MALECON GRILL AND CANTINA,00:00.0,58589af4-dde7-4865-a828-893f9574e64a,5419555292,1305,6TH,,NE,ST,,,GRANTS PASS,OR,97526,25:33.0,BTAX-040166-04-2025,25:33.0
MARIA CARMEN LINDEMOOD        ,MARIA LINDEMOOD,Inside City Limits,561720,Cleaning Service,SUPER STAR CLEANING,00:00.0,0425398A-98AD-4B89-A4E2-AC5E5298F6E3,5416592665,5941,HIGHLAND,, ,AVE,, ,GRANTS PASS,OR,97526,23:43.0,BTAX-040178-04-2025,23:43.0
MARILYN IRVING INCOME TAX SERVICE,MARILYN IRVING,Inside City Limits,541213,Tax Preparation Services,,00:00.0,2CC0D5C1-DFAC-4C9E-8CBB-5E980E12A38C,5414791780,326,PLEASANT VIEW,,NW,DR,, ,GRANTS PASS,OR,97526,37:54.0,BTAX-040832-07-2025,37:54.0
MARKLAN LINNEMEYER LMT       ,MARKLAN  LINNEMEYER,Inside City Limits,621111,Medical-Physician,,00:00.0,F5F75430-A3FD-4768-9D73-441F7F03EECF,5416595362,1829,NEBRASKA,,,AVE,,,GRANTS PASS,OR,97527,08:23.0,BTAX-040683-07-2025,08:23.0
"MARZI, INC                    ",DUANE & BELINDA  MARZI,Inside City Limits,339999,Manufacturing-Misc Manufacturing,MARZI SINK FACTORY,00:00.0,F023BCC1-2CBA-4511-82FA-0750D6F73153,5414745030,2207,SPALDING,,NE,AVE,, ,GRANTS PASS,OR,97526,23:00.0,BTAX-041324-08-2025,23:00.0
MAS QUE CHIMI,TERANGY PENA,Inside City Limits,722511,Restaurant,,00:00.0,058aaae3-97e4-4235-99da-2fba718f0bd0,5414256020,1561,F,,NE,ST,,,GRANTS PASS,OR,97526,54:37.0,BTAX-041210-08-2025,54:37.0
MAS QUE CHIMI, ,Inside City Limits,722511,Restaurant,,00:00.0,058aaae3-97e4-4235-99da-2fba718f0bd0,5414256020,1561,F,,NE,ST,,,GRANTS PASS,OR,97526,54:37.0,BTAX-041210-08-2025,54:37.0
MASSAGE BY RUE,RUE LYON,Inside City Limits,621399,Medical-Massage Therapy,,00:00.0,fa6e2772-2199-4424-9095-a9815847120b,5414764616,2375,LOWER RIVER,, ,RD,, ,GRANTS PASS,OR,97526,57:29.0,BTAX-042691-01-2026,57:29.0
MASSAGE BY RUE, ,Inside City Limits,621399,Medical-Massage Therapy,,00:00.0,fa6e2772-2199-4424-9095-a9815847120b,5414764616,2375,LOWER RIVER,, ,RD,, ,GRANTS PASS,OR,97526,57:29.0,BTAX-042691-01-2026,57:29.0
MASSAGE ON F STREET, ,Inside City Limits,621399,Medical-Massage Therapy,,00:00.0,3036d6fd-b2be-4e44-89d0-18e193d6ac52,5419723568,226,F,,NW,ST,, ,GRANTS PASS,OR,97526,25:17.0,BTAX-042833-02-2026,25:17.0
MASSAGE ON F STREET,GRAEME CLARK,Inside City Limits,621399,Medical-Massage Therapy,,00:00.0,3036d6fd-b2be-4e44-89d0-18e193d6ac52,5419723568,226,F,,NW,ST,, ,GRANTS PASS,OR,97526,25:17.0,BTAX-042833-02-2026,25:17.0
MASTERBRAND CABINETS INC     , FORTUNE BRANDS HOME & SECURITY,Inside City Limits,321999,Manufacturing-Wood Products,,00:00.0,7CCD7230-658A-472C-9C00-8A32D3446EE0,5419568200,550,MILL,,SE,ST,, ,GRANTS PASS,OR,97526,04:15.0,BTAX-042197-11-2025,04:15.0
MATHEW TIBBITS PLUMBING       ,MATHEW TIBBITS,Outside City Limits,238220,Plumber,,00:00.0,9248DC06-5979-4893-ADB2-CF20149EAE3B,5416602293,2366,DOWELL,,,RD,,,GRANTS PASS,OR,97527,08:24.0,BTAX-042836-02-2026,08:24.0
MATSUKAZE                     ,"GRACE, JON & ANTHONY TAMASHIRO",Inside City Limits,722511,Restaurant,,00:00.0,03C9252A-AF88-408B-AED4-E5C5D7E8AC56,5414792961,1675,7TH,,NE,ST,,,GRANTS PASS,OR,97526,56:26.0,BTAX-041045-07-2025,56:26.0
MATTHEW M HILL DMD       ,MATTHEW HILL,Inside City Limits,621210,Medical-Dentist,,00:00.0,2B26A640-3178-4376-8B0B-D9DA1BEE3557,5414767725,114,JACKSON,,NE,ST,, ,GRANTS PASS,OR,97526,07:36.0,BTAX-040795-07-2025,07:36.0
MATTRESS FIRM INC,MAARTEN JAGER,Inside City Limits,442299,Retail-Home Furnishings ,MATTRESS FIRM #510029,00:00.0,674eb162-1c47-4851-a72e-4cbb88e1b855,5414790461,211,BEACON,,NE,DR,, ,GRANTS PASS,OR,97526,51:56.0,BTAX-040963-07-2025,51:56.0
MATTRESS FIRM INC,Twila Downing,Inside City Limits,442299,Retail-Home Furnishings ,MATTRESS FIRM #510029,00:00.0,674eb162-1c47-4851-a72e-4cbb88e1b855,5414790461,211,BEACON,,NE,DR,, ,GRANTS PASS,OR,97526,51:56.0,BTAX-040963-07-2025,51:56.0
MATTRESS FIRM INC,"SCOTT THOMPSON, DOUG MANKO",Inside City Limits,442299,Retail-Home Furnishings ,MATTRESS FIRM #510029,00:00.0,674eb162-1c47-4851-a72e-4cbb88e1b855,5414790461,211,BEACON,,NE,DR,, ,GRANTS PASS,OR,97526,51:56.0,BTAX-040963-07-2025,51:56.0
MAURICES INCORPORATED #2084   , MAURICES INCORPORATED         ,Inside City Limits,448150,Retail-Clothing & Accessories,,00:00.0,182D0BA3-8757-401A-87C9-81AFA587DE7B,5414794587,1070,E,,NE,ST,, ,GRANTS PASS,OR,97526,41:37.0,BTAX-041570-08-2025,41:37.0
MCDONALD'S OF GRANTS PASS #3318,GENE  HILL,Inside City Limits,722513,Limited-Service Restaurant,,00:00.0,D0B9ADDA-AEAB-4B2F-8893-FC6320DB9370,5414796333,1891,6TH,,NE,ST,, ,GRANTS PASS,OR,97526,34:56.0,BTAX-039870-02-2025,34:56.0
MCNAMARA'S PAINTING,GERALD MCNAMARA,Outside City Limits,238320,Painting & Wall Covering,,00:00.0,1bfce4dc-848d-47a3-8833-149551c8dfbf,7607171938,1950,DEMARAY,,,DR,,5,GRANTS PASS,OR,97527,44:23.0,BTAX-041773-09-2025,44:23.0
MEADE SURVEYING LLC,DANE MEADE,Inside City Limits,541370,Surveying/Mapping Services,,00:00.0,8dc1b3d1-c7d9-4d3f-8978-f4f84b8a0903,5412441871,233,B,,NE,ST,,200,GRANTS PASS,OR,97526,38:21.0,BTAX-042076-10-2025,38:21.0
MEADE SURVEYING LLC, ,Inside City Limits,541370,Surveying/Mapping Services,,00:00.0,8dc1b3d1-c7d9-4d3f-8978-f4f84b8a0903,5412441871,233,B,,NE,ST,,200,GRANTS PASS,OR,97526,38:21.0,BTAX-042076-10-2025,38:21.0
MEDICAL EYE CENTER            ,"JORIZZO, IMPERIA, OLIVIA & LEMLEY",Inside City Limits,621320,Medical-Optometrist,,00:00.0,B310E012-39BD-45A8-AB6E-88E4C35492AA,5416181421,881,7TH,,NE,ST,, ,GRANTS PASS,OR,97526,20:34.0,BTAX-041993-10-2025,20:34.0
MEDICAL OFFICE MAINTENANCE    ,LEONARD ARIAS,Inside City Limits,561720,Janitorial Services,,00:00.0,D2CEC891-189E-480C-A28D-D9107442C529,5419557167,366,INTERVALE,,W,RD,, ,GRANTS PASS,OR,97527,14:13.0,BTAX-042544-01-2026,14:13.0
MERISSA BURDEN,MERISSA BURDEN,Inside City Limits,812112,Beauty Salon,,00:00.0,ee799435-6968-4a1a-acca-6e854fa259de,5416596363,1931,REGINA,, ,WAY,, ,GRANTS PASS,OR,97527,51:13.0,BTAX-041192-08-2025,51:13.0
MERISSA BURDEN, ,Inside City Limits,812112,Beauty Salon,,00:00.0,ee799435-6968-4a1a-acca-6e854fa259de,5416596363,1931,REGINA,, ,WAY,, ,GRANTS PASS,OR,97527,51:13.0,BTAX-041192-08-2025,51:13.0
MET ONE INSTRUMENTS INC       ,THOMAS  POTTBERG,Inside City Limits,339999,Manufacturing-Misc Manufacturing,,00:00.0,39B8FCF7-CE00-426C-9BE0-825211DF48AF,3108490022,1600,WASHINGTON,,NW,BLVD,, ,GRANTS PASS,OR,97526,50:36.0,BTAX-041264-08-2025,50:36.0
"META PHYSICAL THERAPY & PILATES, LLC", ,Inside City Limits,621340,Physical Therapy,,00:00.0,4502b7c9-51f1-4b5d-97f9-2c568881d08a,5414502724,714,5TH,,NW,ST,, ,GRANTS PASS,OR,97526,14:44.0,BTAX-040382-05-2025,14:44.0
"META PHYSICAL THERAPY & PILATES, LLC",HEATHER HUCKERT,Inside City Limits,621340,Physical Therapy,,00:00.0,4502b7c9-51f1-4b5d-97f9-2c568881d08a,5414502724,714,5TH,,NW,ST,, ,GRANTS PASS,OR,97526,14:44.0,BTAX-040382-05-2025,14:44.0
METAL FINISHER'S INC, ,Inside City Limits,339999,Manufacturing-Misc Manufacturing,,00:00.0,1a0a4538-cc51-418b-9f5f-3b91268abdbc,5414791334,817,FOUNDRY,,SW,ST,, ,GRANTS PASS,OR,97526,46:28.0,BTAX-040682-07-2025,46:28.0
METAL FINISHER'S INC,ROBERT HODGE,Inside City Limits,339999,Manufacturing-Misc Manufacturing,,00:00.0,1a0a4538-cc51-418b-9f5f-3b91268abdbc,5414791334,817,FOUNDRY,,SW,ST,, ,GRANTS PASS,OR,97526,46:28.0,BTAX-040682-07-2025,46:28.0
METAL FINISHER'S INC,WILLIAM HODGE,Inside City Limits,339999,Manufacturing-Misc Manufacturing,,00:00.0,1a0a4538-cc51-418b-9f5f-3b91268abdbc,5414791334,817,FOUNDRY,,SW,ST,, ,GRANTS PASS,OR,97526,46:28.0,BTAX-040682-07-2025,46:28.0
METAL MASTERS INC            , ,Outside City Limits,238220,Contractor-HVAC Services,,00:00.0,BF4480C8-AEC3-4D1A-8CEB-28BDE0E79CAC,5417791049,1135,ANTHONY,,,WAY,,,WHITE CITY,OR,97503,09:57.0,BTAX-042559-01-2026,09:57.0
MEYER SIGN COMPANY OF OREGON INC,DENNIS  MEYER,Outside City Limits,238990,Sign Installation/Painting,,00:00.0,269D9F65-C3A8-436C-981F-A050BFE244BA,5036208200,15205,74TH,,SW,AVE,,,TIGARD,OR,97224,30:51.0,BTAX-042731-02-2026,30:51.0
MICHAEL BYRNE RENTALS         ,MICHAEL  BYRNE,Inside City Limits,531110,Rental Units/Landlord,,00:00.0,6C7EA0EC-2FB0-4119-8D6B-76581961322E,5416590897,302 & 306,D,,NE,ST,, ,GRANTS PASS,OR,97526,12:18.0,BTAX-042280-11-2025,12:18.0
"MICHAEL LIAM REYNOLDS, DDS, LLC", ,Inside City Limits,621210,Medical-Dentist,REYNOLDS FAMILY DENTISTRY,00:00.0,4025ed36-6c6c-4290-8eee-38df9ebdfdc2,5414717062,934,8TH,,NE,ST,, ,GRANTS PASS,OR,97526,43:18.0,BTAX-041391-08-2025,43:18.0
"MICHAEL LIAM REYNOLDS, DDS, LLC",MICHAEL L. REYNOLDS,Inside City Limits,621210,Medical-Dentist,REYNOLDS FAMILY DENTISTRY,00:00.0,4025ed36-6c6c-4290-8eee-38df9ebdfdc2,5414717062,934,8TH,,NE,ST,, ,GRANTS PASS,OR,97526,43:18.0,BTAX-041391-08-2025,43:18.0
MICHAEL S SAFKO PSY D,MICHAEL SAFKO,Inside City Limits,621112,Medical-Mental Health Specialist,,00:00.0,A1B2FF55-DA3D-4E96-8589-E5289F9ED0FF,5414718840,777,7TH,,NE,ST,, ,GRANTS PASS,OR,97526,18:09.0,BTAX-041702-09-2025,18:09.0
MICHAEL'S PLUMBING NW INC     ,MICHAEL & MEGAN  TOCH,Inside City Limits,238220,Plumber,,00:00.0,E2190A0C-CFEB-40DC-878D-6643D31FD60B,5416607490,615,L,,SE,ST,, ,GRANTS PASS,OR,97526,20:03.0,BTAX-040730-07-2025,20:03.0
MICHELLE TORREZ LMT           ,MICHELLE  TORREZ,Inside City Limits,621399,Medical-Massage Therapy,,00:00.0,04E1223C-DBB3-471D-AB57-0573674D9289,5412615027,1200,7TH,,NE,ST,,,GRANTS PASS,OR,97526,21:30.0,BTAX-040594-07-2025,21:30.0
MID ROGUE IMAGING CENTER      , MID ROGUE IMAGING CENTER      ,Inside City Limits,621512,Medical-Diagnostic Imaging Center,,00:00.0,67F1F39B-AD9D-47C7-864C-8CA07AAB1135,5414725154,1619,HAWTHORNE,,NW,AVE,, ,GRANTS PASS,OR,97526,14:24.0,BTAX-041430-08-2025,14:24.0
MIDLAND EMPIRE INSURANCE AGENCY INC,LAWTON LESUEUR,Inside City Limits,524210,Insurance Agency & Brokerages,,00:00.0,ac2d4088-aa90-464a-bfa5-9ba0b56ff2ae,5414767715,814,4TH,,SW,ST,, ,GRANTS PASS,OR,97526,26:12.0,BTAX-041562-08-2025,26:12.0
MIDLAND EMPIRE INSURANCE AGENCY INC, ,Inside City Limits,524210,Insurance Agency & Brokerages,,00:00.0,ac2d4088-aa90-464a-bfa5-9ba0b56ff2ae,5414767715,814,4TH,,SW,ST,, ,GRANTS PASS,OR,97526,26:12.0,BTAX-041562-08-2025,26:12.0
MIDLAND EMPIRE INSURANCE AGENCY INC,LANCE LESUEUR,Inside City Limits,524210,Insurance Agency & Brokerages,,00:00.0,ac2d4088-aa90-464a-bfa5-9ba0b56ff2ae,5414767715,814,4TH,,SW,ST,, ,GRANTS PASS,OR,97526,26:12.0,BTAX-041562-08-2025,26:12.0
MIGHTY BITES, ,Inside City Limits,812910,Pet Care Services,,00:00.0,8f94f320-e4dd-4e7a-8dd2-2ea8d2ac6884,2097699794,454,IRENA,,,RD,,,GRANTS PASS,OR,97526,29:33.0,BTAX-041809-09-2025,29:33.0
MIGHTY BITES,SHANNON BIFANO,Inside City Limits,812910,Pet Care Services,,00:00.0,8f94f320-e4dd-4e7a-8dd2-2ea8d2ac6884,2097699794,454,IRENA,,,RD,,,GRANTS PASS,OR,97526,29:33.0,BTAX-041809-09-2025,29:33.0
MIKAYLA GATT LMT,MIKAYLA GATT,Inside City Limits,621399,Medical-Massage Therapy,,00:00.0,2d36f2b1-1fed-4382-88c0-0fa1e1bad30c,5416593275,740,RANCHO VISTA,,,DR,,,GRANTS PASS,OR,97526,38:08.0,BTAX-042946-03-2026,38:08.0
MIKAYLA GATT LMT, ,Inside City Limits,621399,Medical-Massage Therapy,,00:00.0,2d36f2b1-1fed-4382-88c0-0fa1e1bad30c,5416593275,740,RANCHO VISTA,,,DR,,,GRANTS PASS,OR,97526,38:08.0,BTAX-042946-03-2026,38:08.0
MIKE'S CUSTOM TOYS            ,MICHAEL  CARRERA,Inside City Limits,811111,Auto-General Repair,,00:00.0,D40C72BB-C481-4155-B172-DB986E184E1B,5412958012,2751,HIGHLAND,,NW,AVE,,,GRANTS PASS,OR,97526,54:18.0,BTAX-040656-07-2025,54:18.0
MILL STREET CAR WASH          ,SHIRLEY  SAMMIS,Inside City Limits,811192,Car Wash & Detailing,,00:00.0,94E74ECC-DB7A-46EF-B487-26D503656E0D,5414795354,599,F,,NE,ST,, ,GRANTS PASS,OR,97526,21:18.0,BTAX-041306-08-2025,21:18.0
MILL STREET MINI STORAGE      ,JIM & JODI  SALYER,Inside City Limits,493110,Storage & General Warehousing,,00:00.0,6F9E62C3-5E08-4023-A290-3C34D5341983,5414792361,696,J,,SE,ST,, ,GRANTS PASS,OR,97526,50:19.0,BTAX-040814-07-2025,50:19.0
MILLER'S SHADY OAKS INC, MILLER'S SHADY OAKS INC       ,Inside City Limits,722511,Restaurant,WILD RIVER BREWING & PIZZA,00:00.0,6914124E-8B9D-4FCF-AF57-9256F9AB6D63,5414717487,595,E,,NE,ST,, ,GRANTS PASS,OR,97526,59:49.0,BTAX-040980-07-2025,59:49.0
MILLER'S SHADY OAKS INC       , MILLER'S SHADY OAKS INC       ,Inside City Limits,722511,Restaurant,WILD RIVER PUB,00:00.0,01D4E168-ABD1-481A-8611-B0B13F24D837,5414744456,533,F,,NE,ST,, ,GRANTS PASS,OR,97526,02:15.0,BTAX-040981-07-2025,02:15.0
MINDY'S CLEANING SOLUTIONS, ,Outside City Limits,561720,Cleaning Service,,00:00.0,56de6c62-3027-4cbb-a127-c9d1f7e62245,5412448120,5480,JUMP OFF JOE CREEK,, ,RD,, ,GRANTS PASS,OR,97526,43:44.0,BTAX-042195-11-2025,43:44.0
MINDY'S CLEANING SOLUTIONS,MINDY DORMAN,Outside City Limits,561720,Cleaning Service,,00:00.0,56de6c62-3027-4cbb-a127-c9d1f7e62245,5412448120,5480,JUMP OFF JOE CREEK,, ,RD,, ,GRANTS PASS,OR,97526,43:44.0,BTAX-042195-11-2025,43:44.0
MINI PET MART                 ,DAVID  WILLIAMS,Inside City Limits,453910,Retail-Pets & Pet Supplies,,00:00.0,7C363014-08E9-4B14-9FFE-014FF036DC2E,5414797506,1072,ROGUE RIVER,, ,HWY,,,GRANTS PASS,OR,97527,11:28.0,BTAX-041417-08-2025,11:28.0
MINI PET MART                 ,DAVID  WILLIAMS,Inside City Limits,453910,Retail-Pets & Pet Supplies,,00:00.0,72D5C5B8-2369-490C-A8B4-45E1C80F07B9,5414797506,876,6TH,,NW,ST,, ,GRANTS PASS,OR,97526,30:00.0,BTAX-040709-07-2025,30:00.0
MINI PET MART INC             ,DAVID  WILLIAMS,Inside City Limits,453910,Retail-Pets & Pet Supplies,NEWS & SMOKES,00:00.0,0F15BE64-E34B-415C-B7E4-251119746146,5414797506,1060,M,,SE,ST,, ,GRANTS PASS,OR,97526,37:00.0,BTAX-040727-07-2025,37:00.0
MIRROR IMAGE                  ,VALENTINA VELEA,Inside City Limits,812112,Beauty Salon,,00:00.0,8DC89F29-F30C-4A1F-84AD-B2C35C3E6A1D,5417612939,940,ROGUE RIVER,, ,HWY,, ,GRANTS PASS,OR,97527,03:10.0,BTAX-040733-07-2025,03:10.0
MISS ANGEL PHOTOGRAPHY        ,ANGELA  SABIN-VEEK,Inside City Limits,541921,Photography,,00:00.0,7F03EA9F-9130-448E-A99A-3D4F188D8D73,5416601521,208,STONE FLY,,NW,CT,, ,GRANTS PASS,OR,97526,28:01.0,BTAX-041280-08-2025,28:01.0
MISS ANN'S KIDDIE KORNER LLC, ,Inside City Limits,624410,Child Day Care,,00:00.0,a0ad2030-7f35-4daf-bbf9-09c64d18c5af,54187430153,1117,GREENWOOD,,SW,AVE,, ,GRANTS PASS,OR,97526,13:18.0,BTAX-040347-05-2025,13:18.0
MISS ANN'S KIDDIE KORNER LLC,ANNE-MARIE HOLLOWAY,Inside City Limits,624410,Child Day Care,,00:00.0,a0ad2030-7f35-4daf-bbf9-09c64d18c5af,54187430153,1117,GREENWOOD,,SW,AVE,, ,GRANTS PASS,OR,97526,13:18.0,BTAX-040347-05-2025,13:18.0
MISS CASSIDEY'S DAYCARE,CASSIDEY  WILLIAMS,Inside City Limits,624410,Child Day Care,,00:00.0,912c54a3-41f8-488b-ba0c-b936943a2712,5416595052,952,CENTRAL,,SW,AVE,, ,GRANTS PASS,OR,97526,16:20.0,BTAX-041107-08-2025,16:20.0
MISS CASSIDEY'S DAYCARE, ,Inside City Limits,624410,Child Day Care,,00:00.0,912c54a3-41f8-488b-ba0c-b936943a2712,5416595052,952,CENTRAL,,SW,AVE,, ,GRANTS PASS,OR,97526,16:20.0,BTAX-041107-08-2025,16:20.0
"MISS HEATHERS PRESCHOOL, DAYCARE & AFTER SCHOOL CARE",HEATHER  MARTIN,Inside City Limits,624410,Child Day Care,,00:00.0,08FE47CA-8AA1-4F68-853C-D232CAF808A3,5414790240,1720,REDWOOD,, ,AVE,, ,GRANTS PASS,OR,97527,32:08.0,BTAX-040218-04-2025,32:08.0
MITCH ARNOLD CONSTRUCTION INC,MITCH ARNOLD,Inside City Limits,238190,Contractor-General/Building Exterior,,00:00.0,6301DAAA-E205-48A8-B7A7-E9E0A9BE8062,5414714301,199,BLACK OAK,,,DR,,,GRANTS PASS,OR,97527,50:08.0,BTAX-041191-08-2025,50:08.0
MITCH ARNOLD CONSTRUCTION INC,MITCH  ARNOLD,Inside City Limits,238190,Contractor-General/Building Exterior,,00:00.0,6301DAAA-E205-48A8-B7A7-E9E0A9BE8062,5414714301,199,BLACK OAK,,,DR,,,GRANTS PASS,OR,97527,50:08.0,BTAX-041191-08-2025,50:08.0
MOBILE WASH OF AMERICA        ,MELTON K & MARY  BECK,Inside City Limits,811192,Car Wash & Detailing,,00:00.0,1F483B02-A5DD-4876-A3CE-ED1AA193F86C,5414741245,701,CYPRESS,,SW,ST,, ,GRANTS PASS,OR,97526,46:09.0,BTAX-041166-08-2025,46:09.0
MOBRO SOIL LLC,BRIDGET STUTZMAN,Inside City Limits,444220,Retail-Farm Supplies,,00:00.0,26fe6518-b860-4737-9cf8-94854492c7d9,5414794862,1750,DOWELL,, ,RD,, ,GRANTS PASS,OR,97527,51:48.0,BTAX-042025-10-2025,51:48.0
MOBRO SOIL LLC, ,Inside City Limits,444220,Retail-Farm Supplies,,00:00.0,26fe6518-b860-4737-9cf8-94854492c7d9,5414794862,1750,DOWELL,, ,RD,, ,GRANTS PASS,OR,97527,51:48.0,BTAX-042025-10-2025,51:48.0
MOBRO SOIL LLC,DUSTIN STUTZMAN,Inside City Limits,444220,Retail-Farm Supplies,,00:00.0,26fe6518-b860-4737-9cf8-94854492c7d9,5414794862,1750,DOWELL,, ,RD,, ,GRANTS PASS,OR,97527,51:48.0,BTAX-042025-10-2025,51:48.0
MOCK'S FORD SALES INC         , CARR/MOCK/MOCK/MOCK/MOCK      ,Inside City Limits,811111,Auto-General Repair,MOCK'S FORD BODY SHOP,00:00.0,0E60B9DB-476E-4C6A-B864-34746786E794,5414766656,2185,SPALDING,,NE,AVE,, ,GRANTS PASS,OR,97526,06:58.0,BTAX-041087-08-2025,06:58.0
MOCK'S FORD SALES INC,"GENE CARR,  GENE, BARBARA, DON & GAILMOCK",Inside City Limits,441310,Retail-Automotive Parts & Accessories,,00:00.0,176D2EC4-B0F3-43A9-B02A-92F3025BD4BA,5414766656,913,6TH,,SE,ST,, ,GRANTS PASS,OR,97526,04:52.0,BTAX-041086-08-2025,04:52.0
MOD PIZZA, ,Inside City Limits,722513,Limited-Service Restaurant,,00:00.0,c070972f-b634-4404-b786-1b7cc2393607,8887706637,200,TERRY,,NE,LN,,A,GRANTS PASS,OR,97526,47:03.0,BTAX-040190-04-2025,47:03.0
MOD PIZZA, ,Inside City Limits,722513,Limited-Service Restaurant,,00:00.0,c070972f-b634-4404-b786-1b7cc2393607,8887706637,200,TERRY,,NE,LN,,A,GRANTS PASS,OR,97526,47:03.0,BTAX-040190-04-2025,47:03.0
MODERN ELECTRIC INC,DANIEL PARRISH,Outside City Limits,238210,Contractor-Electrical,,00:00.0,008b1b00-9423-4bb5-b2a0-2689202012e5,5417787999,518,FIR,,S,ST,,,MEDFORD,OR,97501,54:14.0,BTAX-042966-03-2026,54:14.0
MODERN ELECTRIC INC,DANIEL PARRISH,Outside City Limits,238210,Contractor-Electrical,,00:00.0,008b1b00-9423-4bb5-b2a0-2689202012e5,5417787999,518,FIR,,S,ST,,,MEDFORD,OR,97501,54:14.0,BTAX-042966-03-2026,54:14.0
MOHUN INC                     ,KEVIN MICHAEL  KISSLING,Inside City Limits,561510,Travel Agency,BAYAREA TRAVEL,00:00.0,3E363AFA-D35D-4871-ACC6-9C8E5602F8BF,6506971570,970,DONEEN,,SW,LN,, ,GRANTS PASS,OR,97526,20:03.0,BTAX-040649-07-2025,20:03.0
MONICA BROERMAN               ,MONICA  BROERMAN,Inside City Limits,541611,Consulting Service,ML BROERMAN,00:00.0,21CBCD0E-04DB-4098-BFAA-C46E7C7E378A,5414747657,1376,MOON GLO,, ,DR,, ,GRANTS PASS,OR,97527,52:33.0,BTAX-040528-06-2025,52:33.0
MONTAGE ORIENTAL MEDICINE LLC,SANG MONTAGE,Inside City Limits,621111,Medical-Physician,,00:00.0,e80aac36-bd2a-47e5-a021-0d79c4827336,5417083953,228,B,,NW,ST,,SUITE A,GRANTS PASS,OR,97526,19:44.0,BTAX-040323-05-2025,19:44.0
MONTAGE ORIENTAL MEDICINE LLC, ,Inside City Limits,621111,Medical-Physician,,00:00.0,e80aac36-bd2a-47e5-a021-0d79c4827336,5417083953,228,B,,NW,ST,,SUITE A,GRANTS PASS,OR,97526,19:44.0,BTAX-040323-05-2025,19:44.0
MOORE MANOR APARTMENTS, ,Inside City Limits,531110,Rental Units/Landlord,,00:00.0,dd553f2c-add9-447c-a50b-aa8f5cb65025,5032225550,500,ANDERSON,,NE,ST,,A,GRANTS PASS,OR,97526,55:25.0,BTAX-042400-12-2025,55:25.0
MOORE MANOR APARTMENTS, ,Inside City Limits,531110,Rental Units/Landlord,,00:00.0,dd553f2c-add9-447c-a50b-aa8f5cb65025,5032225550,500,ANDERSON,,NE,ST,,A,GRANTS PASS,OR,97526,55:25.0,BTAX-042400-12-2025,55:25.0
MORGAN LANE MOBILE #124, ,Inside City Limits,447190,Gas Station,,00:00.0,13fdd8c2-a239-484d-b096-68ea078631d9,5414790207,104,MORGAN,,NE,LN,, ,GRANTS PASS,OR,97526,58:41.0,BTAX-041488-08-2025,58:41.0
MORGAN LANE MOBILE #124,SALAHEDDIN HASSAN,Inside City Limits,447190,Gas Station,,00:00.0,13fdd8c2-a239-484d-b096-68ea078631d9,5414790207,104,MORGAN,,NE,LN,, ,GRANTS PASS,OR,97526,58:41.0,BTAX-041488-08-2025,58:41.0
MORGAN LODGING LLC,TOM BECKER & BILL BAGLEY,Inside City Limits,721110,Hotel/Motel,HAMPTON INN & SUITES,00:00.0,120d0a16-1fa2-442e-bbe4-47b2fa3e4d6f,5414745690,110,MORGAN,,NE,LN,, ,GRANTS PASS,OR,97526,10:56.0,BTAX-042612-01-2026,10:56.0
MORGAN LODGING LLC, ,Inside City Limits,721110,Hotel/Motel,HAMPTON INN & SUITES,00:00.0,120d0a16-1fa2-442e-bbe4-47b2fa3e4d6f,5414745690,110,MORGAN,,NE,LN,, ,GRANTS PASS,OR,97526,10:56.0,BTAX-042612-01-2026,10:56.0
MORGAN TAX & ACCOUNTING PC,MIKAH MORGAN,Inside City Limits,541200,Other Accounting Services,,00:00.0,5c3f73f2-a9b2-4be0-b7a5-b9028edacf1b,5414745617,221,D,,NE,ST,,,GRANTS PASS,OR,97526,06:14.0,BTAX-042617-01-2026,06:14.0
MORGAN TAX & ACCOUNTING PC, ,Inside City Limits,541200,Other Accounting Services,,00:00.0,5c3f73f2-a9b2-4be0-b7a5-b9028edacf1b,5414745617,221,D,,NE,ST,,,GRANTS PASS,OR,97526,06:14.0,BTAX-042617-01-2026,06:14.0
MORRISON FAMILY LLC,PAMELA MORRISON,Inside City Limits,531110,Rental Units/Landlord,MORRISON RENTALS,00:00.0,6E711AFB-28FC-47A8-97F2-167F67C386BA,5414799761,816,E,,NE,ST,, ,GRANTS PASS,OR,97526,21:49.0,BTAX-041694-09-2025,21:49.0
MORROW'S VINTAGE HOUSE PARTS  ,JOEL  MORROW,Inside City Limits,453310,Retail-Thrift Store,,00:00.0,7AB5B373-AC64-47BE-B44D-619F17142C84,,142,H,,SE,ST,,,GRANTS PASS,OR,97526,47:05.0,BTAX-040648-07-2025,47:05.0
MOSER PAVING INC              ,C J  MOSER III,Inside City Limits,237310,"Const-Highway, Street & Bridge",,00:00.0,7CEBEB1F-66C3-4681-8364-882B9CEA393D,5414792424,650,REDWOOD,, ,HWY,, ,GRANTS PASS,OR,97527,13:03.0,BTAX-041349-08-2025,13:03.0
MOTEL 6 GRANTS PASS, ,Inside City Limits,721110,Hotel/Motel,MOTEL 6,00:00.0,10729ddb-d0d8-469f-bfd9-2fe8edcbeda7,9095254040,1800,7TH,,NE,ST,, ,GRANTS PASS,OR,97526,30:05.0,BTAX-042775-02-2026,30:05.0
MOTEL 6 GRANTS PASS,KUMAR KONERU,Inside City Limits,721110,Hotel/Motel,MOTEL 6,00:00.0,10729ddb-d0d8-469f-bfd9-2fe8edcbeda7,9095254040,1800,7TH,,NE,ST,, ,GRANTS PASS,OR,97526,30:05.0,BTAX-042775-02-2026,30:05.0
MOTION MATRIX                 ,LISA & MARK  AUSTIN,Inside City Limits,713940,Fitness Center,,00:00.0,4B83CD80-F88E-43BC-BBA5-670410D6DA80,5419564985,2051,HAWTHORNE,,NW,AVE,, ,GRANTS PASS,OR,97526,19:56.0,BTAX-042113-10-2025,19:56.0
MOUNTAIN ALLOYS CORPORATION   ,RONALD  CRUME,Inside City Limits,339999,Manufacturing-Misc Manufacturing,,00:00.0,DAE328D0-52A4-4F13-8B29-ADAB54A1EAFC,5414799755,201,10TH,,SE,ST,,,GRANTS PASS,OR,97526,51:48.0,BTAX-041414-08-2025,51:48.0
MOUNTAIN SPRING BOTTLED WATER ,JEFFREY P  CAMPBELL,Inside City Limits,424490,Soft Drink Merchant Wholesaler,,00:00.0,5803B573-534D-4F6B-97E4-AFE27F7F38AA,5414767384,135,CAMBRIDGE,, ,DR,, ,GRANTS PASS,OR,97526,55:21.0,BTAX-040775-07-2025,55:21.0
MOUNTAIN VIEW RENTALS LLC, ,Inside City Limits,531110,Rental Units/Landlord,TREE MOUNTAIN RENTALS LLC,00:00.0,C515E00C-ED93-4DAE-B2C2-2CFC96D2D89E,5414743086,1037,N,,SE,ST,,,GRANTS PASS ,OR,97526,14:50.0,BTAX-041134-08-2025,14:50.0
MOUNTAIN VIEW RENTALS LLC,BARBARA CHANDLER,Inside City Limits,531110,Rental Units/Landlord,TREE MOUNTAIN RENTALS LLC,00:00.0,C515E00C-ED93-4DAE-B2C2-2CFC96D2D89E,5414743086,1037,N,,SE,ST,,,GRANTS PASS ,OR,97526,14:50.0,BTAX-041134-08-2025,14:50.0
MS. SHELLEY'S PRESCHOOL AND AFTERSCHOOL PROGRAM,SHELLEY & STANLEY  SCHRADIN,Inside City Limits,624410,Child Day Care,,00:00.0,DFE749E4-2A55-4F97-8C0A-F7AAD587450C,5414749652,791,WINDSOR,,NW,DR,, ,GRANTS PASS,OR,97526,53:41.0,BTAX-040939-07-2025,53:41.0
MUCHAS GRACIAS WM,JOSE RAMIREZ AGUILAR,Inside City Limits,722511,Restaurant,,00:00.0,7ca32501-1e57-4f07-ba57-44413e2a8457,5208201707,135,TERRY,,NE,LN,, ,GRANTS PASS,OR,97526,25:19.0,BTAX-042368-12-2025,25:19.0
MUCHAS GRACIAS WM,ELVIA RAMIREZ,Inside City Limits,722511,Restaurant,,00:00.0,7ca32501-1e57-4f07-ba57-44413e2a8457,5208201707,135,TERRY,,NE,LN,, ,GRANTS PASS,OR,97526,25:19.0,BTAX-042368-12-2025,25:19.0
MUCHAS GRACIAS WM, ,Inside City Limits,722511,Restaurant,,00:00.0,7ca32501-1e57-4f07-ba57-44413e2a8457,5208201707,135,TERRY,,NE,LN,, ,GRANTS PASS,OR,97526,25:19.0,BTAX-042368-12-2025,25:19.0
"MULTI-SITE MANAGEMENT, LLC", ,Inside City Limits,447190,Gas Station,MSM 532,00:00.0,6CCB6AA3-00AC-4FF5-A094-B148FEA7CDC8,7606074511,1094,E,,NE,ST,, ,GRANTS PASS,OR,97526,57:32.0,BTAX-042615-01-2026,57:32.0
MURF'S MARVELOUS PANCAKES,SHERI  MURPHY,Inside City Limits,722511,Restaurant,,00:00.0,F997505D-9DD7-4483-B97C-B8F078895BC5,5416604261,1863,WASHINGTON,,,BLVD,, ,GRANTS PASS,OR,97526,47:46.0,BTAX-041559-08-2025,47:46.0
MURPHY PLUMBING LLC,MIKE & CONNIE  MURPHY,Inside City Limits,238220,Plumber,,00:00.0,76E36CD5-61E8-47DB-AAB6-4C342DC2BEEE,5414761974,235,UNION,, ,AVE,, ,GRANTS PASS,OR,97527,50:52.0,BTAX-041025-07-2025,50:52.0
MUSASHI                       ,RICHARD  HOWARD,Inside City Limits,722511,Restaurant,,00:00.0,4274DA53-7289-4059-B911-C294BF36A83F,5419558848,220,H,,SW,ST,, ,GRANTS PASS,OR,97526,41:30.0,BTAX-041164-08-2025,41:30.0
MV MUAU THAI AND PERSONAL TRAINING,MARC VITALI,Inside City Limits,713940,Fitness Center,,00:00.0,dea76b0e-1ff8-43cc-aa02-0a8b2d7b092c,5412269257,200,REDWOOD,,,HWY,, ,GRANTS PASS,OR,97527,47:28.0,BTAX-042622-01-2026,47:28.0
MV MUAU THAI AND PERSONAL TRAINING, ,Inside City Limits,713940,Fitness Center,,00:00.0,dea76b0e-1ff8-43cc-aa02-0a8b2d7b092c,5412269257,200,REDWOOD,,,HWY,, ,GRANTS PASS,OR,97527,47:28.0,BTAX-042622-01-2026,47:28.0
"MY HEARING CENTERS, LLC",DAVID LARSEN,Inside City Limits,453998,All Other Miscellaneous Store Retailers (Except Tobacco Stores),,00:00.0,bd2e6c3d-9f22-4434-a21c-1c8c155592a7,8014466380,1833,NEBRASKA,,,AVE,,D,GRANTS PASS,OR,97527,23:08.0,BTAX-041503-08-2025,23:08.0
N STREET APARTMENTS           ,MARGARET  MARTIN,Inside City Limits,531110,Rental Units/Landlord,,00:00.0,705A983D-BBF3-4758-B3FC-80349444A9C1,7023282353,1416,N,,SE,ST,,,GRANTS PASS,OR,97526,49:53.0,BTAX-041339-08-2025,49:53.0
"N.C. ELLIS CONSTRUCTION, LLC",NORMAN ELLIS,Inside City Limits,238190,Contractor-General/Building Exterior,,00:00.0,ac202c49-2b33-4197-a542-71e6271ee5d3,5417875775,1954,SUN VIEW,,NW,PL,, ,GRANTS PASS,OR,97526,11:30.0,BTAX-042041-10-2025,11:30.0
"N.C. ELLIS CONSTRUCTION, LLC", ,Inside City Limits,238190,Contractor-General/Building Exterior,,00:00.0,ac202c49-2b33-4197-a542-71e6271ee5d3,5417875775,1954,SUN VIEW,,NW,PL,, ,GRANTS PASS,OR,97526,11:30.0,BTAX-042041-10-2025,11:30.0
NANCY A HUEBSCH LMT          ,NANCY HUEBSCH,Inside City Limits,621399,Medical-Massage Therapy,,00:00.0,DEAB22C1-6408-49C2-99EC-34DF7D9EE9F1,5414747827,595,HARBECK,,W,RD,, ,GRANTS PASS,OR,97527,56:40.0,BTAX-040776-07-2025,56:40.0
"NANCY OSTER-COURTNEY, AUDIT & ACCOUNTING CONSULTING",NANCY  OSTER-COURTNEY,Inside City Limits,541211,Accountant-CPA,,00:00.0,BFD20FF8-6CA3-47E6-9447-5C47D6AAE142,5418520444,1329,ANNABELLE,, ,LN,, ,GRANTS PASS,OR,97527,28:27.0,BTAX-040922-07-2025,28:27.0
NANCY RANDOLPH, ,Inside City Limits,623990,Medical-Residential Care Facility,,00:00.0,f044c9ec-0966-4d1c-818b-9f3b8febed75,5416136986,2713,ELMER NELSON,,SW,LN,, ,GRANTS PASS,OR,97527,04:11.0,BTAX-042624-01-2026,04:11.0
NANCY RANDOLPH,NANCY RANDOLPH,Inside City Limits,623990,Medical-Residential Care Facility,,00:00.0,f044c9ec-0966-4d1c-818b-9f3b8febed75,5416136986,2713,ELMER NELSON,,SW,LN,, ,GRANTS PASS,OR,97527,04:11.0,BTAX-042624-01-2026,04:11.0
NAPIER & NAPIER P.C.,BARRETT NAPIER,Inside City Limits,621320,Medical-Optometrist,CENTRAL EYES OPTOMETRY,00:00.0,d3b12630-8fbc-44cd-952f-a77eae8ca2d9,5412370030,1891,7TH,,NE,ST,,,GRANTS PASS,OR,97526,19:04.0,BTAX-042583-01-2026,19:04.0
NAPIER & NAPIER P.C.,APRIL NAPIER,Inside City Limits,621320,Medical-Optometrist,CENTRAL EYES OPTOMETRY,00:00.0,d3b12630-8fbc-44cd-952f-a77eae8ca2d9,5412370030,1891,7TH,,NE,ST,,,GRANTS PASS,OR,97526,19:04.0,BTAX-042583-01-2026,19:04.0
NAPIER & NAPIER P.C., ,Inside City Limits,621320,Medical-Optometrist,CENTRAL EYES OPTOMETRY,00:00.0,d3b12630-8fbc-44cd-952f-a77eae8ca2d9,5412370030,1891,7TH,,NE,ST,,,GRANTS PASS,OR,97526,19:04.0,BTAX-042583-01-2026,19:04.0
NATALIE AND BILL GLADBACH, ,Inside City Limits,531110,Rental Units/Landlord,,00:00.0,ba36920f-f886-4d2e-ac8e-843a37307795,5412448100,1147,LEE,,SW,LN,, ,GRANTS PASS,OR,97526,14:54.0,BTAX-040516-06-2025,14:54.0
NATALIE AND BILL GLADBACH,NATALIE AND BILL GLADBACH,Inside City Limits,531110,Rental Units/Landlord,,00:00.0,ba36920f-f886-4d2e-ac8e-843a37307795,5412448100,1147,LEE,,SW,LN,, ,GRANTS PASS,OR,97526,14:54.0,BTAX-040516-06-2025,14:54.0
NATUROPATHIC MEDICAL CLINIC PC,KRISTEN  PLUNKETT,Inside City Limits,621111,Medical-Physician,,00:00.0,9F6B5861-DCE6-4AB1-AE6D-AE6F84E7591C,5414762916,1200,7TH,,NE,ST,, ,GRANTS PASS,OR,97526,07:53.0,BTAX-040919-07-2025,07:53.0
"NAUTILUS SHELL, LLC",DAVID WILLHITE,Inside City Limits,999999,Crafts & Hobbies,POTTERY CANVAS & STONE,00:00.0,06f4d806-4fc9-4458-9358-3c2c4e097558,5416604772,130,F,,NE,ST,,,GRANTS PASS,OR,97526,31:15.0,BTAX-041108-08-2025,31:15.0
"NAUTILUS SHELL, LLC", ,Inside City Limits,999999,Crafts & Hobbies,POTTERY CANVAS & STONE,00:00.0,06f4d806-4fc9-4458-9358-3c2c4e097558,5416604772,130,F,,NE,ST,,,GRANTS PASS,OR,97526,31:15.0,BTAX-041108-08-2025,31:15.0
NEILSON RESEARCH CORPORATION  ,JOHN  NEILSON,Inside City Limits,541380,Laboratory,,00:00.0,B838F86C-D934-4FAD-B504-4903AD368CD4,5417705678,400,G,,SE,ST,,,GRANTS PASS,OR,97526,55:00.0,BTAX-040899-07-2025,55:00.0
NEKO SUSHI LLC,HANDY & JENNY CIAMI HANDOKO CUACA,Inside City Limits,722511,Restaurant,,00:00.0,76b63d3e-ab5b-4687-a406-94d78b9a059a,5415075230,941,7TH,,SE,ST,, ,GRANTS PASS,OR,97526,22:29.0,BTAX-042480-12-2025,22:29.0
NELSON R MALER                ,NELSON MALER,Inside City Limits,523999,Finance-Investment Activities,,00:00.0,B326B722-61AF-4CC4-8721-C61AB6745702,5416186425,1051,6TH,,NE,ST,, ,GRANTS PASS,OR,97526,52:57.0,BTAX-040672-07-2025,52:57.0
NERAK CO,JIM  KEARNEY,Outside City Limits,453910,Retail-Pets & Pet Supplies,,00:00.0,75a2bd6a-c08f-4cce-9d2d-75dd02ac13f7,5417617941,7611,REDWOOD,,,,,,GRANTS PASS,,97527,28:36.0,BTAX-042585-01-2026,28:36.0
NERAK CO, ,Outside City Limits,453910,Retail-Pets & Pet Supplies,,00:00.0,75a2bd6a-c08f-4cce-9d2d-75dd02ac13f7,5417617941,7611,REDWOOD,,,,,,GRANTS PASS,,97527,28:36.0,BTAX-042585-01-2026,28:36.0
NEW HORIZONS IN WELLNESS      ,DAWN  HILLMAN,Inside City Limits,621112,Medical-Mental Health Specialist,,00:00.0,057089D7-CAFE-448C-9654-E9855C4BF3EE,5416592129,432,6TH,,NW,ST,, ,GRANTS PASS,OR,97526,59:04.0,BTAX-040766-07-2025,59:04.0
"NEW LIEF PHOTOGRAPHY, LLC",AMBER KERRICK,Inside City Limits,541921,Photography,,00:00.0,db47976a-0fd3-49c3-b45a-554e393e593e,5416739865,305,E,,NE,ST,,,GRANTS PASS,OR,97526,17:08.0,BTAX-040522-06-2025,17:08.0
"NEW LIEF PHOTOGRAPHY, LLC",AMBER KERRICK,Inside City Limits,541921,Photography,,00:00.0,db47976a-0fd3-49c3-b45a-554e393e593e,5416739865,305,E,,NE,ST,,,GRANTS PASS,OR,97526,17:08.0,BTAX-040522-06-2025,17:08.0
NEW MEDICINE COLLABORATIVE LLC,DR. MIRANDA COSTA,Inside City Limits,621111,Medical-Physician,,00:00.0,4a087e16-764e-436c-94a1-7cad97d8e2f2,5416553870,1100,7TH,,NE,ST,,C,GRANTS PASS,OR,97526,32:46.0,BTAX-040194-04-2025,32:46.0
NEW MEDICINE COLLABORATIVE LLC, ,Inside City Limits,621111,Medical-Physician,,00:00.0,4a087e16-764e-436c-94a1-7cad97d8e2f2,5416553870,1100,7TH,,NE,ST,,C,GRANTS PASS,OR,97526,32:46.0,BTAX-040194-04-2025,32:46.0
NEXCOM LLC,ROBERT MILLER,Outside City Limits,238190,Contractor-General/Building Exterior,,00:00.0,a35fbda6-7b22-44ed-abf6-08af383f53b2,5414644000,2141,AIRPORT,,NE,RD,,,ROSEBURG,OR,97470,26:22.0,BTAX-042257-11-2025,26:22.0
NEXCOM LLC,ROBERT & JACKIE MILLER,Outside City Limits,238190,Contractor-General/Building Exterior,,00:00.0,a35fbda6-7b22-44ed-abf6-08af383f53b2,5414644000,2141,AIRPORT,,NE,RD,,,ROSEBURG,OR,97470,26:22.0,BTAX-042257-11-2025,26:22.0
NIC LEBRUN ART LLC, ,Inside City Limits,812199,Tattoo/Piercing Shop,SUB ROSA TATTOO,00:00.0,b84394f5-f9d8-4302-bce1-1cbbcf6513b4,5414507001,111,A,,NE,ST,, ,GRANTS PASS,OR,97526,23:28.0,BTAX-042087-10-2025,23:28.0
NIC LEBRUN ART LLC,NICOLAS LEBRUN,Inside City Limits,812199,Tattoo/Piercing Shop,SUB ROSA TATTOO,00:00.0,b84394f5-f9d8-4302-bce1-1cbbcf6513b4,5414507001,111,A,,NE,ST,, ,GRANTS PASS,OR,97526,23:28.0,BTAX-042087-10-2025,23:28.0
"NICE DATA, LLC",KAREN JACKSON,Inside City Limits,541519,Computer Services,NICE DATA,00:00.0,5b9d771b-3c33-4289-9fc3-1aa1c819998c,6178352212,1867,WILLIAMS,, ,HWY,,SUITE 279,GRANTS PASS,OR,97527,43:46.0,BTAX-042876-03-2026,43:46.0
"NICE DATA, LLC", ,Inside City Limits,541519,Computer Services,NICE DATA,00:00.0,5b9d771b-3c33-4289-9fc3-1aa1c819998c,6178352212,1867,WILLIAMS,, ,HWY,,SUITE 279,GRANTS PASS,OR,97527,43:46.0,BTAX-042876-03-2026,43:46.0
NIGHTSHADE TATTOO,ANNICK LOCKSHAW,Inside City Limits,812199,Tattoo/Piercing Shop,,00:00.0,f46d185e-daac-448c-9b2f-c4b65a99a411,5415905741,531,E,,NE,ST,,A,GRANTS PASS,OR,97526,43:37.0,BTAX-042174-10-2025,43:37.0
NIGHTSHADE TATTOO, ,Inside City Limits,812199,Tattoo/Piercing Shop,,00:00.0,f46d185e-daac-448c-9b2f-c4b65a99a411,5415905741,531,E,,NE,ST,,A,GRANTS PASS,OR,97526,43:37.0,BTAX-042174-10-2025,43:37.0
NOBLE HEIGHTS ADULT RESIDENTIAL CARE HOME,STEPHEN GREEN,Inside City Limits,623990,Medical-Residential Care Facility,,00:00.0,70e264b5-0dfc-4833-bbe7-0fd7af624675,5419555171,1562,NOBLE HEIGHTS,,NE, ,, ,GRANTS PASS,OR,97526,44:22.9,BTAX-033725-01-2023,00:00.0
NOBLE HEIGHTS ADULT RESIDENTIAL CARE HOME,STEPHEN GREEN,Inside City Limits,623990,Medical-Residential Care Facility,,00:00.0,70e264b5-0dfc-4833-bbe7-0fd7af624675,5419555171,1562,NOBLE HEIGHTS,,NE, ,, ,GRANTS PASS,OR,97526,25:09.0,BTAX-042935-03-2026,25:09.0
NOBLE HEIGHTS ADULT RESIDENTIAL CARE HOME, ,Inside City Limits,623990,Medical-Residential Care Facility,,00:00.0,70e264b5-0dfc-4833-bbe7-0fd7af624675,5419555171,1562,NOBLE HEIGHTS,,NE, ,, ,GRANTS PASS,OR,97526,44:22.9,BTAX-033725-01-2023,00:00.0
NOBLE HEIGHTS ADULT RESIDENTIAL CARE HOME, ,Inside City Limits,623990,Medical-Residential Care Facility,,00:00.0,70e264b5-0dfc-4833-bbe7-0fd7af624675,5419555171,1562,NOBLE HEIGHTS,,NE, ,, ,GRANTS PASS,OR,97526,25:09.0,BTAX-042935-03-2026,25:09.0
NOR CAL OIL INC               ,"M. WEBB, J DAHL &  B HICKS",Inside City Limits,811191,Auto-Oil Change/Lubrication Shop,PREMIER OIL CHANGE,00:00.0,DD94B9EE-D1FB-42F8-882F-B784BCB86982,5414762520,840,E,,NE,ST,, ,GRANTS PASS,OR,97526,20:12.0,BTAX-041433-08-2025,20:12.0
NORTH COAST ELECTRIC COMPANY  , CORPORATION                   ,Inside City Limits,221122,Electric Company,,00:00.0,547E09BF-34DE-4E16-B776-88AC201120E0,2064429898,952,M,,SE,ST,,,GRANTS PASS,OR,97526,15:45.0,BTAX-042399-12-2025,15:45.0
NORTHRIDGE ENTERPRISES LLC   ,GARY JANTZER,Inside City Limits,238190,Contractor-General/Building Exterior,,00:00.0,86F7A78B-776E-439B-A04A-F818BFF8FC64,5414721100,2200,INDUSTRY,,NE,WAY,, ,GRANTS PASS,OR,97526,09:13.0,BTAX-040864-07-2025,09:13.0
NORTHWEST FAMILY PRACTICE LLC, ,Inside City Limits,621111,Medical-Physician,,00:00.0,732531b8-3d19-47ea-af9d-2992b12fd24d,5419165500,1600,6TH,,NW,ST,,,GRANTS PASS,OR,97526,17:29.0,BTAX-041509-08-2025,17:29.0
NORTHWEST FAMILY PRACTICE LLC,"GAIL GILTNER, FNP-C",Inside City Limits,621111,Medical-Physician,,00:00.0,732531b8-3d19-47ea-af9d-2992b12fd24d,5419165500,1600,6TH,,NW,ST,,,GRANTS PASS,OR,97526,17:29.0,BTAX-041509-08-2025,17:29.0
NORTHWEST WASH PROS LLC,SEAN FERGUSON,Inside City Limits,561790,Pressure Washing,,00:00.0,b43b72cb-05dc-44e3-92c3-e6e498072048,5412000630,695,J,,SE,ST,,,GRANTS PASS,OR,97526,15:19.0,BTAX-040726-07-2025,15:19.0
NORTHWEST WASH PROS LLC, ,Inside City Limits,561790,Pressure Washing,,00:00.0,b43b72cb-05dc-44e3-92c3-e6e498072048,5412000630,695,J,,SE,ST,,,GRANTS PASS,OR,97526,15:19.0,BTAX-040726-07-2025,15:19.0
NOVASANA LLC,JULIAN CANGILOSE,Inside City Limits,621399,Medical-Massage Therapy,,00:00.0,a3965d46-73ba-48cb-abf6-5cb197e3dae3,5412499912,1300,G,,SW,ST,, ,GRANTS PASS,OR,97526,32:36.0,BTAX-040227-04-2025,32:36.0
NOVASANA LLC,NICK BAIDA,Inside City Limits,621399,Medical-Massage Therapy,,00:00.0,a3965d46-73ba-48cb-abf6-5cb197e3dae3,5412499912,1300,G,,SW,ST,, ,GRANTS PASS,OR,97526,32:36.0,BTAX-040227-04-2025,32:36.0
NOVASANA LLC, ,Inside City Limits,621399,Medical-Massage Therapy,,00:00.0,a3965d46-73ba-48cb-abf6-5cb197e3dae3,5412499912,1300,G,,SW,ST,, ,GRANTS PASS,OR,97526,32:36.0,BTAX-040227-04-2025,32:36.0
NOVESKE RIFLEWORKS LLC        ,LORINA  NOVESKE,Inside City Limits,451110,Retail-Gun Dealer,,00:00.0,001AC74C-5145-4388-94BA-DF7291245E52,5414796117,1624,N,,SE,ST,,4C,GRANTS PASS,OR,97526,21:56.0,BTAX-042003-10-2025,21:56.0
NOVESKE RIFLEWORKS LLC, ,Inside City Limits,332994,Gun Manufacturer,,00:00.0,a1ead944-bb95-4f1c-b14d-ee175343c419,5414796117,1634,N,,SE,ST,,5C,GRANTS PASS,OR,97526,36:00.0,BTAX-042005-10-2025,36:00.0
NOVESKE RIFLEWORKS LLC        ,LORINA  NOVESKE,Inside City Limits,451110,Retail-Gun Dealer,,00:00.0,39B8B19E-66B9-48BC-AFDA-3FBBC507CA27,5414796117,1644,N,,SE,ST,,6F,GRANTS PASS,OR,97526,29:59.0,BTAX-042004-10-2025,29:59.0
NOVESKE RIFLEWORKS LLC,LORINA NOVESKE,Inside City Limits,332994,Gun Manufacturer,,00:00.0,a1ead944-bb95-4f1c-b14d-ee175343c419,5414796117,1634,N,,SE,ST,,5C,GRANTS PASS,OR,97526,36:00.0,BTAX-042005-10-2025,36:00.0
NUNN PROPERTIES LLC, ,Inside City Limits,531311,Property Management,,00:00.0,3ec59ac2-7be5-4c8e-a79d-b3fd9b45155c,5414761525,1151,WILLOW,,,LN,,,GRANTS PASS,OR,97527,48:02.0,BTAX-041657-09-2025,48:02.0
NUNN PROPERTIES LLC,MARCIA NUNN,Inside City Limits,531311,Property Management,,00:00.0,3ec59ac2-7be5-4c8e-a79d-b3fd9b45155c,5414761525,1151,WILLOW,,,LN,,,GRANTS PASS,OR,97527,48:02.0,BTAX-041657-09-2025,48:02.0
NW VENTURES DOWNTOWN LLC      ,LUKE  OZCELIK,Inside City Limits,447190,Gas Station,ARCO #04282,00:00.0,2C8D8A70-30B9-4D5E-B772-FDF1023AA2AB,5419556300,785,7TH,,SE,ST,, ,GRANTS PASS,OR,97526,07:17.0,BTAX-041248-08-2025,07:17.0
NWD INC  ,CALVIN  SCHMIDT,Inside City Limits,339999,Manufacturing-Misc Manufacturing,NORTHWESTERN DESIGN,00:00.0,0AAF53F9-2BD2-4802-9D49-8C840606695F,5414710900,605,J,,SE,ST,, ,GRANTS PASS,OR,97526,18:56.0,BTAX-041018-07-2025,18:56.0
"NWV GP 1, LLC",LUKE  OZCELIK,Inside City Limits,447190,Gas Station,ARCO AMPM #82931,00:00.0,ED8103A1-ADD7-49E4-808D-77AB03BA9163,5419688966,190,TERRY,,NE,LN,, ,GRANTS PASS,OR,97526,03:34.0,BTAX-041246-08-2025,03:34.0
O K BARBER SHOP               ,JUSTIN SCHNECK,Inside City Limits,812111,Barber Shop,,00:00.0,BE1A2B86-9B5D-459B-A498-E6FF7984BA6F,5414799622,103,D,,NE,ST,,,GRANTS PASS,OR,97526,02:47.0,BTAX-040595-07-2025,02:47.0
OAK KNOLL INC,VIRGIL HULL,Inside City Limits,812210,Funeral Home/Services,SOUTHERN OREGON CREMATION,00:00.0,4C3CB916-A83A-4E19-B812-68968743C3BA,5414764453,612,A,,NW,ST,, ,GRANTS PASS,OR,97526,52:03.0,BTAX-041214-08-2025,52:03.0
OAK KNOLL INC, ,Inside City Limits,812210,Funeral Home/Services,HULL & HULL FUNERAL DIRECTORS,00:00.0,FFA0B900-3B65-4D52-AB86-DCEB6584C59C,5414764453,612,A,,NW,ST,, ,GRANTS PASS,OR,97526,40:16.0,BTAX-041212-08-2025,40:16.0
OAK KNOLL INC,VIRGIL HULL,Inside City Limits,812210,Funeral Home/Services,HULL & HULL FUNERAL DIRECTORS,00:00.0,FFA0B900-3B65-4D52-AB86-DCEB6584C59C,5414764453,612,A,,NW,ST,, ,GRANTS PASS,OR,97526,40:16.0,BTAX-041212-08-2025,40:16.0
"OAK KNOLL, INC.",VIRGIL HULL,Inside City Limits,812220,Cemetery/Crematory,HAWTHORNE MEMORIAL GARDENS,00:00.0,D7D62332-1174-439C-A6C3-3050260EB5E3,5414765203,2500,UPPER RIVER,, ,RD,, ,GRANTS PASS,OR,97526,46:20.0,BTAX-041213-08-2025,46:20.0
OAK VIEW GARDENS               ,WILLIAM LOVELACE,Inside City Limits,623312,Medical-Assisted Living Facility/Elderly,,00:00.0,7F22DF9B-6D30-4E1F-82B9-C7FA8537DF90,5414792112,910,D,,NE,ST,, ,GRANTS PASS,OR,97526,28:25.0,BTAX-041158-08-2025,28:25.0
OCTAVIO RUIZ QUALITY YARD MAINTENANCE,OCTAVIO  RUIZ,Inside City Limits,561730,Yard Services,,00:00.0,0A68CA87-2FB9-43AB-95DB-1CF2D4519F88,5416605138,313,JONES CREEK,,W,RD,,,GRANTS PASS,OR,97526,37:02.0,BTAX-041234-08-2025,37:02.0
OLD HICKORY LIVING LLC, ,Inside City Limits,454390,Retail-Misc Direct Selling Establishment,,00:00.0,9ca682e2-0385-43f2-94bf-6197ef194354,5416606195,1880,7TH,,NE,ST,,,GRANTS PASS,OR,97526,08:16.0,BTAX-040768-07-2025,08:16.0
OLD HICKORY LIVING LLC,BELINDA LOONEY-ZELTVAY,Inside City Limits,454390,Retail-Misc Direct Selling Establishment,,00:00.0,9ca682e2-0385-43f2-94bf-6197ef194354,5416606195,1880,7TH,,NE,ST,,,GRANTS PASS,OR,97526,08:16.0,BTAX-040768-07-2025,08:16.0
OLD TIME WATCH & CLOCK SHOP   ,WARREN & TUYET  ROUSSEAU,Inside City Limits,448310,Retail-Jewelry Store,,00:00.0,3F2E199B-49D1-4C28-8163-E044FA8087FD,5414798084,629,6TH,,NE,ST,, ,GRANTS PASS,OR,97526,15:11.0,BTAX-041630-09-2025,15:11.0
OLD TOWN ANTIQUE MALL         ,KEVIN WALLIS,Inside City Limits,454390,Retail-Misc Direct Selling Establishment,,00:00.0,E7133B86-9753-4CCF-9DCD-88932E1C0FC4,5414747525,324,6TH,,SW,ST,, ,GRANTS PASS,OR,97526,18:29.0,BTAX-042902-03-2026,18:29.0
OLD TOWN ANTIQUE MALL         ,LISA WALLIS,Inside City Limits,454390,Retail-Misc Direct Selling Establishment,,00:00.0,E7133B86-9753-4CCF-9DCD-88932E1C0FC4,5414747525,324,6TH,,SW,ST,, ,GRANTS PASS,OR,97526,18:29.0,BTAX-042902-03-2026,18:29.0
OLD TOWN ANTIQUE MALL         , ,Inside City Limits,454390,Retail-Misc Direct Selling Establishment,,00:00.0,E7133B86-9753-4CCF-9DCD-88932E1C0FC4,5414747525,324,6TH,,SW,ST,, ,GRANTS PASS,OR,97526,18:29.0,BTAX-042902-03-2026,18:29.0
OLSEN DAINES PC,MATT CASPER,Inside City Limits,541110,Lawyer,,00:00.0,1aa7ff5a-eb4c-4630-b6d6-a4a05f215501,5033629393,1980,REDWOOD,, ,AVE,,,GRANTS PASS,OR,97527,52:27.0,BTAX-041774-09-2025,52:27.0
OLSEN DAINES PC,REX DAINES,Inside City Limits,541110,Lawyer,,00:00.0,1aa7ff5a-eb4c-4630-b6d6-a4a05f215501,5033629393,1980,REDWOOD,, ,AVE,,,GRANTS PASS,OR,97527,52:27.0,BTAX-041774-09-2025,52:27.0
OLSEN DAINES PC,"LARS OLSEN, REX DAINES",Inside City Limits,541110,Lawyer,,00:00.0,1aa7ff5a-eb4c-4630-b6d6-a4a05f215501,5033629393,1980,REDWOOD,, ,AVE,,,GRANTS PASS,OR,97527,52:27.0,BTAX-041774-09-2025,52:27.0
OLSEN DAINES PC,MATT CASPER,Inside City Limits,541110,Lawyer,,00:00.0,1aa7ff5a-eb4c-4630-b6d6-a4a05f215501,5033629393,1980,REDWOOD,, ,AVE,,,GRANTS PASS,OR,97527,52:27.0,BTAX-041774-09-2025,52:27.0
OLSEN DAINES PC, ,Inside City Limits,541110,Lawyer,,00:00.0,1aa7ff5a-eb4c-4630-b6d6-a4a05f215501,5033629393,1980,REDWOOD,, ,AVE,,,GRANTS PASS,OR,97527,52:27.0,BTAX-041774-09-2025,52:27.0
OLSSON INDUSTRIAL ELECTRIC INC,ERIC  OLSSON,Outside City Limits,238210,Contractor-Electrical,,00:00.0,7AC0FDD6-C6B0-400C-B9BC-ADDA12EAA888,5417478460,1919,LAURA,,,ST,,,SPRINGFEILD,OR,97477,50:35.0,BTAX-040995-07-2025,50:35.0
ON CAMPUS KIDS,AMY HARBOLDT,Inside City Limits,624410,Child Day Care,ON CAMPUS KIDS @ ALLENDALE ELEMENTARY,00:00.0,9390b555-01e8-42e5-bb29-adcef4d6f5d6,5415312406,2320,WILLIAMS ,,,HWY,,,GRANTS PASS,OR,97527,17:11.0,BTAX-041643-09-2025,17:11.0
ON CAMPUS KIDS ,AMY HARBOLDT,Inside City Limits,624410,Child Day Care,ON CAMPUS KIDS @ REDWOOD,00:00.0,5722d845-a2cf-4d6a-869f-901906ea5bf5,5415312406,3163,LEONARD ,,,RD,,,GRANTS PASS,OR,97526,38:54.0,BTAX-041707-09-2025,38:54.0
ON CAMPUS KIDS ,AMY  HARBOLDT,Inside City Limits,624410,Child Day Care,ON CAMPUS KIDS @ REDWOOD,00:00.0,5722d845-a2cf-4d6a-869f-901906ea5bf5,5415312406,3163,LEONARD ,,,RD,,,GRANTS PASS,OR,97526,38:54.0,BTAX-041707-09-2025,38:54.0
ON CAMPUS KIDS ,AMY  HARBOLDT,Inside City Limits,624110,Social Svcs-Child & Youth Facility,ON CAMPUS KIDS @ HIGHLAND ELEMENTARY,00:00.0,2abdb16b-70e4-4d52-8b7d-388553c2aa01,5415312406,1845,HIGHLAND,,NW,AVE,, ,GRANTS PASS,OR,97526,56:19.0,BTAX-040580-06-2025,56:19.0
ON CAMPUS KIDS ,AMY HARBOLDT,Inside City Limits,624110,Social Svcs-Child & Youth Facility,ON CAMPUS KIDS @ HIGHLAND ELEMENTARY,00:00.0,2abdb16b-70e4-4d52-8b7d-388553c2aa01,5415312406,1845,HIGHLAND,,NW,AVE,, ,GRANTS PASS,OR,97526,56:19.0,BTAX-040580-06-2025,56:19.0
ON CAMPUS KIDS ,AMY  HARBOLDT,Inside City Limits,624410,Child Day Care,ON CAMPUS KIDS @ RIVERSIDE,00:00.0,8ce568b1-c462-4f03-b3a9-5e8711b579e4,5415312406,1200,HARVEY,,SE,DR,,,GRANTS PASS ,OR,97526,18:25.0,BTAX-041637-09-2025,18:25.0
ON CAMPUS KIDS ,AMY  HARBOLDT,Inside City Limits,624110,Social Svcs-Child & Youth Facility,ON CAMPUS KIDS @ PARKSIDE ELEMENTARY,00:00.0,362f2007-34eb-46ac-aae5-d41dbf40066f,5415312406,735,WAGNER MEADOWS,,SW,DR,, ,GRANTS PASS,OR,97526,54:19.0,BTAX-040579-06-2025,54:19.0
ON CAMPUS KIDS ,AMY HARBOLDT,Inside City Limits,624110,Social Svcs-Child & Youth Facility,ON CAMPUS KIDS @ PARKSIDE ELEMENTARY,00:00.0,362f2007-34eb-46ac-aae5-d41dbf40066f,5415312406,735,WAGNER MEADOWS,,SW,DR,, ,GRANTS PASS,OR,97526,54:19.0,BTAX-040579-06-2025,54:19.0
ON CAMPUS KIDS ,AMY HARBOLDT,Inside City Limits,624110,Social Svcs-Child & Youth Facility,ON CAMPUS KIDS @ LINCOLN ELEMENTARY,00:00.0,d0bb917f-1136-4907-ae6b-8c2454d085d1,5415312406,1132,10TH,,NE,ST,, ,GRANTS PASS,OR,97526,51:57.0,BTAX-040578-06-2025,51:57.0
ON CAMPUS KIDS ,AMY  HARBOLDT,Inside City Limits,624110,Social Svcs-Child & Youth Facility,ON CAMPUS KIDS @ LINCOLN ELEMENTARY,00:00.0,d0bb917f-1136-4907-ae6b-8c2454d085d1,5415312406,1132,10TH,,NE,ST,, ,GRANTS PASS,OR,97526,51:57.0,BTAX-040578-06-2025,51:57.0
ON THE MARK PROPERTY INSPECTION,MARK GROVES,Inside City Limits,541350,Building Inspection Services,,00:00.0,A6E65484-FFD9-4759-A0F2-78403E21FCD0,5413733844,7310,APPLEGATE,,N,RD,,,GRANTS PASS,OR,97527,48:17.0,BTAX-042160-10-2025,48:17.0
ONE FAMILY MEDICAL GROUP, ,Inside City Limits,621111,Medical-Physician,,00:00.0,b62d959f-46e1-4252-8fb3-3a3243a462d8,5414745511,1619,HAWTHORNE,,NW,AVE,,STE 203,GRANTS PASS,OR,97526,00:42.0,BTAX-041952-10-2025,00:42.0
ONE FAMILY MEDICAL GROUP,"TORI RUMREY, NP-C",Inside City Limits,621111,Medical-Physician,,00:00.0,b62d959f-46e1-4252-8fb3-3a3243a462d8,5414745511,1619,HAWTHORNE,,NW,AVE,,STE 203,GRANTS PASS,OR,97526,00:42.0,BTAX-041952-10-2025,00:42.0
ONE MIND STUDIO   ,ASHLEY PHAIGH,Inside City Limits,621399,Medical-Massage Therapy,ONE MIND STUDIO OF ART AND BODYWORK,00:00.0,500143A1-D76E-4A6B-AEB5-CFE0E2B61417,5416602791,1607,WILLIAMS,, ,HWY,,#6,GRANTS PASS,OR,97527,27:48.0,BTAX-036333-11-2023,27:48.0
ONE MIND STUDIO   , ,Inside City Limits,621399,Medical-Massage Therapy,ONE MIND STUDIO OF ART AND BODYWORK,00:00.0,500143A1-D76E-4A6B-AEB5-CFE0E2B61417,5416602791,1607,WILLIAMS,, ,HWY,,#6,GRANTS PASS,OR,97527,27:48.0,BTAX-036333-11-2023,27:48.0
ONE-FIFTEEN BROILER LLC      ,BRET  MUSSELMAN,Inside City Limits,722511,Restaurant,,00:00.0,F54AD17F-3A27-4EB9-A170-D5BCF2940EEC,5414747115,115,D,,NW,ST,, ,GRANTS PASS,OR,97526,44:28.0,BTAX-042595-01-2026,44:28.0
OOGP INC, ,Inside City Limits,425120,Wholesale Agent,,00:00.0,a631621f-8188-4e43-8b0c-821cb244b005,5414794743,557,WESTBROOK,,NE,WAY,, ,GRANTS PASS,OR,97526,24:31.0,BTAX-042200-11-2025,24:31.0
OOGP INC, ,Inside City Limits,425120,Wholesale Agent,,00:00.0,a631621f-8188-4e43-8b0c-821cb244b005,5414794743,557,WESTBROOK,,NE,WAY,, ,GRANTS PASS,OR,97526,24:31.0,BTAX-042200-11-2025,24:31.0
OPENING DOORS REMODELING LLC ,DAVID  RIGGS,Inside City Limits,238190,Contractor-General/Building Exterior,,00:00.0,A969908B-A827-4C5F-AA98-5FC5198062B4,5417619396,1868,F,,NW,ST,, ,GRANTS PASS,OR,97526,23:56.0,BTAX-042384-12-2025,23:56.0
"OPTIMAL HEALTH OF SOUTHERN OREGON, LLC",WENDELL HEIDINGER MD,Inside City Limits,621111,Medical-Physician,,00:00.0,d888df52-42f9-46c6-a60c-49a9b9651020,5415071948,1600,6TH,,NW,ST,, ,GRANTS PASS,OR,97526,16:03.0,BTAX-040260-04-2025,16:03.0
"OPTIMAL HEALTH OF SOUTHERN OREGON, LLC", ,Inside City Limits,621111,Medical-Physician,,00:00.0,d888df52-42f9-46c6-a60c-49a9b9651020,5415071948,1600,6TH,,NW,ST,, ,GRANTS PASS,OR,97526,16:03.0,BTAX-040260-04-2025,16:03.0
OPTIONS FOR SOUTHERN OREGON,KARLA MCCAFFERTY   ,Inside City Limits,621112,Medical-Mental Health Specialist,,00:00.0,5C364A65-860C-4A51-96D0-FFB328D942AF,5414762373,1215,G,,SW,ST,, ,GRANTS PASS,OR,97526,00:45.0,BTAX-041566-08-2025,00:45.0
ORCHARD HILLS TRUST,RAY D & MAUREEN M  COLSON,Inside City Limits,531110,Rental Units/Landlord,,00:00.0,8A072614-906F-4E41-A3B7-4345D062C6DF,5414769150,1500,HIGHLAND,,NW,AVE,, ,GRANTS PASS,OR,97526,39:36.0,BTAX-041477-08-2025,39:36.0
"OREEGON HEALTH CARE GROUP, LLC", ,Inside City Limits,621610,Medical-Home Health Care Services,THREE RIVERS HOMECARE,00:00.0,46B4CE87-B636-4F62-A299-B36CD7D07338,5414766224,1867,WILLIAMS,,,HWY,,SUITE 109B,GRANTS PASS,OR,97527,44:38.0,BTAX-041217-08-2025,44:38.0
OREGON BEVERAGE RECYCLING COOPERATIVE, ,Inside City Limits,541990,Professional-Misc,BOTTLE DROP REDEMPTION CENTER,00:00.0,68911959-1946-4f9c-9d58-c9b171b645a9,5032222266,1040,ROGUE RIVER,, ,HWY,, ,GRANTS PASS,OR,97527,18:31.0,BTAX-042002-10-2025,18:31.0
OREGON BEVERAGE RECYCLING COOPERATIVE, ,Inside City Limits,541990,Professional-Misc,BOTTLE DROP REDEMPTION CENTER,00:00.0,68911959-1946-4f9c-9d58-c9b171b645a9,5032222266,1040,ROGUE RIVER,, ,HWY,, ,GRANTS PASS,OR,97527,18:31.0,BTAX-042002-10-2025,18:31.0
OREGON CALIFORNIA SUPPLY INC ,RUSSELL  GALLUP,Inside City Limits,454390,Retail-Misc Direct Selling Establishment,,00:00.0,436B85A7-9F08-4BB7-91E0-5325424C3551,5414795990,574,F,,NE,ST,, ,GRANTS PASS,OR,97527,48:40.0,BTAX-040773-07-2025,48:40.0
OREGON CREWE CUTTERS INC      ,SANTOS  GUERRA,Inside City Limits,813990,Organization-Misc,,00:00.0,8673B159-6D31-4907-BE6C-42FE28BD94B0,5414795663,1665,REDWOOD,, ,AVE,, ,GRANTS PASS,OR,97527,08:49.0,BTAX-041781-09-2025,08:49.0
OREGON FUTBOL ACADEMY,WILLIAM DANIELS,Inside City Limits,713990,Amusement/Recreation Misc,,00:00.0,619642fc-b831-477f-b478-1636c5171eba,5414711099,144,G,,SW,ST,, ,GRANTS PASS,OR,97526,18:54.0,BTAX-041523-08-2025,18:54.0
OREGON FUTBOL ACADEMY, ,Inside City Limits,713990,Amusement/Recreation Misc,,00:00.0,619642fc-b831-477f-b478-1636c5171eba,5414711099,144,G,,SW,ST,, ,GRANTS PASS,OR,97526,18:54.0,BTAX-041523-08-2025,18:54.0
OREGON HOME PERFORMANCE,GREG  CHANDLER,Inside City Limits,238310,Drywall & Insulation,SOUTHERN OREGON INSULATION LLC,00:00.0,78FD0340-068F-49B5-8879-218BCE8CACAF,5414761104,327,6TH,,NE,ST,,,GRANTS PASS,OR,97526,12:04.0,BTAX-040391-05-2025,12:04.0
OREGON PACIFIC FINANCIAL ADVISORS, ,Inside City Limits,525990,Finance-Misc Finance,,00:00.0,1ed9ab5b-cb54-4d85-b1ea-386cacb40ec6,5414744307,116,MANZANITA,,NE,AVE,, ,GRANTS PASS,OR,97526,11:14.0,BTAX-041240-08-2025,11:14.0
OREGON PACIFIC FINANCIAL ADVISORS,ROYAL STANDLEY,Inside City Limits,525990,Finance-Misc Finance,,00:00.0,1ed9ab5b-cb54-4d85-b1ea-386cacb40ec6,5414744307,116,MANZANITA,,NE,AVE,, ,GRANTS PASS,OR,97526,11:14.0,BTAX-041240-08-2025,11:14.0
OREGON RETINA SPECIALISTS LLC ,YUJEN  WANG,Inside City Limits,621320,Medical-Ophthalmologist,OREGON RETINA CENTER,00:00.0,E5CDDD1A-A171-4CA0-8FE4-1305865A3739,5417702020,1867,WILLIAMS,, ,HWY,,SUITE 107,GRANTS PASS,OR,97527,04:45.0,BTAX-042611-01-2026,04:45.0
OREGON ROOTS ELECTRIC, ,Inside City Limits,236118,Const-Residential Remodeler,,00:00.0,7a57e414-2c54-432c-8aa1-f0c675cbd8ea,5418219039,1267,FISH HATCHERY,,,RD,,,GRANTS PASS,OR,97527,25:50.0,BTAX-042760-02-2026,25:50.0
OREGON ROOTS ELECTRIC,JOHN KABOT FAMILY TRUST,Inside City Limits,236118,Const-Residential Remodeler,,00:00.0,7a57e414-2c54-432c-8aa1-f0c675cbd8ea,5418219039,1267,FISH HATCHERY,,,RD,,,GRANTS PASS,OR,97527,25:50.0,BTAX-042760-02-2026,25:50.0
OREGON SOLARWORKS LLC, ,Outside City Limits,238220,Solar Equipment Installation,,00:00.0,775cc792-10f3-462c-9939-1f8eb7499020,5412990402,4304,DICK GEORGE,,,RD,,,CAVE JUNCTION,OR,97523,30:13.0,BTAX-042958-03-2026,30:13.0
OREGON SOLARWORKS LLC,TYRONE HOUCK,Outside City Limits,238220,Solar Equipment Installation,,00:00.0,775cc792-10f3-462c-9939-1f8eb7499020,5412990402,4304,DICK GEORGE,,,RD,,,CAVE JUNCTION,OR,97523,30:13.0,BTAX-042958-03-2026,30:13.0
OREGON SWISS PRECISION INC    ,MICHAEL & DAVID  ANDERSON,Inside City Limits,811310,Machinery/Equipment Maint,,00:00.0,B06E65CA-AD38-495F-BE8A-7205DD6F4342,5414761150,2143,SPALDING,,NE,AVE,, ,GRANTS PASS,OR,97526,12:49.0,BTAX-041641-09-2025,12:49.0
"O'REILLY AUTO ENTERPRISES, LLC #5977", ,Inside City Limits,441310,Retail-Automotive Parts & Accessories,O'REILLY AUTO PARTS #5977,00:00.0,eae71f3e-d7e8-4d17-9c99-83ab9c0e7176,4582122101,1644,WILLIAMS,,,HWY,,,GRANTS PASS,OR,97527,59:49.0,BTAX-040428-05-2025,59:49.0
O'REILLY AUTO PARTS #3112     , ,Inside City Limits,441310,Retail-Automotive Parts & Accessories,,00:00.0,741A187E-11C6-42A6-AD72-7BE64E5D9DF4,5414714490,150,TERRY,,NE,LN,, ,GRANTS PASS,OR,97526,18:13.0,BTAX-041586-08-2025,18:13.0
O'REILLY AUTO PARTS #3112     ,O'REILLY AUTO ENTERPRISES LLC,Inside City Limits,441310,Retail-Automotive Parts & Accessories,,00:00.0,741A187E-11C6-42A6-AD72-7BE64E5D9DF4,5414714490,150,TERRY,,NE,LN,, ,GRANTS PASS,OR,97526,18:13.0,BTAX-041586-08-2025,18:13.0
ORIENTAL TOUCH,TOHRU SUZUKI,Inside City Limits,621399,Medical-Massage Therapy,BODY WORK,00:00.0,1f45e5f5-9af7-4929-84bd-739328478cf3,5414794010,777,7TH,,NE,ST,,,GRANTS PASS,OR,97526,46:57.0,BTAX-041318-08-2025,46:57.0
ORIENTAL TOUCH, ,Inside City Limits,621399,Medical-Massage Therapy,BODY WORK,00:00.0,1f45e5f5-9af7-4929-84bd-739328478cf3,5414794010,777,7TH,,NE,ST,,,GRANTS PASS,OR,97526,46:57.0,BTAX-041318-08-2025,46:57.0
"ORIGINAL LUPITA'S TACOS, LLC", ,Inside City Limits,722511,Restaurant,,00:00.0,5c980737-26e0-4c99-8098-8ef099697097,5412182869,147,E,,NE,ST,, ,GRANTS PASS,OR,97526,41:01.0,BTAX-041854-09-2025,41:01.0
"ORIGINAL LUPITA'S TACOS, LLC",MARIA PADILLA,Inside City Limits,722511,Restaurant,,00:00.0,5c980737-26e0-4c99-8098-8ef099697097,5412182869,147,E,,NE,ST,, ,GRANTS PASS,OR,97526,41:01.0,BTAX-041854-09-2025,41:01.0
ORLINS MEAT SPECIALTIES INC, ,Inside City Limits,445110,Food-Grocery Store,CARTWRIGHT'S VALLEY MEAT CO,00:00.0,233323BE-183F-478E-99F4-6F1A2D596039,5414790321,825,UNION,,SW,AVE,, STE 115,GRANTS PASS,OR,97527,25:46.0,BTAX-042748-02-2026,25:46.0
ORTC LLC,MARK & MICHAEL HARRIS,Outside City Limits,621420,Medical-Mental Health/Substance Abuse Center,GRANTS PASS TREATMENT CENTER,00:00.0,864980f7-fc51-41e7-ac4b-7f779e6c5a86,5419553210,1885,7TH,,NE,ST,,,GRANTS PASS,OR,97526,19:29.0,BTAX-042637-01-2026,19:29.0
ORTC LLC, ,Outside City Limits,621420,Medical-Mental Health/Substance Abuse Center,GRANTS PASS TREATMENT CENTER,00:00.0,864980f7-fc51-41e7-ac4b-7f779e6c5a86,5419553210,1885,7TH,,NE,ST,,,GRANTS PASS,OR,97526,19:29.0,BTAX-042637-01-2026,19:29.0
ORTC LLC,MATTHEW OWEN,Outside City Limits,621420,Medical-Mental Health/Substance Abuse Center,GRANTS PASS TREATMENT CENTER,00:00.0,864980f7-fc51-41e7-ac4b-7f779e6c5a86,5419553210,1885,7TH,,NE,ST,,,GRANTS PASS,OR,97526,19:29.0,BTAX-042637-01-2026,19:29.0
ORTHOPEDIC MEDICAL MASSAGE LLC, ,Inside City Limits,621399,Medical-Massage Therapy,,00:00.0,b10635d8-6e42-435f-9bd4-cbed33d16d98,5414411224,660,ROGUE RIVER,,,HWY,,400,GRANTS PASS,OR,97527,29:18.0,BTAX-040226-04-2025,29:18.0
ORTHOPEDIC MEDICAL MASSAGE LLC, ,Inside City Limits,621399,Medical-Massage Therapy,,00:00.0,b10635d8-6e42-435f-9bd4-cbed33d16d98,5414411224,660,ROGUE RIVER,,,HWY,,400,GRANTS PASS,OR,97527,29:18.0,BTAX-040226-04-2025,29:18.0
OUTBACK POOL & SPA, ,Inside City Limits,454390,Retail-Misc Direct Selling Establishment,,00:00.0,252b57b9-c379-4366-8552-db8df619bf68,5414798112,555,F,,NE,ST,,A,GRANTS PASS,OR,97526,29:43.0,BTAX-040471-06-2025,29:43.0
OUTLOOK PROPERTIES            ,"TOM MORRIS, MICHAEL MCCASKEL DAVID SNOOK & YUNG KHO",Inside City Limits,531311,Property Management,,00:00.0,94E8CDBD-007E-4441-AD74-DE1DE4F19544,5414714485,1215,7TH,,NE,ST,,SUITE E,GRANTS PASS,OR,97526,59:37.0,BTAX-042846-02-2026,59:37.0
OWEN-DANGELO PROPERTY RENTALS ,WAYNE OWEN JIM D'ANGELO,Inside City Limits,531110,Rental Units/Landlord,,00:00.0,7A6CA521-B074-4EC8-AA9A-B1FD4CC31935,5414799794,261,CRYSTAL,, ,DR,, ,GRANTS PASS,OR,97527,35:47.0,BTAX-041663-09-2025,35:47.0
P F G  COMPUTER               ,MICHAEL  ASCOLESE,Inside City Limits,541519,Computer Services,,00:00.0,4C31C635-8EB3-48A3-A91D-4710F0ED85EE,5416594790,212,6TH,,NW,ST,,,GRANTS PASS,OR,97526,14:23.0,BTAX-040706-07-2025,14:23.0
PACIFIC AIR COMFORT INC      ,LISA  GOGAL,Outside City Limits,238220,Contractor-HVAC Services,,00:00.0,CED746C8-9DBB-4089-94A8-1E9990DF21D8,5416725300,1440,DEE,,,ST,,,ROSEBURG,OR,97470,51:29.0,BTAX-041695-09-2025,51:29.0
PACIFIC TRADE & DEVELOPMENT DBA HILINE HOMES,JEREMY ALDERMAN,Outside City Limits,238190,Contractor-General/Building Exterior,HILINE HOMES LLC,00:00.0,b2da8d14-82f7-4a86-ad99-8ba986f66fb0,5035891849,6080,CRATER LAKE,,,AVE,,,CENTRAL POINT,OR,97502,18:11.0,BTAX-041825-09-2025,18:11.0
PACIFIC TRADE & DEVELOPMENT DBA HILINE HOMES, ,Outside City Limits,238190,Contractor-General/Building Exterior,HILINE HOMES LLC,00:00.0,b2da8d14-82f7-4a86-ad99-8ba986f66fb0,5035891849,6080,CRATER LAKE,,,AVE,,,CENTRAL POINT,OR,97502,18:11.0,BTAX-041825-09-2025,18:11.0
PACIFIC TRADE & DEVELOPMENT DBA HILINE HOMES,CHRIS BRUNETTE,Outside City Limits,238190,Contractor-General/Building Exterior,HILINE HOMES LLC,00:00.0,b2da8d14-82f7-4a86-ad99-8ba986f66fb0,5035891849,6080,CRATER LAKE,,,AVE,,,CENTRAL POINT,OR,97502,18:11.0,BTAX-041825-09-2025,18:11.0
PACIFIC TRUST DEED SERVICING COMPANY INC, ,Inside City Limits,525990,Finance-Misc Finance,,00:00.0,E57B0691-4D96-45ED-80A0-740B8F9A1105,5419556672,222,B,,NE,ST,, ,GRANTS PASS,OR,97526,57:52.0,BTAX-040696-07-2025,57:52.0
PACIFIC TRUST DEED SERVICING COMPANY INC,JILL FLOWERS,Inside City Limits,525990,Finance-Misc Finance,,00:00.0,E57B0691-4D96-45ED-80A0-740B8F9A1105,5419556672,222,B,,NE,ST,, ,GRANTS PASS,OR,97526,57:52.0,BTAX-040696-07-2025,57:52.0
"PALM INDUSTRIES, INC. DBA PALM RESTORE", ,Inside City Limits,238190,Contractor-General/Building Exterior,,00:00.0,e35de136-bc7c-4b97-9e51-8bf79bd4cf66,5414740403,300,TECH,,,WAY,,BLDG A,GRANTS PASS,OR,97526,23:20.0,BTAX-042434-12-2025,23:20.0
"PALM INDUSTRIES, INC. DBA PALM RESTORE",ANDREW MYER,Inside City Limits,238190,Contractor-General/Building Exterior,,00:00.0,e35de136-bc7c-4b97-9e51-8bf79bd4cf66,5414740403,300,TECH,,,WAY,,BLDG A,GRANTS PASS,OR,97526,23:20.0,BTAX-042434-12-2025,23:20.0
PALOMA ENTERPRISES INC, ,Inside City Limits,812910,Pet Care Services,JOYFUL DOGGY CARE,00:00.0,f065b7f7-f3f3-4994-99e1-8c9c9768eefd,5412913514,1491,DAVID,,SW,DR,, ,GRANTS PASS,OR,97527,32:24.0,BTAX-040503-06-2025,32:24.0
PALOMA ENTERPRISES INC,KARI & FELIX MARON,Inside City Limits,812910,Pet Care Services,JOYFUL DOGGY CARE,00:00.0,f065b7f7-f3f3-4994-99e1-8c9c9768eefd,5412913514,1491,DAVID,,SW,DR,, ,GRANTS PASS,OR,97527,32:24.0,BTAX-040503-06-2025,32:24.0
PANACHE                       ,SANDI  ARMSTRONG,Inside City Limits,812112,Beauty Salon,,00:00.0,5B911251-2943-4734-BD8E-67A0E5C47DF9,5419558199,804,4TH,,SW,ST,, ,GRANTS PASS,OR,97526,53:19.0,BTAX-041362-08-2025,53:19.0
PANDA EXPRESS #2667, ,Inside City Limits,722513,Limited-Service Restaurant,,00:00.0,a1d410e8-f98c-4db6-8f51-7a430d38dc64,6263728203,211,TERRY,,NE,LN,,,GRANTS PASS,OR,97526,15:02.0,BTAX-041013-07-2025,15:02.0
PANDA EXPRESS #2667, ,Inside City Limits,722513,Limited-Service Restaurant,,00:00.0,a1d410e8-f98c-4db6-8f51-7a430d38dc64,6263728203,211,TERRY,,NE,LN,,,GRANTS PASS,OR,97526,15:02.0,BTAX-041013-07-2025,15:02.0
PAPA JOHNS PIZZA              , JTF ENTERPRISES INC           ,Inside City Limits,722511,Restaurant,,00:00.0,D2A74563-1CEA-4A1A-B797-CB5BB97192C1,5414765959,107,4TH,,SW,ST,,,GRANTS PASS,OR,97526,14:02.0,BTAX-041220-08-2025,14:02.0
PAPA MURPHYS TAKE AND BAKE,MILES & MEGGAN MARTIN,Inside City Limits,722511,Restaurant,,00:00.0,9811de7f-9616-443b-8e8d-f2b5343c50f7,5416607143,1011,7TH,,NE,ST,, ,GRANTS PASS,OR,97526,48:18.0,BTAX-042222-11-2025,48:18.0
PAPA MURPHYS TAKE AND BAKE,MILES & MEGGAN MARTIN,Inside City Limits,722511,Restaurant,,00:00.0,f8649fe5-628f-4d83-9efd-f9612c176d35,5416607143,263,ROGUE RIVER,, ,HWY,, ,GRANTS PASS,OR,97527,45:30.0,BTAX-042221-11-2025,45:30.0
PAPA TERALL'S BBQ,TERALL BLALOCK,Inside City Limits,722320,Caterer,,00:00.0,30E48D66-D0E1-431C-A0FC-FB979DEACEB5,5416602090,424,WALKER,, ,RD,, ,GRANTS PASS,OR,97527,39:28.0,BTAX-041296-08-2025,39:28.0
"PARADISE AUTO CENTER, LLC","PARADISE AUTO CENTER,  LLC",Inside City Limits,441120,Auto-Used Car Dealer,PARADISE AUTO SALES,00:00.0,C1BCA9C5-39AF-4DBE-B77F-EBC7879E2A4B,5414794168,1792,DOWELL,, ,RD,, ,GRANTS PASS,OR,97527,11:55.0,BTAX-041689-09-2025,11:55.0
"PARADISE AUTO CENTER, LLC","PARADISE AUTO CENTER,  LLC",Inside City Limits,811192,Car Wash & Detailing,PARADISE CAR WASH & EXPRESS LUBE,00:00.0,516BC1B0-C56A-4FCA-8AD5-AF333B18E74E,5414794168,116,HILLCREST,,NE,DR,, ,GRANTS PASS,OR,97526,08:15.0,BTAX-042408-12-2025,08:15.0
"PARADISE AUTO CENTER, LLC",LYNETTE  PERRY,Inside City Limits,441120,Auto-Used Car Dealer,PARADISE AUTO SALES,00:00.0,C1BCA9C5-39AF-4DBE-B77F-EBC7879E2A4B,5414794168,1792,DOWELL,, ,RD,, ,GRANTS PASS,OR,97527,11:55.0,BTAX-041689-09-2025,11:55.0
"PARADISE AUTO CENTER, LLC",LYNETTE  PERRY,Inside City Limits,811192,Car Wash & Detailing,PARADISE CAR WASH & EXPRESS LUBE,00:00.0,516BC1B0-C56A-4FCA-8AD5-AF333B18E74E,5414794168,116,HILLCREST,,NE,DR,, ,GRANTS PASS,OR,97526,08:15.0,BTAX-042408-12-2025,08:15.0
"PARADISE AUTO CENTER, LLC", ,Inside City Limits,811121,"Auto-Body, Paint & Interior",PARADISE AUTO SALES,00:00.0,025FA6BD-D8D8-41EE-BC42-6914B8DC3040,5414794168,239,REDWOOD,, ,HWY,, ,GRANTS PASS,OR,97527,28:31.0,BTAX-042424-12-2025,28:31.0
PARADISE POOLS & SPAS         ,TOM  LAWSON,Inside City Limits,454390,Retail-Misc Direct Selling Establishment,,00:00.0,EC380DCB-426C-4B64-88F0-1562EDF7F18B,5414741962,1578,7TH,,NE,ST,,,GRANTS PASS,OR,97526,21:24.0,BTAX-040707-07-2025,21:24.0
PARAMOUNT ELECTRIC COMPANY, ,Outside City Limits,238210,Contractor-Electrical,,00:00.0,BDE5EC8D-9B2D-4F71-8C30-56B1A104D107,5037032571,3243,RIESLING,,,RD,,,MILWAUKIE,OR,97267,45:31.0,BTAX-041179-08-2025,45:31.0
PARK PLACE BOOKKEEPING AND TAX SERVICE LLC, ,Inside City Limits,541213,Tax Preparation Services,,00:00.0,c33176b2-df1c-4a18-8181-577337f481d1,5414765548,1500,ROGUE RIVER,,,HWY,,SUITE F,GRANTS PASS,OR,97527,57:04.0,BTAX-040810-07-2025,57:04.0
PARK PLACE BOOKKEEPING AND TAX SERVICE LLC,WINDY ALARIE,Inside City Limits,541213,Tax Preparation Services,,00:00.0,c33176b2-df1c-4a18-8181-577337f481d1,5414765548,1500,ROGUE RIVER,,,HWY,,SUITE F,GRANTS PASS,OR,97527,57:04.0,BTAX-040810-07-2025,57:04.0
PARTAKE HOSPITALITY LLC, ,Inside City Limits,493110,Storage & General Warehousing,PARTAKE,00:00.0,908ba4b1-b633-4d8a-8e79-e77d3630cf51,5416597988,111,G,,SE,ST,,,GRANTS PASS,OR,97526,17:52.0,BTAX-040907-07-2025,17:52.0
PATRICIA E BANGE RENTALS,PATRICIA BANGE,Inside City Limits,531110,Rental Units/Landlord,,00:00.0,A660FA16-7AE4-4FAA-85DC-2B4D033B9593,5416604667,1619,OLMAR,,NW,DR,, ,GRANTS PASS,OR,97526,50:12.0,BTAX-040886-07-2025,50:12.0
PATRICK D BUKER, ,Inside City Limits,238320,Painting & Wall Covering,,00:00.0,24a3fef1-a5a3-47f2-8cde-663cd328d5f1,5412958400,2001,FOOTHILL,, ,BLVD,,#A5,GRANTS PASS,OR,97526,44:20.0,BTAX-041203-08-2025,44:20.0
PATRICK D BUKER,PATRICK BUKER,Inside City Limits,238320,Painting & Wall Covering,,00:00.0,24a3fef1-a5a3-47f2-8cde-663cd328d5f1,5412958400,2001,FOOTHILL,, ,BLVD,,#A5,GRANTS PASS,OR,97526,44:20.0,BTAX-041203-08-2025,44:20.0
PATRICK J KELLY               ,PATRICK KELLY,Inside City Limits,541110,Lawyer,,00:00.0,865ABA62-8405-4F03-AB1E-7B385D40EFD0,5414741908,717,5TH,,NW,ST,, ,GRANTS PASS,OR,97526,16:04.0,BTAX-041522-08-2025,16:04.0
PATTI HEATH                   ,PATTI  HEATH,Inside City Limits,621111,Medical-Physician,,00:00.0,C21063FB-F5AE-41D4-8546-E84BAD2A92A3,5412265171,1607,WILLIAMS ,,,HWY,,SUITE 6,GRANTS PASS,OR,97527,47:00.0,BTAX-041190-08-2025,47:00.0
PAUL D STEIN CONSTRUCTION    ,PAUL STEIN,Inside City Limits,238190,Contractor-General/Building Exterior,,00:00.0,7657FE2F-BED3-4D4C-9F49-6FEA837E415F,,1461,MEIER,,NE,DR,, ,GRANTS PASS,OR,97526,34:18.0,BTAX-040974-07-2025,34:18.0
PAULINA'S CLEANING, ,Inside City Limits,561720,Cleaning Service,,00:00.0,725ff6e7-04ff-4da8-9902-68d4fca529d2,5417614959,1456,WILLOW,,,LN,,,GRANTS PASS,OR,97527,44:51.0,BTAX-042907-03-2026,44:51.0
PAULINA'S CLEANING,PAULINA DEL PALACIO,Inside City Limits,561720,Cleaning Service,,00:00.0,725ff6e7-04ff-4da8-9902-68d4fca529d2,5417614959,1456,WILLOW,,,LN,,,GRANTS PASS,OR,97527,44:51.0,BTAX-042907-03-2026,44:51.0
PAWS 'N' CLAWS                ,ELIZABETH  BONE,Inside City Limits,812910,Pet Care Services,,00:00.0,5F4AED82-027F-4A8F-A10D-D6C3356B3F8B,5414791201,1515,REDWOOD,,,AVE,,SUITE # 7,GRANTS PASS,OR,97527,30:32.0,BTAX-042522-12-2025,30:32.0
PEAK CREDIT UNION, PEAK CREDIT UNION,Inside City Limits,522130,Finance-Credit Union,,00:00.0,A9F34382-010A-4908-9F9E-FEEC0DCBFAB2,5419556686,1532,F,,NE,ST,, ,GRANTS PASS,OR,97526,53:35.0,BTAX-042483-12-2025,53:35.0
PEDIATRIC TLC                 ,DEBORAH  AYOLI,Inside City Limits,621111,Medical-Physician,,00:00.0,9AFA6D3C-E466-49F4-B071-65D17A84B5B1,5414792411,1819,NEBRASKA,,,Ave,,,GRANTS PASS,OR,97527,06:08.0,BTAX-040549-06-2025,06:08.0
PEDICURES BY LAURIE, ,Inside City Limits,812113,Nail Salon,,00:00.0,dca87dd2-cba8-4efd-a0e4-2df6b9b03ebd,5416605881,1252,6TH,,NW,ST,,UNIT 7,GRANTS PASS,OR,97526,06:54.0,BTAX-041379-08-2025,06:54.0
PEDICURES BY LAURIE,LAURIE CROWE,Inside City Limits,812113,Nail Salon,,00:00.0,dca87dd2-cba8-4efd-a0e4-2df6b9b03ebd,5416605881,1252,6TH,,NW,ST,,UNIT 7,GRANTS PASS,OR,97526,06:54.0,BTAX-041379-08-2025,06:54.0
PEOPLE'S BANK OF COMMERCE     , ,Inside City Limits,522110,Finance-Commercial Bank,,00:00.0,A018D53C-C350-4923-8612-54A187FA0555,5419558005,509,7TH,,SE,ST,, ,GRANTS PASS,OR,97526,36:10.0,BTAX-041159-08-2025,36:10.0
PERFECT NAILS                 , LAN THI HANG                  ,Inside City Limits,812112,Beauty Salon,,00:00.0,11ED006D-9410-4618-B2F0-767B512D0084,5414743220,826,E,,NE,ST,,,GRANTS PASS,OR,97526,54:40.0,BTAX-040626-07-2025,54:40.0
PERFORMANCE SYSTEMS INTEGRATION LLC,TRAVIS  EVERTON,Outside City Limits,541990,Professional-Misc,,00:00.0,ADBC78A6-7A8D-42DD-8080-9817173E24AE,5036412222,7324,DURHAM,,SW,,,,PORTLAND,OR,97224,57:44.0,BTAX-042406-12-2025,57:44.0
PETCO #1244                   , PETCO ANIMAL SUPPLIES STORES  ,Inside City Limits,453910,Retail-Pets & Pet Supplies,,00:00.0,8D1A701F-9AAE-4DB5-9699-C239E045CA62,5414741703,891,D,,NE,ST,, ,GRANTS PASS,OR,97526,48:03.0,BTAX-042008-10-2025,48:03.0
PHAGANS GP COLLEGE OF BEAUTY  ,KAREN & KRISTIE  DIECKMAN,Inside City Limits,611511,Beauty School,,00:00.0,AD81CCEB-2C54-43CC-9441-222393084BE1,5413174802,304,AGNESS,,NE,AVE,,#F,GRANTS PASS,OR,97526,15:54.0,BTAX-041839-09-2025,15:54.0
PILOT ROCK FINANCIAL ADVISORS,RICHARD E  WILSON,Inside City Limits,523999,Finance-Investment Activities,,00:00.0,97DF4B08-CEFD-4698-9F11-03D6C4207FB8,5414768573,755,6TH,,NE,ST,, ,GRANTS PASS,OR,97526,10:00.0,BTAX-041271-08-2025,10:00.0
PLATINUM FINANCIAL LLC        ,PETER & SUSAN  TAMASHIRO,Inside City Limits,525990,Finance-Misc Finance,,00:00.0,59D24765-A8C9-401F-A509-37EF60878836,5414721222,752,6TH,,NW,ST,, ,GRANTS PASS,OR,97526,51:21.0,BTAX-040929-07-2025,51:21.0
PLAZA LIQUOR,HERB  HEIER,Inside City Limits,445310,Liquor Store,,00:00.0,3261172B-73D8-43AB-AA21-35C82112FB5D,5414761844,1638,WILLIAMS,,,Hwy,,,GRANTS PASS,OR,97527,58:21.0,BTAX-040159-04-2025,58:21.0
PLAZA SEWING CENTER           ,RICK E & MARY A  CHAPMAN,Inside City Limits,451130,Retail-Fabric Shop,,00:00.0,D5C3BCAD-50BC-420D-A4F3-51052DE74752,5414795757,311,6TH,,SE,ST,, ,GRANTS PASS,OR,97526,22:06.0,BTAX-042517-12-2025,22:06.0
POLISHED BEAUTY LLC, ,Inside City Limits,812113,Nail Salon,,00:00.0,2c2d5dc1-144a-458f-a007-60cb194541fd,5412955821,774,ROGUE RIVER,,,HWY,,,GRANTS PASS,OR,97527,47:47.0,BTAX-042351-11-2025,47:47.0
POLISHED BEAUTY LLC,ASHLEY LYCETT,Inside City Limits,812113,Nail Salon,,00:00.0,2c2d5dc1-144a-458f-a007-60cb194541fd,5412955821,774,ROGUE RIVER,,,HWY,,,GRANTS PASS,OR,97527,47:47.0,BTAX-042351-11-2025,47:47.0
PONGSRI THAI CUISINE          ,ORAVUT  BOONYAPRAYOON,Inside City Limits,722511,Restaurant,,00:00.0,393A7D83-1AB5-4413-BF02-8095733DCAFA,5419551662,323,E,,NE,ST,, ,GRANTS PASS,OR,97526,37:25.0,BTAX-041967-10-2025,37:25.0
POWDERHORN CAFE + PIES LLC,KATHERINE KIRKPATRICK,Inside City Limits,722511,Restaurant,,00:00.0,ac8cffe3-6cb2-4eba-a88e-1dab786ef393,5414799403,321,6TH,,NE,ST,,,GRANTS PASS,OR,97526,10:53.0,BTAX-040684-07-2025,10:53.0
POWER EQUIPMENT INC,NICOLAAS AND DEVON HUTTEMA,Inside City Limits,811310,Machinery/Equipment Maint,LEWIS POWER EQUIPMENT,00:00.0,39F43F44-1E29-4996-852A-FABA4AE2C703,5414712787,1307,REDWOOD,, ,AVE,, ,GRANTS PASS,OR,97527,38:36.0,BTAX-040879-07-2025,38:36.0
PRATT AND PRATT ENTERPRISES LLC,RANDALL VOGES,Outside City Limits,561710,Pest Control,HIGHLAND PEST CONTROL,00:00.0,CD68A0A1-3E44-4DE2-B22E-CE473274B1A7,5414766326,5900,HUGO,,,RD,,,GRANTS PASS,OR,97526,14:32.0,BTAX-041736-09-2025,14:32.0
PRATT ENTERPRISES INC,DEBORAH  PRATT,Inside City Limits,611710,Educational Support Services,SOUTHERN OREGON SCHOOL OF MUSIC,00:00.0,bbc17148-0311-48e9-b43e-e52983d037be,5412262300,141,C,,NW,ST,,E,GRANTS PASS,OR,97526,26:33.0,BTAX-041770-09-2025,26:33.0
PRATT ENTERPRISES INC, ,Inside City Limits,611710,Educational Support Services,SOUTHERN OREGON SCHOOL OF MUSIC,00:00.0,bbc17148-0311-48e9-b43e-e52983d037be,5412262300,141,C,,NW,ST,,E,GRANTS PASS,OR,97526,26:33.0,BTAX-041770-09-2025,26:33.0
PRECISION DENTURE INC         ,EDWARD  EPLETT,Inside City Limits,621210,Medical-Dentist,,00:00.0,FE75B3A2-4F3F-4476-A538-B956EC05D0CE,5414797199,822,E,,NE,ST,,SUITE B,GRANTS PASS,OR,97526,57:53.0,BTAX-042070-10-2025,57:53.0
PRECISION INTERIORS           ,CHRISTOPHER  BERRY,Inside City Limits,321999,Manufacturing-Wood Products,,00:00.0,0B81E210-3A38-42A0-96CF-80FAB5A68530,5414741716,1634,N,,SE,ST,,5E,GRANTS PASS,OR,97526,33:45.0,BTAX-041948-10-2025,33:45.0
PRECISION PRINTING            ,CHRISTINE  CRAWFORD,Inside City Limits,323111,Printing-Commercial,,00:00.0,178E7AE1-B3FB-4BDB-9181-F851BCF8D2B3,5414743880,1606,DOWELL,, ,Rd,, ,GRANTS PASS,OR,97527,33:37.0,BTAX-041647-09-2025,33:37.0
PREFERRED PLUMBING INC.,MITCHELL HENSON,Outside City Limits,238220,Plumber,,00:00.0,2bc6e71c-befd-4861-a826-fd8c627739b8,4582208800,2333,MEADOWS,,,LN,,,MEDFORD,OR,97501,22:51.0,BTAX-040162-04-2025,22:51.0
PREFERRED PLUMBING INC., ,Outside City Limits,238220,Plumber,,00:00.0,2bc6e71c-befd-4861-a826-fd8c627739b8,4582208800,2333,MEADOWS,,,LN,,,MEDFORD,OR,97501,22:51.0,BTAX-040162-04-2025,22:51.0
PREFERRED PUMP & EQUIPMENT LP , PPE GENPAR                   ,Inside City Limits,425120,Wholesale Agent,,00:00.0,1D258F2B-BBDD-4E52-B936-79CE9E8BF8E3,8175369800,1470,M,,SE,ST,,,GRANTS PASS,OR,97526,54:59.0,BTAX-041103-08-2025,54:59.0
PREGNANCY CARE CENTER OF GRANTS PASS, FULLER & TAMASHIRO            ,Inside City Limits,621498,Medical-Outpatient Care Center,,00:00.0,BC143D42-72DC-47CB-8B12-9157D760D3DE,5414796264,714,8TH,,SE,ST,, ,GRANTS PASS,OR,97526,14:24.0,BTAX-040769-07-2025,14:24.0
PREMIER OXYGEN LLC           ,JENNIFER  THORNTON,Inside City Limits,541990,Professional-Misc,,00:00.0,61729755-9AA8-497D-B3CD-733A50AE505C,5419569177,2137,INDUSTRY,,NE,DR,, ,GRANTS PASS,OR,97526,03:08.0,BTAX-042263-11-2025,03:08.0
PREMIERE NETWORKS INC        , PREMIERE NETWORKS INC,Inside City Limits,515112,Radio Station,,00:00.0,56EAEA86-81DE-411C-92D1-FC38D6E4554C,2108222828,777,7TH,,NE,ST,, ,GRANTS PASS,OR,97526,04:32.0,BTAX-040380-05-2025,04:32.0
PRESTIGE LANDSCAPE MANAGEMENT YARD CARE,KEVEN BOGART,Outside City Limits,561730,Yard Services,,00:00.0,DEF00C81-617D-4DCD-B513-798A4F6EA6B7,5419557054,432,WHITERIDGE,,,RD,,,GRANTS PASS,OR,97527,42:59.0,BTAX-042102-10-2025,42:59.0
PRICE FAMILY ENTERPRISES LLC,MARC & LAUREN PRICE,Inside City Limits,453998,All Other Miscellaneous Store Retailers (Except Tobacco Stores),REDWOOD CANNABIS DISPENSARY,00:00.0,8863e887-b077-4613-8383-9e3a159d216c,5419168140,825,F,,NE,ST,, ,GRANTS PASS,OR,97526,15:04.0,BTAX-042374-12-2025,15:04.0
PRICE FAMILY ENTERPRISES LLC,BRYAN PRICE,Inside City Limits,453998,All Other Miscellaneous Store Retailers (Except Tobacco Stores),REDWOOD CANNABIS DISPENSARY,00:00.0,8863e887-b077-4613-8383-9e3a159d216c,5419168140,825,F,,NE,ST,, ,GRANTS PASS,OR,97526,15:04.0,BTAX-042374-12-2025,15:04.0
PRICE FAMILY ENTERPRISES LLC, ,Inside City Limits,453998,All Other Miscellaneous Store Retailers (Except Tobacco Stores),REDWOOD CANNABIS DISPENSARY,00:00.0,8863e887-b077-4613-8383-9e3a159d216c,5419168140,825,F,,NE,ST,, ,GRANTS PASS,OR,97526,15:04.0,BTAX-042374-12-2025,15:04.0
PRICK AND POKE TATTOO,ROBIN AND DIANNE GILLILAND,Inside City Limits,812199,Tattoo/Piercing Shop,,00:00.0,c6424d4c-3be7-4302-bb33-aa956e1ca6ed,4582123544,914,6TH,,SW,ST,,,GRANTS PASS,OR,97526,14:53.0,BTAX-040466-06-2025,14:53.0
"PRIME COMMS RETAIL, LLC",ROBERT LLOYD MIKE NICHOLS,Inside City Limits,517110,Telecommunication-Wireless Carrier,AT&T AUTHORIZED RETAILER #2812,00:00.0,40E471EF-44A2-45F1-B8CD-EC07E8B84806,2812756893,150,AGNESS,,NE,AVE,, ,GRANTS PASS,OR,97526,25:57.0,BTAX-041673-09-2025,25:57.0
PROBOOKS CONSULTING LLC      ,WENDY  DEMAREE,Inside City Limits,541213,Tax Preparation Services,,00:00.0,1B02F19E-D9BF-4A91-815B-F7F9BE540241,5412441886,824,A,,NE,ST,, ,GRANTS PASS,OR,97526,43:46.0,BTAX-040671-07-2025,43:46.0
PROPERTY MANAGEMENT GROUP OF OR,SCOTT  DAVIS,Inside City Limits,531311,Property Management,,00:00.0,7ED47677-16F4-499F-BD3B-41C5D40BBC60,5416603003,126,D,,NW,ST,,,GRANTS PASS,OR,97526,53:40.0,BTAX-042735-02-2026,53:40.0
PROTECH PLUMBING              ,DANIEL  HEADLEY,Inside City Limits,238220,Plumber,,00:00.0,459A5F81-8DBD-44C6-903F-E8BA6CCC38ED,5414768589,1406,PARKDALE,, ,DR,, ,GRANTS PASS,OR,97527,48:48.0,BTAX-040239-04-2025,48:48.0
PURA VIDA FOOD SOURCE LLC     ,SUSAN  BURTON,Inside City Limits,722320,Caterer,,00:00.0,79A1A627-6A71-4658-95AB-B4F7CC54C445,5417271511,2900,VINE,,NW,ST,,STE C,GRANTS PASS,OR,97526,50:31.0,BTAX-041291-08-2025,50:31.0
PURE WATER PLUMBING INC      ,JOHN M  JACOBS,Inside City Limits,238220,Plumber,,00:00.0,46F775C5-ABA2-4B9C-8577-40F77EC4FBE3,5416601462,3233,REDWOOD,, ,AVE,, ,GRANTS PASS,OR,97527,32:48.0,BTAX-041005-07-2025,32:48.0
"PURPOSE FIRST FINANCIAL, LLC ",JASON BURLEY,Inside City Limits,525990,Finance-Misc Finance,,00:00.0,204b77d3-1f72-48fe-a5f5-da1cc9d53697,5414740824,820,7TH,,NE,ST,,SUITE 2,GRANTS PASS,OR,97526,35:31.0,BTAX-041510-08-2025,35:31.0
"PURPOSE FIRST FINANCIAL, LLC ", ,Inside City Limits,525990,Finance-Misc Finance,,00:00.0,204b77d3-1f72-48fe-a5f5-da1cc9d53697,5414740824,820,7TH,,NE,ST,,SUITE 2,GRANTS PASS,OR,97526,35:31.0,BTAX-041510-08-2025,35:31.0
QUALITY AUTOMOTIVE PARTS      ,JEFF & YVONNE  ROTHROCK,Inside City Limits,441310,Retail-Automotive Parts & Accessories,,00:00.0,7CC3C6DE-C401-4EBB-B518-1A14E94610CB,5414749858,531,G,,SW,ST,, ,GRANTS PASS,OR,97526,51:49.0,BTAX-040862-07-2025,51:49.0
QUALITY CARS                  ,LON  MCKELLAR,Inside City Limits,441120,Auto-Used Car Dealer,,00:00.0,C8373E0F-2C2A-4E11-B820-46828F32A11E,5414796079,1660,7TH,,NE,ST,, ,GRANTS PASS,OR,97526,37:27.0,BTAX-041556-08-2025,37:27.0
QUALITY COUNTERTOPS INC       ,BRIAN  CHAPMAN,Inside City Limits,442299,Retail-Home Furnishings ,,00:00.0,642471BD-C9DE-4602-A206-F2F63C4302CC,5414795535,1584,DOWELL,,,RD,,,GRANTS PASS,OR,97527,40:52.0,BTAX-041360-08-2025,40:52.0
QUALITY FENCE COMPANY         ,STEVE  RIETMANN,Inside City Limits,238190,Contractor-General/Building Exterior,RELIABLE ELECTRIC,00:00.0,D54B210F-EDAA-461F-8949-802DC2F5CF1A,5414798052,180,MCDONALD ,,,LN,,,GRANTS PASS,OR,97527,40:17.0,BTAX-040913-07-2025,40:17.0
QUALITY FLOORING              ,LYMAN  HOPPINS,Inside City Limits,238330,Flooring,,00:00.0,F3E5EDB2-B104-4781-A778-CFEAA82045D0,5414795800,926,M,,SE,ST,,,GRANTS PASS,OR,97526,25:21.0,BTAX-041279-08-2025,25:21.0
"QUALITY LIFE FAMILY PRACTICE, LLC", ,Inside City Limits,621111,Medical-Physician,,00:00.0,831e4340-d3a5-46d1-963e-6ee7cc1ba4ff,,1201,7TH,,NE,ST,,E,GRANTS PASS,OR,97526,06:58.0,BTAX-041721-09-2025,06:58.0
"QUALITY LIFE FAMILY PRACTICE, LLC",RICHARD PIKE,Inside City Limits,621111,Medical-Physician,,00:00.0,831e4340-d3a5-46d1-963e-6ee7cc1ba4ff,,1201,7TH,,NE,ST,,E,GRANTS PASS,OR,97526,06:58.0,BTAX-041721-09-2025,06:58.0
"QUALITY LIFE FAMILY PRACTICE, LLC",DARLENA PIKE,Inside City Limits,621111,Medical-Physician,,00:00.0,831e4340-d3a5-46d1-963e-6ee7cc1ba4ff,,1201,7TH,,NE,ST,,E,GRANTS PASS,OR,97526,06:58.0,BTAX-041721-09-2025,06:58.0
QUIGLEY'S RIVER PASS,CHRIS DOUGLAS,Inside City Limits,531110,Rental Units/Landlord,,00:00.0,8499745f-92b7-4067-9e6f-70e25c1851d2,4086469027,1272,PARK,,S,DR,, ,GRANTS PASS,OR,97527,09:39.0,BTAX-042224-11-2025,09:39.0
QUIGLEY'S RIVER PASS,JILL QUIGLEY,Inside City Limits,531110,Rental Units/Landlord,,00:00.0,8499745f-92b7-4067-9e6f-70e25c1851d2,4086469027,1272,PARK,,S,DR,, ,GRANTS PASS,OR,97527,09:39.0,BTAX-042224-11-2025,09:39.0
QUIGLEY'S RIVER PASS, ,Inside City Limits,531110,Rental Units/Landlord,,00:00.0,8499745f-92b7-4067-9e6f-70e25c1851d2,4086469027,1272,PARK,,S,DR,, ,GRANTS PASS,OR,97527,09:39.0,BTAX-042224-11-2025,09:39.0
QUILTING CIRCLE,BRANDAN & BARBARA  CONOVER,Inside City Limits,999999,Crafts & Hobbies,,00:00.0,4673ebb5-37eb-4ee2-9608-0217692ec059,5414799715,980,6TH,,SW,ST,,STE 11,GRANTS PASS,OR,97526,34:42.0,BTAX-042148-10-2025,34:42.0
QUILTING CIRCLE, ,Inside City Limits,999999,Crafts & Hobbies,,00:00.0,4673ebb5-37eb-4ee2-9608-0217692ec059,5414799715,980,6TH,,SW,ST,,STE 11,GRANTS PASS,OR,97526,34:42.0,BTAX-042148-10-2025,34:42.0
R & D ENVIRONMENTAL SOLUTIONS ,DANNY BOONE &  RICK GATES,Inside City Limits,238190,Contractor-General/Building Exterior,,00:00.0,24A691AC-9EFD-4653-B002-10AED7CF28D4,5414717008,1439,6TH,,NE,ST,,SUITE 2,GRANTS PASS,OR,97526,40:44.0,BTAX-041223-08-2025,40:44.0
R & M LUMBER SALES            ,RANDY  HVALL,Inside City Limits,423310,"Lumber, Plywood, Millwork, and Wood Panel Merchant",,00:00.0,8DB6C6BB-1405-431B-AD50-B84D6A007CBA,5414798292,117,MILL,,SE,ST,,,GRANTS PASS,OR,97526,49:04.0,BTAX-040654-07-2025,49:04.0
R & M MARKET COMPANY LLC, ,Inside City Limits,445120,Convenience Store,A-1 MARKET #14,00:00.0,c7369158-fecf-41cb-8f42-2ae52dfd54bb,5414792240,1204,6TH,,NW,ST,,,GRANTS PASS,OR,97526,07:43.0,BTAX-041518-08-2025,07:43.0
R & M MARKET COMPANY LLC,RAKESH SHARMA,Inside City Limits,445120,Convenience Store,A-1 MARKET #14,00:00.0,c7369158-fecf-41cb-8f42-2ae52dfd54bb,5414792240,1204,6TH,,NW,ST,,,GRANTS PASS,OR,97526,07:43.0,BTAX-041518-08-2025,07:43.0
R & M MARKET COMPANY LLC, ,Inside City Limits,445120,Convenience Store,A-1 MARKET #5,00:00.0,BE12C2E0-949E-4295-B57B-7A186DA76423,5414792240,1671,WILLOW,,,LN,,,GRANTS PASS,OR,97527,01:27.0,BTAX-042758-02-2026,01:27.0
"R & R COMPANY, LLC", ,Inside City Limits,453998,All Other Miscellaneous Store Retailers (Except Tobacco Stores),C & D MARKET AND DELI,00:00.0,4fe67978-f030-44bb-939d-d3b6682c3055,,1309,G,,SW,ST,, ,GRANTS PASS,OR,97526,47:38.0,BTAX-042220-11-2025,47:38.0
"R & R COMPANY, LLC",RAJU SHRESTHA,Inside City Limits,453998,All Other Miscellaneous Store Retailers (Except Tobacco Stores),C & D MARKET AND DELI,00:00.0,4fe67978-f030-44bb-939d-d3b6682c3055,,1309,G,,SW,ST,, ,GRANTS PASS,OR,97526,47:38.0,BTAX-042220-11-2025,47:38.0
R & S MARKET LLC,RAJU SHRESTHA & PUSPA SHRESTHA,Inside City Limits,453991,Retail-Tobacco Store,REDWOOD SMOKE SHOP,00:00.0,8b5a0842-b05b-41a9-90ae-92151fdfd385,7075086406,1720,REDWOOD,,,AVE,,STE C,GRANTS PASS,OR,97527,43:53.0,BTAX-042219-11-2025,43:53.0
R & S MARKET LLC, ,Inside City Limits,453991,Retail-Tobacco Store,REDWOOD SMOKE SHOP,00:00.0,8b5a0842-b05b-41a9-90ae-92151fdfd385,7075086406,1720,REDWOOD,,,AVE,,STE C,GRANTS PASS,OR,97527,43:53.0,BTAX-042219-11-2025,43:53.0
R & S MARKET LLC, ,Inside City Limits,445120,Convenience Store,SIXTH ST MARKET,00:00.0,965a642a-386b-441b-b4f3-8c368f5d7c56,7075086406,1330,6TH,,NW,ST,,F,GRANTS PASS,OR,97526,06:52.0,BTAX-041094-08-2025,06:52.0
R & S MARKET LLC, ,Inside City Limits,445110,Food-Deli,ROGUE RIVER MARKET & DELI,00:00.0,70BC7C89-B818-48D9-89F0-8CC6AB8E61C7,7075086406,1641,ROGUE RIVER,, ,HWY,, ,GRANTS PASS,OR,97527,09:28.0,BTAX-041095-08-2025,09:28.0
R.D. YOUNGMON CONSTRUCTION    ,ROBERT  YOUNGMON,Inside City Limits,238190,Contractor-General/Building Exterior,,00:00.0,A085CD12-86E5-45A8-85D3-2EA820D1C141,5416603945,2700,LEONARD,, ,RD,, ,GRANTS PASS,OR,97527,57:14.0,BTAX-042171-10-2025,57:14.0
RADIANT FAMILY LLC            , BLACK & KRYZAK                ,Inside City Limits,621111,Medical-Physician,,00:00.0,6F5AE0A6-046F-4E32-A610-4F454D516D7F,5412440111,130,MANZANITA,,NE,AVE,,,GRANTS PASS,OR,97526,03:48.0,BTAX-042048-10-2025,03:48.0
RAKESH AND RAM COMPANY LLC, ,Inside City Limits,722511,Restaurant,A TASTE OF INDIA GRANTS PASS,00:00.0,49989b64-0b3f-4013-99d7-f0fc2e97fb5c,5415071800,1214,6TH,,NW,ST,, ,GRANTS PASS,OR,97526,43:11.0,BTAX-042447-12-2025,43:11.0
RAKESH AND RAM COMPANY LLC,SAKIN RAM,Inside City Limits,722511,Restaurant,A TASTE OF INDIA GRANTS PASS,00:00.0,49989b64-0b3f-4013-99d7-f0fc2e97fb5c,5415071800,1214,6TH,,NW,ST,, ,GRANTS PASS,OR,97526,43:11.0,BTAX-042447-12-2025,43:11.0
RAKESH AND RAM COMPANY LLC,RAKESH SHARMA,Inside City Limits,722511,Restaurant,A TASTE OF INDIA GRANTS PASS,00:00.0,49989b64-0b3f-4013-99d7-f0fc2e97fb5c,5415071800,1214,6TH,,NW,ST,, ,GRANTS PASS,OR,97526,43:11.0,BTAX-042447-12-2025,43:11.0
RANDY K JENTZSCH CPA LLC   ,RANDY  JENTZSCH,Inside City Limits,541211,Accountant-CPA,,00:00.0,98996B3B-0667-4FC8-94AE-069529AEBD37,5414798082,211,ROGUE RIVER,, ,HWY,, ,GRANTS PASS,OR,97527,00:10.0,BTAX-041427-08-2025,00:10.0
RAPLEY MOTORSPORTS            ,MARK  RAPLEY,Inside City Limits,811111,Auto-General Repair,,00:00.0,74117B8B-E500-43F2-B080-88496D98B35C,5414711732,428,5TH,,SW,ST,, ,GRANTS PASS,OR,97526,58:44.0,BTAX-042242-11-2025,58:44.0
"RCR STAR OREGON, INC","ROBERT SEAWRIGHT, CINDY SEAWRIGHT",Inside City Limits,621610,Medical-Home Health Care Services,INTERIM HEALTHCARE,00:00.0,1dce415c-e55b-41f6-9147-9163714511ed,5307221530,215,6TH,,SE,ST,, ,GRANTS PASS,OR,97526,57:46.0,BTAX-040556-06-2025,57:46.0
"RCR STAR OREGON, INC",RENEE RAND,Inside City Limits,621610,Medical-Home Health Care Services,INTERIM HEALTHCARE,00:00.0,1dce415c-e55b-41f6-9147-9163714511ed,5307221530,215,6TH,,SE,ST,, ,GRANTS PASS,OR,97526,57:46.0,BTAX-040556-06-2025,57:46.0
"RCR STAR OREGON, INC", ,Inside City Limits,621610,Medical-Home Health Care Services,INTERIM HEALTHCARE,00:00.0,1dce415c-e55b-41f6-9147-9163714511ed,5307221530,215,6TH,,SE,ST,, ,GRANTS PASS,OR,97526,57:46.0,BTAX-040556-06-2025,57:46.0
RCRV'S OREGON LLC, ,Inside City Limits,453930,RV/Mobile Home Dealer,RIVER CITY RV'S ,00:00.0,4214706b-aad3-41d3-9362-8c64f3ea3cce,5414724999,1581,REDWOOD,,,AVE,,,GRANTS PASS,OR,97527,17:19.0,BTAX-040924-07-2025,17:19.0
REACHING OUR COMMUNITY        ,    ,Inside City Limits,624190,Social Svcs-Individual & Family Svcs,ROC FOOD PANTRY,00:00.0,85AB2FF6-F137-47BD-92D3-7F1D5F5F756E,5414763344,568,FOUNDRY,,SW,ST,, ,GRANTS PASS,OR,97526,08:40.0,BTAX-041869-09-2025,08:40.0
READING RAINBOW CHILD CARE, ,Inside City Limits,624410,Child Day Care,,00:00.0,b5832ad4-5ebe-48ae-b50d-54bd2c3bfb4d,5414159053,1480,D,,NE,ST,, ,GRANTS PASS,OR,97526,34:16.0,BTAX-041926-10-2025,34:16.0
READING RAINBOW CHILD CARE,EDUVIJES VALENZUELA,Inside City Limits,624410,Child Day Care,,00:00.0,b5832ad4-5ebe-48ae-b50d-54bd2c3bfb4d,5414159053,1480,D,,NE,ST,, ,GRANTS PASS,OR,97526,34:16.0,BTAX-041926-10-2025,34:16.0
READY RIDE SERVICE INC,ANDREW  KORTE,Inside City Limits,238220,Contractor-HVAC Services,,00:00.0,B905CCFF-8776-464E-81A3-3129AC613506,5415079995,102,MARLSAN,, ,RD,, ,GRANTS PASS,OR,97526,50:27.0,BTAX-041776-09-2025,50:27.0
READYRIDE SERVICES INC        ,JEFFREY MCCONNELL CHRISTOPHER ISABELL,Inside City Limits,485310,Transportation-Taxi,,00:00.0,791B054E-5BA4-4E4B-B364-D4B85A3A3F81,5414797920,114,ASSEMBLY,,,CIRCLE,, ,GRANTS PASS,OR,97526,49:00.0,TAXICO-041991-10-2025,49:00.0
REAL ESTATE CAFE LLC          ,MELINDA  PETERSON,Inside City Limits,531210,Real Estate Agents/Brokers,,00:00.0,8FAFEC8A-A051-47AD-9E7D-3BC841068EFD,5416591620,243,C,,NE,ST,, ,GRANTS PASS,OR,97526,32:40.0,BTAX-042273-11-2025,32:40.0
REAL ESTATE DESIGNED TO SELL LLC,SUSAN  TOKARZ,Inside City Limits,531236,Real Estate Development & Construction,,00:00.0,0E10B274-F48A-49AB-845B-D364D3E1979D,5416590554,1215,6TH,,NE,ST,, ,GRANTS PASS,OR,97526,23:54.0,BTAX-042452-12-2025,23:54.0
REAL ESTATE DESIGNED TO SELL LLC,SUSAN T TOKARZ-KRAUSS,Inside City Limits,531210,Real Estate Agents/Brokers,,00:00.0,21d54a55-7988-4b97-8e94-f73bb05c2b4c,5416590554,1831,ROGUE RIVER ,,,HWY,,,GRANTS PASS ,OR,97527,59:37.0,BTAX-041363-08-2025,59:37.0
REAL PROPERTY CONSULTANTS GRANTS PASS,PAUL  ZACHA,Inside City Limits,541611,Consulting Service,,00:00.0,E9002E99-EE08-49B3-8C92-574A6659ECAF,5414742541,1040,HAWTHORNE,,NW,AVE,, ,GRANTS PASS,OR,97526,40:56.0,BTAX-040881-07-2025,40:56.0
REALTY EXECUTIVES SOUTHERN OREGON,CHRIS & STEFANI  BARNETT,Inside City Limits,531210,Real Estate Agents/Brokers,,00:00.0,6C6042EE-291D-4B6B-A3CC-F89A3E812B11,5416605195,856,7TH,,NE,ST,, ,GRANTS PASS,OR,97526,13:09.0,BTAX-041613-09-2025,13:09.0
REALWISE PROPERTY MANAGEMENT, ,Inside City Limits,531311,Property Management,,00:00.0,666189E3-369E-450E-9EC9-7BABDCC99A64,5414762881,141,C,,NW,ST,, ,GRANTS PASS,OR,97526,32:01.0,BTAX-040875-07-2025,32:01.0
REBECCA LORANG CHT           ,REBECCA  LORANG,Inside City Limits,621112,Medical-Mental Health Specialist,,00:00.0,0548C3C0-4E1C-471B-967A-A8946A1B7E44,5416592170,777,7TH,,NE,ST,,207,GRANTS PASS,OR,97526,12:46.0,BTAX-042136-10-2025,12:46.0
REBECCA PETERSON ATTORNEY AT LAW,REBECCA  PETERSON,Inside City Limits,541110,Lawyer,,00:00.0,22484DA6-BDA3-4A15-A6DC-CD8DB9A0F574,5414725291,247,E,,NW,ST,, ,GRANTS PASS,OR,97526,32:12.0,BTAX-041337-08-2025,32:12.0
RECOGNITION SPECIALTIES INC   ,LOWELL  GIBSON,Inside City Limits,425120,Wholesale Agent,,00:00.0,E2B6F77E-3FD4-4D38-AA1D-4D59B98FFED2,5414763166,1710,HARBECK,, ,RD,, ,GRANTS PASS,OR,97527,40:59.0,BTAX-041405-08-2025,40:59.0
RED EYE HUT                   ,ERIC GOODRICH,Inside City Limits,448150,Retail-Clothing & Accessories,,00:00.0,5C56CFA3-E471-48CB-9355-722FCD811140,5419561245,220,6TH,,NW,ST,, ,GRANTS PASS,OR,97526,28:16.0,BTAX-042418-12-2025,28:16.0
RED EYE HUT                   , ,Inside City Limits,448150,Retail-Clothing & Accessories,,00:00.0,5C56CFA3-E471-48CB-9355-722FCD811140,5419561245,220,6TH,,NW,ST,, ,GRANTS PASS,OR,97526,28:16.0,BTAX-042418-12-2025,28:16.0
REDWOOD DIALYSIS #05517    , STAR DIALYSIS LLC             ,Inside City Limits,621492,Medical-Dialysis Center,,00:00.0,632B72BC-D579-438A-894C-20853A3B5F3C,5414740776,201,L,,SW,ST,, ,GRANTS PASS,OR,97526,35:11.0,BTAX-041515-08-2025,35:11.0
REDWOOD MARKET & DELI         ,RAJU & PUSPA  SHRESTHA,Inside City Limits,445110,Food-Deli,,00:00.0,DF886152-645C-44B7-8F44-C48496923BC7,5412953010,1720,REDWOOD,, ,AVE,, ,GRANTS PASS,OR,97527,16:47.0,BTAX-041096-08-2025,16:47.0
REDWOOD NURSERY               ,EDWARD  MOREY,Inside City Limits,444220,Retail-Nursery & Garden Center,,00:00.0,B7235AF0-0CE7-406A-A96D-C5EF03850430,5414742642,1303,REDWOOD,, ,AVE,, ,GRANTS PASS,OR,97527,21:56.0,BTAX-041978-10-2025,21:56.0
REDWOODCYCLES                 ,ROBERT  THRESSEN,Inside City Limits,451110,Retail-Sporting Goods,,00:00.0,E00B99E0-8622-4C12-AF12-0A817266F7F6,5414766333,849,ROGUE RIVER,,,HWY,,,GRANTS PASS,OR,97527,24:28.0,BTAX-040216-04-2025,24:28.0
"REEVES ENTERPRISES, INC       ",STEVE  REEVES,Inside City Limits,442299,Retail-Home Furnishings ,DRAPERIES N THINGS,00:00.0,30E035C8-D899-41B1-8193-A4C182B23621,5414795519,122,F,,NE,ST,, ,GRANTS PASS,OR,97526,09:44.0,BTAX-040668-07-2025,09:44.0
REGENCY CARE OF ROGUE VALLEY, ,Inside City Limits,624190,Social Svcs-Individual & Family Svcs,,00:00.0,427766BE-55A3-4720-88F8-7CB0EB320A35,5414792606,1710,FAIRVIEW,,NE,AVE,, ,GRANTS PASS,OR,97526,29:13.0,BTAX-042183-10-2025,29:13.0
REGENERATION DAY SPA          ,MELANIE BUCHANAN,Inside City Limits,812112,Beauty Salon,,00:00.0,6C03205A-C774-4A51-BB37-5C109EA86C5A,5414797546,212,SAVAGE,,NE,ST,, ,GRANTS PASS,OR,97526,01:47.0,BTAX-042572-01-2026,01:47.0
REGENERATION DAY SPA          ,MELANIE BUCHANAN,Inside City Limits,812112,Beauty Salon,,00:00.0,6C03205A-C774-4A51-BB37-5C109EA86C5A,5414797546,212,SAVAGE,,NE,ST,, ,GRANTS PASS,OR,97526,01:47.0,BTAX-042572-01-2026,01:47.0
"REINHART, FOURIER, DAY, DRIVER LLP", ,Inside City Limits,541110,Lawyer,,00:00.0,75EFEFE3-6BB5-4494-A457-2DFD4E5FACFC,5414766627,600,5TH,,NW,ST,, ,GRANTS PASS,OR,97526,18:02.0,BTAX-041370-08-2025,18:02.0
REJUVENATE MASSAGE LLC,ENXIAN YAO,Inside City Limits,621399,Medical-Massage Therapy,,00:00.0,6db1a29c-db46-497d-bbeb-f0a4e9845e5c,,1051,6TH,,NE,ST,, STE 2A,GRANTS PASS,OR,97526,21:53.0,BTAX-042779-02-2026,21:53.0
REJUVENATE MASSAGE LLC, ,Inside City Limits,621399,Medical-Massage Therapy,,00:00.0,6db1a29c-db46-497d-bbeb-f0a4e9845e5c,,1051,6TH,,NE,ST,, STE 2A,GRANTS PASS,OR,97526,21:53.0,BTAX-042779-02-2026,21:53.0
RELENTLESS ATHLETIC PERFORMANCE, ,Inside City Limits,713940,Fitness Center,,00:00.0,9c21f45f-ff69-435b-8185-95c901fb1cbc,5416598582,2163,SPALDING,,NE,AVE,,#14,GRANTS PASS,OR,97526,25:55.0,BTAX-040261-04-2025,25:55.0
RELENTLESS ATHLETIC PERFORMANCE,TRAVIS OSBORNE,Inside City Limits,713940,Fitness Center,,00:00.0,9c21f45f-ff69-435b-8185-95c901fb1cbc,5416598582,2163,SPALDING,,NE,AVE,,#14,GRANTS PASS,OR,97526,25:55.0,BTAX-040261-04-2025,25:55.0
RELIC SALON LLC, ,Inside City Limits,812112,Beauty Salon,RELIC FULL SERVICE SALON,00:00.0,2cc97f27-3395-4dc6-9b97-424d15e3638b,5412958125,1201,ROGUE RIVER,, ,HWY,,,GRANTS PASS,OR,97527,30:43.0,BTAX-041844-09-2025,30:43.0
RELIC SALON LLC,RACHAEL MILES,Inside City Limits,812112,Beauty Salon,RELIC FULL SERVICE SALON,00:00.0,2cc97f27-3395-4dc6-9b97-424d15e3638b,5412958125,1201,ROGUE RIVER,, ,HWY,,,GRANTS PASS,OR,97527,30:43.0,BTAX-041844-09-2025,30:43.0
RELLA TAYLOR,RELLA TAYLOR,Inside City Limits,531311,Property Management,,00:00.0,D2ECB459-55FB-4F89-8BF9-92C35205090D,5414742014,1856,D,,NE,ST,, ,GRANTS PASS,OR,97526,03:18.0,BTAX-042298-11-2025,03:18.0
RENU AESTHETICS,RACHEL CODD,Inside City Limits,621111,Medical - Wellness,,00:00.0,653b10b8-8307-4bab-8ab4-0a78439cf6f2,5412183370,1212,7TH,,NE,ST,,,GRANTS PASS,OR,97526,48:40.0,BTAX-042493-12-2025,48:40.0
RENU AESTHETICS, ,Inside City Limits,621111,Medical - Wellness,,00:00.0,653b10b8-8307-4bab-8ab4-0a78439cf6f2,5412183370,1212,7TH,,NE,ST,,,GRANTS PASS,OR,97526,48:40.0,BTAX-042493-12-2025,48:40.0
RESTAURANT DEVELOPMENT COMPANY, ,Inside City Limits,722511,Restaurant,RED ROBIN OF GRANTS PASS,00:00.0,d8192dee-c5e7-47e5-924d-94d6e29cdc80,5419164986,1561,ALLEN CREEK,, ,RD,, ,GRANTS PASS,OR,97527,50:59.0,BTAX-042161-10-2025,50:59.0
RESTAURANT DEVELOPMENT COMPANY,HAYLEY HUBERT & SHANE COYLE,Inside City Limits,722511,Restaurant,RED ROBIN OF GRANTS PASS,00:00.0,d8192dee-c5e7-47e5-924d-94d6e29cdc80,5419164986,1561,ALLEN CREEK,, ,RD,, ,GRANTS PASS,OR,97527,50:59.0,BTAX-042161-10-2025,50:59.0
RESTAURANT DEVELOPMENT COMPANY,GREG HUBERT &  HOUSTON HUBERT,Inside City Limits,722511,Restaurant,RED ROBIN OF GRANTS PASS,00:00.0,d8192dee-c5e7-47e5-924d-94d6e29cdc80,5419164986,1561,ALLEN CREEK,, ,RD,, ,GRANTS PASS,OR,97527,50:59.0,BTAX-042161-10-2025,50:59.0
RETINA & VITREOUS CENTER SO PC,WILLIAM  RODDEN ,Inside City Limits,621111,Medical-Physician,,00:00.0,F0FFBB78-D38D-4A4C-A134-12B1A4E0CDA4,5414883192,1019,7TH,,NE,ST,, ,GRANTS PASS,OR,97526,33:58.0,BTAX-042021-10-2025,33:58.0
RETINA CARE CENTER LLC,ADAM AUFDERHEIDE,Inside City Limits,621320,Medical-Optometrist,,00:00.0,FB1051BD-4C19-4931-8DEE-BE1AE2A79C27,5418422020,1236,7TH,,NE,ST,, ,GRANTS PASS,OR,97526,18:21.0,BTAX-040838-07-2025,18:21.0
REVER GRAND LLC,JOLENE SESSO,Inside City Limits,621610,Medical-Home Health Care Services,,00:00.0,2ab04473-66f0-4e28-b98e-4da14801d6a8,5415075337,1551 & 1553,F,,NE,ST,,,GRANTS PASS,OR,97526,01:40.0,BTAX-042162-10-2025,01:40.0
REVER GRAND LLC,NATHAN JUNKIN,Inside City Limits,621610,Medical-Home Health Care Services,,00:00.0,2ab04473-66f0-4e28-b98e-4da14801d6a8,5415075337,1551 & 1553,F,,NE,ST,,,GRANTS PASS,OR,97526,01:40.0,BTAX-042162-10-2025,01:40.0
REVER GRAND LLC, ,Inside City Limits,621610,Medical-Home Health Care Services,,00:00.0,2ab04473-66f0-4e28-b98e-4da14801d6a8,5415075337,1551 & 1553,F,,NE,ST,,,GRANTS PASS,OR,97526,01:40.0,BTAX-042162-10-2025,01:40.0
REVIVAL MASSAGE AND WELLNESS, ,Inside City Limits,621399,Medical-Massage Therapy,,00:00.0,4b23bffd-e6fb-4703-bdc4-b8bb69e6c2e7,9717779759,531,E,,NE,ST,,E,GRANTS PASS,OR,97526,15:23.0,BTAX-040606-07-2025,15:23.0
REVIVAL MASSAGE AND WELLNESS,MICHELLE MILLER,Inside City Limits,621399,Medical-Massage Therapy,,00:00.0,4b23bffd-e6fb-4703-bdc4-b8bb69e6c2e7,9717779759,531,E,,NE,ST,,E,GRANTS PASS,OR,97526,15:23.0,BTAX-040606-07-2025,15:23.0
REVOLVO WEST LLC             ,LAWRENCE  KAUFMANN,Inside City Limits,441120,Auto-Used Car Dealer,,00:00.0,CA3AE0B3-AECF-471B-B8D0-C47F90077036,5419564951,699,UNION,, ,AVE,, ,GRANTS PASS,OR,97527,23:15.0,BTAX-041898-09-2025,23:15.0
RGB INC, ,Inside City Limits,811111,Auto-General Repair,STREAMLINE AUTO & EXHAUST,00:00.0,4618a26a-d4fd-4586-8b69-31d4be631029,5419414622,502,I,,SE,ST,, ,GRANTS PASS,OR,97526,36:58.0,BTAX-040351-05-2025,36:58.0
RGB INC,RICHARD BALDWIN,Inside City Limits,811111,Auto-General Repair,STREAMLINE AUTO & EXHAUST,00:00.0,4618a26a-d4fd-4586-8b69-31d4be631029,5419414622,502,I,,SE,ST,, ,GRANTS PASS,OR,97526,36:58.0,BTAX-040351-05-2025,36:58.0
"RI - GRANTS PASS, LLC           ",PETER  READ,Outside City Limits,531110,Rental Units/Landlord,,00:00.0,E094A0C6-6523-44CB-9817-D8AB33A29A91,5107045700,"270, 304, 310-350",AGNESS,,NE,AVE,,,GRANTS PASS,OR,97526,17:22.0,BTAX-041218-08-2025,17:22.0
RICK EVANS INTERIORS LLC     ,RICK  EVANS,Inside City Limits,238190,Contractor-General/Building Exterior,,00:00.0,B747023E-9786-46EC-A1E5-4CD996DD3149,5416591681,2032,HAMILTON,,,LN,,,GRANTS PASS,OR,97527,18:58.0,BTAX-042255-11-2025,18:58.0
RICK RIKER PLANNING & RESEARCH SERVICES,RICK RIKER,Inside City Limits,541611,Consulting Service,,00:00.0,905F78A6-323F-4205-877E-B07631C7005A,541-479-7333,1501,A,,NE,ST,, ,GRANTS PASS,OR,97526,34:46.0,BTAX-041555-08-2025,34:46.0
RICK RIKER PLANNING & RESEARCH SERVICES,Rick Riker,Inside City Limits,541611,Consulting Service,,00:00.0,905F78A6-323F-4205-877E-B07631C7005A,541-479-7333,1501,A,,NE,ST,, ,GRANTS PASS,OR,97526,34:46.0,BTAX-041555-08-2025,34:46.0
RICK'S MEDICAL SUPPLY,JOHN CASSAR,Inside City Limits,423450,Medical Equipment and Supplies Merchant,,00:00.0,842976ff-1048-4ffe-93d9-2afa612d80b6,8882602550,1610,7TH,,NE,ST,, ,GRANTS PASS,OR,97526,49:03.0,BTAX-042739-02-2026,49:03.0
RICK'S MEDICAL SUPPLY, ,Inside City Limits,423450,Medical Equipment and Supplies Merchant,,00:00.0,842976ff-1048-4ffe-93d9-2afa612d80b6,8882602550,1610,7TH,,NE,ST,, ,GRANTS PASS,OR,97526,49:03.0,BTAX-042739-02-2026,49:03.0
RIGS AND RIDES                ,JOSH  BANCROFT,Inside City Limits,441110,Auto-New Car Dealer,,00:00.0,08B124B8-BDF8-41D5-A4D7-ACDF5438B568,5414747253,1600,7TH,,NE,ST,, ,GRANTS PASS,OR,97526,20:43.0,BTAX-041144-08-2025,20:43.0
RIMPORT                       ,RANDY  NICHOLSON,Inside City Limits,442210,Retail-Floor Coverings,FLOORS TO GO,00:00.0,41225E9D-7D04-433B-804C-A236FA315DB9,5414798000,550,6TH,,SW,ST,,B,GRANTS PASS,OR,97526,32:46.0,BTAX-042064-10-2025,32:46.0
RIVER CITY READS LLC DBA OREGON BOOKS & GAMES, ,Inside City Limits,451211,Retail-Book Store,OREGON BOOKS & GAMES,00:00.0,395FB88F-37E8-4551-8220-7AA7868C67B2,5414763132,150,E,,NE,ST,, ,GRANTS PASS,OR,97526,54:51.0,BTAX-042790-02-2026,54:51.0
RIVER OF WELLNESS ACUPUNCTURE ,DEBORAH  LANG,Inside City Limits,541990,Professional-Misc,,00:00.0,0C6BFB3A-DA98-4581-A24A-42AB9B6DD88A,5419569595,1692,LYNDA,,NE,Ln,,#A,GRANTS PASS,OR,97526,51:51.0,BTAX-040978-07-2025,51:51.0
RIVER STONE MASSAGE AND WELLNESS,SHERI MORRIS,Inside City Limits,621399,Medical-Massage Therapy,,00:00.0,f3de9366-c239-4ce2-8096-9493cf20b133,5414769659,598,E,,NE,ST,,B,GRANTS PASS,OR,97526,18:37.0,BTAX-040348-05-2025,18:37.0
RIVER STONE MASSAGE AND WELLNESS, ,Inside City Limits,621399,Medical-Massage Therapy,,00:00.0,f3de9366-c239-4ce2-8096-9493cf20b133,5414769659,598,E,,NE,ST,,B,GRANTS PASS,OR,97526,18:37.0,BTAX-040348-05-2025,18:37.0
RIVER VALLEY ADULT CARE HOME LLC,ANTONIO & LIANA  PEIRONI,Inside City Limits,623312,Medical-Assisted Living Facility/Elderly,,00:00.0,252D068E-C796-45E9-A1FA-49EC0C05DA99,5415822724,627,HARBECK,,W,RD,, ,GRANTS PASS,OR,97527,10:52.0,BTAX-041599-09-2025,10:52.0
RIVER VALLEY APPRAISAL INC,HEATHER MARTINEZ,Inside City Limits,531320,Real Estate Appraisal & Sales,,00:00.0,4ce3ea88-b0d3-4df8-bfe1-375933804016,5412183815,185,FAIRWAY,, ,DR,, ,GRANTS PASS,OR,97527,59:20.0,BTAX-040746-07-2025,59:20.0
RIVER VALLEY APPRAISAL INC,MARIO MARTINEZ,Inside City Limits,531320,Real Estate Appraisal & Sales,,00:00.0,4ce3ea88-b0d3-4df8-bfe1-375933804016,5412183815,185,FAIRWAY,, ,DR,, ,GRANTS PASS,OR,97527,59:20.0,BTAX-040746-07-2025,59:20.0
RIVER VALLEY APPRAISAL INC, ,Inside City Limits,531320,Real Estate Appraisal & Sales,,00:00.0,4ce3ea88-b0d3-4df8-bfe1-375933804016,5412183815,185,FAIRWAY,, ,DR,, ,GRANTS PASS,OR,97527,59:20.0,BTAX-040746-07-2025,59:20.0
RIVER VALLEY COMMUNITY CHURCH , ,Inside City Limits,813110,Religious Organization,,00:00.0,B74E4F9A-001F-4951-94EF-04BEAEA18F54,5414767761,405,6TH,,NE,ST,, ,GRANTS PASS,OR,97526,41:19.0,BTAX-042391-12-2025,41:19.0
"RIVER VALLEY LIFESTYLE LIVING, LLC",CRYSTAL ALLEMAND,Inside City Limits,531210,Real Estate Agents/Brokers,UNITED COUNTRY REAL ESTATE,00:00.0,09671a12-25fe-47d3-97e2-8e854c4d212e,5417612518,208,6TH,,NW,ST,,8,GRANTS PASS,OR,97526,00:11.0,BTAX-042291-11-2025,00:11.0
"RIVER VALLEY LIFESTYLE LIVING, LLC", ,Inside City Limits,531210,Real Estate Agents/Brokers,UNITED COUNTRY REAL ESTATE,00:00.0,09671a12-25fe-47d3-97e2-8e854c4d212e,5417612518,208,6TH,,NW,ST,,8,GRANTS PASS,OR,97526,00:11.0,BTAX-042291-11-2025,00:11.0
RIVER'S EDGE ACADEMY CHARTER SCHOOL, ,Inside City Limits,611699,Education-Misc Schools & Institutions,REACH SCHOOL,00:00.0,66bd6df3-4b12-440d-a0a4-0103dc1635ad,5412990299,290,C,,NE,ST,, ,GRANTS PASS,OR,97526,36:14.0,BTAX-041683-09-2025,36:14.0
RIVERS EDGE RESTAURANT        ,DARLA  FEIL,Inside City Limits,722511,Restaurant,,00:00.0,14D71401-1D63-4821-9A6B-9DC481A6770B,5412441182,1936,ROGUE RIVER,, ,HWY,, ,GRANTS PASS,OR,97527,11:41.0,BTAX-041289-08-2025,11:41.0
RIVERSIDE READY MIX           ,CHRIS  DAVISON,Inside City Limits,238110,Contractor-Concrete/Found/Structural,,00:00.0,D56B7D3B-F28B-42CE-80AD-63FAD78452FD,5414766206,531,MILL,,SE,ST,, ,GRANTS PASS,OR,97526,07:54.0,BTAX-041180-08-2025,07:54.0
RIVERTREE APARTMENTS INC      , RIVERTREE APARTMENTS,Outside City Limits,531110,Rental Units/Landlord,,00:00.0,0435F914-FB78-4A68-A28A-3FD512E6F395,5417795785,224,ROGUE RIVER,,SW,AVE,,,GRANTS PASS,OR,97526,35:55.0,BTAX-040771-07-2025,35:55.0
"RJS CONSTRUCTION, INC.", ,Inside City Limits,238190,Contractor-General/Building Exterior,,00:00.0,5390889f-6ff9-4164-80c4-3c80389f091e,5094520857,598,E,,NE,ST,,D,GRANTS PASS,OR,97526,19:16.0,BTAX-042613-01-2026,19:16.0
"RJS CONSTRUCTION, INC.",SHANNON SEVIGNY,Inside City Limits,238190,Contractor-General/Building Exterior,,00:00.0,5390889f-6ff9-4164-80c4-3c80389f091e,5094520857,598,E,,NE,ST,,D,GRANTS PASS,OR,97526,19:16.0,BTAX-042613-01-2026,19:16.0
"RJS CONSTRUCTION, INC.",RICHARD SEVIGNY,Inside City Limits,238190,Contractor-General/Building Exterior,,00:00.0,5390889f-6ff9-4164-80c4-3c80389f091e,5094520857,598,E,,NE,ST,,D,GRANTS PASS,OR,97526,19:16.0,BTAX-042613-01-2026,19:16.0
ROBCO INC                    ,"CARLA, BYRON & ERIC ROBERTSON",Outside City Limits,237310,"Const-Highway, Street & Bridge",,00:00.0,6BB5EB55-BC01-44E0-91A5-05C187B53447,5414762132,2790,FOOTHILL,,,BLVD,,,GRANTS PASS,OR,97526,14:02.0,BTAX-041354-08-2025,14:02.0
ROBERT L FINE CONSTRUCTION    ,ROBERT  FINE,Inside City Limits,238190,Contractor-General/Building Exterior,,00:00.0,A62A3FC2-99FD-4535-B496-C0F6EAE7D0FF,5417610750,353,CIENAGA,, ,LN,, ,GRANTS PASS,OR,97526,43:39.0,BTAX-041375-08-2025,43:39.0
ROBERT W BOYER ATTORNEY AT LAW,ROBERT  BOYER,Inside City Limits,541110,Lawyer,,00:00.0,58D3FF3A-3707-4703-A4EA-1257AEF1C177,5414746271,980,6TH,,SW,ST,,SUITE 28,GRANTS PASS,OR,97526,54:28.0,BTAX-041243-08-2025,54:28.0
"ROBERTS & ASSOCIATES, LLC.",SHIRLEY ROBERTS,Inside City Limits,524210,Insurance Agency & Brokerages,SHIRLEY A ROBERTS INSURANCE AGENCY,00:00.0,c1ad4829-d01c-428b-bd4c-0d2229c64121,5414729019,1652,WILLIAMS,,,Hwy,,,GRANTS PASS,OR,97527,11:12.0,BTAX-040279-04-2025,11:12.0
"ROBERTS & ASSOCIATES, LLC.", ,Inside City Limits,524210,Insurance Agency & Brokerages,SHIRLEY A ROBERTS INSURANCE AGENCY,00:00.0,c1ad4829-d01c-428b-bd4c-0d2229c64121,5414729019,1652,WILLIAMS,,,Hwy,,,GRANTS PASS,OR,97527,11:12.0,BTAX-040279-04-2025,11:12.0
ROBINSON ORTHODONTICS         ,JON ROBINSON,Inside City Limits,621210,Medical-Dentist,,00:00.0,ECB0E81F-66DF-46FC-ADDE-5E0933612D18,5415087457,124,EVELYN,,NE,AVE,,SUITE A,GRANTS PASS,OR,97526,10:14.0,BTAX-041002-07-2025,10:14.0
ROCKIN' RENTALS, ,Inside City Limits,532490,Rental-Equipment/Machinery Rentals,,00:00.0,1b18e865-3fef-44c0-b9a7-2ee0938b0de4,5417618894,526,ROGUE RIVER,, ,HWY,, ,GRANTS PASS,OR,97527,13:44.0,BTAX-041527-08-2025,13:44.0
ROCKIN' RENTALS,JASON TRUJILLO,Inside City Limits,532490,Rental-Equipment/Machinery Rentals,,00:00.0,1b18e865-3fef-44c0-b9a7-2ee0938b0de4,5417618894,526,ROGUE RIVER,, ,HWY,, ,GRANTS PASS,OR,97527,13:44.0,BTAX-041527-08-2025,13:44.0
ROCKSTAR LA HAIR STUDIO & ACADEMY,RONNI GARCIA,Inside City Limits,812112,Beauty Salon,,00:00.0,c1c9c180-e972-4fe5-9ab9-c9064a8a3e68,5414410982,212,8TH,,SE,ST,,,GRANTS PASS,OR,97526,13:53.0,BTAX-042646-01-2026,13:53.0
ROCKSTAR LA HAIR STUDIO & ACADEMY, ,Inside City Limits,812112,Beauty Salon,,00:00.0,c1c9c180-e972-4fe5-9ab9-c9064a8a3e68,5414410982,212,8TH,,SE,ST,,,GRANTS PASS,OR,97526,13:53.0,BTAX-042646-01-2026,13:53.0
ROCKSTAR LA HAIR STUDIO & ACADEMY,ELLEN AMLIE,Inside City Limits,812112,Beauty Salon,,00:00.0,c1c9c180-e972-4fe5-9ab9-c9064a8a3e68,5414410982,212,8TH,,SE,ST,,,GRANTS PASS,OR,97526,13:53.0,BTAX-042646-01-2026,13:53.0
RODDA PAINT CO                ,MARC MILLS,Inside City Limits,444120,Retail-Paint & Wallpaper,,00:00.0,193953DC-ABBE-43D5-9253-DD64DE6230AC,5415214300,409,F,,NE,ST,,,GRANTS PASS,OR,97526,40:01.0,BTAX-041678-09-2025,40:01.0
RODDA PAINT HOLDINGS LLC, ,Inside City Limits,444120,Retail-Paint & Wallpaper,RODDA PAINT CO,00:00.0,3769F400-E20E-4CE7-A44C-003CAC115301,5412441723,1620,ALLEN CREEK,,,RD,,SUITE D,GRANTS PASS,OR,97527,42:31.0,BTAX-042959-03-2026,42:31.0
RODGER D JORDAN JR            ,RODGER  JORDAN JR,Inside City Limits,523999,Finance-Investment Activities,,00:00.0,A9D0FF50-E9BA-485F-9B8E-C82EFA5CCFE9,5414721767,237,K,,SE,ST,, ,GRANTS PASS,OR,97526,33:05.0,BTAX-041316-08-2025,33:05.0
ROE MOTORS INC       ,STEVE ROE,Inside City Limits,441110,Auto-New Car Dealer,,00:00.0,06206028-788E-41F8-A829-FB81C92F702F,5414767701,201,7TH,,NE,ST,, ,GRANTS PASS,OR,97526,44:08.0,BTAX-040851-07-2025,44:08.0
ROGUE ARMAMENT,JERRAD CONNOR,Inside City Limits,452990,Retail-General Merchandise ,,00:00.0,9453cf36-6817-4cce-b4f1-bdd094a5a95c,5417616665,212,SAVAGE,,NE,ST,, SUITE A,GRANTS PASS,OR,97526,53:54.0,BTAX-042383-12-2025,53:54.0
ROGUE ARMAMENT, ,Inside City Limits,452990,Retail-General Merchandise ,,00:00.0,9453cf36-6817-4cce-b4f1-bdd094a5a95c,5417616665,212,SAVAGE,,NE,ST,, SUITE A,GRANTS PASS,OR,97526,53:54.0,BTAX-042383-12-2025,53:54.0
ROGUE BARBERS LLC             ,KATHLEEN & RONALD  GILLASPIE,Inside City Limits,812111,Barber Shop,,00:00.0,3F901A30-4447-4A74-A096-A4690FE70185,5412267740,740,6TH,,NW,ST,,,GRANTS PASS,OR,97526,27:54.0,BTAX-041589-08-2025,27:54.0
ROGUE BIRTH CENTER LLC,WILLA WOODWARD ERVIN,Inside City Limits,621498,Medical-Outpatient Care Center,,00:00.0,4c71b77a-125e-4a8c-89a1-72d017549c4a,5419168333,1453,REDWOOD,, ,CIR,, ,GRANTS PASS,OR,97527,10:38.0,BTAX-041725-09-2025,10:38.0
ROGUE BIRTH CENTER LLC, ,Inside City Limits,621498,Medical-Outpatient Care Center,,00:00.0,4c71b77a-125e-4a8c-89a1-72d017549c4a,5419168333,1453,REDWOOD,, ,CIR,, ,GRANTS PASS,OR,97527,10:38.0,BTAX-041725-09-2025,10:38.0
"ROGUE CLEANERS & LAUNDROMAT, LLC", ,Inside City Limits,812320,Dry Cleaning Services,,00:00.0,7e0710a4-6dbd-4648-9cf6-3c7118acde08,5414765369,228,K,,SE,ST,,,GRANTS PASS,OR,97526,07:32.0,BTAX-042636-01-2026,07:32.0
"ROGUE CLEANERS & LAUNDROMAT, LLC",TYLER COPE,Inside City Limits,812320,Dry Cleaning Services,,00:00.0,7e0710a4-6dbd-4648-9cf6-3c7118acde08,5414765369,228,K,,SE,ST,,,GRANTS PASS,OR,97526,07:32.0,BTAX-042636-01-2026,07:32.0
ROGUE CREDIT UNION, ,Inside City Limits,522130,Finance-Credit Union,,00:00.0,dbec48fb-16cf-4fe3-a508-bed4bfaf1fe9,5418587328,249,TERRY,,NE,LN,,,GRANTS PASS,OR,97526,43:03.0,BTAX-042223-11-2025,43:03.0
ROGUE CREDIT UNION            , MEMBER-OWNED                  ,Inside City Limits,522130,Finance-Credit Union,,00:00.0,24AEF567-1DB9-447D-9B4C-140FB41A20CD,5418587328,751,7TH,,SE,ST,, ,GRANTS PASS,OR,97526,59:05.0,BTAX-041864-09-2025,59:05.0
ROGUE CREDIT UNION            ,ROGUE CREDIT UNION    MEMBER-OWNED                  ,Inside City Limits,522130,Finance-Credit Union,,00:00.0,D66F0EE4-B2DB-4EC3-AEC0-9D2178A3389D,5418587328,340,UNION,,,AVE,,,GRANTS PASS,OR,97527,04:50.0,BTAX-041865-09-2025,04:50.0
ROGUE ENGINEERING CORP, ,Inside City Limits,541330,Engineering Services,ROGUE RIVER ENGINEERING,00:00.0,35f410f8-f1de-422f-a951-7bebc8fdd5e9,5412107959,1566,DOWELL,,,RD,,SUITE A,GRANTS PASS,OR,97527,16:37.0,BTAX-042267-11-2025,16:37.0
ROGUE ENGINEERING CORP,BEN EWING,Inside City Limits,541330,Engineering Services,ROGUE RIVER ENGINEERING,00:00.0,35f410f8-f1de-422f-a951-7bebc8fdd5e9,5412107959,1566,DOWELL,,,RD,,SUITE A,GRANTS PASS,OR,97527,16:37.0,BTAX-042267-11-2025,16:37.0
ROGUE ENGINEERING CORP,HOLLY EWING,Inside City Limits,541330,Engineering Services,ROGUE RIVER ENGINEERING,00:00.0,35f410f8-f1de-422f-a951-7bebc8fdd5e9,5412107959,1566,DOWELL,,,RD,,SUITE A,GRANTS PASS,OR,97527,16:37.0,BTAX-042267-11-2025,16:37.0
ROGUE FAMILY EYE CARE LLC,JENNIFER RICHARDSON,Inside City Limits,621320,Medical-Optometrist,,00:00.0,C48F2E20-9431-4296-9358-E971D4299E10,5414742788,853,A,,NE,ST,, ,GRANTS PASS,OR,97526,20:51.0,BTAX-041720-09-2025,20:51.0
ROGUE FAMILY EYE CARE LLC,MATT RICHARDSON,Inside City Limits,621320,Medical-Optometrist,,00:00.0,C48F2E20-9431-4296-9358-E971D4299E10,5414742788,853,A,,NE,ST,, ,GRANTS PASS,OR,97526,20:51.0,BTAX-041720-09-2025,20:51.0
ROGUE FAMILY EYE CARE LLC, ,Inside City Limits,621320,Medical-Optometrist,,00:00.0,C48F2E20-9431-4296-9358-E971D4299E10,5414742788,853,A,,NE,ST,, ,GRANTS PASS,OR,97526,20:51.0,BTAX-041720-09-2025,20:51.0
ROGUE HAIR STUDIO,JILLIAN  JOHNSON,Inside City Limits,812112,Beauty Salon,,00:00.0,e95f0a8a-e5bb-4165-8cf7-ac627806a950,5417610669,139,MILL,,NE,ST,,,GRANTS PASS,OR,97526,19:55.0,BTAX-042083-10-2025,19:55.0
ROGUE HAIR STUDIO, ,Inside City Limits,812112,Beauty Salon,,00:00.0,e95f0a8a-e5bb-4165-8cf7-ac627806a950,5417610669,139,MILL,,NE,ST,,,GRANTS PASS,OR,97526,19:55.0,BTAX-042083-10-2025,19:55.0
ROGUE HAIR STUDIO,ERIN CREACH,Inside City Limits,812112,Beauty Salon,,00:00.0,e95f0a8a-e5bb-4165-8cf7-ac627806a950,5417610669,139,MILL,,NE,ST,,,GRANTS PASS,OR,97526,19:55.0,BTAX-042083-10-2025,19:55.0
ROGUE HEALING COLLECTIVE, ,Inside City Limits,621330,Medical - Mental Health Counselor,,00:00.0,2c021a7a-06b1-4cd4-9430-11770b91ed85,5413067119,303,E,,NW,ST,,,GRANTS PASS,OR,97526,33:58.0,BTAX-042453-12-2025,33:58.0
ROGUE LAW FIRM PC,RICHARD  ADAMS,Inside City Limits,541110,Lawyer,,00:00.0,E7AF11E9-FB39-4E86-ABC1-3C24286E4014,5414762110,600,5TH,,NW,ST,, ,GRANTS PASS,OR,97526,55:32.0,BTAX-041287-08-2025,55:32.0
"ROGUE REAL ESTATE SERVICES, LLC",Matt Phelan,Inside City Limits,531210,Real Estate Agents/Brokers,,00:00.0,fdcdff7f-1b71-4dd9-bc76-6c3a9a91c05b,5416601959,560,F,,NE,ST,,SUITE A # 453,GRANTS PASS,OR,97526,40:49.0,BTAX-042892-03-2026,40:49.0
"ROGUE REAL ESTATE SERVICES, LLC", ,Inside City Limits,531210,Real Estate Agents/Brokers,,00:00.0,fdcdff7f-1b71-4dd9-bc76-6c3a9a91c05b,5416601959,560,F,,NE,ST,,SUITE A # 453,GRANTS PASS,OR,97526,40:49.0,BTAX-042892-03-2026,40:49.0
"ROGUE REAL ESTATE, LLC",BRENT CHISHOLM,Inside City Limits,531210,Real Estate Agents/Brokers,,00:00.0,055819c9-3524-4c81-8e34-21568d46b8d1,5415000800,141,C,,NW,ST,,,GRANTS PASS,OR,97526,40:58.0,BTAX-040880-07-2025,40:58.0
"ROGUE REAL ESTATE, LLC", ,Inside City Limits,531210,Real Estate Agents/Brokers,,00:00.0,055819c9-3524-4c81-8e34-21568d46b8d1,5415000800,141,C,,NW,ST,,,GRANTS PASS,OR,97526,40:58.0,BTAX-040880-07-2025,40:58.0
ROGUE RIVER BOAT SHOP         ,BRET  CLARK,Inside City Limits,441222,Boat Dealer,,00:00.0,B8443596-322A-4D7E-9F9E-C644BDE3C27B,5414791504,1815,BRIDGE,,SW,ST,, ,GRANTS PASS,OR,97526,10:53.0,BTAX-040368-05-2025,10:53.0
ROGUE RIVER DENTURE SERVICE   ,MITCH  SHEELER,Inside City Limits,621210,Medical-Dentist,,00:00.0,0C0AFF33-D2A7-478E-B053-BD96F52F7BE9,5414760254,1850,WILLIAMS,, ,HWY,, ,GRANTS PASS,OR,97527,26:16.0,BTAX-041372-08-2025,26:16.0
ROGUE RIVER DIST. INC         ,RYAN DUNTSCH CRAIG SMITH,Inside City Limits,441310,Retail-Automotive Parts & Accessories,INTERSTATE BATTERIES,00:00.0,2832C00E-A3FF-4620-97FC-AF86D53CC9F2,5416643417,824,E,,NE,ST,, ,GRANTS PASS,OR,97526,31:33.0,BTAX-041985-10-2025,31:33.0
ROGUE RIVER HEALTHCARE LLC, ,Inside City Limits,621610,Medical-Home Health Care Services,RIVERSIDE HOME HEALTH CARE,00:00.0,8B924408-6D38-468B-92DD-A86A28BDEA59,5414761583,402,G,,SE,ST,,,GRANTS PASS,OR,97526,08:01.0,BTAX-041638-09-2025,08:01.0
ROGUE RIVER HEALTHCARE LLC, ,Inside City Limits,621610,Medical-Home Health Care Services,RIVERSIDE HOME HEALTH CARE,00:00.0,8B924408-6D38-468B-92DD-A86A28BDEA59,5414761583,402,G,,SE,ST,,,GRANTS PASS,OR,97526,08:01.0,BTAX-041638-09-2025,08:01.0
ROGUE SOLUTIONS ACCOUNTING & BOOKKEEPING LLC, ,Inside City Limits,541211,Accountant-CPA,,00:00.0,bfa5725d-5437-4c83-b4b9-428a2914fac3,5412266488,303,E,,NE,ST,,200C,GRANTS PASS,OR,97526,35:22.0,BTAX-041400-08-2025,35:22.0
ROGUE SOLUTIONS ACCOUNTING & BOOKKEEPING LLC,TAMMIE SCHMIDT-KIRK,Inside City Limits,541211,Accountant-CPA,,00:00.0,bfa5725d-5437-4c83-b4b9-428a2914fac3,5412266488,303,E,,NE,ST,,200C,GRANTS PASS,OR,97526,35:22.0,BTAX-041400-08-2025,35:22.0
ROGUE TACTICAL COATINGS, ,Inside City Limits,541990,Professional-Misc,,00:00.0,924a6fee-5780-4fe0-9161-83bfa41eba86,5417618205,838,5TH,,NW,ST,, ,GRANTS PASS,OR,97526,45:12.0,BTAX-042357-12-2025,45:12.0
ROGUE TACTICAL COATINGS,JOSEPH HOMEN,Inside City Limits,541990,Professional-Misc,,00:00.0,924a6fee-5780-4fe0-9161-83bfa41eba86,5417618205,838,5TH,,NW,ST,, ,GRANTS PASS,OR,97526,45:12.0,BTAX-042357-12-2025,45:12.0
ROGUE TAXI,SEAN VARNER,Inside City Limits,485310,Transportation-Taxi,,00:00.0,52d2301c-cbc3-4481-a1a1-e2a2d5e430cc,5412910514,1304,ROGUE,,SE,DR,,,GRANTS PASS,OR,97526,28:09.0,TAXICO-042448-12-2025,28:09.0
ROGUE TAXI, ,Inside City Limits,485310,Transportation-Taxi,,00:00.0,52d2301c-cbc3-4481-a1a1-e2a2d5e430cc,5412910514,1304,ROGUE,,SE,DR,,,GRANTS PASS,OR,97526,28:09.0,TAXICO-042448-12-2025,28:09.0
ROGUE TRUSS SYSTEMS INC      ,LEON  STUTZMAN,Inside City Limits,238990,Contractor-Trade/Specialty,,00:00.0,31679D8D-E6BC-443D-A363-860DB1AB677A,5414760854,1741,DOWELL,, ,RD,, ,GRANTS PASS,OR,97527,08:38.0,BTAX-041031-07-2025,08:38.0
ROGUE VALLEY AMUSEMENT        ,CHARLES  CHASE,Outside City Limits,532299,Rental-Misc Rentals,,00:00.0,EE00F916-4A9D-4ABE-AC7F-C88C6CECE1C7,5414790101,3033,FOOTHILL,,,BLVD,,B,GRANTS PASS,OR,97526,16:40.0,BTAX-041800-09-2025,16:40.0
ROGUE VALLEY AUTO             ,RONALD  DOBSON,Inside City Limits,811111,Auto-General Repair,,00:00.0,59A003C0-F557-4D26-9043-995A985445EC,5414793405,1900,DEMARAY,,,DR,,,GRANTS PASS,OR,97527,46:01.0,BTAX-041775-09-2025,46:01.0
ROGUE VALLEY DOOR INC         ,JOHN DUNCAN SHIRLEY SAMMIS,Inside City Limits,321999,Manufacturing-Wood Products,,00:00.0,41E22BEB-A394-4BD8-9691-36EB0A964646,5414795354,123,BEACON,,NE,DR,, ,GRANTS PASS,OR,97526,47:04.0,BTAX-041564-08-2025,47:04.0
ROGUE VALLEY FINISHED PRODUCTS    ,JASON VERNER,Inside City Limits,238190,Welding/Fabrication,,00:00.0,CDD62119-5BA9-4F6D-992B-62CA562CBEBD,5414762568,530,F,,NW,ST,, ,GRANTS PASS,OR,97526,09:35.0,BTAX-042206-11-2025,09:35.0
ROGUE VALLEY FINISHED PRODUCTS    , ,Inside City Limits,238190,Welding/Fabrication,,00:00.0,CDD62119-5BA9-4F6D-992B-62CA562CBEBD,5414762568,530,F,,NW,ST,, ,GRANTS PASS,OR,97526,09:35.0,BTAX-042206-11-2025,09:35.0
ROGUE VALLEY HEATING & AIR CONDITIONING,DAVID WILLIAMS,Outside City Limits,238220,Contractor-HVAC Services,,00:00.0,89E61FD9-3200-4364-88D2-F880A837CF4B,5414763211,2820,FOOTHILL,,,BLVD,,,GRANTS PASS,OR,97526,58:46.0,BTAX-041600-09-2025,58:46.0
ROGUE VALLEY HEATING & AIR CONDITIONING,DAVID  WILLIAMS,Outside City Limits,238220,Contractor-HVAC Services,,00:00.0,89E61FD9-3200-4364-88D2-F880A837CF4B,5414763211,2820,FOOTHILL,,,BLVD,,,GRANTS PASS,OR,97526,58:46.0,BTAX-041600-09-2025,58:46.0
ROGUE VALLEY MARBLE & GRANITE LLC,GARY  COWIE,Inside City Limits,339999,Manufacturing-Misc Manufacturing,,00:00.0,E91716A8-0256-4FD2-86C0-D5A05C1BB1CB,5414744319,2375,FOOTHILL,, ,BLVD,, ,GRANTS PASS,OR,97526,50:11.0,BTAX-042262-11-2025,50:11.0
ROGUE VALLEY MORTGAGE LLC     ,LYNN  COSTANTINO,Inside City Limits,522310,Finance-Loan Broker(Mortg/Nonmortg),,00:00.0,45F0BF9F-DFF8-44FD-A23D-7BC4F6E1E4E1,5414766672,222,B,,NE,ST,, ,GRANTS PASS,OR,97526,00:24.0,BTAX-041085-08-2025,00:24.0
ROGUE VALLEY MUFFLER & HITCH, ,Inside City Limits,811111,Auto-General Repair,,00:00.0,1da374a3-c552-4f2e-9303-01b8fb7c44a4,5419168600,1680,REDWOOD,, ,Ave,, ,GRANTS PASS,OR,97527,58:25.0,BTAX-042582-01-2026,58:25.0
ROGUE VALLEY MUFFLER & HITCH,JESSE REINHART,Inside City Limits,811111,Auto-General Repair,,00:00.0,1da374a3-c552-4f2e-9303-01b8fb7c44a4,5419168600,1680,REDWOOD,, ,Ave,, ,GRANTS PASS,OR,97527,58:25.0,BTAX-042582-01-2026,58:25.0
ROGUE VALLEY OVERNIGHTERS     ,CARL & NORMA  STEIN,Inside City Limits,721211,RV Parks & Campgrounds,,00:00.0,E52A86E2-9ACB-4A99-A18C-DC2F4500E73F,5414798371,1806,6TH,,NW,ST,,,GRANTS PASS,OR,97526,12:32.0,BTAX-041294-08-2025,12:32.0
ROGUE VALLEY PET LLC,CHRIS BALADASARO,Inside City Limits,453910,Retail-Pets & Pet Supplies,,00:00.0,a44ecad5-a30e-4a0b-9bb8-cd8ccc24ad87,5418575000,598,F,,NE,ST,, ,GRANTS PASS,OR,97526,46:47.0,BTAX-042039-10-2025,46:47.0
ROGUE VALLEY PET LLC, ,Inside City Limits,453910,Retail-Pets & Pet Supplies,,00:00.0,a44ecad5-a30e-4a0b-9bb8-cd8ccc24ad87,5418575000,598,F,,NE,ST,, ,GRANTS PASS,OR,97526,46:47.0,BTAX-042039-10-2025,46:47.0
ROGUE VALLEY PET LLC,TERRY WEATHERS,Inside City Limits,453910,Retail-Pets & Pet Supplies,,00:00.0,a44ecad5-a30e-4a0b-9bb8-cd8ccc24ad87,5418575000,598,F,,NE,ST,, ,GRANTS PASS,OR,97526,46:47.0,BTAX-042039-10-2025,46:47.0
ROGUE VALLEY PROPERTY MGMT & REAL ESTATE SERVICES INC, ,Inside City Limits,531311,Property Management,,00:00.0,C59AAD26-A606-447D-ADFD-0E59E58CD1F0,5419557300,131,B,,NE,ST,, ,GRANTS PASS,OR,97526,34:09.0,BTAX-042128-10-2025,34:09.0
ROGUE VALLEY PUMP SERVICE LLC ,DAVID E & JOHN G  DENNIS,Inside City Limits,238990,Contractor-Trade/Specialty,CAPP'S PUMP SERVICE,00:00.0,0D540B83-FCC5-4FBF-B88C-440EEECC74BC,5414747877,3396,REDWOOD,, ,AVE,, ,GRANTS PASS,OR,97527,25:11.0,BTAX-040750-07-2025,25:11.0
RON'S MECHANICAL SERVICES     ,RON  BERKO,Inside City Limits,811111,Auto-General Repair,,00:00.0,8837FC79-ABB4-47E9-841C-BEF8918EF77F,5419515538,116,WILMAR,, ,AVE,, ,GRANTS PASS,OR,97527,14:43.0,BTAX-041572-08-2025,14:43.0
ROOTS FARMSTEAD LLC DBA BEEF CAKES BAKERY & PATISSERIE,ALYSSA WARNE,Inside City Limits,311811,Bakery,BEEF CAKES,00:00.0,72d3b80a-5865-4c14-83f2-3c1eb418958f,5037075995,331,6TH,,NE,ST,,,GRANTS PASS,OR,97526,28:00.0,BTAX-040600-07-2025,28:00.0
ROOTS FARMSTEAD LLC DBA BEEF CAKES BAKERY & PATISSERIE, ,Inside City Limits,311811,Bakery,BEEF CAKES,00:00.0,72d3b80a-5865-4c14-83f2-3c1eb418958f,5037075995,331,6TH,,NE,ST,,,GRANTS PASS,OR,97526,28:00.0,BTAX-040600-07-2025,28:00.0
ROOTS FARMSTEAD LLC DBA BEEF CAKES BAKERY & PATISSERIE, ,Inside City Limits,311811,Bakery,BEEF CAKES,00:00.0,72d3b80a-5865-4c14-83f2-3c1eb418958f,5037075995,331,6TH,,NE,ST,,,GRANTS PASS,OR,97526,28:00.0,BTAX-040600-07-2025,28:00.0
"ROSALES SERVICES AND CONSULTING, LLC",TONY  ROSALES,Inside City Limits,621420,Medical-Mental Health/Substance Abuse Center,BELLA ROGUE WELLNESS CLINIC,00:00.0,621e681e-5979-4a26-9af8-97a3af1a7b16,5415127512,980,6TH,,SW,ST,,SUITE 10,ROGUE RIVER,OR,97526,39:35.0,BTAX-041549-08-2025,39:35.0
ROSS DRESS FOR LESS INC       , ROSS DRESS FOR LESS INC       ,Inside City Limits,452111,Retail-Department Store,,00:00.0,9174736C-EFF6-423D-BF74-0533697A066D,9259654831,322,BEACON,,NE,DR,, ,GRANTS PASS,OR,97526,05:53.0,BTAX-041831-09-2025,05:53.0
ROUTE 97 AUTO DETAILING,EDGAR VARGAS,Inside City Limits,811192,Car Wash & Detailing,RESTOR FX,00:00.0,44788f24-aa39-425f-9662-f2910b27b134,5416107248,2757,HIGHLAND,,NW,AVE,,,GRANTS PASS,OR,97526,06:21.0,BTAX-040486-06-2025,06:21.0
ROYAL TRAILER PARK            , HAMLYN FAMILY LLC,Inside City Limits,721211,RV Parks & Campgrounds,,00:00.0,BE222EA0-2552-4D03-8B7C-2E2835F72FEF,5414797204,200,LEWIS,, ,AVE,, ,GRANTS PASS,OR,97527,26:46.0,BTAX-042062-10-2025,26:46.0
RUSSIAN HANDS                 ,EKATERINA  EWERS,Inside City Limits,621399,Medical-Massage Therapy,,00:00.0,C7AC90EB-7914-4914-BCFD-0C68EE72D575,5416595670,1854,6TH,,NW,ST,,#1,GRANTS PASS,OR,97526,38:43.0,BTAX-040573-06-2025,38:43.0
RUSTY NUGGET ANTIQUES         ,DAVID  GAUNT,Inside City Limits,453220,Retail-Gift & Novelty Store,,00:00.0,EE137D8C-DD50-4D88-A5F0-47D672BF05B8,5419555012,326,6TH,,SW,ST,,,GRANTS PASS,OR,97526,25:09.0,BTAX-040871-07-2025,25:09.0
RVM GRANTS PASS HOUSING CORPORATION, ,Inside City Limits,623312,Medical-Assisted Living Facility/Elderly,FOOTHILL RETIREMENT CENTER II,00:00.0,CB7F83CA-E016-4FA5-9255-8FFC5D74FF4F,5414719425,1997,D,,NE,ST,, ,GRANTS PASS,OR,97526,11:58.0,BTAX-041960-10-2025,11:58.0
RVM GRANTS PASS HOUSING CORPORATION, ,Inside City Limits,623312,Medical-Assisted Living Facility/Elderly,FOOTHILL RETIREMENT CENTER,00:00.0,52282912-382E-4FCB-A1F1-B80B672049A4,5414719425,2031,D,,NE,ST,, ,GRANTS PASS,OR,97526,08:27.0,BTAX-041959-10-2025,08:27.0
RVTC LLC,MARY FITZSIMMONS,Inside City Limits,611710,Educational Support Services,ROGUE VALLEY TUTORING ,00:00.0,20d8adee-e957-435c-8dfc-5313fc474539,5417792010,1051,6TH,,NE,ST,,STE 2F,GRANTS PASS,OR,97526,03:33.0,BTAX-042704-01-2026,03:33.0
RVTC LLC, ,Inside City Limits,611710,Educational Support Services,ROGUE VALLEY TUTORING ,00:00.0,20d8adee-e957-435c-8dfc-5313fc474539,5417792010,1051,6TH,,NE,ST,,STE 2F,GRANTS PASS,OR,97526,03:33.0,BTAX-042704-01-2026,03:33.0
RYAN BAKER DC PC              ,RYAN  BAKER,Inside City Limits,621310,Medical-Chiropractor,,00:00.0,B03114A2-8930-43DE-BF57-7E4AC7541749,5414710701,333,5TH,,SW,ST,, ,GRANTS PASS,OR,97526,37:48.0,BTAX-041023-07-2025,37:48.0
RYCKE BROWN                   ,RYCKE  BROWN,Inside City Limits,541320,Landscaping Services,,00:00.0,DA5DDA9C-4E0E-457A-92F2-FA12159317BB,5419559040,1415,BRIDGE,,SW,ST,, ,GRANTS PASS,OR,97526,01:41.0,BTAX-041207-08-2025,01:41.0
RYDELL RENTALS LLC,JARED RYDELL,Inside City Limits,531110,Rental Units/Landlord,,00:00.0,b8102217-d1b2-424a-ae90-a61d0891a563,5416603926,332,BURGESS,,SW,ST,,,GRANTS PASS,OR,97526,03:52.0,BTAX-040548-06-2025,03:52.0
RYDELL RENTALS LLC, ,Inside City Limits,531110,Rental Units/Landlord,,00:00.0,b8102217-d1b2-424a-ae90-a61d0891a563,5416603926,332,BURGESS,,SW,ST,,,GRANTS PASS,OR,97526,03:52.0,BTAX-040548-06-2025,03:52.0
S & G INDUSTRIAL SUPPLIES LLC,GEORGE & VIRGINIA  POTTMEYER,Inside City Limits,441310,Retail-Automotive Parts & Accessories,NEELY BEARING & SUPPLY COMPANY,00:00.0,82DCB61D-EB03-47EE-913F-AC468E20F199,5414763289,1800,HAWTHORNE,,NW,AVE,, ,GRANTS PASS,OR,97526,22:27.0,BTAX-041945-10-2025,22:27.0
S O S ALARM & MEDFORD ALARM & SIGNAL,RAY  CLABORN,Inside City Limits,561621,Security System Services,,00:00.0,487554C4-BC19-48E2-979E-42EDDD5502DB,5417733900,360,H,,SE,ST,,,GRANTS PASS,OR,97526,26:20.0,BTAX-042211-11-2025,26:20.0
"S.O. HOMEPROS, LLC",TIFFANY & BEN MORI,Inside City Limits,238190,Contractor-General/Building Exterior,,00:00.0,4238983e-93ef-4637-8605-375070e15487,5416598676,236,B,,NW,ST,, ,GRANTS PASS,OR,97526,05:19.0,BTAX-042514-12-2025,05:19.0
"S.O. HOMEPROS, LLC", ,Inside City Limits,238190,Contractor-General/Building Exterior,,00:00.0,4238983e-93ef-4637-8605-375070e15487,5416598676,236,B,,NW,ST,, ,GRANTS PASS,OR,97526,05:19.0,BTAX-042514-12-2025,05:19.0
SAFETY FIRST AUTOGLASS INC ,CRAIG  GOSTNELL,Inside City Limits,811122,Auto-Glass Replacement Shop,NOVUS WINDSHIELD REPAIR,00:00.0,70D714B5-96B4-44B0-B52D-8C5ACA5C265B,5414745646,205,PARK,,E,ST,, ,GRANTS PASS,OR,97527,17:41.0,BTAX-041432-08-2025,17:41.0
SAFETY KLEEN SYSTEMS INC     , SAFETY KLEEN SYSTEMS INC,Outside City Limits,561720,Cleaning Service,,00:00.0,57FD61A9-8F6C-4C8B-8A6E-BA913DBF6DFD,7817925000,2730,ROOSEVELT,,,BLVD,,,EUGENE,OR,,39:44.0,BTAX-041256-08-2025,39:44.0
SAFEWAY STORE #379            , SAFEWAY CORP                  ,Inside City Limits,445110,Food-Grocery Store,,00:00.0,9C2EE633-3328-48F6-88A6-C8C720B15A1A,5414761242,1640,WILLIAMS,, ,HWY,, ,GRANTS PASS,OR,97527,02:10.0,BTAX-041132-08-2025,02:10.0
"SAFEWAY, INC", ,Inside City Limits,445110,Food-Grocery Store,,00:00.0,3DAE0E14-1CF3-4A29-84EB-4BD4320B5C8C,5419567540,115,7TH,,SE,ST,, ,GRANTS PASS,OR,97526,35:43.0,BTAX-041173-08-2025,35:43.0
SAIGON XICH LO                ,KIM & YUNG  HANG,Inside City Limits,722511,Restaurant,,00:00.0,AEAA9190-B099-4171-B0A5-2CB468DCB4EF,5414411481,405,7TH,,NE,ST,, ,GRANTS PASS,OR,97526,23:54.0,BTAX-042438-12-2025,23:54.0
SALLY BEAUTY SUPPLY #10817, SALLY BEAUTY SUPPLY LLC,Inside City Limits,446120,Retail-Beauty Supply/Cosmetics,,00:00.0,0FF45874-9A2C-453C-A9E2-FFA3AF0A99CD,5417795346,314,BEACON,,NE,DR,,,GRANTS PASS,OR,97526,12:16.0,BTAX-042145-10-2025,12:16.0
SALON DIVINE                  ,LINDSEY HUDSON                ,Inside City Limits,812112,Beauty Salon,,00:00.0,A69D77CA-A7D0-4CB7-95CD-21D7337EDF83,5414790203,815,D,,NE,ST,, ,GRANTS PASS,OR,97526,17:00.0,BTAX-041977-10-2025,17:00.0
SALON EVOLUER,DEANA FLOYD,Inside City Limits,812112,Beauty Salon,,00:00.0,6a194fdf-5539-4971-a0be-40949529302e,,1692,LYNDA,,NE,LN,,B,GRANTS PASS,OR,97526,13:08.0,BTAX-040574-06-2025,13:08.0
SALON EVOLUER, ,Inside City Limits,812112,Beauty Salon,,00:00.0,6a194fdf-5539-4971-a0be-40949529302e,,1692,LYNDA,,NE,LN,,B,GRANTS PASS,OR,97526,13:08.0,BTAX-040574-06-2025,13:08.0
SALON VENUSTO                 , MCCONNELL & CAMACHO           ,Inside City Limits,812112,Beauty Salon,,00:00.0,08804BEF-645E-48B9-B525-3A76A4368083,5416591001,564,E,,NE,ST,,,GRANTS PASS,OR,97526,55:57.0,BTAX-041010-07-2025,55:57.0
SAM & PAT KELLAM RENTALS      ,SAM & PAT  KELLAM,Inside City Limits,531110,Rental Units/Landlord,,00:00.0,FBDB7E28-88BC-4FF5-937B-8ECED8B9241F,5414765555,301,HONEYLYNN,, ,LN,, ,GRANTS PASS,OR,97527,07:19.0,BTAX-041779-09-2025,07:19.0
SANDEEN MASONRY               ,ANDREW J & ALEXANDER  SANDEEN,Outside City Limits,238140,Contractor-Masonry,,00:00.0,DDE26400-AFDC-4BD2-B9FD-D55C8C764305,5414798844,1600,DOWELL,,,RD,,,GRANTS PASS,OR,97526,30:29.0,BTAX-041437-08-2025,30:29.0
SANDER FAMILY ENTERPRISES LLC ,PHILIP L & CYNTHIA L  SANDER,Inside City Limits,238190,Contractor-General/Building Exterior,SOUTHERN OREGON BACKFLOW,00:00.0,9CAE7AFD-838C-4B2E-82BB-4EBE922CD269,5414720280,2074,COMMERCE,,,DR,,# 102,MEDFORD,OR,97504,45:04.0,BTAX-042164-10-2025,45:04.0
SANDI'S CANDIES               ,SANDRA  CROWDER,Inside City Limits,445299,Food-Specialty Food Store,,00:00.0,D858B7AD-DB5C-4930-B373-CFD48EA49D77,5419559112,145,G,,SW,ST,, ,GRANTS PASS,OR,97526,15:37.0,BTAX-041143-08-2025,15:37.0
SANDRA MORROW TRANSPORTATION  ,SANDRA  MORROW,Inside City Limits,484110,Transportation-Trucking (Local),,00:00.0,059E158D-7F3F-4345-943C-6C2B572C51D4,5414720250,1439,6TH,,NE,ST,,SUITE D,GRANTS PASS,OR,97526,28:39.0,BTAX-040670-07-2025,28:39.0
SARA RIECHERS DDS PC        ,SARA  RIECHERS,Inside City Limits,621210,Medical-Dentist,COMPASSIONATE DENTISTRY,00:00.0,74F32052-BB36-4466-A3A7-1E152B3E5391,5419562177,130,D,,NW,ST,, ,GRANTS PASS,OR,97526,14:16.0,BTAX-040807-07-2025,14:16.0
SCAGLIONE SHITO RYU KARATE, ,Inside City Limits,713940,Fitness Center,,00:00.0,b91f6ade-b3d8-4ad8-9c84-04bc18238e30,5412911492,2060,VINE,,NW,ST,, ,GRANTS PASS,OR,97526,50:32.0,BTAX-040144-04-2025,50:32.0
SCAGLIONE SHITO RYU KARATE,PETE SCAGLIONE,Inside City Limits,713940,Fitness Center,,00:00.0,b91f6ade-b3d8-4ad8-9c84-04bc18238e30,5412911492,2060,VINE,,NW,ST,, ,GRANTS PASS,OR,97526,50:32.0,BTAX-040144-04-2025,50:32.0
SCOT ZOLKOSKE,SCOT ZOLKOSKE,Inside City Limits,541840,Media Representatives,RIVERBANKS MEDIA,00:00.0,9c4a8f4c-4dbf-4aea-9dc4-98edc649ce72,5418468281,613,LEONARD,,SW,ST,, ,GRANTS PASS,OR,97526,10:02.0,BTAX-042823-02-2026,10:02.0
SEGURA'S UPHOLSTERY SERVICE   ,JOSE  SEGURA,Inside City Limits,811420,Furniture/Reupholstery Repair,,00:00.0,71C35A2E-6B41-42BA-B841-827B9A796650,5419554469,1440,WILLIAMS,, ,HWY,, ,GRANTS PASS,OR,97527,55:00.0,BTAX-040663-07-2025,55:00.0
SERENDIPITY STUDIO LLC,MELISSA  ESTES,Inside City Limits,812112,Beauty Salon,,00:00.0,4EF1A100-371C-4ED7-AD81-403079B845C5,5414940101,205,5TH,,SW,ST,,,GRANTS PASS,OR,97526,33:01.0,BTAX-042246-11-2025,33:01.0
SERENITY WITHIN MASSAGE LLC, ,Inside City Limits,621399,Medical-Massage Therapy,,00:00.0,005f9ddd-c7e1-40c7-b836-aaa057b5a4c9,5417782719,598,E,,NE,ST,,SUITE A,GRANTS PASS,OR,97526,48:31.0,BTAX-042097-10-2025,48:31.0
SERENITY WITHIN MASSAGE LLC,ALICIA WELLS,Inside City Limits,621399,Medical-Massage Therapy,,00:00.0,005f9ddd-c7e1-40c7-b836-aaa057b5a4c9,5417782719,598,E,,NE,ST,,SUITE A,GRANTS PASS,OR,97526,48:31.0,BTAX-042097-10-2025,48:31.0
SESPE CONSULTING INC,ROB DAL FARRA & JOSEPH KING,Inside City Limits,541611,Consulting Service,,00:00.0,34697cbf-1772-4246-ab17-7cc0b000984b,8052751515,1590,N,,SE,ST,,B-2,GRANTS PASS,OR,97526,29:45.0,BTAX-040484-06-2025,29:45.0
SESPE CONSULTING INC, ,Inside City Limits,541611,Consulting Service,,00:00.0,34697cbf-1772-4246-ab17-7cc0b000984b,8052751515,1590,N,,SE,ST,,B-2,GRANTS PASS,OR,97526,29:45.0,BTAX-040484-06-2025,29:45.0
SESPE CONSULTING INC,JOHN HECHT,Inside City Limits,541611,Consulting Service,,00:00.0,34697cbf-1772-4246-ab17-7cc0b000984b,8052751515,1590,N,,SE,ST,,B-2,GRANTS PASS,OR,97526,29:45.0,BTAX-040484-06-2025,29:45.0
SHADEZ          , ,Inside City Limits,812112,Beauty Salon,,00:00.0,1427990A-6A34-42D6-BB0C-AC779FD9F566,5414741144,240,H,,SW,ST,, ,GRANTS PASS,OR,97526,15:02.0,BTAX-041614-09-2025,15:02.0
SHADEZ          ,BOBBIE  SABINE,Inside City Limits,812112,Beauty Salon,,00:00.0,1427990A-6A34-42D6-BB0C-AC779FD9F566,5414741144,240,H,,SW,ST,, ,GRANTS PASS,OR,97526,15:02.0,BTAX-041614-09-2025,15:02.0
SHANNON'S PUB LLC            ,SHANNON  HEALEY,Inside City Limits,722410,Bar/Tavern,,00:00.0,3A1A4FC4-3725-4E39-8B27-E637F3D872DA,5414796216,772,6TH,,SW,ST,, ,GRANTS PASS,OR,97526,49:35.0,BTAX-041457-08-2025,49:35.0
SHARP'S TARPS LTD             ,MONTE & BRETT  SHARP,Inside City Limits,451110,Retail-Sporting Goods,,00:00.0,34A57C45-6AEB-4922-8378-F5305701E7FE,5414760832,2741,HIGHLAND,,NW,AVE,, ,GRANTS PASS,OR,97526,18:54.0,BTAX-040818-07-2025,18:54.0
SHAWN BORMAN LANDSCAPE MANAGEMENT, ,Inside City Limits,541320,Landscaping Services,,00:00.0,b3d575a5-58ef-4c7a-a4cc-91534313ac76,5414505602,2514,LEONARD,, ,RD,, ,GRANTS PASS,OR,97527,54:02.0,BTAX-042078-10-2025,54:02.0
SHAWN BORMAN LANDSCAPE MANAGEMENT,SHAWN BORMAN,Inside City Limits,541320,Landscaping Services,,00:00.0,b3d575a5-58ef-4c7a-a4cc-91534313ac76,5414505602,2514,LEONARD,, ,RD,, ,GRANTS PASS,OR,97527,54:02.0,BTAX-042078-10-2025,54:02.0
SHAWN HUDDLESTON CONSTRUCTION,SHAWN  HUDDLESTON,Inside City Limits,238190,Contractor-General/Building Exterior,,00:00.0,CA8AA9E9-89BC-4E43-8C26-13B1C7EC06F7,5417617185,444,GLENWOOD,,E,ST,,,GRANTS PASS,OR,97527,19:10.0,BTAX-041136-08-2025,19:10.0
SHAWN HUDDLESTON CONSTRUCTION,SHAWN  HUDDLESTON,Inside City Limits,238190,Contractor-General/Building Exterior,,00:00.0,CA8AA9E9-89BC-4E43-8C26-13B1C7EC06F7,5417617185,444,GLENWOOD,,E,ST,,,GRANTS PASS,OR,97527,46:00.0,BTAX-041970-10-2025,46:00.0
SHEAR PERFECTION SALON        ,KANDY  MECKFESSEL,Inside City Limits,812112,Beauty Salon,,00:00.0,34FCD3C9-02D2-42DA-8B67-D661F1F7A7F2,5414503443,1457,6TH,,NE,ST,,UNIT A,GRANTS PASS,OR,97526,50:12.0,BTAX-042734-02-2026,50:12.0
SHEAR SKILL BARBERSHOP,KAYLA OLSON,Inside City Limits,812111,Barber Shop,,00:00.0,78f383b0-8114-4c22-a4d0-f0ec145b79fb,5412911945,1252,6TH,,NW,ST,,5,GRANTS PASS,OR,97526,51:57.0,BTAX-042525-12-2025,51:57.0
SHECKELLS REALTY,NOEL  SHECKELLS,Inside City Limits,531210,Real Estate Agents/Brokers,,00:00.0,91157bd4-88e2-465f-8c9d-2eaadfe86d1b,5417785408,227,5TH,,NW,ST,,,GRANTS PASS ,OR,97526,26:10.0,BTAX-041553-08-2025,26:10.0
SHERRI L SCOTT REAL ESTATE,SHERRI SCOTT,Inside City Limits,531210,Real Estate Agents/Brokers,,00:00.0,8e89d782-9255-4b2a-ad58-439ae12390b8,5416608739,442,MURPHY CREEK,,,RD,,,GRANTS PASS,OR,97527,19:54.0,BTAX-042950-03-2026,19:54.0
SHERRI L SCOTT REAL ESTATE, ,Inside City Limits,531210,Real Estate Agents/Brokers,,00:00.0,8e89d782-9255-4b2a-ad58-439ae12390b8,5416608739,442,MURPHY CREEK,,,RD,,,GRANTS PASS,OR,97527,19:54.0,BTAX-042950-03-2026,19:54.0
SHLESINGER & DEVILLENEUVE     ,DAVID DEVILLENEUVE ITZAK SHLESINGER,Inside City Limits,541110,Lawyer,,00:00.0,7C9E1AC1-CCFD-4B2D-9C40-3749A63F6513,5414858411,777,7TH,,NE,ST,, ,GRANTS PASS,OR,97526,23:05.0,BTAX-040905-07-2025,23:05.0
SHOWROOM & MANUFACTURING PLANT, ,Inside City Limits,442110,Retail-Furniture Store,QUALITY MATTRESS,00:00.0,361B5E27-D4F8-4033-8C1D-CB674E3E49A2,5414766292,926,M,,SE,ST,,,GRANTS PASS,OR,97526,09:55.0,BTAX-041717-09-2025,09:55.0
SHOWROOM & MANUFACTURING PLANT,LYMAN R HOPPINS JR,Inside City Limits,442110,Retail-Furniture Store,QUALITY MATTRESS,00:00.0,361B5E27-D4F8-4033-8C1D-CB674E3E49A2,5414766292,926,M,,SE,ST,,,GRANTS PASS,OR,97526,09:55.0,BTAX-041717-09-2025,09:55.0
SI CASA FLORES                ,JOSE  FLORES,Inside City Limits,722511,Restaurant,,00:00.0,6B3FDED1-1A5A-4E83-8288-62CA64663193,5416609726,202,BEACON,,NE,DR,, ,GRANTS PASS,OR,97526,49:31.0,BTAX-040977-07-2025,49:31.0
SI CASA XPRESS               , ,Inside City Limits,722511,Restaurant,,00:00.0,c3d042d9-c487-44b7-9cff-546a731a1c2f,5419561292,515,ROGUE RIVER,,,HWY,, ,GRANTS PASS,OR,97527,51:37.0,BTAX-041690-09-2025,51:37.0
SI CASA XPRESS               ,"JOSE ""MANUEL"" & ARACELY FLORES",Inside City Limits,722511,Restaurant,,00:00.0,c3d042d9-c487-44b7-9cff-546a731a1c2f,5419561292,515,ROGUE RIVER,,,HWY,, ,GRANTS PASS,OR,97527,51:37.0,BTAX-041690-09-2025,51:37.0
SI CASA XPRESS               , ,Inside City Limits,722511,Restaurant,,00:00.0,0aca2445-5b83-42b7-bd0e-b6a3962ab2f7,5419561292,502,UNION,, ,AVE,, ,GRANTS PASS,OR,97527,58:51.0,BTAX-042461-12-2025,58:51.0
SI CASA XPRESS               ,"JOSE ""MANUEL"" & ARACELY FLORES",Inside City Limits,722511,Restaurant,,00:00.0,0aca2445-5b83-42b7-bd0e-b6a3962ab2f7,5419561292,502,UNION,, ,AVE,, ,GRANTS PASS,OR,97527,58:51.0,BTAX-042461-12-2025,58:51.0
SIGHTS AND SOUNDS UNLIMITED   ,JES  WEBB,Inside City Limits,425120,Wholesale Agent,,00:00.0,A82F2D9A-C3BA-4258-998C-CCD1351ED26E,5414768558,703,TOWNE,, ,ST,, ,GRANTS PASS,OR,97527,04:40.0,BTAX-040779-07-2025,04:40.0
SIGNATURE NAILS,DORI O'DUANE,Inside City Limits,812113,Nail Salon,,00:00.0,b730424d-9e43-45f7-946b-68375952f092,5416598788,1317,PROSPECT,,NW,AVE,, ,GRANTS PASS,OR,97526,29:12.0,BTAX-040511-06-2025,29:12.0
SIGNATURE NAILS, ,Inside City Limits,812113,Nail Salon,,00:00.0,b730424d-9e43-45f7-946b-68375952f092,5416598788,1317,PROSPECT,,NW,AVE,, ,GRANTS PASS,OR,97526,29:12.0,BTAX-040511-06-2025,29:12.0
SIGNS BY J,J MARSHALL,Inside City Limits,711510,Artist,,00:00.0,a1b48984-815d-487e-98b9-6e97adc61cba,5417617330,821,BRYN,,SW,CT,, ,GRANTS PASS,OR,97527,57:02.0,BTAX-040657-07-2025,57:02.0
SIGNS BY J,J MAUST,Inside City Limits,711510,Artist,,00:00.0,a1b48984-815d-487e-98b9-6e97adc61cba,5417617330,821,BRYN,,SW,CT,, ,GRANTS PASS,OR,97527,57:02.0,BTAX-040657-07-2025,57:02.0
"SILKE COMMUNICATIONS SOLUTIONS, INC", ,Outside City Limits,517110,Telecommunication-Wireless Carrier,,00:00.0,4e6ad134-f379-42a4-bffe-26a7625e58b8,5419467309,1825,6TH,,NE,ST,, ,GRANTS PASS,OR,97526,15:10.0,BTAX-042608-01-2026,15:10.0
"SILKE COMMUNICATIONS SOLUTIONS, INC",JAMES SILKE JR,Outside City Limits,517110,Telecommunication-Wireless Carrier,,00:00.0,4e6ad134-f379-42a4-bffe-26a7625e58b8,5419467309,1825,6TH,,NE,ST,, ,GRANTS PASS,OR,97526,15:10.0,BTAX-042608-01-2026,15:10.0
SIRILUK VORACHUT,SIRILUK  VORACHUT,Inside City Limits,722511,Restaurant,ROYAL BARGE THAI CUISINE,00:00.0,57060F4F-422C-4B30-8742-100A0E5F9BAD,5414746942,120,H,,SW,ST,, ,GRANTS PASS,OR,97526,31:04.0,BTAX-042763-02-2026,31:04.0
SISKIYOU COMMUNITY HEALTH CENTER, SISKIYOU COMMUNITY HEALTH CENTER,Inside City Limits,621111,Medical-Physician,,00:00.0,2b3bf33e-1ed0-4f0a-85c6-cf978c0b31fb,5414713455,1207,7TH,,NE,ST,,,GRANTS PASS,OR,97526,00:31.0,BTAX-041266-08-2025,00:31.0
SISKIYOU COMMUNITY HEALTH CENTER , ,Inside City Limits,621111,Medical-Physician,,00:00.0,93f3a1ca-9070-4d6c-9772-0c1defdb9132,5414724737,830,9TH,,NE,ST,,,GRANTS PASS,OR,97526,48:26.0,BTAX-041263-08-2025,48:26.0
SISKIYOU COMMUNITY HEALTH CENTER, SISKIYOU COMMUNITY HEALTH CENTER,Inside City Limits,621111,Medical-Physician,,00:00.0,18C97AF9-4048-45C4-9273-5C97E4A1E9BD,5414713455,1701,HAWTHORNE,,NW,AVE,,,GRANTS PASS,OR,97526,58:23.0,BTAX-041265-08-2025,58:23.0
SISKIYOU CORPORATION,ROBERT & WILLIAM  HODGE,Inside City Limits,339999,Manufacturing-Misc Manufacturing,,00:00.0,4040C66E-60B1-4E7D-9F16-256DB6EC9318,5414798697,110,BOOTH,,SW,ST,, ,GRANTS PASS,OR,97526,58:04.0,BTAX-040713-07-2025,58:04.0
SISKIYOU PEDIATRIC CLINIC LLP ,"K. JOHNSTON, K. BURNETT S. MARSHAK",Inside City Limits,621111,Medical-Physician,,00:00.0,6BFF685E-E4A5-4A87-A6B0-72901607B4FC,5419555683,700,RAMSEY,,SW,AVE,,,GRANTS PASS,OR,97527,16:21.0,BTAX-040953-07-2025,16:21.0
SISKIYOU PHYSICAL THERAPY     ,JESSE  ELLIOTT,Inside City Limits,621111,Medical-Physician,,00:00.0,DA249977-DCD8-43C9-9D1F-4C5E8C4797E1,5414796936,1485,7TH,,NE,ST,, ,GRANTS PASS,OR,97526,53:32.0,BTAX-041754-09-2025,53:32.0
SISKIYOU TECHNOLOGY CONSULTANTS INC,CAEL WESTON,Inside City Limits,238990,Contractor-Trade/Specialty,NETWORK ONE,00:00.0,f270bf75-259e-4a37-8223-2897f9960159,8776302263,1512,OREGON,,S,,,,YREKA,CA,96097,53:41.0,BTAX-042932-03-2026,53:41.0
SISKIYOU TECHNOLOGY CONSULTANTS INC, ,Inside City Limits,238990,Contractor-Trade/Specialty,NETWORK ONE,00:00.0,f270bf75-259e-4a37-8223-2897f9960159,8776302263,1512,OREGON,,S,,,,YREKA,CA,96097,53:41.0,BTAX-042932-03-2026,53:41.0
SIVSAGAR HOSPITALITY LLC      ,BHARAT & VAISHALI B  PATEL,Inside City Limits,721110,Hotel/Motel,BESTWAY INN ,00:00.0,C625CD64-609B-43CA-A856-BECB68F09633,5414792952,1253,6TH,,NE,ST,, ,GRANTS PASS,OR,97526,56:09.0,BTAX-040732-07-2025,56:09.0
"SIZZLER USA RESTAURANTS, INC.",CHRIS PERKINS,Inside City Limits,722511,Restaurant,SIZZLER #552,00:00.0,2ddc845a-4f3b-4ad9-8886-d6da5b0d0cbb,9494918394,1871,7TH,,NE,ST,, ,GRANTS PASS,OR,97526,25:30.0,BTAX-040333-05-2025,25:30.0
"SIZZLER USA RESTAURANTS, INC.", ,Inside City Limits,722511,Restaurant,SIZZLER #552,00:00.0,2ddc845a-4f3b-4ad9-8886-d6da5b0d0cbb,9494918394,1871,7TH,,NE,ST,, ,GRANTS PASS,OR,97526,25:30.0,BTAX-040333-05-2025,25:30.0
SKINCARE BY DAWN & CO LLC              , ,Inside City Limits,812112,Beauty Salon,,00:00.0,0884C0DD-60BA-42DE-A684-394FBDC4A083,5412189899,1012,6TH,,NW,ST,,,GRANTS PASS,OR,97526,57:47.0,BTAX-042473-12-2025,57:47.0
SKINCARE BY DAWN & CO LLC              ,DAWN MEWHINNEY,Inside City Limits,812112,Beauty Salon,,00:00.0,0884C0DD-60BA-42DE-A684-394FBDC4A083,5412189899,1012,6TH,,NW,ST,,,GRANTS PASS,OR,97526,57:47.0,BTAX-042473-12-2025,57:47.0
SKY 7 MARKET 6 LLC,BALWINDER & BHUPINDER SINGH,Inside City Limits,454390,Retail-Misc Direct Selling Establishment,FARMERS MARKET,00:00.0,f2bace81-d2e1-4359-80b7-95c64bc386ea,4083855647,603,ROGUE RIVER,, ,HWY,, ,GRANTS PASS,OR,97527,18:44.0,BTAX-040633-07-2025,18:44.0
SKY 7 MARKET 6 LLC, ,Inside City Limits,454390,Retail-Misc Direct Selling Establishment,FARMERS MARKET,00:00.0,f2bace81-d2e1-4359-80b7-95c64bc386ea,4083855647,603,ROGUE RIVER,, ,HWY,, ,GRANTS PASS,OR,97527,18:44.0,BTAX-040633-07-2025,18:44.0
SLAYDEN CONSTRUCTORS INC, ,Outside City Limits,238190,Contractor-General/Building Exterior,,00:00.0,4A0117E5-4265-450B-AB48-CAE637AF8B32,5037691969,550,HAWTHORNE,,,AVE,SE,200,SALEM,OR,97301,41:54.0,BTAX-040591-07-2025,41:54.0
SLAYDEN CONSTRUCTORS INC, ,Outside City Limits,238190,Contractor-General/Building Exterior,,00:00.0,4A0117E5-4265-450B-AB48-CAE637AF8B32,5037691969,550,HAWTHORNE,,,AVE,SE,200,SALEM,OR,97301,41:54.0,BTAX-040591-07-2025,41:54.0
"SMEED SOUND SERVICE, INC      ",GLENN  SMEED,Outside City Limits,237130,Contractor-Telecommunications,"SMEED COMMUNICATION SERVICES, INC.",00:00.0,0C08F000-6152-4A14-A9E2-4C03557792F4,5416861654,790,8TH,,W,AVE,,,EUGENE,OR,97402,07:07.0,BTAX-042725-02-2026,07:07.0
SMILE MAKERS DENTURE AND DENTAL,J. MATT TRIPP,Inside City Limits,621210,Medical-Dentist,,00:00.0,12dc3f53-64db-4029-bf55-30f8d17c3ec1,5414768338,212,SAVAGE ,,NE,ST,,SUITE B,GRANTS PASS,OR,97526,41:09.0,BTAX-040505-06-2025,41:09.0
SMILE MAKERS DENTURE AND DENTAL, ,Inside City Limits,621210,Medical-Dentist,,00:00.0,12dc3f53-64db-4029-bf55-30f8d17c3ec1,5414768338,212,SAVAGE ,,NE,ST,,SUITE B,GRANTS PASS,OR,97526,41:09.0,BTAX-040505-06-2025,41:09.0
SMITH FIVE ELECTRIC LLC,DAVE SMITH,Inside City Limits,238210,Contractor-Electrical,,00:00.0,43012088-5f69-432b-a932-c27bd31adbfd,5417610857,295,BELMONT,, ,PL,, ,GRANTS PASS,OR,97526,57:29.0,BTAX-042854-02-2026,57:29.0
SMITH FIVE ELECTRIC LLC,DAVE SMITH,Inside City Limits,238210,Contractor-Electrical,,00:00.0,43012088-5f69-432b-a932-c27bd31adbfd,5417610857,295,BELMONT,, ,PL,, ,GRANTS PASS,OR,97526,57:29.0,BTAX-042854-02-2026,57:29.0
SMITHEY INC   ,ALEXIS SMITHEY,Inside City Limits,453110,Florist,ROGUE FLORIST & GIFTS,00:00.0,A956A4B3-5260-40BB-B7B4-29F357785601,5414768831,328,6TH,,SW,ST,, ,GRANTS PASS,OR,97526,31:37.0,BTAX-042541-01-2026,31:37.0
SMJ CONSULTING INC, ,Inside City Limits,541990,Professional-Misc,TUMMY SPA,00:00.0,dea91a87-b3f5-4c25-900c-36cf96d8223d,5419443990,1018,7TH,,NE,ST,, ,GRANTS PASS,OR,97526,27:11.0,BTAX-041957-10-2025,27:11.0
SMJ CONSULTING INC,REGINA PURTZER,Inside City Limits,541990,Professional-Misc,TUMMY SPA,00:00.0,dea91a87-b3f5-4c25-900c-36cf96d8223d,5419443990,1018,7TH,,NE,ST,, ,GRANTS PASS,OR,97526,27:11.0,BTAX-041957-10-2025,27:11.0
SMOKE SHACK DL, ,Inside City Limits,453991,Retail-Tobacco Store,,00:00.0,a1bd79ee-8081-424f-8903-963a12c4be96,5412953020,235,8TH,,SE,ST,,,GRANTS PASS,OR,97526,33:27.0,BTAX-042667-01-2026,33:27.0
SMOKE SHACK DL,RAKESH SHARMA,Inside City Limits,453991,Retail-Tobacco Store,,00:00.0,a1bd79ee-8081-424f-8903-963a12c4be96,5412953020,235,8TH,,SE,ST,,,GRANTS PASS,OR,97526,33:27.0,BTAX-042667-01-2026,33:27.0
SMOKEY'S STOVES LLC          ,GENE & TRUDY BRADLEY,Inside City Limits,443141,Retail-Home Appliances,,00:00.0,0A7FF66B-A881-4F0E-972A-F6D3231C5BF5,5414762174,926,6TH,,SW,ST,, ,GRANTS PASS,OR,97526,12:24.0,BTAX-041125-08-2025,12:24.0
SNEAK PREVIEW                 ,CURTIS  HAYDEN,Inside City Limits,511110,Newspaper Publisher,,00:00.0,8A71F4F5-EEF4-4919-B955-3AED6EF7A440,5414743044,310,6TH,,NW,ST,,,GRANTS PASS,OR,97526,49:26.0,BTAX-041710-09-2025,49:26.0
SO OR MULTIPLE LISTING SVC INC, ROGUE VALLEY ASSOC OF REALTORS,Inside City Limits,531210,Real Estate Agents/Brokers,,00:00.0,AD4A72C6-48A9-4FD2-8B5B-A272D47242EF,5417707060,558,F,,NE,ST,,SUITE 7,GRANTS PASS,OR,97526,02:23.0,BTAX-041331-08-2025,02:23.0
SOARING AROUND THE WORLD TRAVEL,ANGELA  NEWTON,Inside City Limits,561510,Travel Agency,,00:00.0,a7833aaf-7097-483e-8e5a-2973bb1d832c,5417619947,2740,EASTWOOD,, ,LN,, ,GRANTS PASS,OR,97527,29:06.0,BTAX-040502-06-2025,29:06.0
SOARING AROUND THE WORLD TRAVEL, ,Inside City Limits,561510,Travel Agency,,00:00.0,a7833aaf-7097-483e-8e5a-2973bb1d832c,5417619947,2740,EASTWOOD,, ,LN,, ,GRANTS PASS,OR,97527,29:06.0,BTAX-040502-06-2025,29:06.0
SOLAR MAN CO                  ,GARY  THOMAS,Inside City Limits,238220,Solar Equipment Installation,,00:00.0,AEBC4708-DB79-4EBB-B3BF-47E42B2C4C80,5416604254,1205,JORDAN,,SW,ST,, ,GRANTS PASS,OR,97526,56:17.0,BTAX-040805-07-2025,56:17.0
"SORENSON, RANSOM & FERGUSON, LLP","RAMSOM, FERGUSON  SORENSON & CLYDE",Inside City Limits,541110,Lawyer,,00:00.0,45FB5E98-D2F3-4934-8F00-F62E52B8EA53,5414763883,133,D,,NW,ST,, ,GRANTS PASS,OR,97526,00:41.0,BTAX-040735-07-2025,00:41.0
SOTELO INC,LEONARDO & DAVID SOTELO,Inside City Limits,722511,Restaurant,EDIBERTO'S TACO SHOP,00:00.0,d0a5f186-f43e-4cac-bf91-017ce3ec83e9,4582122790,1555,WILLIAMS HIGHWAY,,,HWY,,E,GRANTS PASS,OR,97527,55:12.0,BTAX-040223-04-2025,55:12.0
SOTELO INC, ,Inside City Limits,722511,Restaurant,EDIBERTO'S TACO SHOP,00:00.0,d0a5f186-f43e-4cac-bf91-017ce3ec83e9,4582122790,1555,WILLIAMS HIGHWAY,,,HWY,,E,GRANTS PASS,OR,97527,55:12.0,BTAX-040223-04-2025,55:12.0
SOUND OF THE HARVEST MUSIC    ,LEWIS  CROWNOVER,Inside City Limits,451140,Retail-Music/Instruments & Supplies,,00:00.0,46BB4B05-E428-4E7E-A163-22047CEF4C44,5412183002,1032,REGENT,,NW,DR,, ,GRANTS PASS,OR,97526,09:28.0,BTAX-042167-10-2025,09:28.0
SOUTH PACIFIC PIZZA INC, ,Inside City Limits,722511,Restaurant,DOMINO'S PIZZA,00:00.0,0CC344D8-AD58-4098-9E76-CD59B8766388,5306354161,407,E,,NE,ST,,,GRANTS PASS,OR,97526,08:07.0,BTAX-042485-12-2025,08:07.0
SOUTH PACIFIC PIZZA INC,SHANE ANDERSON,Inside City Limits,722511,Restaurant,DOMINO'S PIZZA,00:00.0,0CC344D8-AD58-4098-9E76-CD59B8766388,5306354161,407,E,,NE,ST,,,GRANTS PASS,OR,97526,08:07.0,BTAX-042485-12-2025,08:07.0
SOUTH SIDE BARBER SHOP  , ,Inside City Limits,812111,Barber Shop,,00:00.0,1178BDCE-D1A8-4EFE-A0ED-01EB73F95FC4,9498360586,603,6TH,,SE,ST,,,GRANTS PASS,OR,97526,04:45.0,BTAX-041734-09-2025,04:45.0
SOUTH SIDE BARBER SHOP  ,CAMERON KELLEY,Inside City Limits,812111,Barber Shop,,00:00.0,1178BDCE-D1A8-4EFE-A0ED-01EB73F95FC4,9498360586,603,6TH,,SE,ST,,,GRANTS PASS,OR,97526,04:45.0,BTAX-041734-09-2025,04:45.0
SOUTHERN OR PLAY THERAPY, ,Inside City Limits,621112,Medical-Mental Health Specialist,,00:00.0,3ced02d8-987c-4071-a3ab-94b126444579,5416596165,980,6TH,,SW,ST,,SUITE 18,GRANTS PASS,OR,97526,52:48.0,BTAX-041329-08-2025,52:48.0
SOUTHERN OR PLAY THERAPY,CONNIE WRIGHT,Inside City Limits,621112,Medical-Mental Health Specialist,,00:00.0,3ced02d8-987c-4071-a3ab-94b126444579,5416596165,980,6TH,,SW,ST,,SUITE 18,GRANTS PASS,OR,97526,52:48.0,BTAX-041329-08-2025,52:48.0
SOUTHERN OREGON ASPIRE        , SOUTHERN OREGON ASPIRE        ,Inside City Limits,813410,Organization-Civic/Social,MAINTENANCE SERVICES,00:00.0,E23D2DD7-BE00-4D89-BEE6-EC45DFB752B9,5414768241,1222,REDWOOD,,,AVE,,,GRANTS PASS,OR,97527,23:34.0,BTAX-042061-10-2025,23:34.0
SOUTHERN OREGON AUDIO VISUAL,SIRO  BIGNOTTI,Inside City Limits,443142,Retail-Electronics,AUDIO VISUAL EQUIPMENT REPAIR,00:00.0,44F37A3E-310E-4D54-BE36-8D5FB38AF928,5414798020,545,ROGUE RIVER,, ,HWY,, ,GRANTS PASS,OR,97527,38:09.0,BTAX-042620-01-2026,38:09.0
SOUTHERN OREGON CARDIOLOGY LLC, SOUTHERN OREGON CARDIOLOGY LLC,Inside City Limits,621111,Medical-Physician,,00:00.0,708EA9E2-5FB5-4EA4-9857-2635118B3252,5419307223,520,RAMSEY,,SW,AVE,,SUITE 204,GRANTS PASS,OR,97527,55:44.0,BTAX-040970-07-2025,55:44.0
SOUTHERN OREGON CUSTOMS LLC, ,Inside City Limits,811121,"Auto-Body, Paint & Interior",,00:00.0,890eb55f-5955-470c-9aa1-98a8d576c8a6,5419443538,1259,ROGUE RIVER,,,HWY,,C,GRANTS PASS,OR,97527,36:14.0,BTAX-042178-10-2025,36:14.0
SOUTHERN OREGON CUSTOMS LLC,FRED WILSON,Inside City Limits,811121,"Auto-Body, Paint & Interior",,00:00.0,890eb55f-5955-470c-9aa1-98a8d576c8a6,5419443538,1259,ROGUE RIVER,,,HWY,,C,GRANTS PASS,OR,97527,36:14.0,BTAX-042178-10-2025,36:14.0
SOUTHERN OREGON DANCE CENTER,KAREN  DAGGETT,Inside City Limits,711120,Dance Studio,,00:00.0,6A621049-9684-4B99-B32D-E873B53C2D3E,5419168384,405,6TH,,SE,ST,,,GRANTS PASS,OR,97526,34:38.0,BTAX-042091-10-2025,34:38.0
SOUTHERN OREGON DENTAL LLC   ,CHARLES AOTO DANIEL ARRIGOTTI,Inside City Limits,621210,Medical-Dentist,,00:00.0,37AAF50B-C5A1-4EEB-A6F9-80C7BD0086D8,5414767781,540,UNION,, ,AVE,, ,GRANTS PASS,OR,97527,39:59.0,BTAX-041949-10-2025,39:59.0
SOUTHERN OREGON DOG TRAINING, ,Inside City Limits,812910,Pet Care Services,,00:00.0,0d758c9a-e500-407a-8c71-6d5d32a9a768,5418410756,1492,ROGUE RIVER,, ,HWY,,,GRANTS PASS,OR,97527,05:29.0,BTAX-041716-09-2025,05:29.0
SOUTHERN OREGON DOG TRAINING,BEAU & ALEESHA BUSHNELL,Inside City Limits,812910,Pet Care Services,,00:00.0,0d758c9a-e500-407a-8c71-6d5d32a9a768,5418410756,1492,ROGUE RIVER,, ,HWY,,,GRANTS PASS,OR,97527,05:29.0,BTAX-041716-09-2025,05:29.0
SOUTHERN OREGON DRYWALL LLC   ,SHANE  DRURY,Inside City Limits,238310,Drywall & Insulation,,00:00.0,509C6EF7-8BA1-4CAF-B050-006F8AC7923A,5416601131,624,L,,SE,ST,, ,GRANTS PASS,OR,97526,15:52.0,BTAX-040890-07-2025,15:52.0
SOUTHERN OREGON EMPOWERED,ALENA HOUGHTON,Inside City Limits,611710,Educational Support Services,,00:00.0,d2acb9f8-c982-442a-82c1-2a48386a38dc,5412957466,1335,HIGHLAND,,NW,AVE,, ,GRANTS PASS,OR,97526,54:19.0,BTAX-041691-09-2025,54:19.0
SOUTHERN OREGON EMPOWERED, ,Inside City Limits,611710,Educational Support Services,,00:00.0,d2acb9f8-c982-442a-82c1-2a48386a38dc,5412957466,1335,HIGHLAND,,NW,AVE,, ,GRANTS PASS,OR,97526,54:19.0,BTAX-041691-09-2025,54:19.0
SOUTHERN OREGON GOODWILL INDUSTRIES, WILLPOWER TEMPORARY SERVICES,Inside City Limits,453310,Retail-Thrift Store,,00:00.0,B62932BE-8719-47D6-8671-733F51DE5CCE,5414796000,1101,D,,NE,ST,, ,GRANTS PASS,OR,97526,20:30.0,BTAX-040739-07-2025,20:30.0
SOUTHERN OREGON HBOT,JON CHAMBERS,Inside City Limits,621111,Medical-Physician,,00:00.0,fdbd104d-87b3-4a73-bdac-ee89624f3840,5414791289,1663,WILLIAMS,, ,HWY,, ,GRANTS PASS,OR,97527,30:31.0,BTAX-040193-04-2025,30:31.0
SOUTHERN OREGON HBOT, ,Inside City Limits,621111,Medical-Physician,,00:00.0,fdbd104d-87b3-4a73-bdac-ee89624f3840,5414791289,1663,WILLIAMS,, ,HWY,, ,GRANTS PASS,OR,97527,30:31.0,BTAX-040193-04-2025,30:31.0
SOUTHERN OREGON MEDIATION CENTER,CLAUDIA  BEAUSOLEIL,Inside City Limits,624190,Social Svcs-Individual & Family Svcs,,00:00.0,A4E942AE-CBD5-4E13-8082-12FE107D8139,5412266654,432,6TH,,NW,ST,,SUITE 209,GRANTS PASS,OR,97526,48:29.0,BTAX-041076-08-2025,48:29.0
SOUTHERN OREGON MEDICAL AESTHETICS CENTER,PHILLIP & JOYCE  SOLAR,Inside City Limits,621111,Medical-Physician,SOLAR INVESTMENT,00:00.0,0F26E7DA-0F38-46A2-AF4E-70A204A48808,5414723223,1014,7TH,,NE,ST,, ,GRANTS PASS,OR,97526,09:03.0,BTAX-041805-09-2025,09:03.0
SOUTHERN OREGON ORTHOPEDICS INC, ,Inside City Limits,621111,Medical-Physician,PARAGON ORTHOPEDIC CENTER PC,00:00.0,29A53758-11E3-4F74-841D-E42E7427002D,5414720603,702,RAMSEY,,SW,AVE,,,GRANTS PASS,OR,97527,09:30.0,BTAX-041534-08-2025,09:30.0
SOUTHERN OREGON PATHWAYS LLC, ,Inside City Limits,624190,Social Svcs-Individual & Family Svcs,,00:00.0,48f0e27d-f8a6-4c00-8275-08ca4a61aed5,5414509615,418,6TH,,NW,ST,,,GRANTS PASS,OR,97526,59:35.0,BTAX-042953-03-2026,59:35.0
SOUTHERN OREGON PATHWAYS LLC,TAWNYA FREUDENTHALER,Inside City Limits,624190,Social Svcs-Individual & Family Svcs,,00:00.0,48f0e27d-f8a6-4c00-8275-08ca4a61aed5,5414509615,418,6TH,,NW,ST,,,GRANTS PASS,OR,97526,59:35.0,BTAX-042953-03-2026,59:35.0
SOUTHERN OREGON PATIENT AWARENESS CENTER GRANTS PASS LLC,BRENDA THOMAS,Inside City Limits,621111,Medical-Physician,,00:00.0,8B178A7C-DFF4-409D-A258-BD784A9D5051,5419555070,217-B,HILLCREST,,NE,DR,,,GRANTS PASS,OR,97526,43:28.0,BTAX-042439-12-2025,43:28.0
SOUTHERN OREGON REAL ESTATE VENTURES LLC,CHET BOLEN,Outside City Limits,531110,Rental Units/Landlord,,00:00.0,f286f87e-42f3-4aa1-941b-85249d34ebc3,5414505926,649,GRAY WOLF,, ,DR,, ,GRANTS PASS,OR,97526,01:43.0,BTAX-040793-07-2025,01:43.0
SOUTHERN OREGON REAL ESTATE VENTURES LLC, ,Outside City Limits,531110,Rental Units/Landlord,,00:00.0,f286f87e-42f3-4aa1-941b-85249d34ebc3,5414505926,649,GRAY WOLF,, ,DR,, ,GRANTS PASS,OR,97526,01:43.0,BTAX-040793-07-2025,01:43.0
SOUTHERN OREGON REAL ESTATE VENTURES LLC,CHET & ALLISON BOLEN,Outside City Limits,531110,Rental Units/Landlord,,00:00.0,f286f87e-42f3-4aa1-941b-85249d34ebc3,5414505926,649,GRAY WOLF,, ,DR,, ,GRANTS PASS,OR,97526,01:43.0,BTAX-040793-07-2025,01:43.0
SOUTHERN OREGON RESTORATION INC,DAVID/HAROLD/GREG  JACOBY,Inside City Limits,238190,Contractor-General/Building Exterior,JACOBY CONSTRUCTION & DESIGN,00:00.0,160D5181-01A3-4DEB-A8CE-9D4514A04753,5414729224,1110,MILBANK,,SE,RD,,,GRANTS PASS,OR,97526,24:10.0,BTAX-040819-07-2025,24:10.0
"SOUTHERN OREGON SANITATION, WC", ,Inside City Limits,561720,Cleaning Service,SWEEPING DIVISION,00:00.0,87f851f2-0395-413c-a87e-b39b014f8588,5414795335,1381,REDWOOD,,,AVE,,,GRANTS PASS,OR,97527,09:53.0,BTAX-041069-08-2025,09:53.0
"SOUTHERN OREGON SANITATION, WC","NICK, GRANT & TRENT, TINA FAHEY&CARPENTER",Inside City Limits,561720,Cleaning Service,SWEEPING DIVISION,00:00.0,87f851f2-0395-413c-a87e-b39b014f8588,5414795335,1381,REDWOOD,,,AVE,,,GRANTS PASS,OR,97527,09:53.0,BTAX-041069-08-2025,09:53.0
SOUTHERN OREGON TATTOO ACADEMY, ,Inside City Limits,812199,Tattoo/Piercing Shop,,00:00.0,172e1bfe-65f9-46e0-b25d-3fde2978a87f,5414502804,560,E,,NE,ST,,,GRANTS PASS,OR,97526,13:38.0,BTAX-041196-08-2025,13:38.0
SOUTHERN OREGON TATTOO ACADEMY,CHRISTOPHER TOLLIS,Inside City Limits,812199,Tattoo/Piercing Shop,,00:00.0,172e1bfe-65f9-46e0-b25d-3fde2978a87f,5414502804,560,E,,NE,ST,,,GRANTS PASS,OR,97526,13:38.0,BTAX-041196-08-2025,13:38.0
SOUTHERN OREGON TIRE & 4X4    ,EMMITT C & DANIEL V PATTERSON,Inside City Limits,441320,Retail-Tire Dealer,,00:00.0,24637BAB-B818-4052-8F42-FE85DED78595,5419554444,851,MILBANK,,SE,RD,, ,GRANTS PASS,OR,97526,48:39.0,BTAX-041942-10-2025,48:39.0
"SOUTHERN OREGON TREE CARE, LLC",WILLIE  GINGG,Outside City Limits,541990,Professional-Misc,,00:00.0,C56B109F-80A9-4FB3-8641-5FA7D6D7D3EF,5417720404,1564,GIBBON,,,RD,,,CENTRAL POINT,OR,97502,25:35.0,BTAX-041847-09-2025,25:35.0
SOUTHERN OREGON WATER WORKS INC,MICHAEL  LAMBERT,Inside City Limits,813990,Organization-Misc,,00:00.0,76FEC0CB-30B6-4F23-8BE8-B332689E88B1,5414760154,1072,ROGUE RIVER,,,HWY,,#D,GRANTS PASS,OR,97527,06:00.0,BTAX-040903-07-2025,06:00.0
SOUTHPAW TATTOO PARLOR LLC, ,Inside City Limits,812199,Tattoo/Piercing Shop,SOUTHPAW TATTOO PARLOR,00:00.0,d32efa94-3a41-4ae1-8c78-ae1b400f273f,5416596614,914,6TH,,SW,ST,,#A,GRANTS PASS,OR,97526,28:06.0,BTAX-040245-04-2025,28:06.0
SOUTHPAW TATTOO PARLOR LLC,JENNIFER GODFREY,Inside City Limits,812199,Tattoo/Piercing Shop,SOUTHPAW TATTOO PARLOR,00:00.0,d32efa94-3a41-4ae1-8c78-ae1b400f273f,5416596614,914,6TH,,SW,ST,,#A,GRANTS PASS,OR,97526,28:06.0,BTAX-040245-04-2025,28:06.0
SPAETH CONTRACTING LLC,Marc Spaeth,Inside City Limits,238190,Contractor-General/Building Exterior,,00:00.0,65dd9f43-e6ef-4dab-bfc5-fd943c840250,5417271035,601,FORKS,,E,CIRCLE,,,CAVE JUNCTION,OR,97523,23:48.0,BTAX-040433-05-2025,23:48.0
SPAETH CONTRACTING LLC,MARC SPAETH,Inside City Limits,238190,Contractor-General/Building Exterior,,00:00.0,65dd9f43-e6ef-4dab-bfc5-fd943c840250,5417271035,601,FORKS,,E,CIRCLE,,,CAVE JUNCTION,OR,97523,23:48.0,BTAX-040433-05-2025,23:48.0
SPECIFIC ENERGY,DAN LAUTENSCHLEGER,Inside City Limits,443142,Retail-Electronics,BATTERIES PLUS BULBS,00:00.0,37a756f4-0aed-4315-951b-8118c818158c,5418585103,200,TERRY,,NE,LN,,B,GRANTS PASS,OR,97526,16:44.0,BTAX-042410-12-2025,16:44.0
SPECIFIC ENERGY,RANDY PACE,Inside City Limits,443142,Retail-Electronics,BATTERIES PLUS BULBS,00:00.0,37a756f4-0aed-4315-951b-8118c818158c,5418585103,200,TERRY,,NE,LN,,B,GRANTS PASS,OR,97526,16:44.0,BTAX-042410-12-2025,16:44.0
SPECIFIC ENERGY, ,Inside City Limits,443142,Retail-Electronics,BATTERIES PLUS BULBS,00:00.0,37a756f4-0aed-4315-951b-8118c818158c,5418585103,200,TERRY,,NE,LN,,B,GRANTS PASS,OR,97526,16:44.0,BTAX-042410-12-2025,16:44.0
"SPECTROTEL, INC.", ,Outside City Limits,517919,Telecommunications,,00:00.0,36dac492-1a05-41b2-813d-e23d8bc05da7,6782577764,3535 ROUTE 66 BLDG 7,,,,,,,NEPTUNE,NJ,7753,24:36.0,BTAX-042153-10-2025,24:36.0
"SPECTROTEL, INC.",DAVID ZAHKA,Outside City Limits,517919,Telecommunications,,00:00.0,36dac492-1a05-41b2-813d-e23d8bc05da7,6782577764,3535 ROUTE 66 BLDG 7,,,,,,,NEPTUNE,NJ,7753,24:36.0,BTAX-042153-10-2025,24:36.0
SPECTRUM PROSTHETIC & ORTHOTICS LLC,FOREST SEXTON,Inside City Limits,621111,Medical-Physician,,00:00.0,1575BDF7-E107-49DF-824F-41DE9B113B62,5419559678,300,UNION,,,AVE,,SUITE C,GRANTS PASS,OR,97527,27:12.0,BTAX-041671-09-2025,27:12.0
SPEEDY PACK & SHIP INC,SHAWN & ERICA  BUTLER,Inside City Limits,561431,Mail Center-Private,,00:00.0,4E3274B7-0E81-4568-9A03-FB8B2D3A9B49,5419567639,1630,WILLIAMS,, ,HWY,, ,GRANTS PASS,OR,97527,35:50.0,BTAX-040172-04-2025,35:50.0
"SPENDLOVE DENTAL, PC",NIKLAUS SPENDLOVE,Inside City Limits,621210,Medical-Dentist,,00:00.0,03b1a91f-65cc-40cb-a846-11fc97f55ed5,5414764667,1100,7TH,,NE,ST,, B,GRANTS PASS,OR,97526,26:45.0,BTAX-040233-04-2025,26:45.0
"SPENDLOVE DENTAL, PC", ,Inside City Limits,621210,Medical-Dentist,,00:00.0,03b1a91f-65cc-40cb-a846-11fc97f55ed5,5414764667,1100,7TH,,NE,ST,, B,GRANTS PASS,OR,97526,26:45.0,BTAX-040233-04-2025,26:45.0
SPERO SALON, ,Inside City Limits,812112,Beauty Salon,,00:00.0,c6e2c600-77ad-49cd-949d-1157849bed2d,5412266623,215,A,,NE,ST,, ,GRANTS PASS,OR,97526,12:46.0,BTAX-041744-09-2025,12:46.0
SPERO SALON,OLIVIA TAMASHIRO,Inside City Limits,812112,Beauty Salon,,00:00.0,c6e2c600-77ad-49cd-949d-1157849bed2d,5412266623,215,A,,NE,ST,, ,GRANTS PASS,OR,97526,12:46.0,BTAX-041744-09-2025,12:46.0
SPICKLER & COMPANY            ,SANDRA M  SPICKLER,Outside City Limits,531110,Rental Units/Landlord,SANDRA SPICKLER RENTALS,00:00.0,83BF9BE8-1A4D-4E77-A891-94B225F62459,5414711951,136,CHINOOK PARK,,,LN,,,GRANTS PASS,OR,97527,55:58.0,BTAX-042296-11-2025,55:58.0
SPORTS CARDS & COIN FANATICS,ANTHONY MARINO,Inside City Limits,451120,"Retail-Hobbies, Toys & Games ",,00:00.0,508d3ca4-fcc7-44cb-8049-0164663284a9,8186125843,115,H,,SW,ST,,,GRANTS PASS,OR,97526,42:03.0,BTAX-042724-02-2026,42:03.0
SPORTS CARDS & COIN FANATICS, ,Inside City Limits,451120,"Retail-Hobbies, Toys & Games ",,00:00.0,508d3ca4-fcc7-44cb-8049-0164663284a9,8186125843,115,H,,SW,ST,,,GRANTS PASS,OR,97526,42:03.0,BTAX-042724-02-2026,42:03.0
SPRINKLER PROS INC            ,DUANE  GEURIN,Outside City Limits,541320,Landscaping Services,,00:00.0,CC1FEF0E-EDF3-4A99-BBC4-BB8FACAFB669,5412189400,512,PYLE,,,DR,,,GRANTS PASS,OR,97527,21:53.0,BTAX-041635-09-2025,21:53.0
SQUATCH CORP,CORY WELCH & SARAH FATE-WELCH,Inside City Limits,811111,Auto-General Repair,BEST AUTO SERVICE CENTER/SQUATCH'S GARAGE,00:00.0,eeca4f7e-d59c-4335-9b17-08bd1669d05c,5419550685,132,BEACON,,NE,DR,,,GRANTS PASS,OR,97526,25:53.0,BTAX-042607-01-2026,25:53.0
STANTEC CONSULTING , ,Inside City Limits,541330,Engineering Services,,00:00.0,0ebdc45f-7041-4576-aa98-94f7a8793769,,410,17TH,,,ST,,SUITE 1400,DENVER,CO,802024427,11:10.0,BTAX-042198-11-2025,11:10.0
STAPLES THE OFFICE SUPER STORE,Donna King,Inside City Limits,453210,Retail-Office Supplies,,00:00.0,393728EC-2E61-4741-9EE4-EA157452CDEF,5419555018,901,D,,NE,ST,,,GRANTS PASS,OR,97526,48:03.0,BTAX-042877-03-2026,48:03.0
STAR COLLISION CENTERS INC,MARK LAMENSDORF,Inside City Limits,811121,"Auto-Body, Paint & Interior",STAR BODYWORKS & STAR 24 HOUR TOWING,00:00.0,B10EED79-14E8-4129-8BED-B61C1CE5EED9,5414791191,715,UNION,, ,AVE,, ,GRANTS PASS,OR,97527,31:40.0,BTAX-041068-08-2025,31:40.0
STAR MINI STORAGE LLC        ,JENNIFER  AUSLAND,Inside City Limits,493110,Storage & General Warehousing,,00:00.0,96434189-F033-49C6-B00F-E6BEB42E99F7,5414764441,2744,HIGHLAND,,NW,AVE,, ,GRANTS PASS,OR,97526,26:48.0,BTAX-040872-07-2025,26:48.0
STARBUCKS CORPORATION, ,Inside City Limits,722515,Snack and Nonalcoholic Beverage Shop,STARBUCKS COFFEE #24938,00:00.0,3d1e6a62-e8b8-463a-97a3-33e9bf049d25,2065947273,201,TERRY,,NE,LN,, ,GRANTS PASS,OR,97526,18:22.0,BTAX-041784-09-2025,18:22.0
STARBUCKS CORPORATION, ,Inside City Limits,722515,Snack and Nonalcoholic Beverage Shop,STARBUCKS COFFEE #24938,00:00.0,3d1e6a62-e8b8-463a-97a3-33e9bf049d25,2065947273,201,TERRY,,NE,LN,, ,GRANTS PASS,OR,97526,18:22.0,BTAX-041784-09-2025,18:22.0
STARPRISES INC,JAMES LEFEBER,Inside City Limits,811111,Auto-General Repair,STAR AUTOMOTIVE / STAR IMPORT,00:00.0,7A240BE4-3D5C-48C2-9867-7A5D75888743,5414769646,414,F,,NE,ST,, ,GRANTS PASS,OR,97526,44:13.0,BTAX-040689-07-2025,44:13.0
"STEAM DISTILLERY, LLC", ,Inside City Limits,312140,Distillery,STEAM DISTILLERY,00:00.0,0c50c261-8d33-4e8a-b517-e04ffeeeb482,5416603003,505,G,,SW,ST,, ,GRANTS PASS,OR,97526,37:04.0,BTAX-040647-07-2025,37:04.0
"STEAM DISTILLERY, LLC",MICHAEL BLAIR SCOTT DAVIS,Inside City Limits,312140,Distillery,STEAM DISTILLERY,00:00.0,0c50c261-8d33-4e8a-b517-e04ffeeeb482,5416603003,505,G,,SW,ST,, ,GRANTS PASS,OR,97526,37:04.0,BTAX-040647-07-2025,37:04.0
STEAMBOAT COIN LAUNDRY        ,CAROLYN  BROWN,Inside City Limits,812320,Dry Cleaning Services,,00:00.0,4742B43E-CA2B-4687-8D75-5D3C4180FA80,5414796951,2037,VINE,,NW,ST,, ,GRANTS PASS,OR,97526,04:43.0,BTAX-041111-08-2025,04:43.0
STEPHEN STARK EXCAVATION LLC ,STEPHEN & RENE'  STARK,Outside City Limits,238190,Contractor-General/Building Exterior,,00:00.0,4590A7BB-D799-409C-9B15-2AF09E02DEA1,5414761226,756,STRINGER GAP,,,RD,,,GRANTS PASS,OR,97527,07:54.0,BTAX-040698-07-2025,07:54.0
STEPHENS FAMILY CHAPEL        ,KEVIN/PHIL/VICKI  STEPHENS,Inside City Limits,812210,Funeral Home/Services,,00:00.0,4BE1FEDB-B4F2-4C97-B16C-069DBE04DF9F,5414767900,1629,WILLIAMS,, ,HWY,, ,GRANTS PASS,OR,97527,27:32.0,BTAX-042348-11-2025,27:32.0
STEPPING STONES PRESCHOOL & CHILDCARE,CHRIS & HANNAH LEENKNECHT,Inside City Limits,624410,Child Day Care,,00:00.0,cf941f4b-afca-4754-8efa-c55db37bdbc9,,1626,DOWELL,, ,RD,, ,GRANTS PASS,OR,97527,30:24.0,BTAX-041616-09-2025,30:24.0
STEPPING STONES PRESCHOOL & CHILDCARE, ,Inside City Limits,624410,Child Day Care,,00:00.0,cf941f4b-afca-4754-8efa-c55db37bdbc9,,1626,DOWELL,, ,RD,, ,GRANTS PASS,OR,97527,30:24.0,BTAX-041616-09-2025,30:24.0
STEVE DECLERCK BK INC, ,Inside City Limits,722513,Limited-Service Restaurant,BURGER KING,00:00.0,81f0ff35-69a8-4508-8248-22e4d2093047,5308424827,501,ROGUE RIVER,, ,HWY,, ,GRANTS PASS,OR,97527,53:25.0,BTAX-041424-08-2025,53:25.0
STORWELL-497 H LLC, ,Inside City Limits,493110,Storage & General Warehousing,,00:00.0,e86795b9-02f0-48fd-8277-e21721254130,5412915422,497,H,,SE,ST,, ,GRANTS PASS,OR,97526,46:11.0,BTAX-041789-09-2025,46:11.0
STORWELL-497 H LLC, ,Inside City Limits,493110,Storage & General Warehousing,,00:00.0,e86795b9-02f0-48fd-8277-e21721254130,5412915422,497,H,,SE,ST,, ,GRANTS PASS,OR,97526,46:11.0,BTAX-041789-09-2025,46:11.0
"STRATOTECH, LLC",ADRIAN TAYNE,Inside City Limits,541990,Professional-Misc,,00:00.0,cef620d7-cc9c-4253-9fbe-eb6a64dff953,5416837925,940,M,,SE,ST,,,GRANTS PASS,OR,97526,33:47.0,BTAX-042638-01-2026,33:47.0
"STRATOTECH, LLC", ,Inside City Limits,541990,Professional-Misc,,00:00.0,cef620d7-cc9c-4253-9fbe-eb6a64dff953,5416837925,940,M,,SE,ST,,,GRANTS PASS,OR,97526,33:47.0,BTAX-042638-01-2026,33:47.0
STRONG ROOTS LANDSCAPE MAINTENANCE, ,Outside City Limits,541320,Landscaping Services,,00:00.0,6fedf514-087f-4288-9003-f363ca36f09a,5416131738,366,MONTEFLORA TER,,,,,,GRANTS PASS,OR,97526,13:51.0,BTAX-042586-01-2026,13:51.0
STRONG ROOTS LANDSCAPE MAINTENANCE,CLEMENTE FIERROS,Outside City Limits,541320,Landscaping Services,,00:00.0,6fedf514-087f-4288-9003-f363ca36f09a,5416131738,366,MONTEFLORA TER,,,,,,GRANTS PASS,OR,97526,13:51.0,BTAX-042586-01-2026,13:51.0
STUDIO G HAIR AND NAIL COMPANY,BRENDA  COURTNEY,Inside City Limits,812112,Beauty Salon,,00:00.0,7E5B8C68-FDCC-4F0E-AFF9-75881732EFCE,5414762591,432,6TH,,NW,ST,,STE 109,GRANTS PASS,OR,97526,45:48.0,BTAX-041445-08-2025,45:48.0
STUDIO SEVEN NAILS & HAIR     ,AMBER  HUFFMAN,Inside City Limits,812112,Beauty Salon,,00:00.0,52BC9098-A6AC-48B7-BCA8-D1648B77C5EA,5412442202,504,7TH,,NE,ST,, ,GRANTS PASS,OR,97526,44:19.0,BTAX-042362-12-2025,44:19.0
STUDIO VIP                    ,SHANNON  DOAK,Inside City Limits,812112,Beauty Salon,,00:00.0,5C90B246-CBBA-40D5-B662-B1E07CE6278B,5416598290,109,K,,SE,ST,,,GRANTS PASS,OR,97526,04:52.0,BTAX-040282-04-2025,04:52.0
SUBWAY SANDWICHES & SALADS I,JEFF  HOXSEY,Inside City Limits,445110,Food-Deli,,00:00.0,C29C796C-2695-4F49-BD63-D3182C184EDA,5417022600,1610,ALLEN CREEK,, ,RD,,,GRANTS PASS,OR,97527,59:40.0,BTAX-041930-10-2025,59:40.0
SUBWAY SANDWICHES & SALADS II,JEFF HOXSEY,Inside City Limits,445110,Food-Deli,,00:00.0,198FCD7F-5AD7-4DCE-BECC-1DABB565F69D,5417022600,1607,WILLIAMS,, ,HWY,,1,GRANTS PASS,OR,97527,54:05.0,BTAX-041929-10-2025,54:05.0
SUBWAY SANDWICHES & SALADS III,JEFF HOXSEY,Inside City Limits,445110,Food-Deli,,00:00.0,F0DFA0D8-BB07-4DEF-8753-0E45FBAE9988,5417022600,1700,6TH,,NW,ST,, ,GRANTS PASS,OR,,07:53.0,BTAX-041932-10-2025,07:53.0
SUBWAY SANDWICHES & SALADS IV,JEFF  HOXSEY,Inside City Limits,445110,Food-Deli,,00:00.0,B63119DF-46CD-4541-8556-A7D5D6EA4C70,5419446524,262,AGNESS,,NE,AVE,,,GRANTS PASS,OR,97526,02:54.0,BTAX-041931-10-2025,02:54.0
SUCCESS CONSULTANTS OF SOUTHERN OREGON, ,Inside City Limits,624190,Social Svcs-Individual & Family Svcs,,00:00.0,a9ea92fa-5692-40cb-a2b4-aec1f373c3a9,5412266848,418,6TH,,NW,ST,,,GRANTS PASS,OR,97526,53:34.0,BTAX-040230-04-2025,53:34.0
SUCCESS CONSULTANTS OF SOUTHERN OREGON,CRYSTAL LEE,Inside City Limits,624190,Social Svcs-Individual & Family Svcs,,00:00.0,a9ea92fa-5692-40cb-a2b4-aec1f373c3a9,5412266848,418,6TH,,NW,ST,,,GRANTS PASS,OR,97526,53:34.0,BTAX-040230-04-2025,53:34.0
SUNDANCE DISTILLING,BRANDON CONOVER,Inside City Limits,312120,Brewery,,00:00.0,cd423fac-9345-4f7a-9f38-1bfef4104fe0,5414799715,2179,INDUSTRY,,NE,DR,, #6,GRANTS PASS,OR,97526,37:34.0,BTAX-041224-08-2025,37:34.0
SUNDANCE DISTILLING, ,Inside City Limits,312120,Brewery,,00:00.0,cd423fac-9345-4f7a-9f38-1bfef4104fe0,5414799715,2179,INDUSTRY,,NE,DR,, #6,GRANTS PASS,OR,97526,37:34.0,BTAX-041224-08-2025,37:34.0
SUNDANCE DISTILLING LLC,BRANDAN & BARBARA  CONOVER,Inside City Limits,722511,Restaurant,,00:00.0,b2396b87-27c5-4c32-95fe-f58c8cd615f8,,980,6TH,,SW,ST,,SUITE 14,GRANTS PASS,OR,97526,11:54.0,BTAX-040515-06-2025,11:54.0
SUNDANCE DISTILLING LLC, ,Inside City Limits,722511,Restaurant,,00:00.0,b2396b87-27c5-4c32-95fe-f58c8cd615f8,,980,6TH,,SW,ST,,SUITE 14,GRANTS PASS,OR,97526,11:54.0,BTAX-040515-06-2025,11:54.0
SUNSHINE HOLISTIC HEALTH CENTER LLC, ,Inside City Limits,621399,Reflexology,,00:00.0,0d571ee4-563a-4fb5-8743-2379cdf11ca8,5416604467,1455,6TH,,NE,ST,, ,GRANTS PASS,OR,97526,27:08.0,BTAX-042650-01-2026,27:08.0
SUNSHINE HOLISTIC HEALTH CENTER LLC,YANFEI ZHU,Inside City Limits,621399,Reflexology,,00:00.0,0d571ee4-563a-4fb5-8743-2379cdf11ca8,5416604467,1455,6TH,,NE,ST,, ,GRANTS PASS,OR,97526,27:08.0,BTAX-042650-01-2026,27:08.0
SUNSHINE IN HOME CARE LLC, ,Inside City Limits,621610,Medical-Home Health Care Services,,00:00.0,3b4c31fe-7338-4adc-ac7d-3ff072bb0b6e,5416590862,777,7TH,,NE,ST,,,GRANTS PASS,OR,97526,33:30.0,BTAX-040850-07-2025,33:30.0
SUNSHINE IN HOME CARE LLC,RANNA KRAWCZYK,Inside City Limits,621610,Medical-Home Health Care Services,,00:00.0,3b4c31fe-7338-4adc-ac7d-3ff072bb0b6e,5416590862,777,7TH,,NE,ST,,,GRANTS PASS,OR,97526,33:30.0,BTAX-040850-07-2025,33:30.0
SUNSHINE SOLAR INC,SCOTT KUNKEL,Inside City Limits,238220,Solar Equipment Installation,,00:00.0,8dd54bda-f105-4c2b-940c-da11cedd32fe,5412958500,6891,WILLIAMS,, ,HWY,, ,GRANTS PASS,OR,97527,22:34.0,BTAX-042385-12-2025,22:34.0
SUNSHINE SOLAR INC,KEITH DEISKELL,Inside City Limits,238220,Solar Equipment Installation,,00:00.0,8dd54bda-f105-4c2b-940c-da11cedd32fe,5412958500,6891,WILLIAMS,, ,HWY,, ,GRANTS PASS,OR,97527,22:34.0,BTAX-042385-12-2025,22:34.0
SUNSHINE SOLAR INC, ,Inside City Limits,238220,Solar Equipment Installation,,00:00.0,8dd54bda-f105-4c2b-940c-da11cedd32fe,5412958500,6891,WILLIAMS,, ,HWY,, ,GRANTS PASS,OR,97527,22:34.0,BTAX-042385-12-2025,22:34.0
SUNWORKS SOLAR INC, ,Inside City Limits,238190,Contractor-General/Building Exterior,,00:00.0,17f7d07a-054d-4cf1-bdc5-a039a9039947,5416598933,1634,N,,SE,ST,,5D,GRANTS PASS,OR,97526,25:39.0,BTAX-042903-03-2026,25:39.0
SUNWORKS SOLAR INC,CAMERON  KIRKLAND,Inside City Limits,238190,Contractor-General/Building Exterior,,00:00.0,17f7d07a-054d-4cf1-bdc5-a039a9039947,5416598933,1634,N,,SE,ST,,5D,GRANTS PASS,OR,97526,25:39.0,BTAX-042903-03-2026,25:39.0
SUPER 8                       , ALISHA LLC,Inside City Limits,721110,Hotel/Motel,,00:00.0,C60997D1-96A4-4AED-BE50-DF6344CB270E,5414740888,1949,7TH,,NE,ST,, ,GRANTS PASS,OR,97526,52:04.0,BTAX-041148-08-2025,52:04.0
SUPERCUTS OR-891              ,VICKIE HUNTLEY,Inside City Limits,812112,Beauty Salon,,00:00.0,B2699C36-B044-497C-A732-EDDFC16167CF,5418787345,300,UNION,,,AVE,,SUITE B,GRANTS PASS,OR,97527,50:22.0,BTAX-041376-08-2025,50:22.0
SUPERIOR COATINGS LLC         ,WEYLIN  LUCORE,Outside City Limits,238320,Painting & Wall Covering,,00:00.0,D137E32A-56AB-4795-B397-332DA8DC44C6,5414765731,1409,ROGUE RIVER,,,HWY,,,GRANTS PASS,OR,97527,05:11.0,BTAX-042229-11-2025,05:11.0
SUPERIOR WINDOW CLEANING      ,DARREN  LEIGHTON,Inside City Limits,561720,Cleaning Service,,00:00.0,64CE257A-2F2D-45A7-85CE-86D32D918905,5418621662,905,GRANITE HILL,, ,RD,, ,GRANTS PASS,OR,97526,48:17.0,BTAX-040884-07-2025,48:17.0
SWANBURG STAIRS               ,MARK  SWANBURG,Inside City Limits,238190,Contractor-General/Building Exterior,,00:00.0,E9D0FFAA-14E8-4115-A200-4141E4D1E522,5414717017,355,SCENIC,,NE,DR,, ,GRANTS PASS,OR,97526,16:36.0,BTAX-041660-09-2025,16:36.0
SWISSMETRIC                   ,W.A.  TILLERY,Inside City Limits,339999,Manufacturing-Misc Manufacturing,,00:00.0,603DC914-ECC5-47A4-BA2B-1FEA79B9A306,5414761771,1610,PARKDALE,, ,DR,, ,GRANTS PASS,OR,97527,29:31.0,BTAX-041373-08-2025,29:31.0
T & S TRANSMISSION SPECIALISTS,WILLIAM MOSS JR,Inside City Limits,811113,Auto-Transmission Repair,,00:00.0,dbb4e8b6-234f-4605-bad0-d74bba0375a3,5412958838,1496,ROGUE RIVER,, ,HWY,, ,GRANTS PASS,OR,97527,32:45.0,BTAX-040154-04-2025,32:45.0
T & S TRANSMISSION SPECIALISTS,TYLER GROVES,Inside City Limits,811113,Auto-Transmission Repair,,00:00.0,dbb4e8b6-234f-4605-bad0-d74bba0375a3,5412958838,1496,ROGUE RIVER,, ,HWY,, ,GRANTS PASS,OR,97527,32:45.0,BTAX-040154-04-2025,32:45.0
T & S TRANSMISSION SPECIALISTS, ,Inside City Limits,811113,Auto-Transmission Repair,,00:00.0,dbb4e8b6-234f-4605-bad0-d74bba0375a3,5412958838,1496,ROGUE RIVER,, ,HWY,, ,GRANTS PASS,OR,97527,32:45.0,BTAX-040154-04-2025,32:45.0
T L C CREATIONS               , ,Inside City Limits,453998,All Other Miscellaneous Store Retailers (Except Tobacco Stores),,00:00.0,120470A1-F60F-4833-A440-5D5DD488FFF8,5412958654,227,6TH,,SE,ST,, ,GRANTS PASS,OR,97526,57:55.0,BTAX-042565-01-2026,57:55.0
TACOMANIA STREET TACOS Y MAS, ,Outside City Limits,722320,Caterer,TACOMANIA,00:00.0,4c382694-8ed4-4eda-9cf9-daa1b003991b,5412919010,1863,WASHINGTON,,NW,BLVD,,,GRANTS PASS,OR,97526,31:02.0,BTAX-041171-08-2025,31:02.0
TACOMANIA STREET TACOS Y MAS,JUAN ESPINDOLA,Outside City Limits,722320,Caterer,TACOMANIA,00:00.0,4c382694-8ed4-4eda-9cf9-daa1b003991b,5412919010,1863,WASHINGTON,,NW,BLVD,,,GRANTS PASS,OR,97526,31:02.0,BTAX-041171-08-2025,31:02.0
TACOMANIA STREET TACOS Y MAS,DAVID ANAYA,Outside City Limits,722320,Caterer,TACOMANIA,00:00.0,4c382694-8ed4-4eda-9cf9-daa1b003991b,5412919010,1863,WASHINGTON,,NW,BLVD,,,GRANTS PASS,OR,97526,31:02.0,BTAX-041171-08-2025,31:02.0
TAHITI TANS LLC               ,TAMMY HENRY,Inside City Limits,812112,Beauty Salon,,00:00.0,9CB697C4-61DA-4DAF-AA97-E67C31B05A9F,5414798267,1607,WILLIAMS,, ,HWY,,3B,GRANTS PASS,OR,97527,43:25.0,BTAX-042261-11-2025,43:25.0
TAHITI TANS LLC               ,BOB HENRY,Inside City Limits,812112,Beauty Salon,,00:00.0,9CB697C4-61DA-4DAF-AA97-E67C31B05A9F,5414798267,1607,WILLIAMS,, ,HWY,,3B,GRANTS PASS,OR,97527,43:25.0,BTAX-042261-11-2025,43:25.0
TAHITI TANS LLC               , ,Inside City Limits,812112,Beauty Salon,,00:00.0,9CB697C4-61DA-4DAF-AA97-E67C31B05A9F,5414798267,1607,WILLIAMS,, ,HWY,,3B,GRANTS PASS,OR,97527,43:25.0,BTAX-042261-11-2025,43:25.0
TAILS AND TRAILS PACK WALKING LLC,Carlie Graessle,Outside City Limits,812910,Pet Care Services,,00:00.0,8627bc73-6f2a-4051-8700-d9751394da50,7074953763,1457,GRANITE HILL,,,RD,,,GRANTS PASS,OR,97526,46:00.0,BTAX-042336-11-2025,46:00.0
TAILS AND TRAILS PACK WALKING LLC,CARLIE GRAESSLE,Outside City Limits,812910,Pet Care Services,,00:00.0,8627bc73-6f2a-4051-8700-d9751394da50,7074953763,1457,GRANITE HILL,,,RD,,,GRANTS PASS,OR,97526,46:00.0,BTAX-042336-11-2025,46:00.0
TALK4LESS WIRELESS COMMUNICATION LLC, ,Inside City Limits,517110,Telecommunication-Wireless Carrier,,00:00.0,85c207c7-cb15-4d5c-87b2-458358d0f1a2,5419158147,260,AGNESS,,NE,AVE,, ,GRANTS PASS,OR,97526,06:28.0,BTAX-040638-07-2025,06:28.0
TALK4LESS WIRELESS COMMUNICATION LLC,SERGIO FLORES,Inside City Limits,517110,Telecommunication-Wireless Carrier,,00:00.0,85c207c7-cb15-4d5c-87b2-458358d0f1a2,5419158147,260,AGNESS,,NE,AVE,, ,GRANTS PASS,OR,97526,06:28.0,BTAX-040638-07-2025,06:28.0
TAMBRY VENTURES SOUTH OREGON LLC, ,Inside City Limits,812112,Beauty Salon,GREAT CLIPS,00:00.0,FCFE590E-15AB-4B8D-BE8B-355E04A7B099,5419569200,1610,ALLEN CREEK,, ,RD,,,GRANTS PASS,OR,97527,30:09.0,BTAX-041228-08-2025,30:09.0
TAMBRY VENTURES SOUTH OREGON LLC,BRYAN BITTICKS,Inside City Limits,812112,Beauty Salon,GREAT CLIPS,00:00.0,FCFE590E-15AB-4B8D-BE8B-355E04A7B099,5419569200,1610,ALLEN CREEK,, ,RD,,,GRANTS PASS,OR,97527,30:09.0,BTAX-041228-08-2025,30:09.0
TAMBRY VENTURES SOUTH OREGON LLC,TAMARA BITTICKS,Inside City Limits,812112,Beauty Salon,GREAT CLIPS,00:00.0,FCFE590E-15AB-4B8D-BE8B-355E04A7B099,5419569200,1610,ALLEN CREEK,, ,RD,,,GRANTS PASS,OR,97527,30:09.0,BTAX-041228-08-2025,30:09.0
TAMBRY VENTURES SOUTH OREGON LLC,TAMARA BITTICKS,Inside City Limits,812112,Beauty Salon,GREAT CLIPS,00:00.0,0c145a54-087c-460b-9ea0-b8550af435e3,5419569200,211,TERRY,,NE,LN,,SUITE B,GRANTS PASS,OR,97526,43:35.0,BTAX-041236-08-2025,43:35.0
TAMBRY VENTURES SOUTH OREGON LLC, ,Inside City Limits,812112,Beauty Salon,GREAT CLIPS,00:00.0,0c145a54-087c-460b-9ea0-b8550af435e3,5419569200,211,TERRY,,NE,LN,,SUITE B,GRANTS PASS,OR,97526,43:35.0,BTAX-041236-08-2025,43:35.0
TAMBRY VENTURES SOUTH OREGON LLC,BRYAN BITTICKS,Inside City Limits,812112,Beauty Salon,GREAT CLIPS,00:00.0,0c145a54-087c-460b-9ea0-b8550af435e3,5419569200,211,TERRY,,NE,LN,,SUITE B,GRANTS PASS,OR,97526,43:35.0,BTAX-041236-08-2025,43:35.0
TAMLES ROSA MARIA            ,MARIA ROSA  LOPEZ,Inside City Limits,722320,Caterer,,00:00.0,6B056F8C-8E4E-4CC6-8921-7ADA6E6CE66B,5414762515,774,6TH,,SW,ST,, ,GRANTS PASS,OR,97526,57:06.0,BTAX-041526-08-2025,57:06.0
TAPERZ HAIR CO., ,Inside City Limits,812111,Barber Shop,,00:00.0,3ecf1141-8963-4f0b-9426-cfa19f0df3c0,5412954252,1500,ROGUE RIVER,,,HWY,,A,GRANTS PASS,OR,97527,40:59.0,BTAX-042771-02-2026,40:59.0
TAPERZ HAIR CO.,SHERMAN S ENGLISH,Inside City Limits,812111,Barber Shop,,00:00.0,3ecf1141-8963-4f0b-9426-cfa19f0df3c0,5412954252,1500,ROGUE RIVER,,,HWY,,A,GRANTS PASS,OR,97527,40:59.0,BTAX-042771-02-2026,40:59.0
TAQUERIA MEXICO               ,JOSE  FLORES,Inside City Limits,722511,Restaurant,,00:00.0,7BBB431C-6423-4C48-9696-23D4E27012A9,5419569254,137,H,,SE,ST,, ,GRANTS PASS,OR,97526,40:06.0,BTAX-042173-10-2025,40:06.0
TAROKO LLC,CHRISTIE CHIANG,Inside City Limits,722511,Restaurant,TAROKO,00:00.0,17fe5eb5-b5bb-4488-bb42-325332caa7e2,5414747108,414,6TH,,NW,ST,, ,GRANTS PASS,OR,97526,08:04.0,BTAX-042856-02-2026,08:04.0
TAROKO LLC, ,Inside City Limits,722511,Restaurant,TAROKO,00:00.0,17fe5eb5-b5bb-4488-bb42-325332caa7e2,5414747108,414,6TH,,NW,ST,, ,GRANTS PASS,OR,97526,08:04.0,BTAX-042856-02-2026,08:04.0
TC'S AUTO & TRANSMISSION      ,THEODORE  CONWAY,Inside City Limits,811113,Auto-Transmission Repair,,00:00.0,FB0EF898-5DBF-4F49-9DCC-B8AF5219EA47,5414414132,1718,DOWELL,,,RD,,,GRANTS PASS,OR,97527,09:13.0,BTAX-041580-08-2025,09:13.0
TCS- TRAFFIC CONTROL SERVICES, ,Outside City Limits,238990,Contractor-Trade/Specialty,,00:00.0,69e90b01-782b-4eed-ae58-4f077bd4823b,5416603967,1560,M,,SE,ST,,UPSTAIRS,GRANTS PASS,OR,97526,10:03.0,BTAX-042071-10-2025,10:03.0
TCS- TRAFFIC CONTROL SERVICES,WENDY REHWALD,Outside City Limits,238990,Contractor-Trade/Specialty,,00:00.0,69e90b01-782b-4eed-ae58-4f077bd4823b,5416603967,1560,M,,SE,ST,,UPSTAIRS,GRANTS PASS,OR,97526,10:03.0,BTAX-042071-10-2025,10:03.0
TEAM CHERRY INC,NOEL & CHERILYN SHECKELLS,Inside City Limits,721110,Hotel/Motel,,00:00.0,da83df8a-dc7c-47a8-a2df-edde629d6dd5,5417785400,915,ROSE,,SE,PL,, ,GRANTS PASS,OR,97526,23:08.0,BTAX-041918-10-2025,23:08.0
TEAM CHERRY INC, ,Inside City Limits,721110,Hotel/Motel,,00:00.0,da83df8a-dc7c-47a8-a2df-edde629d6dd5,5417785400,915,ROSE,,SE,PL,, ,GRANTS PASS,OR,97526,23:08.0,BTAX-041918-10-2025,23:08.0
TEHAMA TIRE SERVICE INC OREGON,NANCY  ZIRKLE,Inside City Limits,441320,Retail-Tire Dealer,,00:00.0,7EBFCE73-D9F2-4349-B563-5520A7B99F3D,5035275272,335,UNION,, ,AVE,, ,GRANTS PASS,OR,97527,19:19.0,BTAX-041323-08-2025,19:19.0
TFORCE FREIGHT INC, ,Inside City Limits,492110,Delivery Service-Courier & Express,,00:00.0,8B65F96E-C81D-40C7-969D-6F3CDCF006D2,4072869704,120,MORGAN,,NW,LN,, ,GRANTS PASS,OR,97526,29:22.0,BTAX-041646-09-2025,29:22.0
"THAI BBQ OF GRANTS PASS, LLC",KANAKPHON TAWEEPORNKUL,Inside City Limits,722511,Restaurant,,00:00.0,84f2bb50-be92-47ff-b77f-4739ffdeadfc,5414764304,428,6TH,,SW,ST,,,GRANTS PASS,OR,97526,00:34.0,BTAX-042482-12-2025,00:34.0
"THAI BBQ OF GRANTS PASS, LLC", ,Inside City Limits,722511,Restaurant,,00:00.0,84f2bb50-be92-47ff-b77f-4739ffdeadfc,5414764304,428,6TH,,SW,ST,,,GRANTS PASS,OR,97526,00:34.0,BTAX-042482-12-2025,00:34.0
"THAI BBQ OF GRANTS PASS, LLC",RONALD  ELDRIDGE,Inside City Limits,722511,Restaurant,,00:00.0,84f2bb50-be92-47ff-b77f-4739ffdeadfc,5414764304,428,6TH,,SW,ST,,,GRANTS PASS,OR,97526,00:34.0,BTAX-042482-12-2025,00:34.0
THE 238 BAR,TAYLOR BUCHANAN,Inside City Limits,722410,Bar/Tavern,,00:00.0,73138ff2-e997-4707-9b89-a064701c8b2c,5415071447,1620,WILLIAMS,,,Hwy,,,GRANTS PASS,OR,97527,58:12.0,BTAX-042933-03-2026,58:12.0
THE 238 BAR, ,Inside City Limits,722410,Bar/Tavern,,00:00.0,73138ff2-e997-4707-9b89-a064701c8b2c,5415071447,1620,WILLIAMS,,,Hwy,,,GRANTS PASS,OR,97527,58:12.0,BTAX-042933-03-2026,58:12.0
THE 238 BAR,MICHAEL DALTON,Inside City Limits,722410,Bar/Tavern,,00:00.0,73138ff2-e997-4707-9b89-a064701c8b2c,5415071447,1620,WILLIAMS,,,Hwy,,,GRANTS PASS,OR,97527,58:12.0,BTAX-042933-03-2026,58:12.0
THE ACCOUNTING OFFICE         ,EDWARD GOFFREDA,Inside City Limits,541211,Accountant-CPA,,00:00.0,62C02B43-9F56-48DC-AA8D-AFEF1E9DB710,5412182776,1478,ANDY GRIFFITH,,SW,DR,, ,GRANTS PASS,OR,97527,33:15.0,BTAX-040844-07-2025,33:15.0
THE BOOKIE'S                  ,DAWN  MORTON,Inside City Limits,541211,Accountant-CPA,,00:00.0,DEE78E8A-4FAD-43F3-96EA-14B3EFDCDF38,5414792987,1306,G,,SW,ST,, ,GRANTS PASS,OR,97526,45:42.0,BTAX-040303-05-2025,45:42.0
THE BRIDGE                    , GENERATIONS LLC,Inside City Limits,623312,Medical-Assisted Living Facility/Elderly,,00:00.0,6DEC3722-00E5-4A7F-B126-E275532E4C0E,5419562110,201,BRIDGE,,SW,ST,, ,GRANTS PASS,OR,97526,06:15.0,BTAX-042506-12-2025,06:15.0
THE CELLULAR CONNECTION LLC,SCOTT  MOOREHEAD,Inside City Limits,517110,Telecommunication-Wireless Carrier,,00:00.0,7350286D-43BA-4688-81BF-A1B7A99643DC,3178197034,498,UNION,, ,AVE,, ,GRANTS PASS,OR,97527,05:19.0,BTAX-040423-05-2025,05:19.0
THE CELLULAR CONNECTION LLC  , ROUND ROOM HOLDINGS INC,Inside City Limits,517110,Telecommunication-Wireless Carrier,,00:00.0,C2FE0C08-29D4-4740-BAA8-E5227B960E30,3178199088,142,TERRY,,NE,LN,, ,GRANTS PASS,OR,97526,00:08.0,BTAX-040421-05-2025,00:08.0
THE CLEANING CREW LLC        ,KAREN MORRIS,Outside City Limits,561720,Cleaning Service,,00:00.0,49DDDB4E-AA38-4CCE-9819-CBE0CD63D5CC,5416016236,258,A,,,ST,,20,ASHLAND,OR,97520,47:37.0,BTAX-041471-08-2025,47:37.0
THE CLEANING CREW LLC        , ,Outside City Limits,561720,Cleaning Service,,00:00.0,49DDDB4E-AA38-4CCE-9819-CBE0CD63D5CC,5416016236,258,A,,,ST,,20,ASHLAND,OR,97520,47:37.0,BTAX-041471-08-2025,47:37.0
"THE CLUTTER BEE, LLC", ,Inside City Limits,541990,Professional-Misc,EVERYTHING ENVY,00:00.0,83f343dc-5d35-46ed-9333-f5707b0144be,5416600742,327,WAGNER MEADOWS,,SW,DR,, ,GRANTS PASS,OR,97526,15:43.0,BTAX-041322-08-2025,15:43.0
"THE CLUTTER BEE, LLC",STETSON H. WEICHERS,Inside City Limits,541990,Professional-Misc,EVERYTHING ENVY,00:00.0,83f343dc-5d35-46ed-9333-f5707b0144be,5416600742,327,WAGNER MEADOWS,,SW,DR,, ,GRANTS PASS,OR,97526,15:43.0,BTAX-041322-08-2025,15:43.0
"THE CLUTTER BEE, LLC",MARGARET SUNDIN-MCCANN,Inside City Limits,541990,Professional-Misc,EVERYTHING ENVY,00:00.0,83f343dc-5d35-46ed-9333-f5707b0144be,5416600742,327,WAGNER MEADOWS,,SW,DR,, ,GRANTS PASS,OR,97526,15:43.0,BTAX-041322-08-2025,15:43.0
THE COFFEE REPAIR COMPANY LLC,KENNETH COOPER,Outside City Limits,811310,Machinery/Equipment Maint,,00:00.0,641948e6-5962-41c4-9104-453ab8edf153,5412261504,849,SLEEPY HOLLOW,,,LP,, ,GRANTS PASS,OR,97527,42:07.0,BTAX-042519-12-2025,42:07.0
THE COFFEE REPAIR COMPANY LLC, ,Outside City Limits,811310,Machinery/Equipment Maint,,00:00.0,641948e6-5962-41c4-9104-453ab8edf153,5412261504,849,SLEEPY HOLLOW,,,LP,, ,GRANTS PASS,OR,97527,42:07.0,BTAX-042519-12-2025,42:07.0
THE CREATOR'S GALLERY & BOUTIQUE,ANNA CHAUFFE FAITH CHAUFFE,Inside City Limits,452990,Retail-General Merchandise ,,00:00.0,02607041-c95e-4d6d-93f8-cf9225e7e981,5419449787,103,K,,SE,ST,,,GRANTS PASS,OR,97526,38:20.0,BTAX-042733-02-2026,38:20.0
THE CREATOR'S GALLERY & BOUTIQUE, ,Inside City Limits,452990,Retail-General Merchandise ,,00:00.0,02607041-c95e-4d6d-93f8-cf9225e7e981,5419449787,103,K,,SE,ST,,,GRANTS PASS,OR,97526,38:20.0,BTAX-042733-02-2026,38:20.0
THE GLASS FORGE GALLERY & STUDIO LLC,L. WASSINK &  N. SHEAFOR,Inside City Limits,711510,Artist,,00:00.0,E2961612-2C65-4895-8684-612E680411C9,5419550815,501,G,,SW,ST,, ,GRANTS PASS,OR,97526,42:25.0,BTAX-040949-07-2025,42:25.0
"THE GOLDEN RULE INCOME TAX AND BOOKKEEPING SERV., LLC", ,Inside City Limits,541213,Tax Preparation Services,,00:00.0,f68e34d1-654c-4b2d-a113-c7fcd3237338,5414791568,777,7TH,,NE,ST,,202,GRANTS PASS,OR,97526,10:51.0,BTAX-042862-02-2026,10:51.0
"THE GOLDEN RULE INCOME TAX AND BOOKKEEPING SERV., LLC",MARYBETH CAMIRE,Inside City Limits,541213,Tax Preparation Services,,00:00.0,f68e34d1-654c-4b2d-a113-c7fcd3237338,5414791568,777,7TH,,NE,ST,,202,GRANTS PASS,OR,97526,10:51.0,BTAX-042862-02-2026,10:51.0
THE GOLDEN THREAD LLC,SALLY COLE,Inside City Limits,811490,Tailor,,00:00.0,5D736959-ACA3-48F1-8DF1-4520955934B5,5416596166,432,6TH,,NW,ST,,SUITE 102,GRANTS PASS,OR,97526,20:02.0,BTAX-040596-07-2025,20:02.0
THE GROOM SHOP LLC            ,RITA FARRIS,Inside City Limits,812910,Pet Care Services,,00:00.0,476CC67A-8909-4CEE-B6D9-866992567184,5414793622,1515,REDWOOD,, ,AVE,, ,GRANTS PASS,OR,97527,24:16.0,BTAX-041588-08-2025,24:16.0
THE HAIRPORT SALON            ,VIRGINIA  SKUDSTAD,Inside City Limits,812112,Beauty Salon,,00:00.0,0103710E-7877-4C87-B673-F78E7D63ACA2,5416605688,424,6TH,,NW,ST,,SUITE 108,GRANTS PASS,OR,97526,29:00.0,BTAX-040759-07-2025,29:00.0
THE HAUL LLC                  , ,Inside City Limits,722511,Restaurant,,00:00.0,1F227CE2-72C2-472C-B3D5-BE948CBB121E,5414744991,121,H,,SW,ST,,,GRANTS PASS,OR,97526,03:20.0,BTAX-042228-11-2025,03:20.0
THE HAUL LLC                  ,JON CONNER,Inside City Limits,722511,Restaurant,,00:00.0,1F227CE2-72C2-472C-B3D5-BE948CBB121E,5414744991,121,H,,SW,ST,,,GRANTS PASS,OR,97526,03:20.0,BTAX-042228-11-2025,03:20.0
THE HILLMAN GROUP INC, ,Inside City Limits,424210,Vending Machine Operator,(INSIDE WALMART),00:00.0,faee47ea-8bbf-4fd8-8245-8ff53c406666,5138514900,135,TERRY,,NE,LN,, ,GRANTS PASS,OR,97526,22:00.0,BTAX-042561-01-2026,22:00.0
THE HOME DEPOT #4034          , HOME DEPOT USA INC            ,Inside City Limits,444130,Retail-Hardware,,00:00.0,1D09E016-C35E-4FCD-AB18-600B311FC7D7,7704338211,111,MILL,,NE,ST,, ,GRANTS PASS,OR,97526,47:59.0,BTAX-041151-08-2025,47:59.0
THE HUSKY SHOP                ,GEORGE  BARNES,Inside City Limits,451211,Retail-Book Store,,00:00.0,39510D09-FDD4-4E0B-B54C-4800FEDB34DB,5414760452,765,ROGUE RIVER,, ,HWY,, ,GRANTS PASS,OR,97527,13:31.0,BTAX-041105-08-2025,13:31.0
THE JELLY DONUT               ,PATTI  VIGUS,Inside City Limits,722511,Restaurant,,00:00.0,7E9D6A0F-CE20-4027-A1B9-6953F8160687,5416596246,1695,7TH,,NE,ST,, ,GRANTS PASS,OR,97526,29:05.0,BTAX-041232-08-2025,29:05.0
THE KEY MAN                   ,CHARLES  TATOM,Inside City Limits,561622,Locksmith,,00:00.0,E8E0D79E-31DA-4206-B5B2-DEF48C787E7E,5414745397,333,8TH,,SE,ST,,,GRANTS PASS,OR,97526,42:04.0,BTAX-042964-03-2026,42:04.0
THE KEY MAN II                ,CHARLES TATOM,Inside City Limits,561622,Locksmith,,00:00.0,822C30D4-C530-4ECD-9E92-00E0C7B388BC,5414745397,270,AGNESS,,NE,AVE,,,GRANTS PASS,OR,97526,49:59.0,BTAX-042965-03-2026,49:59.0
THE KITCHEN COMPANY LLC       ,ROY HEINZLE FRANK WRIGHT,Inside City Limits,454390,Retail-Misc Direct Selling Establishment,,00:00.0,DC70530C-2002-4EE5-A6EB-78DF5BDC1771,5419555311,301,6TH,,SE,ST,, ,GRANTS PASS,OR,97526,56:07.0,BTAX-041415-08-2025,56:07.0
THE LAUGHING CLAM LLC        ,KETURAH M & MICHAEL J  ALGER,Inside City Limits,722511,Restaurant,,00:00.0,AEFB03F4-E59C-4437-8A0C-D2623D106823,5414791110,121,G,,SW,ST,, ,GRANTS PASS,OR,97526,25:50.0,BTAX-041662-09-2025,25:50.0
THE LOFTS AT 6TH & G, ,Inside City Limits,531110,Rental Units/Landlord,,00:00.0,24149d36-0589-4620-93d3-57d90b42a7de,5419560231,111,G,,SE,ST,,,GRANTS PASS,OR,97526,54:42.0,BTAX-040508-06-2025,54:42.0
THE LOFTS AT 6TH & G,CARL JOHNSON,Inside City Limits,531110,Rental Units/Landlord,,00:00.0,24149d36-0589-4620-93d3-57d90b42a7de,5419560231,111,G,,SE,ST,,,GRANTS PASS,OR,97526,54:42.0,BTAX-040508-06-2025,54:42.0
THE MARKET                    ,DAVID WILLIAMS,Inside City Limits,452990,Retail-General Merchandise ,,00:00.0,D37C3D8F-B398-4A7A-AEF1-109CDB6316E2,5414797506,1070,ROGUE RIVER,, ,HWY,, ,GRANTS PASS,OR,97527,13:59.0,BTAX-040738-07-2025,13:59.0
THE MUFF SHOP                 ,RUDY CAMPOS,Inside City Limits,441310,Retail-Automotive Parts & Accessories,,00:00.0,A37D52ED-A247-4440-94DB-EEDB6BD06FC2,5414795333,321,H,,SE,ST,, ,GRANTS PASS,OR,97526,35:23.0,BTAX-041022-07-2025,35:23.0
THE OPAL HOUSE LLC,JAMIE HERKLOTZ,Inside City Limits,812112,Beauty Salon,THE OPAL HOUSE,00:00.0,3f9d2210-98b8-4207-b48c-55e51eb5f10b,5416604779,401,6TH,,SE,ST,,,GRANTS PASS,OR,97526,55:48.0,BTAX-040256-04-2025,55:48.0
THE OPAL HOUSE LLC, ,Inside City Limits,812112,Beauty Salon,THE OPAL HOUSE,00:00.0,3f9d2210-98b8-4207-b48c-55e51eb5f10b,5416604779,401,6TH,,SE,ST,,,GRANTS PASS,OR,97526,55:48.0,BTAX-040256-04-2025,55:48.0
THE ORCHID GRILL              ,EDUARDO  LEDESMA,Inside City Limits,722511,Restaurant,,00:00.0,41BDD8E4-0C93-4D88-89AA-74943B569A87,5418409917,1330,6TH,,NW,ST,, ,GRANTS PASS,OR,97526,45:55.0,BTAX-041855-09-2025,45:55.0
THE PERFECT LOCATION,REBECCA ANDERSON,Inside City Limits,531110,Rental Units/Landlord,,00:00.0,e6492e41-3257-4030-ae61-7dab5cf12157,5415071669,1102,C,,NW,ST,, ,GRANTS PASS,OR,97526,45:48.0,BTAX-041189-08-2025,45:48.0
THE PERFECT LOCATION,ROBERT ANDERSON,Inside City Limits,531110,Rental Units/Landlord,,00:00.0,e6492e41-3257-4030-ae61-7dab5cf12157,5415071669,1102,C,,NW,ST,, ,GRANTS PASS,OR,97526,45:48.0,BTAX-041189-08-2025,45:48.0
THE PERFECT LOCATION, ,Inside City Limits,531110,Rental Units/Landlord,,00:00.0,e6492e41-3257-4030-ae61-7dab5cf12157,5415071669,1102,C,,NW,ST,, ,GRANTS PASS,OR,97526,45:48.0,BTAX-041189-08-2025,45:48.0
THE PETERSON TRUST RENTALS,GARY L & MARIANNE  PETERSON,Inside City Limits,531110,Rental Units/Landlord,,00:00.0,08AAE4B3-2895-47B3-BC94-6FA40305AE7A,5414792981,910,M,,SE,ST,, ,GRANTS PASS,OR,97526,43:33.0,BTAX-042067-10-2025,43:33.0
THE PITTSBURGH PAINTS CO., ,Inside City Limits,444120,Retail-Paint & Wallpaper,,00:00.0,A5BE4126-5990-4BC3-9CFC-97436D63DF29,7247425507,310,BEACON,,NE,DR,,,GRANTS PASS,OR,97526,02:32.0,BTAX-042778-02-2026,02:32.0
THE PLAYGROUND EARLY LEARNING CENTER,MISTY  BRADBEER,Inside City Limits,624410,Child Day Care,,00:00.0,901CE3DA-72D6-48D1-976B-F855D5A625D6,5414790019,1351,M,,SE,ST,, ,GRANTS PASS,OR,97527,22:35.0,BTAX-040758-07-2025,22:35.0
"THE POKEMON COMPANY INTERNATIONAL, INC.", ,Inside City Limits,451120,"Retail-Hobbies, Toys & Games ",,00:00.0,8b1c18ee-76d6-468e-829a-a2f5ea0faf7b,2066412623,1101,GRANTS PASS,,,PKWY,,,GRANTS PASS,OR,97526,23:51.0,BTAX-040539-06-2025,23:51.0
THE POWER COMPANY             ,DARIN  FOWLER,Inside City Limits,811490,Personal & Household Goods Repair/Maint,,00:00.0,63F555A0-0596-44C7-AC75-1EE845425397,5416591878,4315,LOWER RIVER,, ,RD,, ,GRANTS PASS,OR,97526,14:49.0,BTAX-041896-09-2025,14:49.0
THE RED CANARY GIFT SHOP & CRAFTERS OUTLET,WENDY WONNELL,Inside City Limits,453220,Retail-Gift & Novelty Store,,00:00.0,A0A66DEB-FD5B-4387-9D1E-3C5CCBA3026A,5412180154,129,H,,SE,ST,,,GRANTS PASS,OR,97526,05:30.0,BTAX-041490-08-2025,05:30.0
THE RETROFIT PROFESSIONALS,EDWARD DEEMER CASEY LOFTUS,Inside City Limits,238190,Contractor-General/Building Exterior,,00:00.0,767a95b5-7605-458f-8b31-66d6a1370de5,5416607980,423,E,,NW,ST,,,GRANTS PASS,OR,97526,28:14.0,BTAX-040456-06-2025,28:14.0
THE RETROFIT PROFESSIONALS, ,Inside City Limits,238190,Contractor-General/Building Exterior,,00:00.0,767a95b5-7605-458f-8b31-66d6a1370de5,5416607980,423,E,,NW,ST,,,GRANTS PASS,OR,97526,28:14.0,BTAX-040456-06-2025,28:14.0
THE SHERWIN-WILLIAMS COMPANY #8192, THE SHERWIN-WILLIAMS COMPANY  ,Inside City Limits,444120,Retail-Paint & Wallpaper,,00:00.0,419F2636-5CF7-4100-8770-2F4EB33193CC,5414745985,1072,ROGUE RIVER,, ,HWY,,,GRANTS PASS,OR,97527,06:31.0,BTAX-041104-08-2025,06:31.0
THE SOUND LOUNGE LLC,DANA TOBLER,Inside City Limits,722410,Bar/Tavern,,00:00.0,d6a7da0f-34c5-45a3-9c16-641608973886,5414790712,225,H,,SE,ST,, ,GRANTS PASS,OR,97526,55:13.0,BTAX-042719-02-2026,55:13.0
THE SOUND LOUNGE LLC, ,Inside City Limits,722410,Bar/Tavern,,00:00.0,d6a7da0f-34c5-45a3-9c16-641608973886,5414790712,225,H,,SE,ST,, ,GRANTS PASS,OR,97526,55:13.0,BTAX-042719-02-2026,55:13.0
THE SUITES ASSISTED LIVING COMMUNITY, THE SUITES ASSISTED LIVING    ,Inside City Limits,623110,Medical-Nursing Care Facility,THE SUITES ASSISTED LIVING COMMUNITY,00:00.0,09C5669E-D20B-46FD-9BAA-17B28AA3D9D5,5033759016,1301,PARKDALE,, ,DR,, ,GRANTS PASS,OR,97527,06:41.0,BTAX-040361-05-2025,06:41.0
"THE SWEET LIFE HAIR SALON, LLC",CIARA OWEN,Inside City Limits,812112,Beauty Salon,,00:00.0,18679c53-12c3-422b-83c7-7abfbfc68357,5414761388,1681,7TH,,NE,ST,,,GRANTS PASS,OR,97526,04:17.0,BTAX-040494-06-2025,04:17.0
"THE SWEET LIFE HAIR SALON, LLC", ,Inside City Limits,812112,Beauty Salon,,00:00.0,18679c53-12c3-422b-83c7-7abfbfc68357,5414761388,1681,7TH,,NE,ST,,,GRANTS PASS,OR,97526,04:17.0,BTAX-040494-06-2025,04:17.0
THE TJX COMPANIES INC, ,Inside City Limits,448150,Retail-Clothing & Accessories,TJ MAXX #1565,00:00.0,93a77602-daf2-4f85-930c-0a462bbcc14f,7743085854,939,D,,NE,ST,,,GRANTS PASS,OR,97526,38:20.0,BTAX-042872-03-2026,38:20.0
THE TRAIN DEPOT LLC.  ,BOB  FEIL,Inside City Limits,722511,Restaurant,,00:00.0,DEADF483-4703-4944-B25B-C72C5E732ED7,5414714800,577,F,,NE,ST,, ,GRANTS PASS,OR,97526,50:06.0,BTAX-040744-07-2025,50:06.0
THE TWISTED CORK              , EATON & FORSHAY               ,Inside City Limits,722511,Restaurant,,00:00.0,72CE8D6A-4257-4118-916E-E26D51B0F69B,5417613695,210,6TH,,SW,ST,,,GRANTS PASS,OR,97526,07:14.0,BTAX-042144-10-2025,07:14.0
"THE WATERBOY DELIVERY SERVICE, LLC", ,Inside City Limits,492210,Delivery Service-Local,,00:00.0,fb3b6ef7-fdf5-4a72-b68b-10965cb6007d,5412261389,1011,VISTA,,SE,DR,, ,GRANTS PASS,OR,97527,49:25.0,BTAX-040914-07-2025,49:25.0
"THE WATERBOY DELIVERY SERVICE, LLC",JASON MARTINDALE,Inside City Limits,492210,Delivery Service-Local,,00:00.0,fb3b6ef7-fdf5-4a72-b68b-10965cb6007d,5412261389,1011,VISTA,,SE,DR,, ,GRANTS PASS,OR,97527,49:25.0,BTAX-040914-07-2025,49:25.0
THOMASON BEAN CO INC         ,DAVID  THOMASON,Inside City Limits,722515,Snack and Nonalcoholic Beverage Shop,THE HUMAN BEAN III ,00:00.0,6433B935-A1C8-42EA-9A4F-A21442FF193C,5419559506,1885,6TH,,NE,ST,, ,GRANTS PASS,OR,97526,34:33.0,BTAX-041539-08-2025,34:33.0
THOMASON BEAN CO INC         ,DAVID  THOMASON,Inside City Limits,722515,Snack and Nonalcoholic Beverage Shop,THE HUMAN BEAN ,00:00.0,3AABC166-85C0-4849-966E-0DA2F880EFAD,5419559506,840,F,,NE,ST,, ,GRANTS PASS,OR,97526,31:02.0,BTAX-041538-08-2025,31:02.0
THOMASON BEAN CO INC         ,DAVID  THOMASON,Inside City Limits,722515,Snack and Nonalcoholic Beverage Shop,THE HUMAN BEAN II ,00:00.0,6D82D1DF-89A7-4BB2-9241-2DADA9977C28,5419559506,109,CURTIS,, ,DR,, ,GRANTS PASS,OR,97527,27:09.0,BTAX-041537-08-2025,27:09.0
THOMASON BEAN CO INC         ,DAVID  THOMASON,Inside City Limits,722515,Snack and Nonalcoholic Beverage Shop,HUMAN BEAN,00:00.0,480fc675-ea5a-492b-a3b0-ca4df3abf3b0,5419559506,700,7TH,,SE,ST,,,GRANTS PASS,OR,97526,13:17.0,BTAX-040369-05-2025,13:17.0
THREE RIVERS ADULT FOSTER HOME,MICHELLE  ROBERTS,Inside City Limits,623312,Medical-Assisted Living Facility/Elderly,,00:00.0,B6FE7D6D-DAC2-47FB-A412-A5A0F33496C4,5417617093,1422,G,,SW,ST,, ,GRANTS PASS,OR,97526,00:45.0,BTAX-042315-11-2025,00:45.0
THREE RIVERS HEATING & AIR INC   ,LARRY  TACHELL,Inside City Limits,238220,Contractor-HVAC Services,,00:00.0,65B09450-E885-4AFB-9972-6BA7C0C83191,5414795181,1515,REDWOOD,, ,AVE,,2,GRANTS PASS,OR,97527,23:11.0,BTAX-042782-02-2026,23:11.0
THREE RIVERS HOUSING LLC,SHEILA HADDAD B. HAITHAM,Outside City Limits,531110,Rental Units/Landlord,,00:00.0,FC5455A6-118B-486F-B743-11F6305F88EC,5417618238,936,6TH,,SW,ST,,,GRANTS PASS,OR,97526,37:51.0,BTAX-040623-07-2025,37:51.0
THREE RIVERS LANDSCAPE MAINTENANCE, ,Inside City Limits,541320,Landscaping Services,THREE RIVERS LANDSCAPE MANAGEMENT,00:00.0,DB35D2B4-A24C-4E33-AA24-B0456437813E,5416603046,2456,ALLEN CREEK,, ,RD,, ,GRANTS PASS,OR,97527,45:38.0,BTAX-042718-02-2026,45:38.0
THREE RIVERS LANDSCAPE MAINTENANCE,SCOTT BONNEY,Inside City Limits,541320,Landscaping Services,THREE RIVERS LANDSCAPE MANAGEMENT,00:00.0,DB35D2B4-A24C-4E33-AA24-B0456437813E,5416603046,2456,ALLEN CREEK,, ,RD,, ,GRANTS PASS,OR,97527,45:38.0,BTAX-042718-02-2026,45:38.0
THREE RIVERS LANDSCAPE MAINTENANCE,TIFFANY BONNEY,Inside City Limits,541320,Landscaping Services,THREE RIVERS LANDSCAPE MANAGEMENT,00:00.0,DB35D2B4-A24C-4E33-AA24-B0456437813E,5416603046,2456,ALLEN CREEK,, ,RD,, ,GRANTS PASS,OR,97527,45:38.0,BTAX-042718-02-2026,45:38.0
THREE RIVERS RENTALS LLC,KARIN WIDMAIER,Inside City Limits,531110,Rental Units/Landlord,,00:00.0,350270b8-1140-450c-8192-b08432aa8a41,5416016522,1108,ROGUE,,SE,DR,, ,GRANTS PASS,OR,97526,18:23.0,BTAX-041719-09-2025,18:23.0
THREE RIVERS RENTALS LLC, ,Inside City Limits,531110,Rental Units/Landlord,,00:00.0,350270b8-1140-450c-8192-b08432aa8a41,5416016522,1108,ROGUE,,SE,DR,, ,GRANTS PASS,OR,97526,18:23.0,BTAX-041719-09-2025,18:23.0
THREE TREES INDUSTRIES,CHRIS DE WITT,Inside City Limits,561720,Cleaning Service,,00:00.0,68489c78-ac19-48ad-a976-156462aa178a,,1043,THELMA,,,WAY,,,GRANTS PASS,OR,97527,32:33.0,BTAX-042677-01-2026,32:33.0
THREE TREES INDUSTRIES, ,Inside City Limits,561720,Cleaning Service,,00:00.0,68489c78-ac19-48ad-a976-156462aa178a,,1043,THELMA,,,WAY,,,GRANTS PASS,OR,97527,32:33.0,BTAX-042677-01-2026,32:33.0
THREESONS LLC, ,Inside City Limits,722511,Restaurant,LULU'S FOR THE LOVE OF FOOD,00:00.0,0d06488e-cadf-4c28-b7f0-cd0f323fc913,,237,G,,SW,ST,, ,GRANTS PASS,OR,97526,04:16.0,BTAX-042279-11-2025,04:16.0
THREESONS LLC,GABE O'DRISCOLL,Inside City Limits,722511,Restaurant,LULU'S FOR THE LOVE OF FOOD,00:00.0,0d06488e-cadf-4c28-b7f0-cd0f323fc913,,237,G,,SW,ST,, ,GRANTS PASS,OR,97526,04:16.0,BTAX-042279-11-2025,04:16.0
THREESONS LLC,NATALLE O'DRISCOLL,Inside City Limits,722511,Restaurant,LULU'S FOR THE LOVE OF FOOD,00:00.0,0d06488e-cadf-4c28-b7f0-cd0f323fc913,,237,G,,SW,ST,, ,GRANTS PASS,OR,97526,04:16.0,BTAX-042279-11-2025,04:16.0
THRIFTY PAYLESS INC           , THRIFTY PAYLESS INC           ,Inside City Limits,446110,Pharmacy/Drug Store,RITE AID #5386,00:00.0,BF1C965A-DE89-4C7C-B4BC-29F265381046,5414793358,915,D,,NE,ST,,,GRANTS PASS,OR,97526,09:45.0,BTAX-040788-07-2025,09:45.0
THRIFTY PAYLESS INC           , ,Inside City Limits,446110,Pharmacy/Drug Store,CVS/PHARMACY # 11660,00:00.0,813B07B5-5295-4EEB-8F4F-F3B3542ED3EB,5414796698,1642,WILLIAMS,, ,HWY,, ,GRANTS PASS,OR,97527,49:27.0,BTAX-040598-07-2025,49:27.0
TICOR TITLE #26               ,MARK HOLMES,Inside City Limits,524291,Insurance Claims Adjusting,,00:00.0,A709854E-C46A-4B8E-9397-5E13E3BC451F,5414761171,744,7TH,,NE,ST,,,GRANTS PASS,OR,97526,56:40.0,BTAX-042915-03-2026,56:40.0
TIJUANA'S BIRRIA CORP, ,Inside City Limits,722511,Restaurant,,00:00.0,8e05a0a8-6d59-4ba7-ae71-bf247189a6a4,5412188105,1330,6TH,,NW,ST,,SUITE I,GRANTS PASS,OR,97526,34:33.0,BTAX-042574-01-2026,34:33.0
TIJUANA'S BIRRIA CORP,ANA LLELY RODRIGUEZ LOPEZ,Inside City Limits,722511,Restaurant,,00:00.0,8e05a0a8-6d59-4ba7-ae71-bf247189a6a4,5412188105,1330,6TH,,NW,ST,,SUITE I,GRANTS PASS,OR,97526,34:33.0,BTAX-042574-01-2026,34:33.0
TIMARI LLC,TIMARI DAVIS,Inside City Limits,561990,Auctioneer,ROGUE OREGON AUCTIONEERS AND PROPERTIES,00:00.0,0C5EABC9-09CC-4CDE-A827-230143673E6C,5414710916,123,EVELYN,,NE,AVE,, ,GRANTS PASS,OR,97526,31:31.0,BTAX-041793-09-2025,31:31.0
TIMBER PRODUCTS CO    ,JOHN BARKER,Inside City Limits,321999,Manufacturing-Wood Products,,00:00.0,7FE28354-5276-4E15-B9E9-EE3B7DD604A5,5414799735,1090,M,,SE,ST,, ,GRANTS PASS,OR,97526,54:33.0,BTAX-041574-08-2025,54:33.0
TIMELESS PIECES CLOCK REPAIR,JOHN MANN,Inside City Limits,811490,"Watch, Clock, Jewelry Repair",,00:00.0,b4291a8d-1206-4df8-a68e-149a9710cf59,5412262785,810,DELSIE,,,DR,,,GRANTS PASS,OR,97527,20:47.0,BTAX-042210-11-2025,20:47.0
TIMELESS PIECES CLOCK REPAIR, ,Inside City Limits,811490,"Watch, Clock, Jewelry Repair",,00:00.0,b4291a8d-1206-4df8-a68e-149a9710cf59,5412262785,810,DELSIE,,,DR,,,GRANTS PASS,OR,97527,20:47.0,BTAX-042210-11-2025,20:47.0
TOM BERNHART,TOM BERNHART,Inside City Limits,531110,Rental Units/Landlord,,00:00.0,1ce8cd3f-20b3-4caa-9805-b25d9beb7220,5416592697,1952,CROWN,,NW,ST,, ,GRANTS PASS,OR,97526,38:41.0,BTAX-042629-01-2026,38:41.0
TOM BERNHART, ,Inside City Limits,531110,Rental Units/Landlord,,00:00.0,1ce8cd3f-20b3-4caa-9805-b25d9beb7220,5416592697,1952,CROWN,,NW,ST,, ,GRANTS PASS,OR,97526,38:41.0,BTAX-042629-01-2026,38:41.0
TOM RANDALL INSURANCE AGENCY,THOMAS RANDALL,Inside City Limits,524210,Insurance Agency & Brokerages,TOM RANDALL STATE FARM,00:00.0,4ed7b538-69ba-4077-aa0a-da49e7bbf48e,5414744900,337,UNION,,,Ave,,A,GRANTS PASS,OR,97527,31:20.0,BTAX-041947-10-2025,31:20.0
TOM RANDALL INSURANCE AGENCY, ,Inside City Limits,524210,Insurance Agency & Brokerages,TOM RANDALL STATE FARM,00:00.0,4ed7b538-69ba-4077-aa0a-da49e7bbf48e,5414744900,337,UNION,,,Ave,,A,GRANTS PASS,OR,97527,31:20.0,BTAX-041947-10-2025,31:20.0
TOM'S AUTO SERVICE            ,THOMAS  HILL,Inside City Limits,811111,Auto-General Repair,,00:00.0,CEEF1023-A0C8-4A36-BBD2-6510325910AF,5414764144,242,F,,NW,ST,, ,GRANTS PASS,OR,97526,10:10.0,BTAX-036410-11-2023,10:10.0
TONY HARO MA LPC,TONY  HARO,Inside City Limits,621112,Medical-Mental Health Specialist,,00:00.0,6210BAD4-6ECF-4868-BB96-90396E785A47,5417874217,777,7TH,,NE,ST,,SUITE 214,GRANTS PASS,OR,97526,58:54.0,BTAX-041342-08-2025,58:54.0
TOP NOTCH TREE SERVICE LLC,KYLE ARMIJO,Outside City Limits,238190,Contractor-General/Building Exterior,,00:00.0,676225f2-a55c-4e2b-b246-f9ed9fc1693e,5412913029,2497,MIDWAY,,,AVE,,,GRANTS PASS,OR,97527,14:22.0,BTAX-042949-03-2026,14:22.0
TOP NOTCH TREE SERVICE LLC, ,Outside City Limits,238190,Contractor-General/Building Exterior,,00:00.0,676225f2-a55c-4e2b-b246-f9ed9fc1693e,5412913029,2497,MIDWAY,,,AVE,,,GRANTS PASS,OR,97527,14:22.0,BTAX-042949-03-2026,14:22.0
TOPS & TEES LLC,JARED RYDELL,Inside City Limits,454390,Retail-Misc Direct Selling Establishment,,00:00.0,72571a0e-183f-44de-a82d-555b7824afc8,5414762226,1460,WILLIAMS,, ,HWY,, ,GRANTS PASS,OR,97527,39:42.0,BTAX-041089-08-2025,39:42.0
TOPS & TEES LLC, ,Inside City Limits,454390,Retail-Misc Direct Selling Establishment,,00:00.0,72571a0e-183f-44de-a82d-555b7824afc8,5414762226,1460,WILLIAMS,, ,HWY,, ,GRANTS PASS,OR,97527,39:42.0,BTAX-041089-08-2025,39:42.0
TORQUE MONKEY AUTO REPAIR,KURTIS DYMOCK,Inside City Limits,811111,Auto-General Repair,,00:00.0,5b0a2569-6e5d-42e1-860b-1244bb4e1055,5419559541,2600,CLOVERLAWN,, ,DR,, ,GRANTS PASS,OR,97527,27:33.0,BTAX-041137-08-2025,27:33.0
TORQUE MONKEY AUTO REPAIR, ,Inside City Limits,811111,Auto-General Repair,,00:00.0,5b0a2569-6e5d-42e1-860b-1244bb4e1055,5419559541,2600,CLOVERLAWN,, ,DR,, ,GRANTS PASS,OR,97527,27:33.0,BTAX-041137-08-2025,27:33.0
TOTAL LOOK-TOPLINE            ,LINDA & PAUL KING,Inside City Limits,446120,Retail-Beauty Supply/Cosmetics,,00:00.0,038A5D95-2D18-48F7-AB2A-82F724C9EB52,5414769098,420,GREENWOOD,,SW,AVE,, ,GRANTS PASS,OR,97526,20:50.0,BTAX-041727-09-2025,20:50.0
"TOTAL PERFORMANCE SPORTS MEDICINE, PC      ",SCOTT  THORSEN,Inside City Limits,621310,Medical-Chiropractor,,00:00.0,A075F908-BFA0-4058-A40B-68A69B824E9D,5414764010,1328,6TH,,NW,ST,, ,GRANTS PASS,OR,97526,20:33.0,BTAX-040868-07-2025,20:33.0
TOUCHPOINT NETWORKS LLC      ,CHUCK  WHITELEY,Outside City Limits,238990,Contractor-Trade/Specialty,,00:00.0,C224EB0A-1482-49E3-92E0-9CE3B02CC4CF,5418421000,1150,KNUTSON,,,AVE,,#10,MEDFORD,OR,97504,54:26.0,BTAX-042460-12-2025,54:26.0
TOWNE CENTRE INSURANCE SERVICE, ,Inside City Limits,524210,Insurance Agency & Brokerages,,00:00.0,459898BB-FA91-46EA-B711-B03C7A78D7F3,5414763311,315,7TH,,SE,ST,, ,GRANTS PASS,OR,97526,54:54.0,BTAX-042377-12-2025,54:54.0
TOWNE CENTRE INSURANCE SERVICE,BOB HENRY,Inside City Limits,524210,Insurance Agency & Brokerages,,00:00.0,459898BB-FA91-46EA-B711-B03C7A78D7F3,5414763311,315,7TH,,SE,ST,, ,GRANTS PASS,OR,97526,54:54.0,BTAX-042377-12-2025,54:54.0
TRACTOR SUPPLY COMPANY WEST LLC #2299, ,Inside City Limits,444220,Retail-Farm Supplies,,00:00.0,f8c55471-5c32-4302-83af-e7b2fb374844,5414744321,1427,7TH,,NE,ST,, ,GRANTS PASS,OR,97526,01:58.0,BTAX-041053-08-2025,01:58.0
"TRAFFIC SAFETY TRAFFIC CONTROL FLAGGING, LLC", ,Outside City Limits,238990,Contractor-Trade/Specialty,,00:00.0,9b2b5953-d55b-4cf4-a2b0-aa61a65c6562,5418210673,5273,CROWFOOT,,,RD,,,TRAIL,OR,97541,47:31.0,BTAX-042361-12-2025,47:31.0
"TRAFFIC SAFETY TRAFFIC CONTROL FLAGGING, LLC",LARRY RUNYAN,Outside City Limits,238990,Contractor-Trade/Specialty,,00:00.0,9b2b5953-d55b-4cf4-a2b0-aa61a65c6562,5418210673,5273,CROWFOOT,,,RD,,,TRAIL,OR,97541,47:31.0,BTAX-042361-12-2025,47:31.0
"TRANSFORM YOUTH AND FAMILY COUNSELING, LLC", ,Inside City Limits,624190,Social Svcs-Individual & Family Svcs,,00:00.0,d3eefa2c-ef6d-4b92-8587-da28c6f75f2c,5415076400,1692,LYNDA,,NE,LN,,STE C,GRANTS PASS,OR,97526,20:17.0,BTAX-040432-05-2025,20:17.0
"TRANSFORM YOUTH AND FAMILY COUNSELING, LLC",LAUREN BELLENBAUM,Inside City Limits,624190,Social Svcs-Individual & Family Svcs,,00:00.0,d3eefa2c-ef6d-4b92-8587-da28c6f75f2c,5415076400,1692,LYNDA,,NE,LN,,STE C,GRANTS PASS,OR,97526,20:17.0,BTAX-040432-05-2025,20:17.0
"TRESSI ALBEE, MA, LPC", ,Inside City Limits,621420,Medical-Mental Health/Substance Abuse Center,,00:00.0,e9c60f28-0435-4ef3-a199-5751fc028696,5414150436,121,A,,NE,ST,,STE A,GRANTS PASS,OR,97526,58:36.0,BTAX-040496-06-2025,58:36.0
"TRESSI ALBEE, MA, LPC","TRESSI ALBEE, MA, LPC",Inside City Limits,621420,Medical-Mental Health/Substance Abuse Center,,00:00.0,e9c60f28-0435-4ef3-a199-5751fc028696,5414150436,121,A,,NE,ST,,STE A,GRANTS PASS,OR,97526,58:36.0,BTAX-040496-06-2025,58:36.0
TRINITY VALLEY PHARMACY LLC  ,NANCY HINKE PAUL KERLEY,Inside City Limits,446110,Pharmacy/Drug Store,,00:00.0,5D90F6B0-15FE-48AB-928E-B4825265656C,5414749437,2001,FOOTHILL,,NE,BLVD,,F3,GRANTS PASS,OR,97526,05:06.0,BTAX-041902-09-2025,05:06.0
TROPIC AIR INC, ,Outside City Limits,238220,Contractor-HVAC Services,"TROPIC AIR, INC",00:00.0,298f380d-67f4-49b0-a1da-91a10704e2a0,5417739866,2728,MAIN,,W,ST,,,MEDFORD,OR,97501,39:27.0,BTAX-042785-02-2026,39:27.0
TROPIC AIR INC,ROLANDO RODRIGUEZ,Outside City Limits,238220,Contractor-HVAC Services,"TROPIC AIR, INC",00:00.0,298f380d-67f4-49b0-a1da-91a10704e2a0,5417739866,2728,MAIN,,W,ST,,,MEDFORD,OR,97501,39:27.0,BTAX-042785-02-2026,39:27.0
TRUAX CORPORATION             ,JOHN TRUAX,Inside City Limits,447190,Gas Station,TOWNE PUMP ,00:00.0,09E86BEE-92E0-41C1-836A-86E050BA0C31,5417581500,1820,7TH,,NE,ST,, ,GRANTS PASS,OR,97526,29:35.0,BTAX-041452-08-2025,29:35.0
TRUE NORTH CARPET CARE, ,Inside City Limits,561740,Carpet & Upholstery Cleaning,,00:00.0,5e3fca11-ae0b-4a40-b54d-bd849a69ecd3,5416607195,1417,HERITAGE,,NE,DR,,,GRANTS PASS,OR,97526,29:25.0,BTAX-042270-11-2025,29:25.0
TRUE NORTH CARPET CARE,ALAN ANDERSON,Inside City Limits,561740,Carpet & Upholstery Cleaning,,00:00.0,5e3fca11-ae0b-4a40-b54d-bd849a69ecd3,5416607195,1417,HERITAGE,,NE,DR,,,GRANTS PASS,OR,97526,29:25.0,BTAX-042270-11-2025,29:25.0
TUCKERS                       ,JEFFREY  TUCKER,Inside City Limits,812111,Barber Shop,,00:00.0,D74E1C0C-6C17-42B9-934A-9359C6ADBBDD,5412264952,1330,6TH,,NW,ST,, ,GRANTS PASS,OR,97526,34:38.0,BTAX-042065-10-2025,34:38.0
TWO'S COMPANY                 , ANDERSON & TROTTER            ,Inside City Limits,561720,Cleaning Service,,00:00.0,FF0B1594-AC83-4328-816A-8FDBDD7F075B,7074603600,1416,STURGEON,,SW,CT,, ,GRANTS PASS,OR,97527,33:36.0,BTAX-042674-01-2026,33:36.0
U S BANK                      , U.S BANCORP,Inside City Limits,522110,Finance-Commercial Bank,,00:00.0,5C7C7A71-C479-4438-8372-534D4B19DECB,5414741121,400,6TH,,SW,ST,, ,GRANTS PASS,OR,97526,40:15.0,BTAX-042752-02-2026,40:15.0
U-HAUL CO. OF OREGON, ,Inside City Limits,532120,Rental-Truck & RV Rentals,,00:00.0,70601afe-0f43-4190-8b7d-57e630afb9d5,6022636577,2318,VINE,,NW,ST,,,GRANTS PASS,OR,97526,12:54.0,BTAX-042243-11-2025,12:54.0
UMPQUA DAIRY PRODUCTS CO      , ,Inside City Limits,425120,Wholesale Agent,,00:00.0,F547EB09-542D-4489-A115-3FAA92D64AD6,5414796832,350,ICE CREAM,,SE,DR,, ,CENTRAL POINT,OR,97502,24:54.0,BTAX-041485-08-2025,24:54.0
UMPQUA DAIRY PRODUCTS CO      ,DOUGLAS FELDKAMP,Inside City Limits,425120,Wholesale Agent,,00:00.0,F547EB09-542D-4489-A115-3FAA92D64AD6,5414796832,350,ICE CREAM,,SE,DR,, ,CENTRAL POINT,OR,97502,24:54.0,BTAX-041485-08-2025,24:54.0
"UNFI GROCERS DISTRIBUTION, INC",ROBERT LING JR,Outside City Limits,425120,Wholesale Agent,,00:00.0,A57A532D-5AF7-49D3-8050-1A142A7E0014,9528284529,5300,SHEILA,,,ST,,,COMMERCE,CA,90040,19:27.0,BTAX-041621-09-2025,19:27.0
UNICORN COUNSELING SERVICES,PAMELA  MCCORKLE,Inside City Limits,621330,Medical - Mental Health Counselor,,00:00.0,7d425f12-dc99-4a8e-82b8-f7cc4be60e48,5416300079,215,6TH,,SE,ST,,,GRANTS PASS,OR,97526,50:19.0,BTAX-041092-08-2025,50:19.0
UNICORN COUNSELING SERVICES, ,Inside City Limits,621330,Medical - Mental Health Counselor,,00:00.0,7d425f12-dc99-4a8e-82b8-f7cc4be60e48,5416300079,215,6TH,,SE,ST,,,GRANTS PASS,OR,97526,50:19.0,BTAX-041092-08-2025,50:19.0
UNITED COMMUNITY ACTION NETWORK, ,Inside City Limits,624210,Social Svcs-Community Food Svcs,UCAN,00:00.0,0426244b-ab8c-4b06-b6f0-9eca9f08b855,5416723421,900,8,,SE,ST,, ,GRANTS PASS,OR,97526,46:32.0,BTAX-042233-11-2025,46:32.0
UNITED COMMUNITY ACTION NETWORK,SHAUN PRITCHARD,Inside City Limits,624210,Social Svcs-Community Food Svcs,UCAN,00:00.0,0426244b-ab8c-4b06-b6f0-9eca9f08b855,5416723421,900,8,,SE,ST,, ,GRANTS PASS,OR,97526,46:32.0,BTAX-042233-11-2025,46:32.0
UNITED FINANCE COMPANY        , UNITED GROUP INC,Inside City Limits,522291,Finance-Consumer Lending,,00:00.0,11187B53-95F9-464B-8762-3C80E9DA6AA2,5414766801,1303,7TH,,NE,ST,, ,GRANTS PASS,OR,97526,12:28.0,BTAX-041475-08-2025,12:28.0
UNITED PARCEL SERVICE CORP,BRIAN ISOM,Outside City Limits,492110,Delivery Service-Courier & Express,UPS,00:00.0,867EC8AD-FD8B-4C3D-BF55-92831F0B134A,5414766077,2552,FOOTHILL,,,BLVD,,,GRANTS PASS,OR,97526,43:39.0,BTAX-042430-12-2025,43:39.0
UNLIMITED DREAMS LLC,MOHIT SINGLA,Inside City Limits,721110,Hotel/Motel,TRAVELODGE GRANTS PASS,00:00.0,CA15909A-AD76-4862-AF11-6518A42937CD,5414796611,1950,VINE,,NW,ST,, ,GRANTS PASS,OR,97526,13:39.0,BTAX-042824-02-2026,13:39.0
UNLIMITED DREAMS LLC,UPINDER DHANJU,Inside City Limits,721110,Hotel/Motel,TRAVELODGE GRANTS PASS,00:00.0,CA15909A-AD76-4862-AF11-6518A42937CD,5414796611,1950,VINE,,NW,ST,, ,GRANTS PASS,OR,97526,13:39.0,BTAX-042824-02-2026,13:39.0
UNLIMITED DREAMS LLC, ,Inside City Limits,721110,Hotel/Motel,TRAVELODGE GRANTS PASS,00:00.0,CA15909A-AD76-4862-AF11-6518A42937CD,5414796611,1950,VINE,,NW,ST,, ,GRANTS PASS,OR,97526,13:39.0,BTAX-042824-02-2026,13:39.0
URBAN LEGEND SALON,RYLEY KRENUM,Inside City Limits,812112,Beauty Salon,,00:00.0,d71e21cb-df6b-41f9-896c-70cd655074c0,7016094299,203,BRIDGE,,SW,ST,, ,GRANTS PASS,OR,97526,49:50.0,BTAX-042468-12-2025,49:50.0
U-SAVE GAS & TACKLE LLC       ,TROY  WHITAKER,Inside City Limits,447190,Gas Station,,00:00.0,05B155A4-D125-4163-8E86-0A2D80B04FA2,5414769871,935,ROGUE RIVER,, ,HWY,, ,GRANTS PASS,OR,97527,55:27.0,BTAX-040745-07-2025,55:27.0
U-TURN FOR CHRIST,KEVIN DARR,Inside City Limits,453310,Retail-Thrift Store,U-TURN FOR CHRIST CHARITY SHOPPE,00:00.0,cf6888bd-8f8b-4851-add1-7599d3b5523c,5412913040,100,LEWIS,, ,AVE,, ,GRANTS PASS,OR,97527,03:10.0,BTAX-042555-01-2026,03:10.0
U-TURN FOR CHRIST, ,Inside City Limits,453310,Retail-Thrift Store,U-TURN FOR CHRIST CHARITY SHOPPE,00:00.0,cf6888bd-8f8b-4851-add1-7599d3b5523c,5412913040,100,LEWIS,, ,AVE,, ,GRANTS PASS,OR,97527,03:10.0,BTAX-042555-01-2026,03:10.0
VALDIVIA LLC,RAYMUNDO VALDIVIA,Outside City Limits,722330,Food-Mobile/Ice Cream Truck,BOBABLASTIC,00:00.0,ad2faa8b-710a-41e5-b47f-c00a1cfa74bc,5416224875,104,MORGAN,,NE,LN,,,GRANTS PASS,OR,97526,58:29.0,BTAX-040487-06-2025,58:29.0
VALDIVIA LLC,RAYMUNDO VALDIVIA,Outside City Limits,722330,Food-Mobile/Ice Cream Truck,BOBABLASTIC,00:00.0,ad2faa8b-710a-41e5-b47f-c00a1cfa74bc,5416224875,104,MORGAN,,NE,LN,,,GRANTS PASS,OR,97526,38:26.0,BTAX-040490-06-2025,38:26.0
VALDIVIA LLC,RAYMUNDO VALDIVIA,Outside City Limits,722330,Food-Mobile/Ice Cream Truck,BOBABLASTIC,00:00.0,ad2faa8b-710a-41e5-b47f-c00a1cfa74bc,5416224875,104,MORGAN,,NE,LN,,,GRANTS PASS,OR,97526,58:22.0,BTAX-040488-06-2025,58:22.0
VALDIVIA LLC,RAYMUNDO VALDIVIA,Outside City Limits,722330,Food-Mobile/Ice Cream Truck,BOBABLASTIC,00:00.0,ad2faa8b-710a-41e5-b47f-c00a1cfa74bc,5416224875,104,MORGAN,,NE,LN,,,GRANTS PASS,OR,97526,58:29.0,BTAX-040487-06-2025,58:29.0
VALDIVIA LLC,RAYMUNDO VALDIVIA,Outside City Limits,722330,Food-Mobile/Ice Cream Truck,BOBABLASTIC,00:00.0,ad2faa8b-710a-41e5-b47f-c00a1cfa74bc,5416224875,104,MORGAN,,NE,LN,,,GRANTS PASS,OR,97526,38:26.0,BTAX-040490-06-2025,38:26.0
VALDIVIA LLC,RAYMUNDO VALDIVIA,Outside City Limits,722330,Food-Mobile/Ice Cream Truck,BOBABLASTIC,00:00.0,ad2faa8b-710a-41e5-b47f-c00a1cfa74bc,5416224875,104,MORGAN,,NE,LN,,,GRANTS PASS,OR,97526,58:22.0,BTAX-040488-06-2025,58:22.0
VALERIAN HOMES LLC,SARA  THORP,Inside City Limits,238190,Contractor-General/Building Exterior,,00:00.0,BE2FCCE6-83B7-4701-9D05-A83DA4185E39,5419554663,1590,N,,SE,ST,, ,GRANTS PASS,OR,97526,16:34.0,BTAX-041198-08-2025,16:34.0
VALLE'S AUTO BODY AND PAINT   ,SCOTT & POLLY  VALLE,Inside City Limits,811121,"Auto-Body, Paint & Interior",,00:00.0,C7D686A5-E240-4FAB-BA08-4C41E79CB643,5414713498,2744,HIGHLAND,,NW,AVE,, ,GRANTS PASS,OR,97526,38:57.0,BTAX-042714-02-2026,38:57.0
VALLEY FIRE SERVICE, RURAL/METRO CORPORATION       ,Inside City Limits,541990,Professional-Misc,RURAL METRO FIRE DEPARTMENT,00:00.0,8000FE52-35B7-4403-9E46-29948CD8D227,5414741218,807,6TH,,NE,ST,, ,GRANTS PASS,OR,97526,35:47.0,BTAX-042939-03-2026,35:47.0
VALLEY IMMEDIATE CARE LLC    ,JEFFREY  WILLIAMS,Inside City Limits,621111,Medical-Physician,,00:00.0,22BD2BE8-62B6-4F40-A0DC-1E5A8C478C54,5414791090,162,BEACON,,NE,DR,,SUITE 103,GRANTS PASS,OR,97526,44:56.0,BTAX-042248-11-2025,44:56.0
VAN OLPTON SHOES              ,PATRICIA SHANOR,Inside City Limits,448210,Retail-Shoes,,00:00.0,A4A9F273-5658-49F9-AB52-DC045565F48C,5414760321,231,6TH,,SE,ST,,,GRANTS PASS,OR,97526,27:19.0,BTAX-042140-10-2025,27:19.0
VANDUSEN DESIGN               ,JASON & BONNIE  VANDUSEN,Inside City Limits,541430,Graphic Design,,00:00.0,85EE46E9-36EB-4477-B351-792589762DF3,5413518566,1375,REDWOOD,, ,CIR,, ,GRANTS PASS,OR,97527,46:49.0,BTAX-041941-10-2025,46:49.0
VESTIS SERVICES LLC, ,Outside City Limits,812320,Dry Cleaning Services,,00:00.0,1AE6CFFE-D59F-4B18-95D0-41EE69F9D0F6,8189733693,5880,NOLENSVILLE PK,,,,,,NASHVILLE,TN,37211,20:21.0,BTAX-042060-10-2025,20:21.0
VETERANS OF FOREIGN WARS      ,DON GERMAN,Inside City Limits,813990,Organization-Misc,,00:00.0,74B015FA-C92C-4443-B1BC-1FF5AF2B79AB,5417870380,610,DOUGLAS,,,DR,, ,GRANTS PASS,OR,97527,16:28.0,BTAX-042318-11-2025,16:28.0
VICKI'S CLEANING SERVICES     ,VICKI  LAMAR,Inside City Limits,561720,Cleaning Service,,00:00.0,F335F273-59AB-494B-9B31-146DC41F3334,5416605501,1404,ROGUE RIVER,,SW,AVE,,,GRANTS PASS,OR,97526,58:23.0,BTAX-041608-09-2025,58:23.0
"VICTORIA SANCHEZ, LMT",VICTORIA  SANCHEZ,Inside City Limits,621399,Medical-Massage Therapy,,00:00.0,4b30c226-8762-4fc7-ab48-9ba47e5216f9,5414507506,213,4TH,,SW,ST,, ,GRANTS PASS,OR,97526,24:07.0,BTAX-042320-11-2025,24:07.0
"VICTORIA SANCHEZ, LMT", ,Inside City Limits,621399,Medical-Massage Therapy,,00:00.0,4b30c226-8762-4fc7-ab48-9ba47e5216f9,5414507506,213,4TH,,SW,ST,, ,GRANTS PASS,OR,97526,24:07.0,BTAX-042320-11-2025,24:07.0
VICTOR'S CARS FOR LESS        ,VITALY & GALINA  GRITSIOUK,Inside City Limits,441120,Auto-Used Car Dealer,,00:00.0,63FF010E-7D86-4855-B26D-4B1DF04A0CC9,5414413839,239,REDWOOD,,,HWY,,,GRANTS PASS,OR,97527,04:33.0,BTAX-040604-07-2025,04:33.0
VIDEO WORLD                   ,JAMES L & KRYSTAL D  ARNETTE,Inside City Limits,532230,Movie Rentals,,00:00.0,66712D1E-0CA7-4574-A201-17E88730B17A,5414718888,942,6TH,,SW,ST,,,GRANTS PASS,OR,97526,16:41.0,BTAX-042181-10-2025,16:41.0
VINE STREET CARDLOCK,LANCE WOODBURY,Inside City Limits,447190,Gas Station,,00:00.0,A30C2610-D357-4A26-8434-CCD15791B3D1,5417722053,1998,VINE,,NW,ST,, ,GRANTS PASS,OR,97526,14:38.0,BTAX-042094-10-2025,14:38.0
VINTAGE HOTELS,CARL JOHNSON,Inside City Limits,721110,Hotel/Motel,RIVERSIDE INN,00:00.0,9DDBC6CB-09FB-436D-A5A9-1F396DA3D7CF,5414766873,986,6TH,,SW,ST,, ,GRANTS PASS,OR,97526,57:57.0,BTAX-041408-08-2025,57:57.0
VINTAGE HOTELS   ,CARL JOHNSON,Inside City Limits,721110,Hotel/Motel,THE LODGE AT RIVERSIDE,00:00.0,980F990B-7EB9-44B0-8EBF-4F4632D2B2CC,5419550600,955,7TH,,SE,ST,, ,GRANTS PASS,OR,97526,29:30.0,BTAX-041401-08-2025,29:30.0
VINYL REVOLUTIONS             ,LARRY  HADSELL,Inside City Limits,451140,Retail-Music/Instruments & Supplies,,00:00.0,DB073E02-13E2-4E5C-B9D2-C4B4B45EA3D6,5416591043,221,5TH,,NW,ST,, ,GRANTS PASS,OR,97526,48:20.0,BTAX-041489-08-2025,48:20.0
VISUAL EFX SIGNS & GRAPHICS   ,RJ  MCGAHUEY,Inside City Limits,541430,Graphic Design,,00:00.0,CB42938B-6BB8-4031-90FC-FF4A8B6F71A9,5416608145,2939,REDWOOD,, ,AVE,, ,GRANTS PASS,OR,97527,55:35.0,BTAX-042016-10-2025,55:35.0
VORIS ENTERPRISES INC        , ,Inside City Limits,445310,Liquor Store,GRANTS PASS LIQUOR STORE,00:00.0,1F170DEE-F9FB-471B-B624-8675B2EAA1D8,5414793729,210,8TH,,SE,ST,, ,GRANTS PASS,OR,97526,50:29.0,BTAX-041008-07-2025,50:29.0
VP INVESTMENTS LLC,NUNN &  DIMATTEO,Inside City Limits,445110,Food-Deli,THE O'ACES III,00:00.0,E3BEF804-FC21-468D-B46B-B9240F6CA5B3,5414793896,772,ROGUE RIVER,, ,HWY,,,GRANTS PASS,OR,97527,48:29.0,BTAX-042043-10-2025,48:29.0
VP INVESTMENTS LLC            ,JACK & GABRIELLE DIMATTEO RON & MARCIA NUNN               ,Inside City Limits,445110,Food-Deli,THE LUCKY DUCK & DELI II,00:00.0,600232e6-ee3a-4b15-bbea-929df86ee6c2,5414712170,1850,6TH,,NW,ST,, ,GRANTS PASS,OR,97526,55:02.0,BTAX-042045-10-2025,55:02.0
VP INVESTMENTS LLC            ,JACK & GABRIELLE DIMATTEO RON & MARCIA NUNN               ,Inside City Limits,445110,Food-Deli,THE LUCKY DUCK,00:00.0,7C0E9C05-26D2-4E75-9231-BE048543568E,5414712170,1720,REDWOOD,,,AVE,,STE E,GRANTS PASS,OR,97527,50:56.0,BTAX-042044-10-2025,50:56.0
VYANET OPERATING GROUP INC,TRACY  JONES,Inside City Limits,561621,Security System Services,VYANET SECURITY ,00:00.0,8CD82867-67F4-4AD4-AA5B-F33B5FF3FD34,5412953223,916,TOWN CENTRE ,,,DR,,,MEDFORD,OR,97504,32:14.0,BTAX-040820-07-2025,32:14.0
WALGREENS #07373              , WALGREENS CO                  ,Inside City Limits,446110,Pharmacy/Drug Store,,00:00.0,0C55F8FA-805F-4A8C-BC5C-1B7626EE8596,5414714873,111,UNION,, ,AVE,, ,GRANTS PASS,OR,97527,23:10.0,BTAX-041568-08-2025,23:10.0
WALMART INC,ATTN: LICENSING ,Inside City Limits,452111,Retail-Department Store,WALMART #1834,00:00.0,B5BC1D23-C75C-4E81-BC5C-1D19906C612E,5414712822,135,TERRY,,NE,LN,, ,GRANTS PASS,OR,97526,37:22.0,BTAX-041172-08-2025,37:22.0
WASHINGTON FEDERAL #284       , WASHINGTON FEDERAL            ,Inside City Limits,522110,Finance-Commercial Bank,,00:00.0,54262239-3F6F-45EF-B026-92DE3F95CB9F,5414714993,660,7TH,,SE,ST,, ,GRANTS PASS,OR,97526,43:36.0,BTAX-041001-07-2025,43:36.0
WASHINGTON FEDERAL #285       , WASHINGTON FEDERAL            ,Inside City Limits,522110,Finance-Commercial Bank,,00:00.0,3A65985D-2B4C-4897-88A7-6FAE2F3D6FA4,5414762337,290,UNION,, ,AVE,, ,GRANTS PASS,OR,97527,25:54.0,BTAX-042412-12-2025,25:54.0
WATCH ENTERPRISES LLC,JACK GOLDWASSER,Inside City Limits,339999,Manufacturing-Misc Manufacturing,,00:00.0,0fece406-fe52-45dc-833c-d9a2cd21113d,5414728095,2185,SPALDING,,NE,AVE,,#10,GRANTS PASS,OR,97526,20:51.0,BTAX-041544-08-2025,20:51.0
WATCH ENTERPRISES LLC, ,Inside City Limits,339999,Manufacturing-Misc Manufacturing,,00:00.0,0fece406-fe52-45dc-833c-d9a2cd21113d,5414728095,2185,SPALDING,,NE,AVE,,#10,GRANTS PASS,OR,97526,20:51.0,BTAX-041544-08-2025,20:51.0
WATKINSON LAIRD RUBENSTEIN PC,"RUBENSTEIN, PALMER, BURGESS SIMMONS, DOLE & YATES",Inside City Limits,541110,Lawyer,,00:00.0,9E0D4EEB-0650-4D76-8023-18623CD0F7EB,5412953218,1246,7TH,,NE,ST,,SUITE B,GRANTS PASS,OR,97526,36:02.0,BTAX-042382-12-2025,36:02.0
WAYNE OWEN FIGHTING ARTS      ,WAYNE & BUNNY  OWEN,Inside City Limits,713940,Fitness Center,,00:00.0,65D1D9E6-D4EE-4FAD-B869-A5A1C3C7A171,5414769794,113,K,,SE,ST,, ,GRANTS PASS,OR,97526,51:05.0,BTAX-040898-07-2025,51:05.0
WEBBERS FABRICATION           ,GABRIEL JOHN  WEBBER,Inside City Limits,238190,Welding/Fabrication,,00:00.0,D783981B-A6E2-43A8-BFAB-094BBA13477C,5412957722,2001,FOOTHILL,, ,BLVD,,,GRANTS PASS,OR,97526,23:11.0,BTAX-041737-09-2025,23:11.0
WEBFORMIX INTERNET COMPANY,MATT VANSOOY,Inside City Limits,517110,Telecommunication-Wireless Carrier,,00:00.0,0de991dc-70b5-4731-b3ec-bfea2d43714d,5414746082,204,4TH,,NW,ST,,,GRANTS PASS,OR,97526,08:26.0,BTAX-042914-03-2026,08:26.0
WEBFORMIX INTERNET COMPANY, ,Inside City Limits,517110,Telecommunication-Wireless Carrier,,00:00.0,0de991dc-70b5-4731-b3ec-bfea2d43714d,5414746082,204,4TH,,NW,ST,,,GRANTS PASS,OR,97526,08:26.0,BTAX-042914-03-2026,08:26.0
WEBFORMIX INTERNET COMPANY,ERIC OZRELIC,Inside City Limits,517110,Telecommunication-Wireless Carrier,,00:00.0,0de991dc-70b5-4731-b3ec-bfea2d43714d,5414746082,204,4TH,,NW,ST,,,GRANTS PASS,OR,97526,08:26.0,BTAX-042914-03-2026,08:26.0
WEEKEND BREWING COMPANY LLC,KELSEY & TROY YOHO,Inside City Limits,312120,Brewery,WEEKEND BEER COMPANY,00:00.0,94cfc03c-7b5d-46ba-ae77-c6ac2ff56eb4,5415500585,1863,WASHINGTON,,NW,BLVD,, ,GRANTS PASS,OR,97526,09:15.0,BTAX-042477-12-2025,09:15.0
WEEKEND BREWING COMPANY LLC,ASHLEY & BRANDON CREWS,Inside City Limits,312120,Brewery,WEEKEND BEER COMPANY,00:00.0,94cfc03c-7b5d-46ba-ae77-c6ac2ff56eb4,5415500585,1863,WASHINGTON,,NW,BLVD,, ,GRANTS PASS,OR,97526,09:15.0,BTAX-042477-12-2025,09:15.0
WEEKEND BREWING COMPANY LLC, ,Inside City Limits,312120,Brewery,WEEKEND BEER COMPANY,00:00.0,94cfc03c-7b5d-46ba-ae77-c6ac2ff56eb4,5415500585,1863,WASHINGTON,,NW,BLVD,, ,GRANTS PASS,OR,97526,09:15.0,BTAX-042477-12-2025,09:15.0
WELBURN ELECTRIC INC,GARY WELBURN,Outside City Limits,238210,Contractor-Electrical,,00:00.0,70BEE02C-E40F-47D6-A547-A9CB64DD452B,5415353727,4495,PACIFIC,,N,HWY,,# 460,PHOENIX,OR,97535,03:16.0,BTAX-040996-07-2025,03:16.0
WELCH INVESTMENT GROUP LLC   ,STEVEN  WELCH,Inside City Limits,523999,Finance-Investment Activities,,00:00.0,28961385-F644-40A4-8EC1-8716E385B6F6,5414746616,313,A,,NW,ST,, ,GRANTS PASS,OR,97526,35:34.0,BTAX-034774-07-2023,35:34.0
WELLONS INC, ,Inside City Limits,238190,Contractor-General/Building Exterior,WELLONS RPI,00:00.0,4763B5A8-EB92-4F6A-A19C-8144361B9A4C,5415824526,115,ASSEMBLY,,NE,CIR,, ,GRANTS PASS,OR,97526,09:36.0,BTAX-042028-10-2025,09:36.0
WELLS FARGO BANK NA II, WELLS FARGO (CORP)            ,Inside City Limits,522110,Finance-Commercial Bank,,00:00.0,971753FC-5817-4671-AEAB-6F93511B18EA,5415079500,205,6TH,,NE,ST,, ,GRANTS PASS,OR,97526,15:13.0,BTAX-041029-07-2025,15:13.0
WELLS FARGO CLEARING SERVICES LLC,MARY  MACK,Inside City Limits,525990,Finance-Misc Finance,WELLS FARGO ADVISORS LLC,00:00.0,39CA0715-7535-4349-841A-1132E6691B87,3148758719,205,6TH,,NE,ST,, ,GRANTS PASS,OR,97526,17:57.0,BTAX-041030-07-2025,17:57.0
WELLSPRING FAMILY PRACTICE    ,JON  ERMSHAR,Inside City Limits,621111,Medical-Physician,,00:00.0,8BAD7936-9993-4B68-8570-550B73D8C40D,5414746053,220,CLYDESDALE,, ,DR,, ,GRANTS PASS,OR,97526,10:30.0,BTAX-040952-07-2025,10:30.0
WENDY'S RESTAURANT #12805     , WENOREGON LLC                 ,Inside City Limits,722513,Limited-Service Restaurant,,00:00.0,9EF7FF69-6338-427C-80A0-CC89DE5DF00A,5414763797,1829,6TH,,NE,ST,, ,GRANTS PASS,OR,97526,02:51.0,BTAX-041830-09-2025,02:51.0
WESCO GROUP INC, ,Inside City Limits,811121,"Auto-Body, Paint & Interior",AUTOMOTIVE PAINT SPECIALTIES,00:00.0,D401AC63-4046-4345-8819-72B65A0C99E4,4257710926,245,H,,SE,ST,, ,GRANTS PASS,OR,97526,54:25.0,BTAX-040358-05-2025,54:25.0
WEST COAST METAL BUILDINGS INC, ,Outside City Limits,238990,Contractor-Trade/Specialty,,00:00.0,721f0ffb-1842-4794-85b2-ba370a8f91bb,5035667788,5232,SALEM DALLAS,,,HWY,NW,,SALEM,OR,97304,20:35.0,BTAX-040232-04-2025,20:35.0
WEST COAST METAL BUILDINGS INC,VENANCIO TORRES,Outside City Limits,238990,Contractor-Trade/Specialty,,00:00.0,721f0ffb-1842-4794-85b2-ba370a8f91bb,5035667788,5232,SALEM DALLAS,,,HWY,NW,,SALEM,OR,97304,20:35.0,BTAX-040232-04-2025,20:35.0
WEST COAST METAL BUILDINGS INC,ALVARO ARELLANO,Outside City Limits,238990,Contractor-Trade/Specialty,,00:00.0,721f0ffb-1842-4794-85b2-ba370a8f91bb,5035667788,5232,SALEM DALLAS,,,HWY,NW,,SALEM,OR,97304,20:35.0,BTAX-040232-04-2025,20:35.0
"WESTERN REFINING RETAIL, LLC #9477/62524", ,Inside City Limits,447190,Gas Station,,00:00.0,1cba9ce1-95a4-4b06-b800-b4ab6c9667ec,9728287820,1650,ALLEN CREEK,, ,RD,, ,GRANTS PASS,OR,97527,13:28.0,BTAX-042326-11-2025,13:28.0
"WESTERN REFINING RETAIL, LLC #9477/62524", ,Inside City Limits,447190,Gas Station,,00:00.0,1cba9ce1-95a4-4b06-b800-b4ab6c9667ec,9728287820,1650,ALLEN CREEK,, ,RD,, ,GRANTS PASS,OR,97527,13:28.0,BTAX-042326-11-2025,13:28.0
WESTERN SIGN SYSTEMS          ,CLINT WRIGHT,Inside City Limits,238990,Sign Installation/Painting,,00:00.0,6D41302B-B85E-4BBE-A8ED-A3C720B142EE,5414799747,2852,HIGHLAND,,NW,AVE,, ,GRANTS PASS,OR,97526,54:20.0,BTAX-041061-08-2025,54:20.0
WHITING ARTS, ,Inside City Limits,711510,Artist,,00:00.0,325c2e96-dddb-4a52-85e2-c355b54528fb,5414410625,718,12TH,,NE,ST,, ,GRANTS PASS,OR,97526,49:47.0,BTAX-041911-10-2025,49:47.0
WHITING ARTS,KYLOR WHITING,Inside City Limits,711510,Artist,,00:00.0,325c2e96-dddb-4a52-85e2-c355b54528fb,5414410625,718,12TH,,NE,ST,, ,GRANTS PASS,OR,97526,49:47.0,BTAX-041911-10-2025,49:47.0
WICKED TOYS LLC              , ,Inside City Limits,811121,"Auto-Body, Paint & Interior",GRANTS PASS COLLISION ,00:00.0,FBA0BA80-AF7E-4E1B-819E-0D0D664FEF45,5414742599,418,F,,NE,ST,, ,GRANTS PASS,OR,97526,34:59.0,BTAX-042445-12-2025,34:59.0
WICKED TOYS LLC              ,PAUL DEVEY,Inside City Limits,811121,"Auto-Body, Paint & Interior",GRANTS PASS COLLISION ,00:00.0,FBA0BA80-AF7E-4E1B-819E-0D0D664FEF45,5414742599,418,F,,NE,ST,, ,GRANTS PASS,OR,97526,34:59.0,BTAX-042445-12-2025,34:59.0
WICKED TOYS LLC              ,SAGE DAVIS,Inside City Limits,811121,"Auto-Body, Paint & Interior",GRANTS PASS COLLISION ,00:00.0,FBA0BA80-AF7E-4E1B-819E-0D0D664FEF45,5414742599,418,F,,NE,ST,, ,GRANTS PASS,OR,97526,34:59.0,BTAX-042445-12-2025,34:59.0
WICKS EMMETT LLP, ,Inside City Limits,541211,Accountant-CPA,,00:00.0,4280f88e-9b60-4726-8107-cebb8652bd3f,5414741040,233,B,,NE,ST,, ,GRANTS PASS,OR,97526,14:56.0,BTAX-042018-10-2025,14:56.0
WICKS EMMETT LLP,"CHUCK CHAPPELL, BRIAN MENEFEE",Inside City Limits,541211,Accountant-CPA,,00:00.0,4280f88e-9b60-4726-8107-cebb8652bd3f,5414741040,233,B,,NE,ST,, ,GRANTS PASS,OR,97526,14:56.0,BTAX-042018-10-2025,14:56.0
WICKS EMMETT LLP,"STEVE OLESON, JIM TREANOR-WEAVER",Inside City Limits,541211,Accountant-CPA,,00:00.0,4280f88e-9b60-4726-8107-cebb8652bd3f,5414741040,233,B,,NE,ST,, ,GRANTS PASS,OR,97526,14:56.0,BTAX-042018-10-2025,14:56.0
WICKS ENGINEERING & SURVEYING ,GARY WICKS,Inside City Limits,541330,Engineering Services,,00:00.0,E6AA7E4D-B28F-42F1-9EBD-70D5F613D105,5414793436,311,D,,NE,ST,, ,GRANTS PASS,OR,97526,42:19.0,BTAX-041113-08-2025,42:19.0
WIGGLE BUMS DOG GROOMING,MORGAN WOLFE,Inside City Limits,812910,Pet Care Services,,00:00.0,16f51952-620f-4e01-a04b-631ffd8b9f3a,,1370,ROGUE RIVER,,,HWY,,STE 2,GRANTS PASS,OR,97527,28:09.0,BTAX-040192-04-2025,28:09.0
WIGGLE BUMS DOG GROOMING,JASON WOLFE,Inside City Limits,812910,Pet Care Services,,00:00.0,16f51952-620f-4e01-a04b-631ffd8b9f3a,,1370,ROGUE RIVER,,,HWY,,STE 2,GRANTS PASS,OR,97527,28:09.0,BTAX-040192-04-2025,28:09.0
WIGGLE BUMS DOG GROOMING, ,Inside City Limits,812910,Pet Care Services,,00:00.0,16f51952-620f-4e01-a04b-631ffd8b9f3a,,1370,ROGUE RIVER,,,HWY,,STE 2,GRANTS PASS,OR,97527,28:09.0,BTAX-040192-04-2025,28:09.0
WILLAMETTE DENTAL GROUP       ,EUGENE  SKOURTES,Inside City Limits,621210,Medical-Dentist,,00:00.0,DF7F58C1-9EC7-453C-B39D-93FB1B59333C,5039522000,702,RAMSEY,,SW,AVE,,224,GRANTS PASS,OR,97527,55:26.0,BTAX-041982-10-2025,55:26.0
WILLAMETTE GRAYSTONE          , PAVESTONE LLC,Inside City Limits,452990,Retail-General Merchandise ,,00:00.0,AB55392F-3C45-4BAF-A9C4-E1F94A614316,5417471225,1559,DOWELL,, ,RD,, ,GRANTS PASS,OR,97527,03:31.0,BTAX-042204-11-2025,03:31.0
WILLIAM POWELL LCSW          ,WILLIAM  POWELL,Inside City Limits,621112,Medical-Mental Health Specialist,,00:00.0,6E5F535B-866D-428B-BEA3-E4D899166B31,5414728222,1201,7TH,,NE,ST,,SUITE C,GRANTS PASS,OR,97526,38:22.0,BTAX-040957-07-2025,38:22.0
WILLIAM R WARNER RESIDENTIAL RENTALS,WILLIAM  WARNER,Inside City Limits,531110,Rental Units/Landlord,,00:00.0,648D1FDC-D3C3-46AE-B790-075430A6C070,5414766595,716,FRY,,NW,ST,, ,GRANTS PASS,OR,97526,53:50.0,BTAX-041579-08-2025,53:50.0
WILLIAMS VENTURE 3878 LLC,NICK  SAELEE,Inside City Limits,722511,Restaurant,JIMMY JOHNS',00:00.0,1e2fca41-4715-4edc-800e-4e67a9f5f765,5412958031,1555,WILLIAMS,,,Hwy,,A,GRANTS PASS,OR,97527,38:49.0,BTAX-040582-06-2025,38:49.0
WILLIAMS VENTURE 3878 LLC,LEW SAELEE,Inside City Limits,722511,Restaurant,JIMMY JOHNS',00:00.0,1e2fca41-4715-4edc-800e-4e67a9f5f765,5412958031,1555,WILLIAMS,,,Hwy,,A,GRANTS PASS,OR,97527,38:49.0,BTAX-040582-06-2025,38:49.0
WILLIAMS VENTURE 3878 LLC, ,Inside City Limits,722511,Restaurant,JIMMY JOHNS',00:00.0,1e2fca41-4715-4edc-800e-4e67a9f5f765,5412958031,1555,WILLIAMS,,,Hwy,,A,GRANTS PASS,OR,97527,38:49.0,BTAX-040582-06-2025,38:49.0
WINCO FOODS LLC              , WINCO FOODS LLC,Inside City Limits,445110,Food-Grocery Store,,00:00.0,10E7C3D4-BE1E-44DF-8F1B-474E6802FC54,4582127000,231,TERRY,,NE,LN,, ,GRANTS PASS,OR,97526,30:07.0,BTAX-042141-10-2025,30:07.0
WINDERMERE REAL ESTATE SOUTHERN OREGON, ,Inside City Limits,531210,Real Estate Agents/Brokers,,00:00.0,BFDC1D18-BAA8-4AF3-A271-C1C7EADB1C7E,5414762000,202,EVELYN,,NE,AVE,, ,GRANTS PASS,OR,97526,12:40.0,BTAX-042571-01-2026,12:40.0
WINDERMERE REAL ESTATE SOUTHERN OREGON,MARIAN SZEWC,Inside City Limits,531210,Real Estate Agents/Brokers,,00:00.0,BFDC1D18-BAA8-4AF3-A271-C1C7EADB1C7E,5414762000,202,EVELYN,,NE,AVE,, ,GRANTS PASS,OR,97526,12:40.0,BTAX-042571-01-2026,12:40.0
WINDERMERE REAL ESTATE SOUTHERN OREGON,SUSAN JAEGER,Inside City Limits,531210,Real Estate Agents/Brokers,,00:00.0,BFDC1D18-BAA8-4AF3-A271-C1C7EADB1C7E,5414762000,202,EVELYN,,NE,AVE,, ,GRANTS PASS,OR,97526,12:40.0,BTAX-042571-01-2026,12:40.0
WINSTON'S PROFESSIONAL PAINTING,WINSTON  ODOM,Inside City Limits,238320,Painting & Wall Covering,,00:00.0,843E76F9-3D91-421F-8A06-D2F30B96D080,5414729579,715,AMELIA,,NW,DR,, ,GRANTS PASS,OR,97526,56:25.0,BTAX-041205-08-2025,56:25.0
WINTERS ELECTRIC LLC         , ,Outside City Limits,238210,Contractor-Electrical,,00:00.0,BA17D616-4922-49FA-96CB-2B1010D6534F,5416644505,2937,MERRIMAN,,,RD,,,MEDFORD,OR,97501,24:24.0,BTAX-040853-07-2025,24:24.0
WISE ROOTS YOGA               ,CRYSTAL  NOLL,Inside City Limits,713940,Fitness Center,,00:00.0,1BE195A2-0364-459A-BB2B-FB737492F2AC,5416591045,143,E,,NW,ST,,,GRANTS PASS,OR,97526,21:47.0,BTAX-041215-08-2025,21:47.0
WLM & NONNIE EVENSEN RENTALS  ,WILLIAM & NONNIE  EVENSEN,Inside City Limits,531110,Rental Units/Landlord,,00:00.0,79C294AF-6875-4001-A5AC-7D11D528447C,5416601372,134,KINGSGATE,, ,WAY,, ,GRANTS PASS,OR,97527,16:18.0,BTAX-040944-07-2025,16:18.0
WOMEN'S HEALTH CENTER OF SOUTHERN OREGON PC,"OHEN, MEDLEY, EAGAN & BATTEY",Inside City Limits,621111,Medical-Physician,,00:00.0,6A410D0B-C6D6-41D3-814D-535CF958A8C6,5414798363,1075,GRANDVIEW,,SW,AVE,,SUITE 200,GRANTS PASS,OR,97527,04:14.0,BTAX-040891-07-2025,04:14.0
WONDERLAND LLC               ,A. COSTANTINO  J. HECKER,Outside City Limits,531110,Rental Units/Landlord,,00:00.0,35BBD5E9-3B84-4A5E-AC79-BFA8D2C05092,5417871380,3610,ROGUE RIVER,,,HWY,,,GRANTS PASS,OR,97527,24:41.0,BTAX-042707-01-2026,24:41.0
WOOD CONSULTING INC, WOOD,Inside City Limits,621399,Medical-Massage Therapy,RIVERSIDE PHYSICAL THERAPY,00:00.0,0B8D3254-BAD0-495D-AD66-D66FC7F41173,5419550940,544,UNION,,,AVE,,,GRANTS PASS,OR,97527,32:55.0,BTAX-040966-07-2025,32:55.0
"WOODBURY ENERGY CO, INC        ", ,Inside City Limits,447190,Gas Station,,00:00.0,A30761F4-D387-458F-9CD9-40B0083544E5,5034714331,505,ROGUE RIVER,, ,HWY,, ,GRANTS PASS,OR,97527,25:57.0,BTAX-041386-08-2025,25:57.0
WOVEN AND WYLD LLC, ,Inside City Limits,454390,Retail-Misc Direct Selling Establishment,,00:00.0,56d947c2-cde6-46ef-a11d-5462690fbe9a,8435434604,117,G,,SW,ST,,,GRANTS PASS,OR,97526,58:19.0,BTAX-040817-07-2025,58:19.0
WOVEN AND WYLD LLC,THOMAS  BRACY,Inside City Limits,454390,Retail-Misc Direct Selling Establishment,,00:00.0,56d947c2-cde6-46ef-a11d-5462690fbe9a,8435434604,117,G,,SW,ST,,,GRANTS PASS,OR,97526,58:19.0,BTAX-040817-07-2025,58:19.0
"WSF, INC. DBA GRANTS PASS PLUMBING",WILLIAM FAIRHURST,Inside City Limits,238220,Plumber,GRANTS PASS PLUMBING,00:00.0,8A091176-D01B-46BA-8A46-ED7A2E2BDDAE,5419550330,432,6TH,,NW,ST,, ,GRANTS PASS,OR,97526,39:50.0,BTAX-040662-07-2025,39:50.0
Y&D AUTOMOTIVE,DANIELLE CASTRO,Inside City Limits,811111,Auto-General Repair,,00:00.0,d8cfd996-41dd-4442-a268-76eb6fc7fc5a,5414508052,2416,LEONARD,, ,RD,, ,GRANTS PASS,OR,97527,04:54.0,BTAX-041041-07-2025,04:54.0
Y&D AUTOMOTIVE,YENSY CASTRO,Inside City Limits,811111,Auto-General Repair,,00:00.0,d8cfd996-41dd-4442-a268-76eb6fc7fc5a,5414508052,2416,LEONARD,, ,RD,, ,GRANTS PASS,OR,97527,04:54.0,BTAX-041041-07-2025,04:54.0
Y&D AUTOMOTIVE, ,Inside City Limits,811111,Auto-General Repair,,00:00.0,d8cfd996-41dd-4442-a268-76eb6fc7fc5a,5414508052,2416,LEONARD,, ,RD,, ,GRANTS PASS,OR,97527,04:54.0,BTAX-041041-07-2025,04:54.0
YOUTH 71FIVE MINISTRIES ,YOUTH 71FIVE  MINISTRIES ,Inside City Limits,813110,Religious Organization,,00:00.0,da759aef-f6fc-45e5-b1f4-788f5f3af8b2,5417793275,1550,NEBRASKA,,,ST,,,GRANTS PASS ,OR,97527,37:50.0,BTAX-041118-08-2025,37:50.0
ZCS ENGINEERING & ARCHITECTURE       , ,Inside City Limits,541330,Engineering Services,,00:00.0,F0C8712B-4101-4D87-84CE-83666204FCA9,5414793865,127,D,,NW,ST,,,GRANTS PASS,OR,97526,25:30.0,BTAX-040839-07-2025,25:30.0
