CompanyName,ContactName,Location,CodeNumber,BusinessType,dba,OpenedDate,BLGLOBALENTITYEXTENSIONID,BusinessPhone,ADDRESSLINE1,ADDRESSLINE2,ADDRESSLINE3,PREDIRECTION,STREETTYPE,POSTDIRECTION,UNITORSUITE,CITY,STATE,POSTALCODE,ISSUEDDATE,LICENSENUMBER,EXPIRATIONDATE
,DONALD ODEN,Inside City Limits,811122,Auto-Glass Replacement Shop,,1986-04-01 00:00:00.000,A5CDB9C6-1891-4107-9522-89F946E81935,5414794444,307,G,,SW,ST,,,GRANTS PASS,OR,97526,2025-07-16 08:44:18.000,BTAX-040786-07-2025,2026-07-31 08:44:18.000
,Stephanie Cook Thomas,Inside City Limits,522291,Finance-Consumer Lending,,1999-10-18 00:00:00.000,CC2BC739-B64B-4461-AEBB-187F0C62F41E,5412267400,COMPLIANCE,PO BOX 85304,,,,,,SAN DIEGO,CA,921865304,2025-07-29 13:38:34.000,BTAX-041034-07-2025,2026-07-31 13:38:34.000
,NISHA JACKSON,Inside City Limits,621498,Medical-Outpatient Care Center,ONE PEAK MEDICAL GP 7TH ST,2020-03-01 00:00:00.000,47bc16ca-bd70-42b0-a924-e4cc5c7a0754,5412377420,2040,COMMERCE,,,,,,MEDFORD,OR,97504,2025-05-20 15:32:47.000,BTAX-040402-05-2025,2026-05-31 15:32:47.000
,NICK  BAIDA,Inside City Limits,812320,Dry Cleaning Services,,2006-12-01 00:00:00.000,7DFE1F9C-709F-4D82-BE36-9963FAE7A5EC,5419971608,2855,"MAIN ",,E,ST,,,ASHLAND,OR,97520,2026-01-20 14:53:40.000,BTAX-042660-01-2026,2026-12-31 14:53:40.000
,ZACHARY HALSTEAD,Outside City Limits,238190,Contractor-General/Building Exterior,3:23 CONSTRUCTION,2015-03-07 00:00:00.000,8bd95759-f6fd-4fc3-8122-9ad4c7619b09,5412261395,1242,GREENVALLEY,,,DR,,,CAVE JUNCTION,OR,97523,2025-07-22 10:42:05.000,BTAX-040854-07-2025,2026-07-31 10:42:05.000
,DAVID NEYLAN,Inside City Limits,522291,Finance-Consumer Lending,,1999-10-18 00:00:00.000,CC2BC739-B64B-4461-AEBB-187F0C62F41E,5412267400,COMPLIANCE,PO BOX 85304,,,,,,SAN DIEGO,CA,921865304,2025-07-29 13:38:34.000,BTAX-041034-07-2025,2026-07-31 13:38:34.000
,NISHA JACKSON,Inside City Limits,621498,Medical-Outpatient Care Center,ONE PEAK MEDICAL GP 7TH ST,2020-03-01 00:00:00.000,47bc16ca-bd70-42b0-a924-e4cc5c7a0754,5412377420,2040,COMMERCE,,,,,,MEDFORD,OR,97504,2025-05-20 15:32:47.000,BTAX-040402-05-2025,2026-05-31 15:32:47.000
,MICHAEL CONNER,Outside City Limits,238190,Contractor-General/Building Exterior,,2004-08-02 00:00:00.000,10C13320-A479-4E90-A83A-EED64574532E,5412266457,110,KINCAID,,,RD,,,WILLIAMS,OR,97544,2025-08-12 14:35:56.000,BTAX-041186-08-2025,2026-08-31 14:35:56.000
," ",Outside City Limits,238190,Contractor-General/Building Exterior,3:23 CONSTRUCTION,2015-03-07 00:00:00.000,8bd95759-f6fd-4fc3-8122-9ad4c7619b09,5412261395,1242,GREENVALLEY,,,DR,,,CAVE JUNCTION,OR,97523,2025-07-22 10:42:05.000,BTAX-040854-07-2025,2026-07-31 10:42:05.000
," ",Inside City Limits,522291,Finance-Consumer Lending,,1999-10-18 00:00:00.000,CC2BC739-B64B-4461-AEBB-187F0C62F41E,5412267400,COMPLIANCE,PO BOX 85304,,,,,,SAN DIEGO,CA,921865304,2025-07-29 13:38:34.000,BTAX-041034-07-2025,2026-07-31 13:38:34.000
,JONATHAN & CARRIE  ROBERTSON,Outside City Limits,238210,Contractor-Electrical,,1986-01-01 00:00:00.000,a391fb91-1c85-46f8-9740-1bec288f1f0d,(541) 512-0530,1708,WAGON TRAIL,,,DR,,,JACKSONVILLE,OR,97530,2026-03-10 12:43:35.000,BTAX-042937-03-2026,2027-03-31 12:43:35.000
," ",Outside City Limits,238190,Contractor-General/Building Exterior,,2004-08-02 00:00:00.000,10C13320-A479-4E90-A83A-EED64574532E,5412266457,110,KINCAID,,,RD,,,WILLIAMS,OR,97544,2025-08-12 14:35:56.000,BTAX-041186-08-2025,2026-08-31 14:35:56.000
,JONATHAN & CARRIE  ROBERTSON,Outside City Limits,238210,Contractor-Electrical,,1986-01-01 00:00:00.000,a391fb91-1c85-46f8-9740-1bec288f1f0d,(541) 512-0530,1708,WAGON TRAIL,,,DR,,,JACKSONVILLE,OR,97530,2026-03-10 12:43:35.000,BTAX-042937-03-2026,2027-03-31 12:43:35.000
,LANCE WOODBURY,Inside City Limits,447190,Gas Station,,2018-07-12 00:00:00.000,aa2d9930-d16e-4e4e-8d1d-fd691703ae5a,5032248500,3125,35TH,,NW,AVE,,,PORTLAND,OR,97210,2025-10-21 10:08:40.000,BTAX-042093-10-2025,2026-10-31 10:08:40.000
,JONATHAN ROBERTSON,Outside City Limits,238210,Contractor-Electrical,,1986-01-01 00:00:00.000,a391fb91-1c85-46f8-9740-1bec288f1f0d,(541) 512-0530,1708,WAGON TRAIL,,,DR,,,JACKSONVILLE,OR,97530,2026-03-10 12:43:35.000,BTAX-042937-03-2026,2027-03-31 12:43:35.000
,LANCE WOODBURY,Inside City Limits,447190,Gas Station,,1997-11-17 00:00:00.000,23DC13D3-08A5-4B8D-B045-1FAB7EF8DD19,5032248500,3125,35TH,,NW,AVE,,,PORTLAND,OR,97210,2025-10-21 10:16:40.000,BTAX-042095-10-2025,2026-10-31 10:16:40.000
," ",Inside City Limits,453998,All Other Miscellaneous Store Retailers (Except Tobacco Stores),NECTAR,2021-07-27 00:00:00.000,f64d0c8b-d17a-455e-b213-93f7a0e031bf,5039126773,18066,AIRPORT,,NE,WAY,,,PORTLAND,OR,97230,2025-08-14 16:06:37.000,BTAX-041225-08-2025,2026-08-31 16:06:37.000
," ",Outside City Limits,238190,Contractor-General/Building Exterior,,2022-11-22 00:00:00.000,0e329b59-98fe-4458-8c5f-89690260d243,(541) 659-8240,269,MOREWOOD,,,LN,,,GRANTS PASS,OR,97526,2025-04-28 13:16:07.000,BTAX-040280-04-2025,2026-04-30 13:16:07.000
,MAT CLEARY,Inside City Limits,453998,All Other Miscellaneous Store Retailers (Except Tobacco Stores),NECTAR,2021-07-27 00:00:00.000,f64d0c8b-d17a-455e-b213-93f7a0e031bf,5039126773,18066,AIRPORT,,NE,WAY,,,PORTLAND,OR,97230,2025-08-14 16:06:37.000,BTAX-041225-08-2025,2026-08-31 16:06:37.000
,MICAH LEE MISTY LEE,Outside City Limits,488410,Towing,,2022-10-18 00:00:00.000,7f572cb8-5a49-4bf4-893d-d455b893f518,5034578534,PO BOX 321,,,,,,,ESTACADA,OR,970230321,2025-10-22 14:10:45.000,BTAX-042105-10-2025,2026-10-31 14:10:45.000
1ST CHOICE WINDOWS DOORS & MORE INC.,"LEN FISHER, ERIK OTT",Inside City Limits,425120,Wholesale Agent,,2016-07-18 00:00:00.000,eb2478eb-702d-40f9-a345-ae75f2d97144,5419566185,1470,M,,SE,ST,,#2A,GRANTS PASS,OR,97526,2025-08-18 16:05:51.000,BTAX-041345-08-2025,2026-07-31 16:05:51.000
1ST CHOICE WINDOWS DOORS & MORE INC.," ",Inside City Limits,425120,Wholesale Agent,,2016-07-18 00:00:00.000,eb2478eb-702d-40f9-a345-ae75f2d97144,5419566185,1470,M,,SE,ST,,#2A,GRANTS PASS,OR,97526,2025-08-18 16:05:51.000,BTAX-041345-08-2025,2026-07-31 16:05:51.000
"3 BOYS CLASSIC TOWING         ",RICHY & TERESA  LUKER,Inside City Limits,488410,Towing,,1992-03-19 00:00:00.000,688989EB-44E7-48BC-B5CD-89034F69EBF1,5414793530,1537,ROGUE RIVER,,,HWY,,,GRANTS PASS,OR,97527,2025-07-14 16:05:07.000,BTAX-040728-07-2025,2026-07-31 16:05:07.000
"3 SEVENS TATTOO               ",JEREMY  ELLEDGE,Inside City Limits,812199,Tattoo/Piercing Shop,,2008-01-15 00:00:00.000,A76D8C40-D171-44A0-9955-D06699A0FE1E,5418909777,1240,MARCUS,,,WAY,,,GRANTS PASS,OR,97527,2025-07-22 11:54:52.000,BTAX-040863-07-2025,2026-07-31 11:54:52.000
3-D CONSTRUCTION,David Dense,Outside City Limits,238190,Contractor-General/Building Exterior,,2018-06-11 00:00:00.000,31f019ba-2613-4ee3-8738-af90aaebecb5,5415802065,711,DOERNER,,,RD,,,ROSEBURG,OR,97471,2026-03-16 11:37:35.000,BTAX-042971-03-2026,2027-03-31 11:37:35.000
3-D CONSTRUCTION,DAVID DENSE,Outside City Limits,238190,Contractor-General/Building Exterior,,2018-06-11 00:00:00.000,31f019ba-2613-4ee3-8738-af90aaebecb5,5415802065,711,DOERNER,,,RD,,,ROSEBURG,OR,97471,2026-03-16 11:37:35.000,BTAX-042971-03-2026,2027-03-31 11:37:35.000
"3M CONSTRUCTION, LLC"," ",Outside City Limits,238190,Contractor-General/Building Exterior,,2018-04-23 00:00:00.000,88e97bdd-8418-4a12-bf71-f9881ed44dfd,5414419955,2655,HUGO,,,RD,,,MERLIN,OR,97532,2025-05-27 16:05:37.000,BTAX-040437-05-2025,2026-05-31 16:05:37.000
"3M CONSTRUCTION, LLC",PHILLIP MARSHALL,Outside City Limits,238190,Contractor-General/Building Exterior,,2018-04-23 00:00:00.000,88e97bdd-8418-4a12-bf71-f9881ed44dfd,5414419955,2655,HUGO,,,RD,,,MERLIN,OR,97532,2025-05-27 16:05:37.000,BTAX-040437-05-2025,2026-05-31 16:05:37.000
"3R'S TUTORING                 ",MAUREEN  MCCARTHY,Inside City Limits,611710,Educational Support Services,,2007-07-09 00:00:00.000,421FECD8-B73F-45B2-AF9A-3ED6D694D5A2,5414412689,1210,"ORIOLE ",,SE,ST,,,GRANTS PASS,OR,97526,2025-07-31 11:47:16.000,BTAX-041042-07-2025,2026-07-31 11:47:16.000
"5 C RENTALS LLC               ","JESSE, LEE, STEVEN, BRIAN & WILLIAM CALVERT",Outside City Limits,531110,Rental Units/Landlord,,2015-07-01 00:00:00.000,B1171988-9590-4985-8E4E-B5A851B19987,5412954108,C/O JESSE CALVERT,,PO BOX 818,,,,,GRANTS PASS,OR,97528,2025-10-03 14:32:17.000,BTAX-041935-10-2025,2026-10-31 14:32:17.000
"5 STAR PEST CONTROL           ",REBECCA  BERUBEE,Inside City Limits,561710,Pest Control,,2009-04-01 00:00:00.000,AB6BD1ED-C23E-4F9F-AA32-0A7326A42EA1,5414413755,233,ROGUE RIVER,,,HWY,,#898,GRANTS PASS,OR,97527,2025-07-16 10:55:00.000,BTAX-040798-07-2025,2026-07-31 10:55:00.000
541 PROPERTY MANAGEMENT LLC," ",Outside City Limits,531311,Property Management,,2016-07-06 00:00:00.000,1f37609a-4fc5-434c-bfce-a0fc80d6e6b7,5414761026,1630,WILLIAMS,,,HWY,,PMB 187,GRANTS PASS,OR,97527,2025-07-15 14:55:40.000,BTAX-040765-07-2025,2026-07-31 14:55:40.000
541 PROPERTY MANAGEMENT LLC,JEANETTE DARROW,Outside City Limits,531311,Property Management,,2016-07-06 00:00:00.000,1f37609a-4fc5-434c-bfce-a0fc80d6e6b7,5414761026,1630,WILLIAMS,,,HWY,,PMB 187,GRANTS PASS,OR,97527,2025-07-15 14:55:40.000,BTAX-040765-07-2025,2026-07-31 14:55:40.000
"5-STAR HOME BUILDERS, LLC DBA SHECKELS CONSTRUCTION",NOEL SHECKELS,Inside City Limits,238110,Contractor-Concrete/Found/Structural,,2018-08-01 00:00:00.000,336629f0-38b8-4db1-a549-2873a0897700,5417785408,915,ROSE,,SE,PL,,,GRANTS PASS,OR,97526,2025-09-02 16:23:07.000,BTAX-041610-09-2025,2026-09-30 16:23:07.000
"5-STAR HOME BUILDERS, LLC DBA SHECKELS CONSTRUCTION",NOEL SHECKELLS,Inside City Limits,238110,Contractor-Concrete/Found/Structural,,2018-08-01 00:00:00.000,336629f0-38b8-4db1-a549-2873a0897700,5417785408,915,ROSE,,SE,PL,,,GRANTS PASS,OR,97526,2025-09-02 16:23:07.000,BTAX-041610-09-2025,2026-09-30 16:23:07.000
80HD MASSAGE THERAPY," ",Inside City Limits,621399,Medical-Massage Therapy,,2023-10-31 00:00:00.000,14e94bd6-b2ae-4fc3-8d24-ead325e4ea9f,5416605541,215,6TH,,SE,ST,,207,GRANTS PASS,OR,97526,2025-11-24 11:53:25.000,BTAX-042344-11-2025,2026-11-30 11:53:25.000
80HD MASSAGE THERAPY,BRIDGET DUPZYK,Inside City Limits,621399,Medical-Massage Therapy,,2023-10-31 00:00:00.000,14e94bd6-b2ae-4fc3-8d24-ead325e4ea9f,5416605541,215,6TH,,SE,ST,,207,GRANTS PASS,OR,97526,2025-11-24 11:53:25.000,BTAX-042344-11-2025,2026-11-30 11:53:25.000
828 MOTOSPORTS LLC.,SEAN GUNN,Inside City Limits,811111,Auto-General Repair,,2020-07-20 00:00:00.000,311bbacc-08f3-475c-a293-a77ab6ac8fc1,5417877791,1322-A,GOLDEN PARK,,,DR,,,GRANTS PASS,OR,97527,2025-07-29 08:54:31.000,BTAX-041033-07-2025,2026-07-31 08:54:31.000
828 MOTOSPORTS LLC.," ",Inside City Limits,811111,Auto-General Repair,,2020-07-20 00:00:00.000,311bbacc-08f3-475c-a293-a77ab6ac8fc1,5417877791,1322-A,GOLDEN PARK,,,DR,,,GRANTS PASS,OR,97527,2025-07-29 08:54:31.000,BTAX-041033-07-2025,2026-07-31 08:54:31.000
88 SPA INC,MING XI,Inside City Limits,621399,Medical-Massage Therapy,,2024-03-12 00:00:00.000,f11598c4-e879-4b1c-b647-a6c5f03a282b,9172928229,1252,6TH,,NW,ST,,SUITE 10,GRANTS PASS,OR,97526,2025-05-21 15:35:46.000,BTAX-040407-05-2025,2026-05-31 15:35:46.000
88 SPA INC," ",Inside City Limits,621399,Medical-Massage Therapy,,2024-03-12 00:00:00.000,f11598c4-e879-4b1c-b647-a6c5f03a282b,9172928229,1252,6TH,,NW,ST,,SUITE 10,GRANTS PASS,OR,97526,2025-05-21 15:35:46.000,BTAX-040407-05-2025,2026-05-31 15:35:46.000
99 ASIAN MASSAGE," ",Inside City Limits,621399,Medical-Massage Therapy,,2018-08-28 00:00:00.000,382e61ea-6ed5-4709-882b-e6d865724c63,5416595412,1100,7TH,,NE,ST,,SUITE A,GRANTS PASS,OR,97526,2025-09-03 14:50:03.000,BTAX-041629-09-2025,2026-09-30 14:50:03.000
99 ASIAN MASSAGE,JIEWEN HUANG,Inside City Limits,621399,Medical-Massage Therapy,,2018-08-28 00:00:00.000,382e61ea-6ed5-4709-882b-e6d865724c63,5416595412,1100,7TH,,NE,ST,,SUITE A,GRANTS PASS,OR,97526,2025-09-03 14:50:03.000,BTAX-041629-09-2025,2026-09-30 14:50:03.000
99 ASIAN MASSAGE,GUIFEN YIN,Inside City Limits,621399,Medical-Massage Therapy,,2018-08-28 00:00:00.000,382e61ea-6ed5-4709-882b-e6d865724c63,5416595412,1100,7TH,,NE,ST,,SUITE A,GRANTS PASS,OR,97526,2025-09-03 14:50:03.000,BTAX-041629-09-2025,2026-09-30 14:50:03.000
A & S CLEANING LLC,SHAYNA HOWELL,Inside City Limits,561720,Cleaning Service,,2018-07-17 00:00:00.000,3cddae01-ae98-46e4-8a09-50a8b365cba8,5412266599,5000,REDWOOD,," ",AVE,," ",GRANTS PASS,OR,97527,2025-08-26 10:40:25.000,BTAX-041557-08-2025,2026-08-31 10:40:25.000
A & S CLEANING LLC," ",Inside City Limits,561720,Cleaning Service,,2018-07-17 00:00:00.000,3cddae01-ae98-46e4-8a09-50a8b365cba8,5412266599,5000,REDWOOD,," ",AVE,," ",GRANTS PASS,OR,97527,2025-08-26 10:40:25.000,BTAX-041557-08-2025,2026-08-31 10:40:25.000
A & S CLEANING LLC,ADAM HOWELL,Inside City Limits,561720,Cleaning Service,,2018-07-17 00:00:00.000,3cddae01-ae98-46e4-8a09-50a8b365cba8,5412266599,5000,REDWOOD,," ",AVE,," ",GRANTS PASS,OR,97527,2025-08-26 10:40:25.000,BTAX-041557-08-2025,2026-08-31 10:40:25.000
A & S CONSTRUCTION & FENCING LLC," ",Inside City Limits,238190,Contractor-General/Building Exterior,,2018-10-12 00:00:00.000,172c992a-bc8e-423b-b478-b554598ef601,5414416540,5000,REDWOOD,," ",AVE,," ",GRANTS PASS,OR,97527,2025-10-29 13:13:12.000,BTAX-042152-10-2025,2026-10-31 13:13:12.000
A & S CONSTRUCTION & FENCING LLC,ADAM HOWELL,Inside City Limits,238190,Contractor-General/Building Exterior,,2018-10-12 00:00:00.000,172c992a-bc8e-423b-b478-b554598ef601,5414416540,5000,REDWOOD,," ",AVE,," ",GRANTS PASS,OR,97527,2025-10-29 13:13:12.000,BTAX-042152-10-2025,2026-10-31 13:13:12.000
"A 1 PROFESSIONAL SERVICES LLC ","JUDITH/WRIGHT, RACHEL  CROTTS",Inside City Limits,541211,Accountant-CPA,,2003-12-04 00:00:00.000,81479916-E51E-467C-A1E9-93888C9E3270,5414766691,1370,ROGUE RIVER,,,HWY,,,GRANTS PASS,OR,97527,2026-01-20 15:26:37.000,BTAX-042665-01-2026,2027-01-31 15:26:37.000
"A NAIL DETAIL                 ","LISA/MATHEWS, AMBER  JOHNSON",Inside City Limits,812113,Nail Salon,,2003-11-03 00:00:00.000,C667CB3C-DB4C-4A70-B524-A0D98957405C,5414729210,1573,6TH,,NE,ST,,,GRANTS PASS,OR,97526,2025-08-19 16:23:44.000,BTAX-041435-08-2025,2026-08-31 16:23:44.000
A REFRESHED NEST," ",Inside City Limits,541990,Professional-Misc,,2019-01-11 00:00:00.000,06c62237-43a8-4855-9883-571729d25794,5414413268,1012,BELLEVUE,,NW,PL,,,GRANTS PASS,OR,97526,2026-03-10 15:06:12.000,BTAX-042941-03-2026,2027-02-28 15:06:12.000
A REFRESHED NEST,KATIE HAMLYN,Inside City Limits,541990,Professional-Misc,,2019-01-11 00:00:00.000,06c62237-43a8-4855-9883-571729d25794,5414413268,1012,BELLEVUE,,NW,PL,,,GRANTS PASS,OR,97526,2026-03-10 15:06:12.000,BTAX-042941-03-2026,2027-02-28 15:06:12.000
"A RIGHT NOW JEWELRY & REPAIR  ",MATTHEW  O'DEAY,Inside City Limits,448310,Retail-Jewelry Store,,2003-09-13 00:00:00.000,56619E18-82D2-4EF9-9130-1DB1CD8ADBFA,5414796819,629,6TH,,NE,ST,,,GRANTS PASS,OR,97526,2025-09-03 11:54:23.000,BTAX-041627-09-2025,2026-09-30 11:54:23.000
"A TO Z TREE SERVICE INC       ",BRUCE  ZIEGLER,Inside City Limits,541990,Professional-Misc,,1995-08-29 00:00:00.000,12BD65D8-F4F0-4AF2-939E-5104FE1425F2,5417871723,PO BOX 1978,,,,,,,GRANTS PASS,OR,97528,2025-08-11 15:58:09.000,BTAX-041154-08-2025,2026-07-31 15:58:09.000
"A-1 MARKET                    ",RAKESH  SHARMA,Inside City Limits,445120,Convenience Store,,2010-10-01 00:00:00.000,1950DF85-000E-4C54-972C-EFF57E88375C,5412953020,225,8TH,,SE,ST,,,GRANTS PASS,OR,97526,2025-12-11 11:41:51.000,BTAX-042446-12-2025,2026-12-31 11:41:51.000
A-1 MINI STORAGE PROPERTIES LLC,MARCIA NUNN,Inside City Limits,493110,Storage & General Warehousing,,2019-09-13 00:00:00.000,79f872f5-7c8f-44b2-8b0a-37f0b9c79797,5414761525,1151,WILLOW,,,LN,,,GRANTS PASS,OR,97527,2025-09-05 12:42:41.000,BTAX-041656-09-2025,2026-09-30 12:42:41.000
A-1 MINI STORAGE PROPERTIES LLC," ",Inside City Limits,493110,Storage & General Warehousing,,2019-09-13 00:00:00.000,79f872f5-7c8f-44b2-8b0a-37f0b9c79797,5414761525,1151,WILLOW,,,LN,,,GRANTS PASS,OR,97527,2025-09-05 12:42:41.000,BTAX-041656-09-2025,2026-09-30 12:42:41.000
"A-1 ROADSIDE ASSIST & TOWING           "," ",Outside City Limits,488410,Towing,,2018-07-16 00:00:00.000,f235617b-a866-438e-8c83-32d09bb5174d,5414719595,130,SUSAN,,SW,LN,,,GRANTS PASS,OR,97526,2025-08-15 15:07:11.000,BTAX-041293-08-2025,2026-08-31 15:07:11.000
"A-1 ROADSIDE ASSIST & TOWING           ",JOHN & KATHLEEN INGRAM,Outside City Limits,488410,Towing,,2018-07-16 00:00:00.000,f235617b-a866-438e-8c83-32d09bb5174d,5414719595,130,SUSAN,,SW,LN,,,GRANTS PASS,OR,97526,2025-08-15 15:07:11.000,BTAX-041293-08-2025,2026-08-31 15:07:11.000
"A-1 ROADSIDE ASSIST & TOWING           "," ",Inside City Limits,488410,Towing,,2014-07-10 00:00:00.000,0AC63E73-73F8-4744-BD62-F00B02216B75,5414719595,130,SUSAN,,SW,LN,,,GRANTS PASS,OR,97526,2025-08-14 15:03:14.000,BTAX-041267-08-2025,2026-08-31 15:03:14.000
"A-1 ROADSIDE ASSIST & TOWING           ",JOHN & KATHLEEN INGRAM,Inside City Limits,488410,Towing,,2014-07-10 00:00:00.000,0AC63E73-73F8-4744-BD62-F00B02216B75,5414719595,130,SUSAN,,SW,LN,,,GRANTS PASS,OR,97526,2025-08-14 15:03:14.000,BTAX-041267-08-2025,2026-08-31 15:03:14.000
A2 INVESTMENTS LLC," ",Inside City Limits,531110,Rental Units/Landlord,,2020-02-26 00:00:00.000,49332aa9-89fe-4834-aa17-5c95dfce31cd,5417615431,839,SLEEPY HOLLOW,,,LP,,,GRANTS PASS,,97527,2025-12-26 11:41:43.000,BTAX-042511-12-2025,2026-11-30 11:41:43.000
A2 INVESTMENTS LLC,JODIE AND SPENCER APLAND,Inside City Limits,531110,Rental Units/Landlord,,2020-02-26 00:00:00.000,49332aa9-89fe-4834-aa17-5c95dfce31cd,5417615431,839,SLEEPY HOLLOW,,,LP,,,GRANTS PASS,,97527,2025-12-26 11:41:43.000,BTAX-042511-12-2025,2026-11-30 11:41:43.000
AA INSULATION," ",Outside City Limits,238190,Contractor-General/Building Exterior,,2017-04-21 00:00:00.000,97f04923-4951-4e3d-8aca-000d5df28116,5415351818,PO BOX 1119,,,,,,,ASHLAND,OR,97520,2025-07-22 12:29:29.000,BTAX-040874-07-2025,2026-07-31 12:29:29.000
AA INSULATION,HOWARD OSVOLD,Outside City Limits,238190,Contractor-General/Building Exterior,,2017-04-21 00:00:00.000,97f04923-4951-4e3d-8aca-000d5df28116,5415351818,PO BOX 1119,,,,,,,ASHLAND,OR,97520,2025-07-22 12:29:29.000,BTAX-040874-07-2025,2026-07-31 12:29:29.000
AAA ABSOLUTE AIR AUTHORITY LLC," ",Outside City Limits,238220,Contractor-HVAC Services,,2017-09-22 00:00:00.000,7989a6c2-16c5-486a-9e8d-8c7ce11507e8,5417081311,1670,STEWART,,W,AVE,,,MEDFORD,OR,97501,2026-02-18 11:06:02.000,BTAX-042822-02-2026,2027-02-28 11:06:02.000
AAA ABSOLUTE AIR AUTHORITY LLC,CARLA TRYBER,Outside City Limits,238220,Contractor-HVAC Services,,2017-09-22 00:00:00.000,7989a6c2-16c5-486a-9e8d-8c7ce11507e8,5417081311,1670,STEWART,,W,AVE,,,MEDFORD,OR,97501,2026-02-18 11:06:02.000,BTAX-042822-02-2026,2027-02-28 11:06:02.000
"AAA OREGON                    "," AAA OREGON/IDAHO              ",Inside City Limits,541990,Professional-Misc,,1990-12-30 00:00:00.000,B9F98CB6-AA4C-47A2-975E-0B3FC7B59346,5414797829,1563,"F ",,NE,ST,,,GRANTS PASS,OR,97526,2025-10-14 12:39:59.000,BTAX-042006-10-2025,2026-10-31 12:39:59.000
AAKEN CONSTRUCTION," ",Outside City Limits,238210,Contractor-Electrical,,2022-08-12 00:00:00.000,18f4f4de-7ca9-43ae-abf9-9e17c4f84235,5413309545,1260,1ST,,NE,,,,BEND,OR,97701,2025-08-14 15:06:09.000,BTAX-041269-08-2025,2026-08-31 15:06:09.000
AAKEN CONSTRUCTION,TYSON SHORES,Outside City Limits,238210,Contractor-Electrical,,2022-08-12 00:00:00.000,18f4f4de-7ca9-43ae-abf9-9e17c4f84235,5413309545,1260,1ST,,NE,,,,BEND,OR,97701,2025-08-14 15:06:09.000,BTAX-041269-08-2025,2026-08-31 15:06:09.000
AAKEN CONSTRUCTION,AARON CLICKETT,Outside City Limits,238210,Contractor-Electrical,,2022-08-12 00:00:00.000,18f4f4de-7ca9-43ae-abf9-9e17c4f84235,5413309545,1260,1ST,,NE,,,,BEND,OR,97701,2025-08-14 15:06:09.000,BTAX-041269-08-2025,2026-08-31 15:06:09.000
AARON'S LLC," ",Inside City Limits,442110,Retail-Furniture Store,AARON'S SALES AND LEASE OWNERSHIP #C2054,2020-11-01 00:00:00.000,f94424bf-f2d3-43d5-9655-79cc21ce2348,5414711300,400,GALLERIA,ATTN: TAX DEPT,,PKWY,SE,STE 300,ATLANTA,GA,30339,2026-01-12 11:57:41.000,BTAX-042598-01-2026,2026-12-31 11:57:41.000
AB CHASE CONSTRUCTION LLC," ",Outside City Limits,238190,Contractor-General/Building Exterior,,2022-02-17 00:00:00.000,2d23a2aa-0bd5-441c-b7c6-689a51c7280c,5419934835,200,MAIN,,E,ST,,,ENTERPRISE,OR,97828,2025-05-22 14:09:23.000,BTAX-040410-05-2025,2026-05-31 14:09:23.000
AB CHASE CONSTRUCTION LLC,ANGELA CHASE,Outside City Limits,238190,Contractor-General/Building Exterior,,2022-02-17 00:00:00.000,2d23a2aa-0bd5-441c-b7c6-689a51c7280c,5419934835,200,MAIN,,E,ST,,,ENTERPRISE,OR,97828,2025-05-22 14:09:23.000,BTAX-040410-05-2025,2026-05-31 14:09:23.000
ABBEY ROADS CLEAN AIR LLC,BRENDON Massa,Inside City Limits,561790,Chimney Cleaning/Sweep,,1986-07-01 00:00:00.000,D8143D9B-F4B5-480D-A505-E92E33BA56FE,5414768780,501,STRINGER GAP,,,RD,,,GRANTS PASS,OR,97527,2025-09-12 16:41:51.000,BTAX-041751-09-2025,2026-09-30 16:41:51.000
ABBEY ROADS CLEAN AIR LLC," ",Inside City Limits,561790,Chimney Cleaning/Sweep,,1986-07-01 00:00:00.000,D8143D9B-F4B5-480D-A505-E92E33BA56FE,5414768780,501,STRINGER GAP,,,RD,,,GRANTS PASS,OR,97527,2025-09-12 16:41:51.000,BTAX-041751-09-2025,2026-09-30 16:41:51.000
"ABBY'S LEGENDARY PIZZA        "," ABBY'S INC                    ",Inside City Limits,722511,Restaurant,,1997-01-01 00:00:00.000,DC63A696-E76E-4484-A89B-DAB4FD8DD8AB,5414762133,205,BEACON,,NE,DR,,,GRANTS PASS,OR,97526,2025-05-27 12:56:58.000,BTAX-040420-05-2025,2026-05-31 12:56:58.000
"ABOUT ELDER TRANSITIONS, LLC  ",MARILYN & RICHARD  RECKNER,Inside City Limits,525920,"Trusts, Estates, and Agency Accounts",,2009-09-09 00:00:00.000,466A34F6-C3D6-41ED-82FA-FFE05A423B8E,5412184975,106,"F ST, STE 197    ",,NW,,,,GRANTS PASS,OR,97526,2025-10-15 09:38:59.000,BTAX-042022-10-2025,2026-10-31 09:38:59.000
ABOVE ALL AIR," ",Outside City Limits,238220,Contractor-HVAC Services,,2023-02-15 00:00:00.000,f549f54b-6747-49e0-af2f-7e4ae30ae1d5,5412188164,6221,MONUMENT,,,DR,,,GRANTS PASS,OR,97526,2025-04-04 10:37:13.000,BTAX-040161-04-2025,2026-04-30 10:37:13.000
ABOVE ALL AIR,RICHARD JOHNSON,Outside City Limits,238220,Contractor-HVAC Services,,2023-02-15 00:00:00.000,f549f54b-6747-49e0-af2f-7e4ae30ae1d5,5412188164,6221,MONUMENT,,,DR,,,GRANTS PASS,OR,97526,2025-04-04 10:37:13.000,BTAX-040161-04-2025,2026-04-30 10:37:13.000
ABOVE ALL MAINTENENCE," ",Outside City Limits,811490,Personal & Household Goods Repair/Maint,,2022-08-23 00:00:00.000,233163e4-75f6-427f-9143-992df40ae976,5412955925,PO BOX 1403,,,,,,,ROGUE RIVER,OR,97537,2025-09-03 10:44:01.000,BTAX-041617-09-2025,2026-08-31 10:44:01.000
ABOVE ALL MAINTENENCE,KENNY BLACK,Outside City Limits,811490,Personal & Household Goods Repair/Maint,,2022-08-23 00:00:00.000,233163e4-75f6-427f-9143-992df40ae976,5412955925,PO BOX 1403,,,,,,,ROGUE RIVER,OR,97537,2025-09-03 10:44:01.000,BTAX-041617-09-2025,2026-08-31 10:44:01.000
ABOVE THE REST CLEANING," ",Inside City Limits,561720,Cleaning Service,,2020-07-21 00:00:00.000,0315edb5-0660-4914-a84c-eef69977fb2b,5416593873,2008,OTIS,,SW,LN,,,GRANTS PASS,OR,97527,2025-08-28 16:12:23.000,BTAX-041584-08-2025,2026-08-31 16:12:23.000
ABOVE THE REST CLEANING,LISA SLOVER,Inside City Limits,561720,Cleaning Service,,2020-07-21 00:00:00.000,0315edb5-0660-4914-a84c-eef69977fb2b,5416593873,2008,OTIS,,SW,LN,,,GRANTS PASS,OR,97527,2025-08-28 16:12:23.000,BTAX-041584-08-2025,2026-08-31 16:12:23.000
"ABRAHAM CONTRACTING INC       ",MIKE & TONI  JONES,Outside City Limits,484210,Moving Company,PMC MOVERS,2015-04-28 00:00:00.000,258001C3-9742-4CA4-8312-811609CB1BDA,5414790554,6152,RIVERBANKS,,,RD,,,GRANTS PASS,OR,97527,2025-07-22 12:34:25.000,BTAX-040876-07-2025,2026-07-31 12:34:25.000
"ABSOLUTE MOTOSPORT INC       ",NEIDER & ALLISON  BELL,Inside City Limits,454390,Retail-Misc Direct Selling Establishment,,2011-02-02 00:00:00.000,4764A978-512E-47B8-A5FC-5DFE90BA13BE,5416777479,29,COUNTRY HILL,,,DR,,,ROSEBURG,OR,97471,2025-07-23 11:22:12.000,BTAX-040945-07-2025,2026-07-31 11:22:12.000
"ABSOLUTE PRECISION AUTOMOTIVE ",LARRY  KUENSTLER,Outside City Limits,811111,Auto-General Repair,,2013-11-20 00:00:00.000,630DE64C-E539-44BD-945B-FF6A48FA58BB,5414795161,2894,"#B FOOTHILL ",,,BLVD,,,GRANTS PASS,OR,97526,2025-08-12 09:37:49.000,BTAX-041163-08-2025,2026-08-31 09:37:49.000
ABSOLUTE ROOFING & CONSTRUCTION," ",Outside City Limits,238160,Roofing,,2004-01-01 00:00:00.000,c0489d2c-67b5-4f84-aedf-8d15d72b1bac,5415317663,PO BOX 1,,,,,,,GLENDALE,OR,97442,2025-12-11 11:21:14.000,BTAX-042443-12-2025,2026-11-30 11:21:14.000
ABSOLUTE ROOFING & CONSTRUCTION,RICKY SMITH,Outside City Limits,238160,Roofing,,2004-01-01 00:00:00.000,c0489d2c-67b5-4f84-aedf-8d15d72b1bac,5415317663,PO BOX 1,,,,,,,GLENDALE,OR,97442,2025-12-11 11:21:14.000,BTAX-042443-12-2025,2026-11-30 11:21:14.000
"ACCENTCARE HOME HEALTH OF ROGUE VALLEY INC "," ACCENTCARE",Inside City Limits,621610,Medical-Home Health Care Services,,2014-08-01 00:00:00.000,3ECCE2C5-37CE-49BF-B79F-65AED0EB5764,9722013819,17855,"NORTH DALLAS ",,,PKWY,,SUITE 200,DALLAS,TX,75287,2025-08-20 16:00:33.000,BTAX-041482-08-2025,2026-08-31 16:00:33.000
ACCESS FAMILY MEDICINE DPC,TAMARA POWELL,Inside City Limits,621111,Medical-Physician,,2020-11-01 00:00:00.000,6067eb5f-46b7-4de8-bd3d-88577bdb65fe,5414509359,1201,7TH,,NE,ST,,STE C,GRANTS PASS,OR,97526,2025-11-10 11:36:49.000,BTAX-042259-11-2025,2026-11-30 11:36:49.000
ACCESS FAMILY MEDICINE DPC," ",Inside City Limits,621111,Medical-Physician,,2020-11-01 00:00:00.000,6067eb5f-46b7-4de8-bd3d-88577bdb65fe,5414509359,1201,7TH,,NE,ST,,STE C,GRANTS PASS,OR,97526,2025-11-10 11:36:49.000,BTAX-042259-11-2025,2026-11-30 11:36:49.000
ACCURATE ROOFING COMPANY LLC,CARLA & WALTER WATSON,Outside City Limits,238160,Roofing,,2023-03-08 00:00:00.000,f17a62dd-fcb4-406e-b8e1-613f459d6ed8,5414769869,311,LOUGHRIDGE,,NW,AVE,,,GRANTS PASS,OR,97526,2026-03-09 15:16:52.000,BTAX-042917-03-2026,2027-03-31 15:16:52.000
ACCURATE ROOFING COMPANY LLC," ",Outside City Limits,238160,Roofing,,2023-03-08 00:00:00.000,f17a62dd-fcb4-406e-b8e1-613f459d6ed8,5414769869,311,LOUGHRIDGE,,NW,AVE,,,GRANTS PASS,OR,97526,2026-03-09 15:16:52.000,BTAX-042917-03-2026,2027-03-31 15:16:52.000
ACE CASH EXPRESS," ",Inside City Limits,522298,Pawnshop,,2010-07-20 00:00:00.000,f7e8d72d-af06-482e-b6d9-6a49777163f5,5414718865,ATTN: LICENSING,,"300 E JOHN CARPENTER FWY, STE 900",,,,,IRVING,TX,75062,2025-09-23 12:17:52.000,BTAX-041867-09-2025,2026-09-30 12:17:52.000
ACE CASH EXPRESS,"POPULUS FINANCIAL GROUP, INC",Inside City Limits,522298,Pawnshop,,2010-07-20 00:00:00.000,f7e8d72d-af06-482e-b6d9-6a49777163f5,5414718865,ATTN: LICENSING,,"300 E JOHN CARPENTER FWY, STE 900",,,,,IRVING,TX,75062,2025-09-23 12:17:52.000,BTAX-041867-09-2025,2026-09-30 12:17:52.000
ACKLEY COUNSELING & EMPLOYMENT,DARYL  ACKLEY,Outside City Limits,561311,Employment Agency,,2015-08-01 00:00:00.000,48ABE6B4-2B4C-4FAC-88D8-83625CEC66A6,5418268344,1600,SKYPARK,,,DR,,# 203,MEDFORD,OR,97504,2025-10-20 15:25:59.000,BTAX-042075-10-2025,2026-10-31 15:25:59.000
"ACME FIRE & SAFETY INC        ",RUSSELL & RANDY  SNEED,Outside City Limits,561621,Security System Services,,2007-11-16 00:00:00.000,B366714A-4375-499A-BC4D-4151CD0D3A3B,5417704050,6698,"PONDEROSA     ",,,,,,CENTRAL POINT,OR,97502,2025-11-24 11:47:22.000,BTAX-042343-11-2025,2026-11-30 11:47:22.000
ACTION DOOR LLC,MYLES & JANEL  WHITTINGTON,Inside City Limits,339999,Manufacturing-Misc Manufacturing,,2015-12-01 00:00:00.000,2AC298C5-025B-4BC0-9D63-F4BCD731E033,5414729118,1655,"GAFFNEY ",,,WAY,,,GRANTS PASS,OR,97527,2025-09-05 16:11:01.000,BTAX-041669-09-2025,2026-08-31 16:11:01.000
ACTION DOOR LLC,JANEL WHITTINGTON,Inside City Limits,339999,Manufacturing-Misc Manufacturing,,2015-12-01 00:00:00.000,2AC298C5-025B-4BC0-9D63-F4BCD731E033,5414729118,1655,"GAFFNEY ",,,WAY,,,GRANTS PASS,OR,97527,2025-09-05 16:11:01.000,BTAX-041669-09-2025,2026-08-31 16:11:01.000
"ACTION ELECTRIC LLC           ",PAUL CREAN,Outside City Limits,238210,Contractor-Electrical,,2008-05-14 00:00:00.000,058146D6-BBD7-4611-8E00-2D04A506DB96,5414151081,3384,FOREST,,,AVE,,,MEDFORD,OR,97501,2025-07-23 10:42:55.000,BTAX-040938-07-2025,2026-07-31 10:42:55.000
ACTION REHABILITATION & SPORTS,"MS, PT, RONALD L  LOPEZ",Inside City Limits,621111,Medical-Physician,,2004-09-07 00:00:00.000,BFEC762D-79AF-4F1C-9655-687132B1DE5A,5414721799,1619,"HAWTHORNE ",,NW,AVE,,STE 109,GRANTS PASS,OR,97526,2025-08-25 14:38:26.000,BTAX-041532-08-2025,2026-08-31 14:38:26.000
"ACTION SECURITY, INC          "," ",Outside City Limits,561612,Security Guard & Patrol Services,,2007-03-19 00:00:00.000,A3974FF7-C921-4A54-B103-BAC3024754DA,5417796596,308,CENTRAL,,N,AVE,,,MEDFORD,OR,97501,2025-06-05 15:34:34.000,BTAX-040472-06-2025,2026-06-30 15:34:34.000
"ACTION SECURITY, INC          ",STEPHEN TAZIOLI,Outside City Limits,561612,Security Guard & Patrol Services,,2007-03-19 00:00:00.000,A3974FF7-C921-4A54-B103-BAC3024754DA,5417796596,308,CENTRAL,,N,AVE,,,MEDFORD,OR,97501,2025-06-05 15:34:34.000,BTAX-040472-06-2025,2026-06-30 15:34:34.000
"ACTION SECURITY, INC          ",DONALD ENGLISH,Outside City Limits,561612,Security Guard & Patrol Services,,2007-03-19 00:00:00.000,A3974FF7-C921-4A54-B103-BAC3024754DA,5417796596,308,CENTRAL,,N,AVE,,,MEDFORD,OR,97501,2025-06-05 15:34:34.000,BTAX-040472-06-2025,2026-06-30 15:34:34.000
ACTIVE SPORTS & FAMILY CHIROPRACTIC,ADAM L  HENDY,Inside City Limits,621310,Medical-Chiropractor,,2008-01-14 00:00:00.000,101B6FAE-913A-4D41-A266-9F9669290449,5414760662,1529,F,,NE,ST,,,GRANTS PASS,OR,97526,2025-10-29 14:35:09.000,BTAX-042155-10-2025,2026-10-31 14:35:09.000
"ACUPRESSURE HEALTH CARE       ",CHARLOTTE SPERISEN,Inside City Limits,621399,Medical-Massage Therapy,,1989-03-23 00:00:00.000,02386D82-C29A-46E8-AC86-E6A1B3F59CB7,5479550618,432,6TH,,NW,ST,,SUITE 207,GRANTS PASS,OR,97526,2025-09-25 12:03:12.000,BTAX-041868-09-2025,2026-09-30 12:03:12.000
"ACUPUNCTURE AND HERB CLINIC   "," ",Inside City Limits,621399,Medical-Nutritionist,,2005-06-03 00:00:00.000,79C19488-E5D9-4F4E-8C8B-0DF229F292A7,5414795659,850,6TH,,NW,ST,,STE 3,GRANTS PASS,OR,97526,2025-09-15 10:36:20.000,BTAX-041756-09-2025,2026-09-30 10:36:20.000
"ACUPUNCTURE AND HERBAL MEDICAL CENTER LLC ",GREGORY DOSS,Inside City Limits,624190,Social Svcs-Individual & Family Svcs,,1987-12-07 00:00:00.000,A7624B2F-0B8F-423E-A384-350F0F752D2B,5414764611,91O,D,,NE,ST,,SUITE 104,GRANTS PASS,OR,97526,2025-05-27 15:06:59.000,BTAX-040430-05-2025,2026-05-31 15:06:59.000
"ACUPUNCTURE AT RIVERSIDE      ",ELLEN  LEONARD,Inside City Limits,541990,Professional-Misc,,2005-11-01 00:00:00.000,1AE158B2-2A46-4BA4-A591-3F05B2E62476,5414741974,957,7TH,,SE,ST,,,GRANTS PASS,OR,97526,2025-07-10 14:24:42.000,BTAX-040659-07-2025,2026-07-31 14:24:42.000
ADDCOX ELECTRIC INC,DAVID  BASTIAN,Outside City Limits,238220,Contractor-HVAC Services,ADDCOX HEATING CENTER,1981-01-05 00:00:00.000,FD95CEC1-9605-44A7-A8FC-776CD0E40969,5416726473,831,HIGHLAND,,NW,ST,,,ROSEBURG,OR,97470,2025-12-23 10:30:29.000,BTAX-042498-12-2025,2026-11-30 10:30:29.000
"ADMIRE AESTHETICS, INC"," ",Inside City Limits,812199,Personal Care Services,,2021-04-15 00:00:00.000,d2bcdf6d-49ea-4c34-b1f2-c076e0a2e65b,5412108806,1533,F,,NE,ST,,,GRANTS PASS,OR,97526,2025-05-13 14:08:34.000,BTAX-040346-05-2025,2026-05-31 14:08:34.000
"ADMIRE AESTHETICS, INC",TIFFANY DIGIUSEPPE,Inside City Limits,812199,Personal Care Services,,2021-04-15 00:00:00.000,d2bcdf6d-49ea-4c34-b1f2-c076e0a2e65b,5412108806,1533,F,,NE,ST,,,GRANTS PASS,OR,97526,2025-05-13 14:08:34.000,BTAX-040346-05-2025,2026-05-31 14:08:34.000
"ADROIT CONSTRUCTION           "," ",Outside City Limits,238190,Contractor-General/Building Exterior,,1995-06-05 00:00:00.000,D3C92555-1B8B-4070-8ECB-0B855D957D7A,5414824098,PO BOX 609,,,,,,,ASHLAND,OR,97520,2025-07-18 14:43:55.000,BTAX-040826-07-2025,2026-07-31 14:43:55.000
"ADROIT CONSTRUCTORS, INC."," ",Outside City Limits,238190,Contractor-General/Building Exterior,,2020-07-01 00:00:00.000,9836c406-22cf-4288-94b2-8bae833eef40,5414824098,PO BOX 936,,,,,,,ASHLAND,OR,97520,2025-07-18 14:47:14.000,BTAX-040827-07-2025,2026-07-31 14:47:14.000
"ADROIT CONSTRUCTORS, INC.",TOM WALKER,Outside City Limits,238190,Contractor-General/Building Exterior,,2020-07-01 00:00:00.000,9836c406-22cf-4288-94b2-8bae833eef40,5414824098,PO BOX 936,,,,,,,ASHLAND,OR,97520,2025-07-18 14:47:14.000,BTAX-040827-07-2025,2026-07-31 14:47:14.000
"ADROIT CONSTRUCTORS, INC.",STEVEN LAWRENCE,Outside City Limits,238190,Contractor-General/Building Exterior,,2020-07-01 00:00:00.000,9836c406-22cf-4288-94b2-8bae833eef40,5414824098,PO BOX 936,,,,,,,ASHLAND,OR,97520,2025-07-18 14:47:14.000,BTAX-040827-07-2025,2026-07-31 14:47:14.000
"ADROIT CONSTRUCTORS, INC.",JASON STRANBERG,Outside City Limits,238190,Contractor-General/Building Exterior,,2020-07-01 00:00:00.000,9836c406-22cf-4288-94b2-8bae833eef40,5414824098,PO BOX 936,,,,,,,ASHLAND,OR,97520,2025-07-18 14:47:14.000,BTAX-040827-07-2025,2026-07-31 14:47:14.000
ADT LLC," ",Outside City Limits,561621,Security System Services,,2012-06-29 00:00:00.000,92AD429E-8F55-4315-A753-69942CD1E203,5612262843,PO BOX 310702,,ATTN: LICENSING DEPT,,,,,BOCA RATON,FL,33431,2024-04-04 11:54:54.000,BTAX-037145-04-2024,2027-01-31 11:54:54.000
"ADVANCED AIR & METAL INC      ",SCOTT FRIESEN & ROSENDAHL,Outside City Limits,238220,Contractor-HVAC Services,,1998-06-01 00:00:00.000,C9BD9F1E-5CC7-4D9D-A089-E0B47841A493,5417726866,695,VILA,,E,RD,,,CENTRAL POINT,OR,97502,2025-07-22 14:31:12.000,BTAX-040896-07-2025,2026-07-31 14:31:12.000
"ADVANCED DENT REPAIR          ",MARK  TOBIN,Inside City Limits,811121,"Auto-Body, Paint & Interior",,2006-02-16 00:00:00.000,5B5D2B32-6747-437A-BF93-D546000E5563,5414763605,PO BOX 1208,,,,,,,GRANTS PASS,OR,97528,2025-05-13 11:49:41.000,BTAX-040341-05-2025,2026-05-31 11:49:41.000
ADVANCED ELECTRICAL SERVICES LLC,WAYNE  HAAG,Outside City Limits,238210,Contractor-Electrical,,2009-06-01 00:00:00.000,39A3715C-EE87-4F75-9081-D3E0DEAA7E73,5419557086,184,HARLEY,,,LN,,,MERLIN,OR,97532,2025-09-12 10:08:15.000,BTAX-041735-09-2025,2026-09-30 10:08:15.000
ADVANCED LANDSCAPE MAINTENANCE,ROBERT HERMAN,Inside City Limits,541320,Landscaping Services,,2019-04-23 00:00:00.000,8c20b80e-54ca-421f-b838-c98e11c6c05b,5415071106,1764,HARBECK,,,RD,,,GRANTS PASS,OR,97527,2025-06-05 15:12:19.000,BTAX-040470-06-2025,2026-06-30 15:12:19.000
ADVANCED LANDSCAPE MAINTENANCE," ",Inside City Limits,541320,Landscaping Services,,2019-04-23 00:00:00.000,8c20b80e-54ca-421f-b838-c98e11c6c05b,5415071106,1764,HARBECK,,,RD,,,GRANTS PASS,OR,97527,2025-06-05 15:12:19.000,BTAX-040470-06-2025,2026-06-30 15:12:19.000
"ADVANCED MAINTENANCE SERVICES ",DAN  KIRKMAN,Inside City Limits,238190,Contractor-General/Building Exterior,,1985-09-06 00:00:00.000,2F4360D7-7440-4102-8222-FB82E44E62C1,5414796358,4195,REDWOOD,,,AVE,,,GRANTS PASS,OR,97527,2025-07-16 11:27:58.000,BTAX-040802-07-2025,2026-07-31 11:27:58.000
ADVANCED PRINT & TINT,JASON TRUJILLO,Inside City Limits,323111,Printing-Commercial,,2000-01-01 00:00:00.000,f9a20e47-f5ed-487e-a67a-8c5bd105daaf,5414713355,526,ROGUE RIVER,,,HWY,,,GRANTS PASS,OR,97527,2025-05-02 10:42:38.000,BTAX-040298-05-2025,2026-05-31 10:42:38.000
ADVANCED PRINT & TINT," ",Inside City Limits,323111,Printing-Commercial,,2000-01-01 00:00:00.000,f9a20e47-f5ed-487e-a67a-8c5bd105daaf,5414713355,526,ROGUE RIVER,,,HWY,,,GRANTS PASS,OR,97527,2025-05-02 10:42:38.000,BTAX-040298-05-2025,2026-05-31 10:42:38.000
"ADVANCED TESTING & INSPECTION ",JOHN  FRAZER,Outside City Limits,541330,Engineering Services,,2007-04-19 00:00:00.000,55D10AE3-39D0-45DE-9F9E-7FF205029311,5417617607,PO BOX 2758,,,,,,,GRANTS PASS,OR,97528,2025-10-15 16:09:30.000,BTAX-042036-10-2025,2026-10-31 16:09:30.000
ADVANTAGE DENTAL ORAL HEALTH CENTER," ",Inside City Limits,621210,Medical-Dentist,,2016-08-31 00:00:00.000,08d1ebee-ce1d-4ddf-9d52-9cf246d8d353,5414921687,63140 BRITTA,,,S,,,D104,BEND,OR,97703,2025-11-06 11:07:50.000,BTAX-042193-11-2025,2026-11-30 11:07:50.000
ADVANTAGE DENTAL ORAL HEALTH CENTER," ",Inside City Limits,621210,Medical-Dentist,,2016-08-31 00:00:00.000,08d1ebee-ce1d-4ddf-9d52-9cf246d8d353,5414921687,63140 BRITTA,,,S,,,D104,BEND,OR,97703,2025-11-06 11:07:50.000,BTAX-042193-11-2025,2026-11-30 11:07:50.000
ADVANTAGE HOME CARE INC,J MICHEAL  JOHNSON,Inside City Limits,621610,Medical-Home Health Care Services,,1998-07-08 00:00:00.000,F6DABBF8-8A21-4A08-85F8-5F079264DAEA,5414790993,1320,7TH,,NE,ST,,,GRANTS PASS,OR,97526,2025-09-09 12:41:33.000,BTAX-041708-09-2025,2026-09-30 12:41:33.000
ADVANTAGE PLUMBING & MECHANICAL,BRANDON  SOUSA,Outside City Limits,238220,Plumber,,2011-01-01 00:00:00.000,AA9B60F8-79A5-4B0F-8AD3-1D678CB2AEA6,5417725114,4780,FERN VALLEY,,,RD,,,MEDFORD,OR,97504,2025-09-10 10:49:13.000,BTAX-041722-09-2025,2026-09-30 10:49:13.000
"ADVANTAGE RESTAURANT REPAIR   ",JAMES D & KRISTINE  DIMMICK,Inside City Limits,238190,Contractor-General/Building Exterior,,1993-10-01 00:00:00.000,1C200C61-E798-4DA0-B8BF-3DB4901D81A0,5414764646,217,MOUNTAIN PINE,,,DR,,,GRANTS PASS,OR,97526,2025-09-05 15:49:05.000,BTAX-041666-09-2025,2026-08-31 15:49:05.000
AEG SERVICES LLC," ",Inside City Limits,238190,Contractor-General/Building Exterior,,2019-05-08 00:00:00.000,dfdaf7b9-2b2e-493f-9e7a-0a662808e0ac,5418469483,PO BOX 546,,,,,,,WILLIAMS,OR,97544,2025-07-07 15:28:56.000,BTAX-040622-07-2025,2026-07-31 15:28:56.000
AEG SERVICES LLC,ARTHUR & JENELLE GAUTSCHI,Inside City Limits,238190,Contractor-General/Building Exterior,,2019-05-08 00:00:00.000,dfdaf7b9-2b2e-493f-9e7a-0a662808e0ac,5418469483,PO BOX 546,,,,,,,WILLIAMS,OR,97544,2025-07-07 15:28:56.000,BTAX-040622-07-2025,2026-07-31 15:28:56.000
AESTHETISPA LASER & WELLNESS C,MAX & MARLA  QUINTANA,Inside City Limits,621399,Medical-Massage Therapy,,2008-05-01 00:00:00.000,3A24F5BF-2037-4237-998D-C77DD6B2C768,5414799772,1246,"7TH ",,NE,ST,,SUITE C,GRANTS PASS,OR,97526,2025-07-11 11:06:49.000,BTAX-040674-07-2025,2026-07-31 11:06:49.000
"AFFORDABLE TRUCK & RV         ",ARTHUR  WOOLARD,Inside City Limits,453930,RV/Mobile Home Dealer,,2014-05-01 00:00:00.000,7EEB6223-538A-4BD7-A1F2-62A8032089D1,5415353043,324,REDWOOD,,,HWY,,,GRANTS PASS,OR,97527,2026-01-28 12:00:49.000,BTAX-042698-01-2026,2027-01-31 12:00:49.000
"AFFORDABLE TRUCK & RV         ",ARTHUR  WOOLARD,Inside City Limits,453930,RV/Mobile Home Dealer,,2023-01-03 00:00:00.000,593b41b0-73fb-430e-8a38-168ee8bfd8fa,5415353043,324,REDWOOD,,,HWY,,,GRANTS PASS,OR,97527,2026-01-28 12:04:37.000,BTAX-042699-01-2026,2027-01-31 12:04:37.000
AFI PROPERTIES,JENNIFER  AUSLAND,Inside City Limits,238990,Contractor-Trade/Specialty,COPELAND LANDSCAPE SUPPLY,2004-06-01 00:00:00.000,09C318C1-590B-4048-BA85-D93959824E2B,5414764441,695,J,,SE,ST,,,GRANTS PASS,OR,97527,2025-07-22 12:21:41.000,BTAX-040869-07-2025,2026-07-31 12:21:41.000
AGNESS SELF STORAGE LLC," ",Inside City Limits,493110,Storage & General Warehousing,,1995-02-10 00:00:00.000,0523F650-0DE9-4326-89A3-0D78D19F5F2E,5414763126,578,AGNESS,,NE,AVE,,,GRANTS PASS,OR,97526,2025-12-08 11:16:02.000,BTAX-042402-12-2025,2026-11-30 11:16:02.000
AGUILAR MORA RESTURANTS LLC,ERICA AGUILAR,Inside City Limits,722511,Restaurant,,2022-11-10 00:00:00.000,b56ea8f4-3a54-43dd-924a-fb2a7db5bf8f,5412262483,799,ROGUE RIVER,,,HWY,,,GRANTS PASS,OR,97527,2025-11-19 14:15:30.000,BTAX-042323-11-2025,2026-11-30 14:15:30.000
AGUILAR MORA RESTURANTS LLC,RAFAEL MORA,Inside City Limits,722511,Restaurant,,2022-11-10 00:00:00.000,b56ea8f4-3a54-43dd-924a-fb2a7db5bf8f,5412262483,799,ROGUE RIVER,,,HWY,,,GRANTS PASS,OR,97527,2025-11-19 14:15:30.000,BTAX-042323-11-2025,2026-11-30 14:15:30.000
AIRE MASTER OF SOUTHERN OREGON,DON HOOK,Inside City Limits,561720,Cleaning Service,DJ FREIGHT INC,2021-06-29 00:00:00.000,a32b20bf-f5bd-42e5-ac4e-ae445b232c70,5417611073,1417,HAWTHORNE,,NW,AVE,,,GRANTS PASS,OR,97526,2025-09-23 12:14:15.000,BTAX-041866-09-2025,2026-09-30 12:14:15.000
AIRE MASTER OF SOUTHERN OREGON," ",Inside City Limits,561720,Cleaning Service,DJ FREIGHT INC,2021-06-29 00:00:00.000,a32b20bf-f5bd-42e5-ac4e-ae445b232c70,5417611073,1417,HAWTHORNE,,NW,AVE,,,GRANTS PASS,OR,97526,2025-09-23 12:14:15.000,BTAX-041866-09-2025,2026-09-30 12:14:15.000
AIRE MASTER OF SOUTHERN OREGON,JERRUD HOOK,Inside City Limits,561720,Cleaning Service,DJ FREIGHT INC,2021-06-29 00:00:00.000,a32b20bf-f5bd-42e5-ac4e-ae445b232c70,5417611073,1417,HAWTHORNE,,NW,AVE,,,GRANTS PASS,OR,97526,2025-09-23 12:14:15.000,BTAX-041866-09-2025,2026-09-30 12:14:15.000
"AIRGAS USA LLC               "," ",Inside City Limits,238190,Welding/Fabrication,,2012-09-01 00:00:00.000,55E5079F-FF22-4474-96D5-82F49C9E36F9,2135637397,3737,WORSHAM,,,AVE,,,LONG BEACH,CA,908081774,2025-09-08 09:21:17.000,BTAX-041655-09-2025,2026-09-30 09:21:17.000
AIRTEC HEATING & AIR CONDITIONING,MARK  WEBB,Inside City Limits,238220,Contractor-HVAC Services,,2005-10-03 00:00:00.000,967611E5-83D0-47D9-B953-273525CB50E5,5417617198,106,"F STREET #420    ",,NW,ST,,,GRANTS PASS,OR,97526,2025-09-18 13:43:58.000,BTAX-041823-09-2025,2026-09-30 13:43:58.000
"ALAN K GALEDRIGE ELECTRIC     ",ALAN K  GALEDRIGE,Outside City Limits,238210,Contractor-Electrical,,2005-03-19 00:00:00.000,CFFD1A77-1DC6-40E8-B4C3-F0CC37D5A419,5416659833,4333,"GRANT ROAD     ",,,RD,,,CENTRAL POINT,OR,97502,2025-07-16 13:01:07.000,BTAX-040804-07-2025,2026-07-31 13:01:07.000
ALAN S & KIM HOEFFLINGER RENTA,ALAN S & KIM  HOEFFLINGER,Inside City Limits,531110,Rental Units/Landlord,,1994-03-22 00:00:00.000,043671BD-D71A-4498-8F3F-A5B787FB6FE6,5416592803,1061,"FRUITDALE ",,SE,DR,,,GRANTS PASS,OR,97526,2025-07-15 10:26:16.000,BTAX-040740-07-2025,2026-07-31 10:26:16.000
"ALI RAPOSE RENTALS            ",ALI  RAPOSE,Inside City Limits,531110,Rental Units/Landlord,,1998-03-10 00:00:00.000,494FCD5D-51C1-4B5C-91E9-A28543EEAD56,5412952103,369,"ROAN DRIVE    ",,,DR,,,GRANTS PASS,OR,97526,2025-07-28 10:24:08.000,BTAX-041019-07-2025,2026-07-31 10:24:08.000
"ALL 2 CURRENT ELECTRIC INC    "," ",Outside City Limits,221122,Electric Company,,2011-07-01 00:00:00.000,BD4B42C0-2A16-499B-A77A-94D12B6EFBA5,5416606590,862,FOOTS CREEK,,,RD,,,GOLD HILL,OR,97525,2025-10-10 09:22:20.000,BTAX-041919-10-2025,2026-10-31 09:22:20.000
ALL 4 PAWS," ",Inside City Limits,812910,Pet Care Services,,2019-06-24 00:00:00.000,225aeae8-9f10-417d-891e-e2053f68a957,5417612275,360,"BAYARD ",,,DR,,,GRANTS PASS,OR,97527,2025-07-31 16:50:20.000,BTAX-041049-07-2025,2026-07-31 16:50:20.000
ALL 4 PAWS,CHARLA LEHMAN,Inside City Limits,812910,Pet Care Services,,2019-06-24 00:00:00.000,225aeae8-9f10-417d-891e-e2053f68a957,5417612275,360,"BAYARD ",,,DR,,,GRANTS PASS,OR,97527,2025-07-31 16:50:20.000,BTAX-041049-07-2025,2026-07-31 16:50:20.000
"ALL AMERICAN CITY LANDSCAPE, INC",JACK SUTTERS,Inside City Limits,541320,Landscaping Services,,1996-08-01 00:00:00.000,B891E131-04B9-4F6A-80F1-9903A72EC751,5414766127,PO BOX 2093,,,,,,,GRANTS PASS,OR,97528,2025-06-24 14:32:10.000,BTAX-040558-06-2025,2026-06-30 14:32:10.000
ALL MECHANICAL PLUMBING SOLUTIONS INC.," ",Outside City Limits,238220,Plumber,,2019-12-24 00:00:00.000,13e77e9f-9174-4577-a0cb-7def631d0b45,5417343236,PO BOX 5468,,,,,,,CENTRAL POINT,OR,97502,2026-03-17 09:21:33.000,BTAX-042986-03-2026,2027-03-31 09:21:33.000
ALL MECHANICAL PLUMBING SOLUTIONS INC.,KIMBERLY JANAKES,Outside City Limits,238220,Plumber,,2019-12-24 00:00:00.000,13e77e9f-9174-4577-a0cb-7def631d0b45,5417343236,PO BOX 5468,,,,,,,CENTRAL POINT,OR,97502,2026-03-17 09:21:33.000,BTAX-042986-03-2026,2027-03-31 09:21:33.000
"ALL NATURAL PEST ELIMINATION  ",ERIC  RITCHEY,Outside City Limits,561710,Pest Control,,1997-01-30 00:00:00.000,82919195-6D59-4E13-BF4C-2E065601D58A,5414714895,3445,PACIFIC,,S,HWY,,,MEDFORD,OR,97501,2025-10-15 10:47:32.000,BTAX-042032-10-2025,2026-10-31 10:47:32.000
"ALL PHAZE ELECTRIC, INC",Timothy Bowser,Outside City Limits,238210,Contractor-Electrical,,2022-09-22 00:00:00.000,8f3fefc8-6e76-45ce-8123-c3b8669a7420,5412041121,103,APPLEWOOD,,,DR,,,CENTRAL POINT,OR,97502,2025-11-07 09:07:25.000,BTAX-042231-11-2025,2026-10-31 09:07:25.000
"ALL PHAZE ELECTRIC, INC",WILLIAM CHRISTENSEN,Outside City Limits,238210,Contractor-Electrical,,2022-09-22 00:00:00.000,8f3fefc8-6e76-45ce-8123-c3b8669a7420,5412041121,103,APPLEWOOD,,,DR,,,CENTRAL POINT,OR,97502,2025-11-07 09:07:25.000,BTAX-042231-11-2025,2026-10-31 09:07:25.000
"ALL PHAZE ELECTRIC, INC",TIMOTHY BOWSER,Outside City Limits,238210,Contractor-Electrical,,2022-09-22 00:00:00.000,8f3fefc8-6e76-45ce-8123-c3b8669a7420,5412041121,103,APPLEWOOD,,,DR,,,CENTRAL POINT,OR,97502,2025-11-07 09:07:25.000,BTAX-042231-11-2025,2026-10-31 09:07:25.000
ALL PURPOSE LANDSCAPE MAINTENANCE,MAX  MCEVOY,Inside City Limits,541320,Landscaping Services,,2008-01-22 00:00:00.000,22450C80-7E1B-4F01-8417-4BC1D33DE013,5416594114,1903,"JONES CREEK    ",,W,CR,,,GRANTS PASS,OR,97526,2025-04-02 14:39:44.000,BTAX-040146-04-2025,2026-04-30 14:39:44.000
ALL SEASON LAWN & SPRINKLER," ",Inside City Limits,541320,Landscaping Services,,2010-10-22 00:00:00.000,CE7F7FF2-BFA2-4884-A44B-432B4F39FFB4,5416605423,1988,HARPAZO,,SE,LN,,,GRANTS PASS,OR,97527,2025-07-28 09:01:44.000,BTAX-041011-07-2025,2026-07-31 09:01:44.000
ALL SEASON LAWN & SPRINKLER,JAMES GRECO,Inside City Limits,541320,Landscaping Services,,2010-10-22 00:00:00.000,CE7F7FF2-BFA2-4884-A44B-432B4F39FFB4,5416605423,1988,HARPAZO,,SE,LN,,,GRANTS PASS,OR,97527,2025-07-28 09:01:44.000,BTAX-041011-07-2025,2026-07-31 09:01:44.000
ALL SEASONS HEATING & AIR COND,JEFF KRULL,Inside City Limits,238220,Contractor-HVAC Services,,1997-01-01 00:00:00.000,E6A0E23D-239A-45E1-94B5-7FE8D4DA2175,5414798777,2001,FOOTHILL,,NE,BLVD,,E12,GRANTS PASS,OR,97526,2025-04-23 14:32:06.000,BTAX-040262-04-2025,2026-04-30 14:32:06.000
"ALL SEASONS LANDSCAPE MAINT   ",CHERYL  FROST,Inside City Limits,541320,Landscaping Services,,2007-04-23 00:00:00.000,82B9BFD4-237A-4C21-85B9-CFD8604701AF,5416602367,983,BLACKBERRY,,SW,LN,,,GRANTS PASS,OR,97527,2025-07-22 15:34:18.000,BTAX-040911-07-2025,2026-07-31 15:34:18.000
"ALL SEASONS PEST CONTROL      ",ROBERT C  MURDEN,Inside City Limits,561710,Pest Control,,1989-06-13 00:00:00.000,407E409B-3574-465C-ACAF-9F6AD4F612A0,5416602896,1630,"WILLIAMS HWY     ",PMB #138,,HWY,,,GRANTS PASS,OR,97527,2026-02-09 16:06:43.000,BTAX-042767-02-2026,2027-02-28 16:06:43.000
"ALL SMALL APPLIANCE REPAIR    ",NORMAN  COVENEY,Inside City Limits,811412,Appliance Reapair/Maint,,1992-05-04 00:00:00.000,556746B3-D498-42D2-B20A-085F5D71EBE7,5414763612,1220,OAKVIEW,,,DR,,,GRANTS PASS,OR,97526,2025-07-18 12:30:14.000,BTAX-040824-07-2025,2026-07-31 12:30:14.000
"ALL STAR 24HR TOWING LLC      ",MICHELE  HECKER-JOLLEY,Inside City Limits,488410,Towing,,2014-03-25 00:00:00.000,2C881C92-001D-47E8-A188-A8E71881A15C,5414792600,1621,"ROGUE RIVER ",,,HWY,,,GRANTS PASS,OR,97527,2025-11-24 12:32:52.000,BTAX-042349-11-2025,2026-11-30 12:32:52.000
"ALL TECH COMPUTERS LLC        ",MICHAEL  BOURNE,Inside City Limits,811212,Computer/Office Machine Maint,,2010-05-02 00:00:00.000,EE829AE6-A5B7-480B-A05D-8915F43283BF,5412269363,1806,6th,,NW,ST,,,GRANTS PASS,OR,97526,2025-11-24 12:18:55.000,BTAX-042346-11-2025,2026-11-30 12:18:55.000
ALL TERRAIN EXCAVATING LLC," ",Outside City Limits,238910,Excavation - Site Preparation,,2017-07-17 00:00:00.000,3e04121d-6dd3-4fca-a4b5-4a71e4d82414,5419300814,6878,GREGORY,,E,RD,,,WHITE CTIY,OR,97503,2025-06-13 15:00:02.000,BTAX-040510-06-2025,2026-06-30 15:00:02.000
ALL TERRAIN EXCAVATING LLC,MACRINO CONCHAS ESCALANTE,Outside City Limits,238910,Excavation - Site Preparation,,2017-07-17 00:00:00.000,3e04121d-6dd3-4fca-a4b5-4a71e4d82414,5419300814,6878,GREGORY,,E,RD,,,WHITE CTIY,OR,97503,2025-06-13 15:00:02.000,BTAX-040510-06-2025,2026-06-30 15:00:02.000
"ALLCARE HEALTH, INC"," ALLCARE CCO                   ",Inside City Limits,524210,Insurance Agency & Brokerages,,2014-07-01 00:00:00.000,D416E546-E5EE-4325-84AE-1E080A205B51,5414746053,1701,7TH,,NE,ST,,,GRANTS PASS,OR,97526,2025-10-10 11:16:47.000,BTAX-041992-10-2025,2026-10-31 11:16:47.000
"ALL-CARE POOL & SPA           ",MILISSA & DOUG  DAVIS,Inside City Limits,453998,All Other Miscellaneous Store Retailers (Except Tobacco Stores),,1997-03-01 00:00:00.000,92030E12-4FD0-4231-A399-8D5B93C947B2,5414720586,7400,MONUMENT,,,DR,,,GRANTS PASS,OR,97526,2025-08-13 11:18:16.000,BTAX-041221-08-2025,2026-08-31 11:18:16.000
ALLEN CREEK VETERINARY HOSPITAL,HEIDI  BUEHNER-MCKENZIE,Inside City Limits,541940,Veterinary,,2007-12-10 00:00:00.000,D0500AE5-6F42-44C5-9A88-C3EFD631C3CC,5414762233,1930,REDWOOD,,,AVE,,,GRANTS PASS,OR,97527,2025-10-20 14:29:50.000,BTAX-042063-10-2025,2026-10-31 14:29:50.000
"ALLEN LAND SURVEYING          "," ",Inside City Limits,541370,Surveying/Mapping Services,,1999-01-04 00:00:00.000,17D1EFF4-6CE1-4E16-A2CA-9484D298B2F0,5414764502,321,A,,NW,ST,,,GRANTS PASS,OR,97526,2025-07-11 11:09:32.000,BTAX-040675-07-2025,2026-07-31 11:09:32.000
ALLERGY AND ASTHMA CENTER OF SOUTHERN OREGON," ",Inside City Limits,621111,Medical-Physician,,2018-07-18 00:00:00.000,f9e126c4-859d-445f-b4e6-7a7ed41d2013,5418581003,3860,CRATER LAKE,,,AVE,,,MEDFORD,OR,97504,2025-08-18 12:55:38.000,BTAX-041320-08-2025,2026-08-31 12:55:38.000
ALLERGY AND ASTHMA CENTER OF SOUTHERN OREGON,DR EDWARD KERWIN & DR KEVIN PARKS,Inside City Limits,621111,Medical-Physician,,2018-07-18 00:00:00.000,f9e126c4-859d-445f-b4e6-7a7ed41d2013,5418581003,3860,CRATER LAKE,,,AVE,,,MEDFORD,OR,97504,2025-08-18 12:55:38.000,BTAX-041320-08-2025,2026-08-31 12:55:38.000
"ALLIANT SYSTEMS               "," ",Outside City Limits,238990,Contractor-Trade/Specialty,,2002-11-01 00:00:00.000,5B19EB39-9FCB-4D01-A90E-36310EEA8FEB,5036194000,831,17TH,,SW,AVE,,,PORTLAND,OR,97205,2026-01-20 14:36:42.000,BTAX-042656-01-2026,2027-01-31 14:36:42.000
ALLIED COMFORT PRO LLC,ADAM BERG,Outside City Limits,238220,Contractor-HVAC Services,,2017-08-02 00:00:00.000,b44b2396-d96a-4460-b534-3c73b9d826b5,5417726100,PO BOX 1478,,,,,,,MEDFORD,OR,97501,2025-09-29 12:57:49.000,BTAX-041901-09-2025,2026-09-30 12:57:49.000
ALLIED COMFORT PRO LLC," ",Outside City Limits,238220,Contractor-HVAC Services,,2017-08-02 00:00:00.000,b44b2396-d96a-4460-b534-3c73b9d826b5,5417726100,PO BOX 1478,,,,,,,MEDFORD,OR,97501,2025-09-29 12:57:49.000,BTAX-041901-09-2025,2026-09-30 12:57:49.000
"ALLIED EXHAUST SYSTEMS, INC   "," CORPORATION                   ",Outside City Limits,441310,Retail-Automotive Parts & Accessories,,2004-07-01 00:00:00.000,2F90FEFE-21E7-4933-8714-EA4894F50EC7,5414763102,4830,BUSINESS CENTER,,,DR,,SUITE 140,FAIRFIELD,CA,94534,2025-09-23 11:44:48.000,BTAX-041863-09-2025,2026-08-31 11:44:48.000
"ALMEDA PLUMBING               ",CHRISTOPHER PAUL  D'AMATO,Inside City Limits,238220,Plumber,,2006-01-25 00:00:00.000,57DB22C3-E780-4F5C-B687-81716A4E86F6,5412267408,2001,FOOTHILL,,NE,BLVD,,STE A-7,GRANTS PASS,OR,97526,2025-10-10 10:34:12.000,BTAX-041986-10-2025,2026-10-31 10:34:12.000
ALPINE CONSTRUCTION & REMODELING INC.,GARY BLANKS,Outside City Limits,238190,Contractor-General/Building Exterior,,2023-10-26 00:00:00.000,47760fc8-bb11-4b78-acf7-71854f70b8c6,5418906752,PO BOX 4176,,,,,,,MEDFORD,OR,97501,2025-10-10 11:07:43.000,BTAX-041990-10-2025,2026-10-31 11:07:43.000
"ALPINE ELECTRIC, LLC",JAMES CASTELLANO,Outside City Limits,238210,Contractor-Electrical,,2016-10-31 00:00:00.000,23f90b3e-3aa7-4ed3-bec7-a88ccc8b6120,5412823665,521,HAVEN,,,RD,,,JACKSONVILLE,OR,97530,2025-04-14 12:38:48.000,BTAX-040200-04-2025,2026-04-30 12:38:48.000
"ALPINE ELECTRIC, LLC"," ",Outside City Limits,238210,Contractor-Electrical,,2016-10-31 00:00:00.000,23f90b3e-3aa7-4ed3-bec7-a88ccc8b6120,5412823665,521,HAVEN,,,RD,,,JACKSONVILLE,OR,97530,2025-04-14 12:38:48.000,BTAX-040200-04-2025,2026-04-30 12:38:48.000
"AL'S PLUMBING SERVICE LLC     ",ALBERT G  SMITH,Inside City Limits,238220,Plumber,,2007-03-01 00:00:00.000,013171DC-97F3-42BD-BC8F-2E2B2C669E3C,5416603902,410,HILLTOP,,,DR,,,GRANTS PASS,OR,97527,2025-12-05 11:36:11.000,BTAX-042398-12-2025,2026-12-31 11:36:11.000
"AL'S SHARPENING SERVICE INC   ",STEVE  MULLIS,Outside City Limits,541990,Professional-Misc,,1979-07-01 00:00:00.000,61CE70E4-D643-4F25-92E2-404DE7B05419,5415354711,PO BOX 29,,,,,,,PHOENIX,OR,97535,2025-08-12 14:24:17.000,BTAX-041184-08-2025,2026-08-31 14:24:17.000
"ALSCO, INC. AMERICAN LINEN DIV"," STEINER CORP DBA: AMERICAN    ",Outside City Limits,314999,Manufacturing-Textile,,1997-05-01 00:00:00.000,352A479A-927C-45E0-976F-AE91D4F0DACA,5417793711,PO BOX 1280,,,,,,,MEDFORD,OR,97501,2025-08-19 14:24:20.000,BTAX-041410-08-2025,2026-08-31 14:24:20.000
"ALTERNATE ENERGY SERVICES     ",ROBERT WILLIAMS,Outside City Limits,238220,Contractor-HVAC Services,,1997-11-20 00:00:00.000,5A057A9D-6CBC-4786-9622-516C211D2373,5418267570,PO BOX 543,,,,,,,EAGLE POINT,OR,97524,2025-07-14 10:46:59.000,BTAX-040712-07-2025,2026-07-31 10:46:59.000
"ALTRU HOME CARE, LLC",DAVID PEARLSTEIN,Inside City Limits,621610,Medical-Home Health Care Services,,2019-04-01 00:00:00.000,668a80b8-3eb4-4ab1-aa11-597d1332a588,5415071234,3125,CHAD,,,DR,,SUITE 290,EUGENE,OR,97408,2026-01-23 11:24:31.000,BTAX-042682-01-2026,2027-01-31 11:24:31.000
"ALTRU HOME CARE, LLC",ALI DEAN,Inside City Limits,621610,Medical-Home Health Care Services,,2019-04-01 00:00:00.000,668a80b8-3eb4-4ab1-aa11-597d1332a588,5415071234,3125,CHAD,,,DR,,SUITE 290,EUGENE,OR,97408,2026-01-23 11:24:31.000,BTAX-042682-01-2026,2027-01-31 11:24:31.000
"ALTRU HOME CARE, LLC"," ",Inside City Limits,621610,Medical-Home Health Care Services,,2019-04-01 00:00:00.000,668a80b8-3eb4-4ab1-aa11-597d1332a588,5415071234,3125,CHAD,,,DR,,SUITE 290,EUGENE,OR,97408,2026-01-23 11:24:31.000,BTAX-042682-01-2026,2027-01-31 11:24:31.000
"AMANDA ADAMS CPR TRAINING     "," AMANDA ADAMS & DANIEL ROTH    ",Outside City Limits,541990,Professional-Misc,,2010-04-15 00:00:00.000,FA74C836-E1DE-4D6F-A87C-601F0FF52980,5416607579,1020,SHAN CREEK,,,RD,,,GRANTS PASS,OR,97527,2025-09-18 13:21:14.000,BTAX-041820-09-2025,2026-09-30 13:21:14.000
"AMANDA E. SLOAN, LCSW",Amanda Sloan,Inside City Limits,624190,Social Svcs-Individual & Family Svcs,,2018-01-01 00:00:00.000,c1cb71d1-308c-4b44-899d-c498e4a1a58c,5414761900,777,7TH,,NE,ST,,220,GRANTS PASS,OR,97526,2025-05-14 14:23:05.000,BTAX-040364-05-2025,2026-05-31 14:23:05.000
"AMANDA E. SLOAN, LCSW",AMANDA SLOAN,Inside City Limits,624190,Social Svcs-Individual & Family Svcs,,2018-01-01 00:00:00.000,c1cb71d1-308c-4b44-899d-c498e4a1a58c,5414761900,777,7TH,,NE,ST,,220,GRANTS PASS,OR,97526,2025-05-14 14:23:05.000,BTAX-040364-05-2025,2026-05-31 14:23:05.000
"AMANDA FITHIAN PHOTOGRAPHY           ",AMANDA  FITHIAN,Inside City Limits,541921,Photography,,2014-01-01 00:00:00.000,CC6480C3-A77F-496D-BF66-D76ED1428673,5414419599,426,ROYAL,,NE,DR,,,GRANTS PASS,OR,97526,2025-06-13 15:32:09.000,BTAX-040512-06-2025,2026-06-30 15:32:09.000
"AMARANTHUS RENTALS            ",EILEEN  AMARANTHUS,Inside City Limits,531110,Rental Units/Landlord,,2008-07-01 00:00:00.000,C7D935EC-B41A-4368-9726-FD990EAB54B6,5412185315,PO BOX 1181,,,,,,,GRANTS PASS,OR,97528,2025-08-05 11:31:39.000,BTAX-041102-08-2025,2026-07-31 11:31:39.000
"AMBULATORY FOOT CENTER, PC    ","CHRISTINE & SIMCHUK,MARK MEIS",Inside City Limits,621111,Medical-Physician,,1991-03-25 00:00:00.000,940FBAAA-BE46-454E-95F0-3920437EDA44,5414717056,1619,"HAWTHORNE ",,NW,AVE,,STE 110,GRANTS PASS,OR,97526,2025-08-19 14:14:27.000,BTAX-041406-08-2025,2026-07-31 14:14:27.000
"AMERESCO, INC."," ",Outside City Limits,238220,Solar Equipment Installation,,2020-09-04 00:00:00.000,01cd28cc-51ab-4f44-8654-205402d23b11,5086612200,120,CENTRAL,,S,AVE,,SUITE 400,CLAYTON,MO,63105,2025-10-14 09:22:03.000,BTAX-042000-10-2025,2026-10-31 09:22:03.000
"AMERESCO, INC.",GEORGE SAKELLARIS,Outside City Limits,238220,Solar Equipment Installation,,2020-09-04 00:00:00.000,01cd28cc-51ab-4f44-8654-205402d23b11,5086612200,120,CENTRAL,,S,AVE,,SUITE 400,CLAYTON,MO,63105,2025-10-14 09:22:03.000,BTAX-042000-10-2025,2026-10-31 09:22:03.000
AMERICAN ALPHA TRAINING LLC," ",Inside City Limits,713940,Fitness Center,,2023-01-18 00:00:00.000,373fda8c-808b-4362-97b5-5929cab4d74d,5416602038,815,GREENFIELD,,NE,RD,,,GRANTS PASS,OR,97526,2026-01-21 15:54:49.000,BTAX-042671-01-2026,2027-01-31 15:54:49.000
AMERICAN ALPHA TRAINING LLC,SAMANTHA AND TIMOTHY ALLEN,Inside City Limits,713940,Fitness Center,,2023-01-18 00:00:00.000,373fda8c-808b-4362-97b5-5929cab4d74d,5416602038,815,GREENFIELD,,NE,RD,,,GRANTS PASS,OR,97526,2026-01-21 15:54:49.000,BTAX-042671-01-2026,2027-01-31 15:54:49.000
AMERICAN CARPORTS INC," ",Outside City Limits,551114,"Managing, Corporate & Subsidiary Offices",,2021-06-09 00:00:00.000,31df0e2b-e90b-4cc8-9272-8a05176f6ad9,8667309865,PO BOX 38,,,,,,,JOSHUA,TX,76050,2025-09-08 11:51:21.000,BTAX-041679-09-2025,2026-08-31 11:51:21.000
AMERICAN CARPORTS INC,PRIMO CASTILLO,Outside City Limits,551114,"Managing, Corporate & Subsidiary Offices",,2021-06-09 00:00:00.000,31df0e2b-e90b-4cc8-9272-8a05176f6ad9,8667309865,PO BOX 38,,,,,,,JOSHUA,TX,76050,2025-09-08 11:51:21.000,BTAX-041679-09-2025,2026-08-31 11:51:21.000
"AMERICAN ELECTRIC, LLC",James Speiser,Inside City Limits,238210,Contractor-Electrical,,2020-07-01 00:00:00.000,2cd7ee82-923d-453a-989a-826b01a91c1f,5417271212,206,RANDY,,,DR,,,GRANTS PASS,OR,97527,2026-02-27 15:46:25.000,BTAX-042870-02-2026,2027-02-28 15:46:25.000
"AMERICAN ELECTRIC, LLC",JAMES SPEISER,Inside City Limits,238210,Contractor-Electrical,,2020-07-01 00:00:00.000,2cd7ee82-923d-453a-989a-826b01a91c1f,5417271212,206,RANDY,,,DR,,,GRANTS PASS,OR,97527,2026-02-27 15:46:25.000,BTAX-042870-02-2026,2027-02-28 15:46:25.000
AMERICAN MEDICAL RESPONSE NW," DAVE MATHEWS (OPERATION MNGR) ",Inside City Limits,621910,Medical-Ambulance,,1988-08-25 00:00:00.000,0A28B9DD-38D6-499D-8751-EFEEE34C9C10,5414746303,PO BOX 1915,,,,,,,GRANTS PASS,OR,97528,2025-10-02 09:41:07.000,BTAX-041914-10-2025,2026-10-31 09:41:07.000
"AMERICAN WAY OF LIFE LLC      "," ",Inside City Limits,425120,Wholesale Agent,PEOPLES CHOICE DISTRIBUTING CO,2010-10-11 00:00:00.000,F3E337D3-F246-4793-88BB-09638C8B8E2E,5414766175,106 NW F ST #354,,,,,,,GRANTS PASS,OR,97526,2025-09-05 16:06:57.000,BTAX-041668-09-2025,2026-09-30 16:06:57.000
"AMERIGAS PROPANE LP           ",BOB -SR. VICE PRES.-  ROSELER,Inside City Limits,221210,Natural Gas Company,,1995-05-17 00:00:00.000,025A3CF0-87A1-42F2-A119-859245E4EE1F,5414767797,500,GULPH,,N,RD,,,KING OF PRUSSIA,PA,19406,2025-11-04 09:26:38.000,BTAX-042194-11-2025,2026-10-31 09:26:38.000
"AMNIES IN AND OUT CLEANING SERVICES ",AMNIE WEHAB,Inside City Limits,561720,Cleaning Service,AMNIE CLEANING,2022-08-01 00:00:00.000,f85ecdeb-b22a-46c3-99ec-1ddaba0438da,5417870901,239,"CENTRAL ",,SW,AVE,,,GRANTS PASS,OR,97526,2025-08-11 12:48:49.000,BTAX-041147-08-2025,2026-08-31 12:48:49.000
"AMP PRO ELECTRIC LLC         ",TRAVIS BRUNNER,Outside City Limits,238210,Contractor-Electrical,PRO ELECTRIC,1991-02-04 00:00:00.000,B536670E-A291-4096-BF30-1A27BE481D3C,5414747943,1544,DOWELL,,,RD,,,GRANTS PASS,OR,97527,2025-08-01 14:45:32.000,BTAX-041073-08-2025,2026-07-31 14:45:32.000
"AMP PRO ELECTRIC LLC         ",TRAVIS BRUNER &  MATYAS PONGRACZ,Outside City Limits,238210,Contractor-Electrical,PRO ELECTRIC,1991-02-04 00:00:00.000,B536670E-A291-4096-BF30-1A27BE481D3C,5414747943,1544,DOWELL,,,RD,,,GRANTS PASS,OR,97527,2025-08-01 14:45:32.000,BTAX-041073-08-2025,2026-07-31 14:45:32.000
"ANGEL GISSEL                  ",ANGEL  GISSEL,Inside City Limits,541990,Professional-Misc,,2007-10-08 00:00:00.000,BEF60303-24E7-45E5-BE0B-42A5C95A6548,5417612888,670,EWE CREEK,,,RD,,,GRANTS PASS,OH,97526,2025-09-18 13:38:32.000,BTAX-041821-09-2025,2026-09-30 13:38:32.000
ANGELO & JEAN MARGOLIS RENTALS,ANGELO & JEAN  MARGOLIS,Inside City Limits,531110,Rental Units/Landlord,,2002-08-16 00:00:00.000,4345CBAB-5FA9-4C0A-9FC5-EFEDFC29F477,5419568694,388,GORDON,,,WAY,,,GRANTS PASS,OR,97527,2025-07-23 09:44:50.000,BTAX-040927-07-2025,2026-07-31 09:44:50.000
"ANN BAUER PROPERTIES          ",ANN  BAUER,Outside City Limits,531110,Rental Units/Landlord,,2005-09-30 00:00:00.000,E658494F-1E5E-4254-8227-D8F434F75525,5414763775,PO BOX 1863,,,,,,,GRANTS PASS,OR,97528,2025-07-14 12:35:50.000,BTAX-040721-07-2025,2026-07-31 12:35:50.000
"ANNA'S PARTY WORKS            ",ANNA & BOB  MINTER,Inside City Limits,541990,Professional-Misc,,1997-08-01 00:00:00.000,21B6FD97-D574-4584-A5BA-0A30A1847931,5416605962,580,HIDDEN VALLE,,,RD,,,GRANTS PASS,OR,97527,2025-08-27 12:19:38.000,BTAX-041576-08-2025,2026-08-31 12:19:38.000
"ANSWERLIVE LLC                "," ANSWERLIVE LLC                ",Inside City Limits,813990,Organization-Misc,,1997-04-15 00:00:00.000,E24871AA-8E5D-445F-8A68-B6931CFA1D29,5414761122,345,WITHERSPOON,,,ST,,,PRINCETON,NJ,8542,2025-08-13 10:25:23.000,BTAX-041219-08-2025,2026-08-31 10:25:23.000
ANTHONY MORGAN'S TRAINING ACADEMY,ANTHONY  MORGAN,Inside City Limits,713940,Fitness Center,,2011-06-01 00:00:00.000,FBFB9691-CD9B-4E85-B4D9-DCB2AB19AC04,5416593534,605,6TH,,SE,ST,,,GRANTS PASS,OR,97526,2025-05-08 12:15:44.000,BTAX-040325-05-2025,2026-05-31 12:15:44.000
"A-ONE, INC                    ",DARRELL  DEVISH,Inside City Limits,561710,Pest Control,A-ONE EXTERMINATORS,1998-04-01 00:00:00.000,DF93DFD0-90D0-4D7A-9C4A-F2CD23CA4DAC,5414721094,548,E,,NE,ST,,,GRANTS PASS,OR,97526,2025-12-08 11:44:57.000,BTAX-042404-12-2025,2026-11-30 11:44:57.000
"A-ONE, INC                    ",PATRICIA DEVISH,Inside City Limits,561710,Pest Control,A-ONE EXTERMINATORS,1998-04-01 00:00:00.000,DF93DFD0-90D0-4D7A-9C4A-F2CD23CA4DAC,5414721094,548,E,,NE,ST,,,GRANTS PASS,OR,97526,2025-12-08 11:44:57.000,BTAX-042404-12-2025,2026-11-30 11:44:57.000
"APLAND CUSTOM MASONRY INC   ",JERRY L & NIKKI  APLAND,Inside City Limits,238140,Contractor-Masonry,,1990-07-01 00:00:00.000,C0216D8C-1396-48B6-A459-1E2AC7A97821,5414793880,PO BOX 1184,,,,,,,GRANTS PASS,OR,97528,2025-06-30 14:17:51.000,BTAX-040575-06-2025,2026-06-30 14:17:51.000
"APPLE ROGUE PROPERTY MGMT     "," APPLE ROGUE APTS LLC          ",Outside City Limits,531311,Property Management,,1989-07-01 00:00:00.000,3C473FF7-AC99-462D-976B-531C0B84088D,5412955510,30721,DRIFTWOOD,,,DR,,,LAGUNA BEACH,CA,92651,2023-07-10 15:55:39.000,BTAX-034804-07-2023,2023-07-31 15:55:39.000
"APPLEBEE'S                    ",JOE  WONG,Inside City Limits,722511,Restaurant,,2001-06-25 00:00:00.000,B469A037-8339-4607-AF4D-B56EBD3280B5,5302221311,400,REDCLIFF,,,DR,,,REDDING,CA,96002,2025-09-05 11:13:50.000,BTAX-041649-09-2025,2026-07-31 11:13:50.000
APPLIANCE & MOWER CENTER/RODER,HERSCHEL  NORDHAUS,Inside City Limits,811412,Appliance Reapair/Maint,,1997-01-01 00:00:00.000,A6F7C106-04C8-47A9-AE41-719684BA9415,5414792691,950,M,,SE,ST,,,GRANTS PASS,OR,97526,2025-07-28 10:41:13.000,BTAX-041024-07-2025,2026-07-31 10:41:13.000
APPLIED MANAGEMENT SERVICES INC," ",Outside City Limits,238320,Painting & Wall Covering,COREY ROBBINS PAINTING COMPANY,1989-07-01 00:00:00.000,964CB003-30FA-46EC-9BE4-07E1E198A95C,5417705275,1477,KINGSLEY,,,,,,MEDFORD,OR,97504,2025-08-19 16:08:28.000,BTAX-041428-08-2025,2026-08-31 16:08:28.000
"APPLIED REFRIGERATION TECH    ",CLYDE  SMITH,Outside City Limits,811412,Appliance Reapair/Maint,,1998-09-17 00:00:00.000,634B191B-F1CD-49F8-B8BD-D4AA0ACE145E,5418305513,PO BOX 1628,,,,,,,MEDFORD,OR,97501,2025-08-18 10:40:59.000,BTAX-041309-08-2025,2026-08-31 10:40:59.000
APPLIED TECHNICAL SYSTEMS INC.,"KUMPULA, ROBERT / EARHART, JEFF COSTE, KELLY",Outside City Limits,238210,Contractor-Electrical,,1997-01-01 00:00:00.000,D333BB97-AF42-4764-800C-FAA8B9ADAAA5,5036849611,7015,MCEWAN,,SW,RD,,,LAKE OSWEGO,OR,97035,2025-08-19 11:13:41.000,BTAX-041381-08-2025,2026-08-31 11:13:41.000
"APPRAISAL COMPANY OF SOUTHERN ",GARRETT & KRISTEN  POTTMEYER,Outside City Limits,531320,Real Estate Appraisal & Sales,,2007-02-23 00:00:00.000,BAFDE9D6-2190-46A4-9D7A-8EA8F723F3B3,5414790783,PO BOX 2005,,,,,,,GRANTS PASS,OR,97528,2025-10-06 16:21:42.000,BTAX-041956-10-2025,2026-09-30 16:21:42.000
"AQUARIUS BOOKS AND GIFTS      ",SCOTT  WALTER,Inside City Limits,451211,Retail-Book Store,,2009-01-01 00:00:00.000,DB1D3624-D964-41B8-B6C5-02F3F2AD58D0,5414794000,528,E,,NE,ST,,,GRANTS PASS,OR,97526,2025-07-11 09:02:40.000,BTAX-040664-07-2025,2026-07-31 09:02:40.000
ARCHITECTURAL GRAPHICS INC,"ARCHITECTURAL GRAPHICS INC  ",Outside City Limits,339999,Manufacturing-Misc Manufacturing,,2023-08-01 00:00:00.000,e03d8ef3-639e-4cce-a189-da8650afd610,7574271900,2655,INTERNATIONAL,,,PKWY,,,VIRGINIA BEACH,VA,23452,2025-09-17 14:35:58.000,BTAX-041785-09-2025,2026-09-30 14:35:58.000
"ARCHITECTURAL METAL-WORKS INC "," ",Outside City Limits,238190,Contractor-General/Building Exterior,,1997-01-24 00:00:00.000,AB7833B4-1EA4-4CFB-A515-EE680725AE87,5036250569,PO BOX 3524,,,,,,,WILSONVILLE,OR,97070,2025-07-18 14:35:11.000,BTAX-040831-07-2025,2026-07-31 14:35:11.000
"ARCHITECTURAL METAL-WORKS INC "," ",Outside City Limits,238190,Contractor-General/Building Exterior,,1997-01-24 00:00:00.000,AB7833B4-1EA4-4CFB-A515-EE680725AE87,5036250569,PO BOX 3524,,,,,,,WILSONVILLE,OR,97070,2025-07-18 14:35:11.000,BTAX-040831-07-2025,2026-07-31 14:35:11.000
ARIA NAILS," ",Inside City Limits,812113,Nail Salon,,2018-02-21 00:00:00.000,18b71147-682a-44bc-a89e-4c9fe0df9d38,5414794849,1860,FAIRVIEW,,NE,AVE,,,GRANTS PASS,OR,97526,2025-09-05 10:26:13.000,BTAX-041645-09-2025,2026-08-31 10:26:13.000
ARIA NAILS,JENNIE MY LE,Inside City Limits,812113,Nail Salon,,2018-02-21 00:00:00.000,18b71147-682a-44bc-a89e-4c9fe0df9d38,5414794849,1860,FAIRVIEW,,NE,AVE,,,GRANTS PASS,OR,97526,2025-09-05 10:26:13.000,BTAX-041645-09-2025,2026-08-31 10:26:13.000
ARIA'S EATS LLC," ",Inside City Limits,722330,Food-Mobile/Ice Cream Truck,,2023-09-15 00:00:00.000,18e11991-9ad7-4cde-88be-9443e8d1e6ae,5416592717,1300 1/2,PLACER,,,RD,,,SUNNY VALLEY,OR,97497,2025-11-12 14:43:02.000,BTAX-042276-11-2025,2026-10-31 14:43:02.000
ARIA'S EATS LLC,JOSHUA INGLE,Inside City Limits,722330,Food-Mobile/Ice Cream Truck,,2023-09-15 00:00:00.000,18e11991-9ad7-4cde-88be-9443e8d1e6ae,5416592717,1300 1/2,PLACER,,,RD,,,SUNNY VALLEY,OR,97497,2025-11-12 14:43:02.000,BTAX-042276-11-2025,2026-10-31 14:43:02.000
"ARJUNAARAV LLC         ",RAKESH SHARMA,Inside City Limits,445120,Convenience Store,A-1 MARKET #6,2013-03-08 00:00:00.000,F9B4379A-4CAB-47BF-8CD2-4517B1885164,5412953060,1644,"N ",,SE,ST,,A,GRANTS PASS,OR,97526,2025-09-15 14:48:11.000,BTAX-041760-09-2025,2026-09-30 14:48:11.000
"ARMADILLO MINING SHOP INC     ",DONNA  STUMBO,Inside City Limits,454390,Retail-Misc Direct Selling Establishment,,2009-05-08 00:00:00.000,74AACF40-992B-4840-AE77-200539A05B18,5414766316,2041,"VINE ",,NW,ST,,,GRANTS PASS,OR,97526,2026-02-27 09:50:33.000,BTAX-042861-02-2026,2027-02-28 09:50:33.000
ARMANDO'S LANDSCAPE MAINTENANCE," ",Outside City Limits,541320,Landscaping Services,,2021-03-03 00:00:00.000,5705cf47-0e07-4920-8901-632d5bf21904,5412956250,316,I,,SW,ST,,,GRANTS PASS,OR,97526,2025-06-23 15:07:13.000,BTAX-040547-06-2025,2026-06-30 15:07:13.000
ARMANDO'S LANDSCAPE MAINTENANCE,ARMANDO NARVAEZ,Outside City Limits,541320,Landscaping Services,,2021-03-03 00:00:00.000,5705cf47-0e07-4920-8901-632d5bf21904,5412956250,316,I,,SW,ST,,,GRANTS PASS,OR,97526,2025-06-23 15:07:13.000,BTAX-040547-06-2025,2026-06-30 15:07:13.000
"ARS FRESNO LLC                "," ",Inside City Limits,447190,Gas Station,MSM 533,2014-10-08 00:00:00.000,9C50D656-5342-468F-B793-D3D373D0EB84,7606074511,2385,CAMINO VIDA ROBLE,,,,,102,CARLSBAD,CA,92011,2026-02-10 12:49:44.000,BTAX-042786-02-2026,2027-02-28 12:49:44.000
"ART OF HOPE                   "," ",Inside City Limits,711510,Artist,,2005-01-19 00:00:00.000,9789905F-2BFD-42C2-AC2E-29D3C480A46B,5414412082,373,SHORT,,SW,ST,,,GRANTS PASS,OR,97527,2025-12-29 10:43:28.000,BTAX-042523-12-2025,2026-12-31 10:43:28.000
"ART OF HOPE                   ",DANIEL & HOPE WEAVER,Inside City Limits,711510,Artist,,2005-01-19 00:00:00.000,9789905F-2BFD-42C2-AC2E-29D3C480A46B,5414412082,373,SHORT,,SW,ST,,,GRANTS PASS,OR,97527,2025-12-29 10:43:28.000,BTAX-042523-12-2025,2026-12-31 10:43:28.000
"ARTOFF PLUMBING INC           ",MICHAEL ROGER  ARTOFF,Outside City Limits,238220,Plumber,,2002-05-28 00:00:00.000,57AAB087-E046-480A-ABE8-53C86185F59C,5415820853,2909,WARDS CRK,,,RD,,,ROGUE RIVER,OR,97537,2025-08-18 16:18:28.000,BTAX-041350-08-2025,2026-08-31 16:18:28.000
"ASANTE PHYSICIAN PARTNERS     ","ASANTE HEALTH SYSTEMS  ",Inside City Limits,621111,Medical-Physician,,2013-08-05 00:00:00.000,5CA907E6-BC58-4A6B-9797-9F18E6CFAC28,5417895055,2650,SISKIYOU,,,BLVD,,,MEDFORD,OR,97504,2025-09-25 15:42:37.000,BTAX-041874-09-2025,2026-09-30 15:42:37.000
ASANTE PHYSICIAN PARTNERS,"ASANTE HEALTH SYSTEMS  ",Inside City Limits,621111,Medical-Physician,,2016-07-23 00:00:00.000,8a6a7f4c-ef16-486b-9a83-3def2d30e05e,5414727810,2650,SISKIYOU,,,BLVD,,,MEDFORD,OR,97504,2025-09-25 15:59:20.000,BTAX-041880-09-2025,2026-09-30 15:59:20.000
"ASANTE PHYSICIAN PARTNERS     "," ASANTE PHYSICIAN PARTNERS     ",Inside City Limits,621111,Medical-Physician,,2013-08-05 00:00:00.000,5CA907E6-BC58-4A6B-9797-9F18E6CFAC28,5417895055,2650,SISKIYOU,,,BLVD,,,MEDFORD,OR,97504,2025-09-25 15:42:37.000,BTAX-041874-09-2025,2026-09-30 15:42:37.000
ASANTE PHYSICIAN PARTNERS," ",Inside City Limits,621111,Medical-Physician,,2016-07-23 00:00:00.000,8a6a7f4c-ef16-486b-9a83-3def2d30e05e,5414727810,2650,SISKIYOU,,,BLVD,,,MEDFORD,OR,97504,2025-09-25 15:59:20.000,BTAX-041880-09-2025,2026-09-30 15:59:20.000
ASANTE PHYSICIAN PARTNERS CENTER FOR OUTPATIENT HEALTH," ",Inside City Limits,621111,Medical-Physician,,2017-07-10 00:00:00.000,9d22951e-3275-41c6-b120-15942293f314,5417898183,2650,SISKIYOU,,,BLVD,,,MEDFORD,OR,97504,2025-09-25 15:47:16.000,BTAX-041875-09-2025,2026-09-30 15:47:16.000
ASANTE PHYSICIAN PARTNERS CENTER FOR OUTPATIENT HEALTH,"ASANTE HEALTH SYSTEMS  ",Inside City Limits,621111,Medical-Physician,,2017-07-10 00:00:00.000,9d22951e-3275-41c6-b120-15942293f314,5417898183,2650,SISKIYOU,,,BLVD,,,MEDFORD,OR,97504,2025-09-25 15:47:16.000,BTAX-041875-09-2025,2026-09-30 15:47:16.000
"ASANTE PHYSICIAN PARTNERS OCCUPATIONAL HEALTH       "," ASANTE HEALTH SYSTEMS         ",Inside City Limits,621111,Medical-Physician,,2014-10-01 00:00:00.000,D368D119-A3B3-4EB9-B3DF-EE389A69FF62,5419566250,2650,SISKIYOU,,,BLVD,,,MEDFORD,OR,97504,2025-09-25 15:22:42.000,BTAX-041872-09-2025,2026-09-30 15:22:42.000
"ASANTE PHYSICIAN PARTNERS OCCUPATIONAL HEALTH       ","ASANTE HEALTH SYSTEMS  ",Inside City Limits,621111,Medical-Physician,,2014-10-01 00:00:00.000,D368D119-A3B3-4EB9-B3DF-EE389A69FF62,5419566250,2650,SISKIYOU,,,BLVD,,,MEDFORD,OR,97504,2025-09-25 15:22:42.000,BTAX-041872-09-2025,2026-09-30 15:22:42.000
"ASANTE THREE RIVERS MEDICAL CENTER   ","ASANTE HEALTH SYSTEMS  ",Inside City Limits,622110,Medical-Hospital,,2007-12-13 00:00:00.000,3E79C10F-4CC0-457E-AEDD-8BACCB3F7310,5414727311,2650,SISKIYOU,,,BLVD,,,MEDFORD,OR,97504,2025-09-25 15:49:30.000,BTAX-041876-09-2025,2026-09-30 15:49:30.000
"ASANTE THREE RIVERS MEDICAL CENTER   ","                        ",Inside City Limits,622110,Medical-Hospital,,2007-12-13 00:00:00.000,3E79C10F-4CC0-457E-AEDD-8BACCB3F7310,5414727311,2650,SISKIYOU,,,BLVD,,,MEDFORD,OR,97504,2025-09-25 15:49:30.000,BTAX-041876-09-2025,2026-09-30 15:49:30.000
ASBESTOS SPECIALTIES," ",Outside City Limits,238990,Specialty Trade Contractor,,2022-04-01 00:00:00.000,3d4d02c7-a745-4b4a-bc9c-29b33e2d644d,5412374661,201,TWIN PINES,,,DR,,,GLENDALE,OR,97442,2025-05-13 15:26:52.000,BTAX-040356-05-2025,2026-05-31 15:26:52.000
ASBESTOS SPECIALTIES,SID PACHECO,Outside City Limits,238990,Specialty Trade Contractor,,2022-04-01 00:00:00.000,3d4d02c7-a745-4b4a-bc9c-29b33e2d644d,5412374661,201,TWIN PINES,,,DR,,,GLENDALE,OR,97442,2025-05-13 15:26:52.000,BTAX-040356-05-2025,2026-05-31 15:26:52.000
ASPEN DENTAL OF OREGON PC,PAUL  LAMOREAU,Inside City Limits,621210,Medical-Dentist,ASPEN DENTAL,2018-12-03 00:00:00.000,926b6880-4090-4443-82aa-0b4af751b672,,140,GRAND,,,ST,,SUITE 300,WHITE PLAINS,NY,10601,2026-02-19 11:21:21.000,BTAX-042827-02-2026,2027-02-28 11:21:21.000
ASPEN DENTAL OF OREGON PC," ",Inside City Limits,621210,Medical-Dentist,ASPEN DENTAL,2018-12-03 00:00:00.000,926b6880-4090-4443-82aa-0b4af751b672,,140,GRAND,,,ST,,SUITE 300,WHITE PLAINS,NY,10601,2026-02-19 11:21:21.000,BTAX-042827-02-2026,2027-02-28 11:21:21.000
ASSOCIATES FOR ORAL AND MAXILLOFACIAL SURGERY," SAVAGE & RAJAGOPAL            ",Inside City Limits,621210,Medical-Dentist,,1997-07-26 00:00:00.000,21C257C0-7F90-427C-81AA-4A9877E0BB7C,5417793781,869,7TH,,NE,,,,GRANTS PASS,OR,97526,2025-07-15 14:31:53.000,BTAX-040760-07-2025,2026-07-31 14:31:53.000
"ASTRO #219                    "," WSCO PETROLEUM CORP           ",Inside City Limits,447190,Gas Station,,1990-07-01 00:00:00.000,D304DE9D-B387-442E-9F14-10E36926408D,5032432929,2929,"29TH ",,NW,ST,,,PORTLAND,OR,97210,2025-08-19 11:47:42.000,BTAX-041394-08-2025,2026-08-31 11:47:42.000
AT HOME CUSTOM HOMES LLC,JIMMY SIMILA,Outside City Limits,238190,Contractor-General/Building Exterior,,2020-07-06 00:00:00.000,c7f12264-a85c-4ea1-bfec-39c1016e3263,5416597502,305,HAZEL,,SW,WAY,,,GRANTS PASS,OR,97526,2025-07-07 12:33:55.000,BTAX-040616-07-2025,2026-07-31 12:33:55.000
AT HOME CUSTOM HOMES LLC,JIMMY SIMILA,Outside City Limits,238190,Contractor-General/Building Exterior,,2020-07-06 00:00:00.000,c7f12264-a85c-4ea1-bfec-39c1016e3263,5416597502,305,HAZEL,,SW,WAY,,,GRANTS PASS,OR,97526,2025-07-07 12:33:55.000,BTAX-040616-07-2025,2026-07-31 12:33:55.000
AT HOME CUSTOM HOMES LLC,RODNEY NELSON,Outside City Limits,238190,Contractor-General/Building Exterior,,2020-07-06 00:00:00.000,c7f12264-a85c-4ea1-bfec-39c1016e3263,5416597502,305,HAZEL,,SW,WAY,,,GRANTS PASS,OR,97526,2025-07-07 12:33:55.000,BTAX-040616-07-2025,2026-07-31 12:33:55.000
"A-TEAM ARMS LLC              ",CHAD CRUME,Inside City Limits,339999,Manufacturing-Misc Manufacturing,,2013-10-15 00:00:00.000,15229D76-136A-488E-87DE-8774C40D4C1A,5416609264,201,10TH,,SE,ST,,,GRANTS PASS,OR,97526,2025-12-02 12:17:46.000,BTAX-042375-12-2025,2026-12-31 12:17:46.000
"A-TEAM LANDSCAPE MAINTENANCE  ",DAMEON  POOL,Outside City Limits,541320,Landscaping Services,,2008-05-30 00:00:00.000,4B56F9E8-F06D-454C-B3BF-30F58E2B5DA0,5416597874,PO BOX 2255,,,,,,,GRANTS PASS,OR,97528,2026-01-02 16:17:27.000,BTAX-042549-01-2026,2027-01-31 16:17:27.000
"ATILLA THE HOE                ",RAYMOND O  WILLIAMS,Inside City Limits,238110,Contractor-Concrete/Found/Structural,,1998-03-01 00:00:00.000,25E3DD50-A3A5-4BC6-9B96-78FACA3BDFA6,5414768833,PO BOX 835,,,,,,,GRANTS PASS,OR,97528,2025-07-11 11:18:52.000,BTAX-040678-07-2025,2026-07-31 11:18:52.000
"ATTIC SELF SERVICE STORAGE    ",BARBARA  BEAN,Inside City Limits,493110,Storage & General Warehousing,,2007-12-04 00:00:00.000,F3C38BDD-2D07-4171-8EF3-AFF51BFA3FD3,5414766808,1720,REDWOOD,,,AVE,,UNIT F,GRANTS PASS,OR,97527,2025-11-18 12:02:40.000,BTAX-042306-11-2025,2026-11-30 12:02:40.000
"ATTIC STORAGE                 ",BARBRA  BEAN,Inside City Limits,493110,Storage & General Warehousing,,2003-12-04 00:00:00.000,2A2B7817-F2A7-4983-9C0E-281C6D8D34E9,5414795979,1715,ROGUE RIVER,,,HWY,,,GRANTS PASS,OR,97527,2026-01-05 14:14:37.000,BTAX-042560-01-2026,2026-12-31 14:14:37.000
AUDIOLOGY ASSOCIATES OF SOUTHERN OREGON INC,STACEY & JEFFREY  BERG,Inside City Limits,621340,Medical-Audiologist,,2006-11-16 00:00:00.000,BFEEBC9E-6F11-4121-9A6C-36C7D9CAD95D,5414744694,1665,WILLIAMS,,,HWY,,,GRANTS PASS,OR,97527,2025-07-25 10:31:56.000,BTAX-040973-07-2025,2026-07-31 10:31:56.000
AUGUST HUNICKE ARBORISTS INC,AUGUST  HUNICKE,Inside City Limits,541990,Professional-Misc,,2011-12-23 00:00:00.000,239AD0F1-6DD0-4802-BD0E-2B98B58455EE,5416599560,154,PONY,,,LN,,,GRANTS PASS,OR,97526,2025-07-15 16:00:28.000,BTAX-040778-07-2025,2026-05-31 16:00:28.000
AUGUSTA LAWN CARE OF GRANTS PASS," ",Outside City Limits,561730,Yard Services,,2022-02-14 00:00:00.000,4b2b3859-fce8-410e-b589-f377b49d2a53,5412992694,18828,WILLIAMS,,,HWY,,,WILLIAMS,OR,97544,2025-05-01 16:23:25.000,BTAX-040289-05-2025,2026-05-31 16:23:25.000
AUGUSTA LAWN CARE OF GRANTS PASS,KYLE REILLY,Outside City Limits,561730,Yard Services,,2022-02-14 00:00:00.000,4b2b3859-fce8-410e-b589-f377b49d2a53,5412992694,18828,WILLIAMS,,,HWY,,,WILLIAMS,OR,97544,2025-05-01 16:23:25.000,BTAX-040289-05-2025,2026-05-31 16:23:25.000
"AUNTIE MAE'S SWEET TREATS     ",ELSA MAE  WALZ,Inside City Limits,445299,Food-Specialty Food Store,,2012-08-24 00:00:00.000,C762ECFA-FBDA-4821-ADF8-68E74FF475F2,5414500174,1712,ROUNDS,,,AVE,,,GRANTS PASS,OR,97527,2025-08-19 10:12:26.000,BTAX-041368-08-2025,2026-08-31 10:12:26.000
AUSLAND BUILDERS DBA AUSLAND GROUP,KELSY  AUSLAND,Inside City Limits,238190,Contractor-General/Building Exterior,,2002-07-01 00:00:00.000,8E340966-D317-4D20-9025-0D52F63F67C4,5414763788,3935,HIGHLAND,,,AVE,,,GRANTS PASS,OR,97526,2025-09-10 10:51:40.000,BTAX-041723-09-2025,2026-09-30 10:51:40.000
"AUSLAND, AUSLAND REEDY LLC    ",JENNIFER  AUSLAND,Inside City Limits,541320,Landscaping Services,,2008-01-10 00:00:00.000,4BCE3080-E0DA-4790-9312-4C9C6338CB3F,5414764441,695,J,,SE,ST,,,GRANTS PASS,OR,97527,2025-07-22 12:23:47.000,BTAX-040870-07-2025,2026-07-31 12:23:47.000
"AUTOMANIA LLC                 ",TED  HOLMAN,Inside City Limits,441120,Auto-Used Car Dealer,,1993-04-01 00:00:00.000,21AF6B14-2C78-4361-88E6-5690615B1A61,5414798888,PO BOX 1927,,,,,,,GRANTS PASS,OR,97528,2025-08-22 11:01:05.000,BTAX-041499-08-2025,2026-08-31 11:01:05.000
"AUTOPRO AUTOMOTIVE INC        ",RICK & VALERIE  FINWALL,Inside City Limits,811111,Auto-General Repair,,2008-06-02 00:00:00.000,5774DE4F-270A-4CD6-8DAF-77CEF75131EE,5414743323,1670,A REDWOOD,,,AVE,,SUITE A,GRANTS PASS,OR,97527,2025-08-29 16:22:20.000,BTAX-041592-08-2025,2026-08-31 16:22:20.000
"AUTOSMITH OF OREGON           ",GREGORY  SMITH,Inside City Limits,811111,Auto-General Repair,,1995-04-01 00:00:00.000,5651ED5F-7343-4DA9-AD3E-402D0C79710E,5414742886,301,J,,SE,ST,,,GRANTS PASS,OR,97526,2025-07-22 14:57:45.000,BTAX-040900-07-2025,2026-07-31 14:57:45.000
AUTOZONE PARTS INC," ",Inside City Limits,441310,Retail-Automotive Parts & Accessories,AUTOZONE #2213,1997-06-22 00:00:00.000,C056388C-1367-4BFF-8FE0-6A94B29CA895,5419561190,PO BOX 2198,,,,,,DEPT 8088,MEMPHIS,TN,38101,2025-08-01 10:02:42.000,BTAX-041057-08-2025,2026-08-31 10:02:42.000
"AUTOZONE PARTS, INC                  "," ",Inside City Limits,441310,Retail-Automotive Parts & Accessories,AUTOZONE #2222,1997-10-31 00:00:00.000,51C95D4E-E9BD-4243-A196-AA4244BC5721,5414729700,PO BOX 2198,,,,,,DEPT 8088,MEMPHIS,TN,38101,2025-08-01 10:07:44.000,BTAX-041058-08-2025,2026-08-31 10:07:44.000
AVISTA UTILITIES," ",Outside City Limits,221210,Natural Gas Company,,2008-04-01 00:00:00.000,a83984b0-0ca9-4707-a531-37c5a4e257a5,5418584742,PO BOX 3727,,,,,,,SPOKANE,WA,99220,2024-01-09 15:36:04.000,WOY-036728-01-2024,2029-01-31 00:00:00.000
"AXIS HEALTH INC               ",SANDRA  MARTIN,Inside City Limits,621111,Medical-Physician,,1996-02-14 00:00:00.000,8C165B86-3AEF-4097-9597-0081221DB026,5414710397,333,5TH,,SW,ST,,SUITE B,GRANTS PASS,OR,97526,2026-03-17 14:55:44.000,BTAX-042992-03-2026,2027-02-28 14:55:44.000
"AZTEC ELECTRICAL              ",TROY  CRUMLEY,Outside City Limits,238210,Contractor-Electrical,,2013-02-15 00:00:00.000,90355E71-7A71-4779-B110-188754918D8D,5412458560,PO BOX 1567,,,,,,,MEDFORD,OR,97501,2025-10-15 09:54:18.000,BTAX-042026-10-2025,2026-10-31 09:54:18.000
"B & C SUN CONTROL             ",WILLIAM F  GHENA,Inside City Limits,238990,Contractor-Trade/Specialty,,1985-12-01 00:00:00.000,450C2F43-5B46-4062-93E1-FB8B3C8E2313,5414760620,2384,UPPER RIVER,,,RD,,,GRANTS PASS,OR,97526,2025-07-14 11:22:10.000,BTAX-040716-07-2025,2026-07-31 11:22:10.000
"B B JETS ICE CREAM            ",BRIAN & SHANNON  HAGEMAN,Inside City Limits,722511,Restaurant,,2004-03-05 00:00:00.000,D7585594-6CC7-4024-9F6E-7AB9D59EA0AB,5412187403,1542,APPLEGATE,,,AVE,,,GRANTS PASS,OR,97527,2025-12-11 16:15:13.000,BTAX-042451-12-2025,2026-12-31 16:15:13.000
"B&W LEASING, INC.",ROBERT SHEPHERD,Outside City Limits,532490,Rental-Equipment/Machinery Rentals,,2021-05-03 00:00:00.000,3b5e1216-ad49-4b0b-8da9-bc7bd9f4b3ca,9513770069,179,FIELDER,,,LN,,,GRANTS PASS,OR,97526,2025-06-30 15:20:31.000,BTAX-040581-06-2025,2026-06-30 15:20:31.000
"B&W LEASING, INC."," ",Outside City Limits,532490,Rental-Equipment/Machinery Rentals,,2021-05-03 00:00:00.000,3b5e1216-ad49-4b0b-8da9-bc7bd9f4b3ca,9513770069,179,FIELDER,,,LN,,,GRANTS PASS,OR,97526,2025-06-30 15:20:31.000,BTAX-040581-06-2025,2026-06-30 15:20:31.000
B. JOHNSON & FAMILY LLC,WILLIAM JOHNSON,Inside City Limits,238190,Contractor-General/Building Exterior,TIMBERLINE DESIGNS,2017-01-04 00:00:00.000,db5cccf9-fc2c-43cb-97f3-0eb34bb4e6f1,5416213195,1584,N,,SE,ST,,,GRANTS PASS,OR,97526,2025-08-20 12:52:02.000,BTAX-041459-08-2025,2026-08-31 12:52:02.000
B. JOHNSON & FAMILY LLC,ANGELA JOHNSON,Inside City Limits,238190,Contractor-General/Building Exterior,TIMBERLINE DESIGNS,2017-01-04 00:00:00.000,db5cccf9-fc2c-43cb-97f3-0eb34bb4e6f1,5416213195,1584,N,,SE,ST,,,GRANTS PASS,OR,97526,2025-08-20 12:52:02.000,BTAX-041459-08-2025,2026-08-31 12:52:02.000
B. JOHNSON & FAMILY LLC," ",Inside City Limits,238190,Contractor-General/Building Exterior,TIMBERLINE DESIGNS,2017-01-04 00:00:00.000,db5cccf9-fc2c-43cb-97f3-0eb34bb4e6f1,5416213195,1584,N,,SE,ST,,,GRANTS PASS,OR,97526,2025-08-20 12:52:02.000,BTAX-041459-08-2025,2026-08-31 12:52:02.000
"BABE'S BAKERY                 ",INC  TRUE PROSPERITY,Inside City Limits,311811,Bakery,,2011-08-01 00:00:00.000,048A1C13-1F41-4ABA-823F-3F2136D1B61B,5414761710,1701,"6TH ",,NE,ST,,,GRANTS PASS,OR,97526,2026-03-06 10:45:37.000,BTAX-042900-03-2026,2027-03-31 10:45:37.000
"BACK 9 CREATIVE               ",EARL (GENE)  NAPIER,Inside City Limits,541430,Graphic Design,,2012-01-04 00:00:00.000,8A5F6213-51CF-4105-B836-4CE8704FF4F7,5414746479,946,VALLEY VIEW,,NW,DR,,,GRANTS PASS,OR,97526,2025-10-21 09:17:27.000,BTAX-042085-10-2025,2026-10-31 09:17:27.000
"BALANCE FORWARD SOLUTIONS, LLC",MICHELLE THOMSEN,Inside City Limits,541200,Other Accounting Services,,2023-08-11 00:00:00.000,0f3afbe7-b4a3-4dc1-8257-d1d5caec8895,5416361486,227,SAPPHIRE,,,CT,,,GRANTS PASS,OR,97527,2026-02-03 15:45:17.000,BTAX-042727-02-2026,2027-01-31 15:45:17.000
"BALANCE FORWARD SOLUTIONS, LLC"," ",Inside City Limits,541200,Other Accounting Services,,2023-08-11 00:00:00.000,0f3afbe7-b4a3-4dc1-8257-d1d5caec8895,5416361486,227,SAPPHIRE,,,CT,,,GRANTS PASS,OR,97527,2026-02-03 15:45:17.000,BTAX-042727-02-2026,2027-01-31 15:45:17.000
"BALANCING ACT                 ",ALONA  MYSIOR,Inside City Limits,541211,Accountant-CPA,,1995-04-01 00:00:00.000,165B8104-14C4-49D4-998D-FEBFF797EDE0,5419558584,1034,WASHINGTON,,NW,BLVD,,,GRANTS PASS,OR,97526,2025-05-27 15:41:47.000,BTAX-040434-05-2025,2026-05-31 15:41:47.000
"BALLINGER INDUSTRIAL PARK     ",JERRY  BALLINGER,Inside City Limits,541712,Research & Development,,1987-07-01 00:00:00.000,D07D8155-B0DA-4532-A323-881048B770F3,5416608826,2001,FOOTHILL,,NE,BLVD,,#A-2,GRANTS PASS,OR,97526,2025-07-25 12:07:42.000,BTAX-040984-07-2025,2026-07-31 12:07:42.000
"BAN MAI THAI CUISINE         ",KHAMSAEN  SETTHAPHONG,Inside City Limits,722511,Restaurant,,2015-03-01 00:00:00.000,3CDA0AAA-CC41-4725-9C89-BC706E5BCE44,5414762578,1887,"7TH ",,NE,ST,,,GRANTS PASS,OR,97526,2025-10-29 11:21:49.000,BTAX-042138-10-2025,2026-10-31 11:21:49.000
"BANNER BANK ","         ",Inside City Limits,522110,Finance-Commercial Bank,,2013-04-09 00:00:00.000,12F006E6-D55D-4700-8AA3-FA18B1B3DF14,5419554589,ATTN: PROCURMENT OPERATIONS,PO BOX 10,,,,,,UMATILLA,OR,97882,2025-12-24 11:24:21.000,BTAX-042505-12-2025,2026-12-31 11:24:21.000
BANNER BANK,"       ",Inside City Limits,522110,Finance-Commercial Bank,,2013-04-09 00:00:00.000,63AEFDD6-76CF-41C4-81D3-6C736467BB73,5419566450,ATTN: PROCUREMENT OPERATIONS,PO BOX 10,,,,,,UMATILLA,OR,97882,2025-12-24 11:12:29.000,BTAX-042504-12-2025,2026-12-31 11:12:29.000
"BARBARA O'ROURKE RENTALS      ",BARBARA  O'ROURKE,Outside City Limits,531110,Rental Units/Landlord,,1997-01-01 00:00:00.000,29F51004-A3E2-41A4-AE27-DB973551A3C8,5414794570,1201,WILDFLOWER,,,DR,,,MERLIN,OR,97532,2023-07-10 15:51:21.000,BTAX-034803-07-2023,2023-07-31 15:51:21.000
BARGAINS BOOKS AND BEADS,PATRICIA HERMAN,Inside City Limits,453310,Retail-Thrift Store,,2017-11-22 00:00:00.000,c8a45e13-3b24-41a5-97ce-d348b706ccfa,5416599147,PO BOX 595,,,,,,,WILDERVILLE,OR,97543,2025-06-09 16:23:23.000,BTAX-040480-06-2025,2026-06-30 16:23:23.000
BARGAINS BOOKS AND BEADS," ",Inside City Limits,453310,Retail-Thrift Store,,2017-11-22 00:00:00.000,c8a45e13-3b24-41a5-97ce-d348b706ccfa,5416599147,PO BOX 595,,,,,,,WILDERVILLE,OR,97543,2025-06-09 16:23:23.000,BTAX-040480-06-2025,2026-06-30 16:23:23.000
"BARK BATH & BEYOND            ",NATASHA POWELL,Inside City Limits,812910,Pet Care Services,,2012-05-01 00:00:00.000,FDAAA2BA-D4AB-45DD-82B1-07987625CF5A,5414761718,516,7TH,,NE,ST,,,GRANTS PASS,OR,97526,2025-07-23 09:25:29.000,BTAX-040925-07-2025,2026-07-31 09:25:29.000
BARNSTORMERS THEATER INC,SABEL ANNIE,Inside City Limits,711110,Theater Company/Dinner Theater,,2011-06-30 00:00:00.000,9bbf4bf4-7eff-47b0-899a-f72f19d74bba,5414793557,112,EVELYN,,NE,AVE,," ",GRANTS PASS,OR,97526,2025-12-22 10:45:11.000,BTAX-042492-12-2025,2026-10-31 10:45:11.000
BARNSTORMERS THEATER INC," ",Inside City Limits,711110,Theater Company/Dinner Theater,,2011-06-30 00:00:00.000,9bbf4bf4-7eff-47b0-899a-f72f19d74bba,5414793557,112,EVELYN,,NE,AVE,," ",GRANTS PASS,OR,97526,2025-12-22 10:45:11.000,BTAX-042492-12-2025,2026-10-31 10:45:11.000
BARRETT BUSINESS SERVICES INC," BARRETT BUSINESS SERVICES INC ",Inside City Limits,541990,Professional-Misc,,1991-07-22 00:00:00.000,83C0B5C4-1506-403E-9B8A-61FE4E90DD7A,5414717828,8100,"PARKWAY ",,NE,DR,,,VANCOUVER,WA,98662,2026-03-09 15:09:58.000,BTAX-042916-03-2026,2027-02-28 15:09:58.000
BARRY PETERSON'S VERSATILE CONSTRUCTION,BARRY  PETERSON,Inside City Limits,238190,Contractor-General/Building Exterior,,1987-07-27 00:00:00.000,7365EBCC-4F2E-4705-AF61-2246C880CF5A,5414746007,1702,"BEVERLY ",,NE,DR,,,GRANTS PASS,OR,97526,2025-07-10 12:51:52.000,BTAX-040655-07-2025,2026-07-31 12:51:52.000
BASE ONE PLUMBING LLC," ",Outside City Limits,238190,Contractor-General/Building Exterior,BASE ONE PLUMBING LLC,2020-03-04 00:00:00.000,c0ace166-0e87-4734-a382-b1842b88b956,5419517501,2640,BARNETT,,E,RD,,,MEDFORD,OR,97504,2025-05-23 14:44:39.000,BTAX-040418-05-2025,2026-05-31 14:44:39.000
BASE ONE PLUMBING LLC,GREG MAJOR,Outside City Limits,238190,Contractor-General/Building Exterior,BASE ONE PLUMBING LLC,2020-03-04 00:00:00.000,c0ace166-0e87-4734-a382-b1842b88b956,5419517501,2640,BARNETT,,E,RD,,,MEDFORD,OR,97504,2025-05-23 14:44:39.000,BTAX-040418-05-2025,2026-05-31 14:44:39.000
"BASKIN ROBBINS STORE #4303    ",DAN & PATRICIA  KIRKMAN,Inside City Limits,722511,Restaurant,,1991-09-06 00:00:00.000,CC652D9E-6200-46CA-A888-533B7142A26C,5414741546,4195,REDWOOD,," ",AVE,," ",GRANTS PASS,OR,97527,2025-09-02 11:43:20.000,BTAX-041595-09-2025,2026-09-30 11:43:20.000
"BATTERY SOLUTIONS INC         ","SAVE & DUNTSCH, RYAN  BRICKE",Inside City Limits,441310,Retail-Automotive Parts & Accessories,,2014-11-01 00:00:00.000,428FFB03-59F4-44D5-8499-488C44AE040E,5414794343,869,"ROGUE RIVER HWY    ",,,HWY,,,GRANTS PASS,OR,97527,2025-08-25 15:48:15.000,BTAX-041540-08-2025,2026-08-31 15:48:15.000
BAUMER'S HEATING & AIR CONDITIONING LLC,THEODORE BAUMER,Outside City Limits,238220,Contractor-HVAC Services,,2010-04-01 00:00:00.000,7F20A7E5-0D07-449C-91B6-C200E04A1C2E,5419511449,PO BOX 201,,,,,,,EAGLE POINT,OR,97524,2025-08-18 10:28:51.000,BTAX-041308-08-2025,2026-08-31 10:28:51.000
"BBAC INC                      ",BRET CUDD,Inside City Limits,561431,Mail Center-Private,INSIDE THE BOX,2013-01-01 00:00:00.000,AD4C97D9-36AC-4C1C-8CF0-5B9F74DFCE9A,5419551400,560,F,,NE,ST,,SUITE A,GRANTS PASS,OR,97526,2026-02-27 11:08:57.000,BTAX-042865-02-2026,2027-02-28 11:08:57.000
"BBB TOOLS, LLC"," ",Inside City Limits,444130,Retail-Hardware,SNAP ON TOOLS,2021-02-08 00:00:00.000,1f26a743-668b-4501-b251-ccf7e01ee49f,5416590908,732,J,,SE,ST,,,GRANTS PASS,OR,97526,2025-08-12 09:34:30.000,BTAX-041162-08-2025,2026-08-31 09:34:30.000
"BBB TOOLS, LLC",William Thompson,Inside City Limits,444130,Retail-Hardware,SNAP ON TOOLS,2021-02-08 00:00:00.000,1f26a743-668b-4501-b251-ccf7e01ee49f,5416590908,732,J,,SE,ST,,,GRANTS PASS,OR,97526,2025-08-12 09:34:30.000,BTAX-041162-08-2025,2026-08-31 09:34:30.000
BCH GP LLC,ANURAG PATEL,Inside City Limits,721110,Hotel/Motel,,1994-03-18 00:00:00.000,6D25EDFD-BCEB-4F4E-9D64-FB4183E57EE8,5034497696,3971,INTERSTATE,,N,AVE,,,PORTLAND,OR,97227,2025-09-26 14:38:48.000,BTAX-041889-09-2025,2026-09-30 14:38:48.000
BCH GP LLC," ",Inside City Limits,721110,Hotel/Motel,,1994-03-18 00:00:00.000,6D25EDFD-BCEB-4F4E-9D64-FB4183E57EE8,5034497696,3971,INTERSTATE,,N,AVE,,,PORTLAND,OR,97227,2025-09-26 14:38:48.000,BTAX-041889-09-2025,2026-09-30 14:38:48.000
BE YOUTIFUL SALON,MARCELLA ARANA,Inside City Limits,812112,Beauty Salon,,2018-05-01 00:00:00.000,67cac9df-c724-40f6-82e6-aa5be325702a,5417870838,1556,ROUNDS,,,AVE,,,GRANTS PASS,OR,97527,2026-02-04 15:05:04.000,BTAX-042736-02-2026,2026-12-31 15:05:04.000
BE YOUTIFUL SALON," ",Inside City Limits,812112,Beauty Salon,,2018-05-01 00:00:00.000,67cac9df-c724-40f6-82e6-aa5be325702a,5417870838,1556,ROUNDS,,,AVE,,,GRANTS PASS,OR,97527,2026-02-04 15:05:04.000,BTAX-042736-02-2026,2026-12-31 15:05:04.000
"BEACHBUM'S STORAGE            ",FRANK A & EVA G  BEACHAM,Inside City Limits,493110,Storage & General Warehousing,,2007-12-19 00:00:00.000,E8F74316-9C2A-47D6-8C88-7CDB20277EDB,5419419730,2175,HAWTHORNE,,NW,AVE,,,GRANTS PASS,OR,97526,2026-01-15 11:25:30.000,BTAX-042643-01-2026,2027-01-31 11:25:30.000
BEAN ELECTRICAL CONTRACTORS LLC," ",Outside City Limits,238210,Contractor-Electrical,,2022-10-07 00:00:00.000,0ea95fce-c9de-400c-87db-ca007b5772c2,5418160603,1934,GRIFFIN CREEK,,,RD,,,MEDFORD,OR,97501,2025-10-10 10:26:33.000,BTAX-041984-10-2025,2026-10-31 10:26:33.000
BEAN ELECTRICAL CONTRACTORS LLC,Joe Bean,Outside City Limits,238210,Contractor-Electrical,,2022-10-07 00:00:00.000,0ea95fce-c9de-400c-87db-ca007b5772c2,5418160603,1934,GRIFFIN CREEK,,,RD,,,MEDFORD,OR,97501,2025-10-10 10:26:33.000,BTAX-041984-10-2025,2026-10-31 10:26:33.000
"BEAR VALLEY MEDICAL CLINIC, LLC"," ",Inside City Limits,621111,Medical-Physician,,2020-10-29 00:00:00.000,c35af95c-1b69-45f2-aa6c-07339b034115,5412375040,1690,LYNDA,,NE,LN,,,GRANTS PASS,OR,97526,2026-02-27 11:23:30.000,BTAX-042867-02-2026,2027-02-28 11:23:30.000
"BEAR VALLEY MEDICAL CLINIC, LLC",DANIEL TIBBITS,Inside City Limits,621111,Medical-Physician,,2020-10-29 00:00:00.000,c35af95c-1b69-45f2-aa6c-07339b034115,5412375040,1690,LYNDA,,NE,LN,,,GRANTS PASS,OR,97526,2026-02-27 11:23:30.000,BTAX-042867-02-2026,2027-02-28 11:23:30.000
BEAUTY IN THE ROGUE,JESSIE VASILIA,Inside City Limits,812112,Beauty Salon,,2022-11-08 00:00:00.000,29b8d649-eda9-49ed-9a15-2aaff6c4e3a7,5416601422,1439,6TH,,NE,ST,,,GRANTS PASS,OR,97526,2025-12-04 12:25:08.000,BTAX-042390-12-2025,2026-12-31 12:25:08.000
BEELER EXCAVATION LLC,DARYL L  BEELER,Inside City Limits,238190,Contractor-General/Building Exterior,BEELER EXCAVATION,1996-05-14 00:00:00.000,5AE77307-D141-44FF-8BC7-6DDB9A29F90C,5412956772,109,CUMBERLAN,,,DR,,,GRANTS PASS,OR,97527,2025-08-07 12:00:17.000,BTAX-041115-08-2025,2026-07-31 12:00:17.000
BEHYMER SORENSON & PRICE LLC," BEHYMER & SORENSON & PRICE",Inside City Limits,541211,Accountant-CPA,,2007-07-16 00:00:00.000,9EAF9B87-7BB2-49A7-A198-DB012284F941,5419550500,237,J,,SE,ST,,,GRANTS PASS,OR,97526,2025-07-11 14:32:14.000,BTAX-040688-07-2025,2026-07-31 14:32:14.000
BELA & KADE," TOLEDO",Inside City Limits,541211,Accountant-CPA,,1997-01-01 00:00:00.000,EA9C6378-5697-405E-975C-14CC3B087757,5412442192,406,G,,SE,ST,,SUITE B,GRANTS PASS,OR,97526,2025-07-10 12:40:43.000,BTAX-040653-07-2025,2026-07-31 12:40:43.000
"BELFOR PROPERTY RESTORATION   ",INC  BELFOR USA GROUP,Outside City Limits,238190,Contractor-General/Building Exterior,,2007-05-01 00:00:00.000,0F7255BD-51EB-4FCF-8490-51C34BFDC05E,5416645454,2067,CARDINAL,,,AVE,,,MEDFORD,OR,97504,2025-08-20 12:44:26.000,BTAX-041454-08-2025,2026-08-31 12:44:26.000
BENJAMIN DAVID QUAL CONSTRUCTION," ",Outside City Limits,238190,Contractor-General/Building Exterior,QUAL CONSTRUCTION,2021-06-11 00:00:00.000,0e81abb8-5431-41e8-abbb-549b968340fc,5414508029,194,GARY,,,LN,,,MERLIN,OR,97532,2025-08-04 11:03:15.000,BTAX-041082-08-2025,2026-08-31 11:03:15.000
BENJAMIN DAVID QUAL CONSTRUCTION,BENJAMIN QUAL,Outside City Limits,238190,Contractor-General/Building Exterior,QUAL CONSTRUCTION,2021-06-11 00:00:00.000,0e81abb8-5431-41e8-abbb-549b968340fc,5414508029,194,GARY,,,LN,,,MERLIN,OR,97532,2025-08-04 11:03:15.000,BTAX-041082-08-2025,2026-08-31 11:03:15.000
"BENSON JANITORIAL & SUPPLY    ",PETER  BENSON,Inside City Limits,561720,Janitorial Services,,1990-07-01 00:00:00.000,F4FF72FF-9B1D-4919-97F4-F546297C1059,5414795200,PO BOX 254,,,,,,,GRANTS PASS,OR,97528,2025-08-12 15:53:14.000,BTAX-041204-08-2025,2026-08-31 15:53:14.000
"BEST PORTABLE TOILETS         ",DAVID  BLACKLOCK,Inside City Limits,454390,Retail-Misc Direct Selling Establishment,,2010-07-01 00:00:00.000,C6323AD3-E748-40A5-86C2-C4E066EF3333,5414794715,801,4TH,,SW,ST,,,GRANTS PASS,OR,97526,2025-10-23 10:32:03.000,BTAX-042114-10-2025,2026-10-31 10:32:03.000
"BEST WASH & FOLD              ",SHARI SMITH,Inside City Limits,812320,Dry Cleaning Services,,2013-11-04 00:00:00.000,4398DE8C-157B-41A1-879B-C5C13FC120EE,5416595099,870,D,,NE,ST,,,GRANTS PASS,OR,97526,2025-08-01 16:24:54.000,BTAX-041074-08-2025,2026-07-31 16:24:54.000
"BEST WASH & FOLD              "," ",Inside City Limits,812320,Dry Cleaning Services,,2013-11-04 00:00:00.000,4398DE8C-157B-41A1-879B-C5C13FC120EE,5416595099,870,D,,NE,ST,,,GRANTS PASS,OR,97526,2025-08-01 16:24:54.000,BTAX-041074-08-2025,2026-07-31 16:24:54.000
"BEST WESTERN GRANTS PASS INN  ",ROBERT & SHIRLEY  JENSEN,Inside City Limits,721110,Hotel/Motel,,1986-10-04 00:00:00.000,8E643B61-F426-4DED-8E08-0EA9395021A3,5414761117,111,AGNESS,,NE,AVE,,,GRANTS PASS,OR,97526,2025-08-14 10:40:31.000,BTAX-041235-08-2025,2026-08-31 10:40:31.000
BETTER BUILT CONSTRUCTION," ",Outside City Limits,238190,Contractor-General/Building Exterior,,2022-01-26 00:00:00.000,bf97ca45-0fea-4b8b-bf24-230ac64e95bf,5416901100,2802,CRATER LAKE,,,HWY,,,MEDFORD,OR,97504,2025-05-07 09:32:09.000,BTAX-040321-05-2025,2026-05-31 09:32:09.000
BETTER BUILT CONSTRUCTION,WERNER CONSTANZA,Outside City Limits,238190,Contractor-General/Building Exterior,,2022-01-26 00:00:00.000,bf97ca45-0fea-4b8b-bf24-230ac64e95bf,5416901100,2802,CRATER LAKE,,,HWY,,,MEDFORD,OR,97504,2025-05-07 09:32:09.000,BTAX-040321-05-2025,2026-05-31 09:32:09.000
"BETTY COULSON RENTALS         ",BETTY  COULSON,Outside City Limits,531110,Rental Units/Landlord,,1989-07-01 00:00:00.000,B0C7B687-B0BF-46F3-BDED-30DBB882B4E2,5414742881,C/O REALWISE PROPERTY MANAGEMENT,141 NW C ST,,,,,,GRANTS PASS,OR,97526,2025-10-20 14:09:25.000,BTAX-042058-10-2025,2026-10-31 14:09:25.000
"BEVERLY SCHMIDT RENTALS        ",BEVERLY  SCHMIDT,Outside City Limits,531110,Rental Units/Landlord,,1994-04-20 00:00:00.000,C90B3E38-1A49-478F-B539-1A49623D5745,5418467547,PO BOX 637,,,,,,,GRANTS PASS,OR,97528,2025-11-13 11:48:06.000,BTAX-042278-11-2025,2026-11-30 11:48:06.000
"BEYOND THE GARDEN GATE        ",CLARA  PUTLITZ,Inside City Limits,712130,Zoo/Botanical Garden,,2006-05-19 00:00:00.000,A5722AB1-EE1B-4491-85CD-C6C6F54110B7,5412185003,2237,ALLEN CREEK,,,CR,,,GRANTS PASS,OR,97527,2025-07-15 10:47:17.000,BTAX-040743-07-2025,2026-07-31 10:47:17.000
BHV MAINTENANCE," ",Inside City Limits,561730,Yard Services,,2021-12-02 00:00:00.000,bdad6a6b-dce0-4e52-a155-0d6cd0027468,,415,10TH,,SE,ST,,UNIT B,GRANTS PASS,OR,97526,2025-12-05 11:21:50.000,BTAX-042396-12-2025,2026-12-31 11:21:50.000
BHV MAINTENANCE,BRANDON VICKERY,Inside City Limits,561730,Yard Services,,2021-12-02 00:00:00.000,bdad6a6b-dce0-4e52-a155-0d6cd0027468,,415,10TH,,SE,ST,,UNIT B,GRANTS PASS,OR,97526,2025-12-05 11:21:50.000,BTAX-042396-12-2025,2026-12-31 11:21:50.000
"BIG 5 SPORTING GOODS #227     "," BIG 5 CORP(JOHN LUCERO VP)    ",Inside City Limits,451110,Retail-Sporting Goods,,1998-08-01 00:00:00.000,3AF12282-02D3-4756-AB25-80074BB4059E,3105360611,PO BOX 92088,,,,,,,LOS ANGELES,CA,900092088,2025-08-12 14:15:41.000,BTAX-041182-08-2025,2026-08-31 14:15:41.000
BIG D'S PLUMBING,Donald Blank,Outside City Limits,238220,Plumber,,2022-04-01 00:00:00.000,fe47898b-a335-4f5e-8816-586ef8ce8b60,5418217849,PO BOX 113,,,,,,,MEDFORD,OR,97501,2025-06-02 14:59:19.000,BTAX-040454-06-2025,2026-06-30 14:59:19.000
BIG D'S PLUMBING,DONALD BLANK,Outside City Limits,238220,Plumber,,2022-04-01 00:00:00.000,fe47898b-a335-4f5e-8816-586ef8ce8b60,5418217849,PO BOX 113,,,,,,,MEDFORD,OR,97501,2025-06-02 14:59:19.000,BTAX-040454-06-2025,2026-06-30 14:59:19.000
"BIKEKRAFT                    ",HEATHER WHITE,Inside City Limits,541990,Professional-Misc,,1998-12-01 00:00:00.000,B61C3F2B-E356-496F-9730-9E470A34EECC,5414764935,1448,WILLIAMS,,,HWY,,,GRANTS PASS,OR,97527,2025-05-09 15:02:12.000,BTAX-040334-05-2025,2026-05-31 15:02:12.000
"BILL'S BACKHOE SERVICE INC     "," ",Outside City Limits,238190,Contractor-General/Building Exterior,,2008-10-07 00:00:00.000,A289126D-D30B-4F9B-BCB0-563F47D60C96,5417733995,PO BOX 2733,,,,,,,WHITE CITY,OR,97503,2026-03-16 14:20:30.000,BTAX-042981-03-2026,2027-03-31 14:20:30.000
"BILL'S BACKHOE SERVICE INC     ",DEVON MEYER,Outside City Limits,238190,Contractor-General/Building Exterior,,2008-10-07 00:00:00.000,A289126D-D30B-4F9B-BCB0-563F47D60C96,5417733995,PO BOX 2733,,,,,,,WHITE CITY,OR,97503,2026-03-16 14:20:30.000,BTAX-042981-03-2026,2027-03-31 14:20:30.000
"BILL'S BACKHOE SERVICE INC     ",IRIS REAGAN,Outside City Limits,238190,Contractor-General/Building Exterior,,2008-10-07 00:00:00.000,A289126D-D30B-4F9B-BCB0-563F47D60C96,5417733995,PO BOX 2733,,,,,,,WHITE CITY,OR,97503,2026-03-16 14:20:30.000,BTAX-042981-03-2026,2027-03-31 14:20:30.000
"BILL'S GLASS & WINDSHEILDS               "," BUTLER'S GLASS (BUTLER/REEVES)",Inside City Limits,811122,Auto-Glass Replacement Shop,,1997-01-01 00:00:00.000,0F249A2C-1FFC-4F85-A5BF-9C5FF490369F,5414799679,319,MCANDREWS,,E,RD,,,MEDFORD,OR,97501,2025-08-19 11:15:32.000,BTAX-041382-08-2025,2026-08-31 11:15:32.000
BI-MART CORPORATION,"            ",Inside City Limits,452111,Retail-Department Store,BI-MART #610,1997-04-15 00:00:00.000,A3A9396A-CB6A-4773-90D1-09B1E98491F8,5414798365,PO BOX 2310,,,,,,,EUGENE,OR,97402,2025-07-22 12:15:46.000,BTAX-040866-07-2025,2026-07-31 12:15:46.000
"BLACK BEAR DINER              ",CURT & ELLEN  MOORE,Inside City Limits,722511,Restaurant,,2011-03-21 00:00:00.000,893BBA5D-499E-4B36-ADB5-BB777E8A50C0,5417735115,3961,CRYSTAL SPRINGS,,,DR,,,MEDFORD,OR,97504,2025-07-22 12:37:47.000,BTAX-040878-07-2025,2026-07-31 12:37:47.000
"BLACK BEARD LLC              "," FRANKLIN KATRINA BRANDON PRICE",Inside City Limits,561720,Cleaning Service,HCS (HYDRO CLEANING SVC),2012-09-04 00:00:00.000,C90A7BDA-5697-4DEA-A7C4-026795E776DF,5414761387,901,E,,NW,ST,,,GRANTS PASS,OR,97526,2025-09-18 10:58:37.000,BTAX-041802-09-2025,2026-08-31 10:58:37.000
"BLACK BEER, LLC.",FRANKLIN PRICE,Inside City Limits,551114,"Managing, Corporate & Subsidiary Offices",,2019-09-06 00:00:00.000,c69fa16b-299f-470a-b060-977c250292cd,5414761387,901,E,,NW,ST,,,GRANTS PASS,OR,97526,2025-10-29 14:49:45.000,BTAX-042156-10-2025,2026-10-31 14:49:45.000
"BLACK BEER, LLC.",BRANDON PRICE,Inside City Limits,551114,"Managing, Corporate & Subsidiary Offices",,2019-09-06 00:00:00.000,c69fa16b-299f-470a-b060-977c250292cd,5414761387,901,E,,NW,ST,,,GRANTS PASS,OR,97526,2025-10-29 14:49:45.000,BTAX-042156-10-2025,2026-10-31 14:49:45.000
"BLACK BEER, LLC."," ",Inside City Limits,551114,"Managing, Corporate & Subsidiary Offices",,2019-09-06 00:00:00.000,c69fa16b-299f-470a-b060-977c250292cd,5414761387,901,E,,NW,ST,,,GRANTS PASS,OR,97526,2025-10-29 14:49:45.000,BTAX-042156-10-2025,2026-10-31 14:49:45.000
"BLACK FOREST RESTAURANT LLC   "," FASZER DWAYNE & DEBORAH       ",Inside City Limits,722511,Restaurant,,2001-11-27 00:00:00.000,478808AA-CDB3-4C11-B5C2-C9EC9F67DF25,5412441845,820,E,,NE,ST,,,GRANTS PASS,OR,97526,2025-11-07 11:04:14.000,BTAX-042238-11-2025,2026-11-30 11:04:14.000
"BLACK OAK ADULT FOSTER CARE   ",KEENA  SELF,Inside City Limits,623110,Medical-Nursing Care Facility,,2009-08-10 00:00:00.000,ED714EE0-6258-47A8-9308-A7088BEBDB22,5419556063,1031,"MORGAN LN     ",,NW,LN,,,GRANTS PASS,OR,97526,2025-11-07 09:04:47.000,BTAX-042230-11-2025,2026-11-30 09:04:47.000
"BLACK, CHAPMAN, PETERSEN & STEVENS","HAPMAN,WEBBER,STEVENS  BLACK",Inside City Limits,541110,Lawyer,,1987-07-02 00:00:00.000,6F3F444A-7C3F-4B20-AE0F-F40C28AD6EC7,5414743374,221,STEWART,,,AVE,,#209,MEDFORD,OR,97501,2025-07-14 08:51:32.000,BTAX-040695-07-2025,2026-07-31 08:51:32.000
BLAKE K ANDERSON DND LLC,BLAKE ANDERSON,Inside City Limits,621210,Medical-Dentist,A STREET DENTAL,2021-07-12 00:00:00.000,fa4b2dea-c400-46c1-81e7-001ab3e1d6f7,5414769792,828,A,,NE,ST,,,GRANTS PASS,OR,97526,2025-08-14 14:05:07.000,BTAX-041259-08-2025,2026-07-31 14:05:07.000
BLAKE K ANDERSON DND LLC," ",Inside City Limits,621210,Medical-Dentist,A STREET DENTAL,2021-07-12 00:00:00.000,fa4b2dea-c400-46c1-81e7-001ab3e1d6f7,5414769792,828,A,,NE,ST,,,GRANTS PASS,OR,97526,2025-08-14 14:05:07.000,BTAX-041259-08-2025,2026-07-31 14:05:07.000
BLANCHARD COUNSELING SERVICES LLC," ",Inside City Limits,621999,Health Screening Services,,2021-03-01 00:00:00.000,4a067c39-de49-4e63-a5d2-3751332f700a,,1349,GOLDEN PARK,,,DR,,APT B,GRANTS PASS,OR,97527,2025-06-23 16:12:32.000,BTAX-040551-06-2025,2026-06-30 16:12:32.000
BLANCHARD COUNSELING SERVICES LLC,TAMRA BLANCHARD,Inside City Limits,621999,Health Screening Services,,2021-03-01 00:00:00.000,4a067c39-de49-4e63-a5d2-3751332f700a,,1349,GOLDEN PARK,,,DR,,APT B,GRANTS PASS,OR,97527,2025-06-23 16:12:32.000,BTAX-040551-06-2025,2026-06-30 16:12:32.000
"BLANKENSHIP INDUSTRIES, LLC"," ",Inside City Limits,238990,Contractor-Trade/Specialty,,2018-10-22 00:00:00.000,a7510dfe-103f-4aa0-8e8f-bba979d92292,5416607591,910,STARLITE,,NW,PL,,,GRANTS PASS,OR,97526,2026-03-17 09:08:53.000,BTAX-042985-03-2026,2027-03-31 09:08:53.000
"BLANKENSHIP INDUSTRIES, LLC",JEANETTE & OTIS  BLANKENSHIP,Inside City Limits,238990,Contractor-Trade/Specialty,,2018-10-22 00:00:00.000,a7510dfe-103f-4aa0-8e8f-bba979d92292,5416607591,910,STARLITE,,NW,PL,,,GRANTS PASS,OR,97526,2026-03-17 09:08:53.000,BTAX-042985-03-2026,2027-03-31 09:08:53.000
BLAZE-N-MONKEYS LLC,PATRICK HOADLEY,Inside City Limits,722320,Caterer,BLAZE-N-MONKEYS,2022-07-20 00:00:00.000,8ca335da-1c61-498a-b1c7-a6515f56ad5c,5414415104,1702,PINECREST,,,DR,,,GRANTS PASS,OR,97526,2025-06-25 15:43:56.000,BTAX-040564-06-2025,2026-06-30 15:43:56.000
BLAZE-N-MONKEYS LLC,PATRICK  HOADLEY,Inside City Limits,722320,Caterer,BLAZE-N-MONKEYS,2022-07-20 00:00:00.000,8ca335da-1c61-498a-b1c7-a6515f56ad5c,5414415104,1702,PINECREST,,,DR,,,GRANTS PASS,OR,97526,2025-06-25 15:43:56.000,BTAX-040564-06-2025,2026-06-30 15:43:56.000
"BLG, INC"," ",Inside City Limits,238990,Contractor-Trade/Specialty,RIVER CITY GLASS,2023-03-27 00:00:00.000,63f88229-177a-4292-9ccd-06eef608c607,5038788585,2763,22ND,,,ST,SE,,SALEM,OR,97302,2025-04-07 15:13:08.000,BTAX-040170-04-2025,2026-04-30 15:13:08.000
"BLG, INC",DARAND DAVIES PATRICK MCONVILLE,Inside City Limits,238990,Contractor-Trade/Specialty,RIVER CITY GLASS,2023-03-27 00:00:00.000,63f88229-177a-4292-9ccd-06eef608c607,5038788585,2763,22ND,,,ST,SE,,SALEM,OR,97302,2025-04-07 15:13:08.000,BTAX-040170-04-2025,2026-04-30 15:13:08.000
BLISSFUL BEING WELLSNESS LLC,ALIX MARMULSTEIN,Inside City Limits,621399,Medical-Massage Therapy,,2018-11-20 00:00:00.000,b376c0ba-6f47-4e2d-a5e5-022b20fb4e65,5416609209,PO BOX 553,,,,,,,WILLIAMS,OR,97544,2026-03-10 10:25:46.000,BTAX-042928-03-2026,2027-03-31 10:25:46.000
BLISSFUL BEING WELLSNESS LLC," ",Inside City Limits,621399,Medical-Massage Therapy,,2018-11-20 00:00:00.000,b376c0ba-6f47-4e2d-a5e5-022b20fb4e65,5416609209,PO BOX 553,,,,,,,WILLIAMS,OR,97544,2026-03-10 10:25:46.000,BTAX-042928-03-2026,2027-03-31 10:25:46.000
BLUE DOOR BOUTIQUE,JEANETTE MICHAEL,Inside City Limits,453220,Retail-Gift & Novelty Store,THE WHITE OWL,2020-07-01 00:00:00.000,19cdcf62-aacd-4bf1-b782-f9393a886841,2679025458,144,G,,SE,ST,,,GRANTS PASS,OR,97526,2025-08-12 09:56:42.000,BTAX-041168-08-2025,2026-08-31 09:56:42.000
BLUE DOOR BOUTIQUE," ",Inside City Limits,453220,Retail-Gift & Novelty Store,THE WHITE OWL,2020-07-01 00:00:00.000,19cdcf62-aacd-4bf1-b782-f9393a886841,2679025458,144,G,,SE,ST,,,GRANTS PASS,OR,97526,2025-08-12 09:56:42.000,BTAX-041168-08-2025,2026-08-31 09:56:42.000
BLUE DOOR SALON," ",Inside City Limits,812112,Beauty Salon,,2013-06-01 00:00:00.000,C8FF7EE3-1099-4E84-A4DB-6CC6C10B5DF8,5419555956,2169,NICK,,,WAY,,,GRANTS PASS,OR,97527,2025-07-15 10:35:22.000,BTAX-040742-07-2025,2026-07-31 10:35:22.000
BLUE DOOR SALON,BROOKE GILMORE,Inside City Limits,812112,Beauty Salon,,2013-06-01 00:00:00.000,C8FF7EE3-1099-4E84-A4DB-6CC6C10B5DF8,5419555956,2169,NICK,,,WAY,,,GRANTS PASS,OR,97527,2025-07-15 10:35:22.000,BTAX-040742-07-2025,2026-07-31 10:35:22.000
BLUE FLAME FABRICATION,JEREMIAH ROSSI,Inside City Limits,238190,Welding/Fabrication,,2019-04-04 00:00:00.000,9dd2c520-45b1-4d72-8468-8d7e189316ba,5417612074,5821,CLOVERLAWN,,,DR,,,GRANTS PASS,OR,97527,2025-05-08 12:21:59.000,BTAX-040327-05-2025,2026-05-31 12:21:59.000
BLUE FLAME FABRICATION," ",Inside City Limits,238190,Welding/Fabrication,,2019-04-04 00:00:00.000,9dd2c520-45b1-4d72-8468-8d7e189316ba,5417612074,5821,CLOVERLAWN,,,DR,,,GRANTS PASS,OR,97527,2025-05-08 12:21:59.000,BTAX-040327-05-2025,2026-05-31 12:21:59.000
BLUE LINE HOLDINGS INC DBA ADAIR HOMES," ",Outside City Limits,238190,Contractor-General/Building Exterior,ADAIR HOMES INC,2000-08-08 00:00:00.000,df2be277-5e39-4439-96a3-2d52f58b44c3,5418790614,4400,77TH,,NE,AVE,,STE 100,VANCOUVER,WA,98662,2026-01-12 15:51:28.000,BTAX-042610-01-2026,2027-01-31 15:51:28.000
"BLUE MOON ANTIQUES GIFTS & COLLECTIBLES INC          ",WARD WARREN,Inside City Limits,453220,Retail-Gift & Novelty Store,BLUE MOON TOO,1988-04-15 00:00:00.000,C87D7570-496C-4715-BB2B-46FA83AAF79C,5412007020,208,6TH,,NW,ST,,#3,GRANTS PASS,OR,97526,2025-08-13 15:57:26.000,BTAX-041226-08-2025,2026-07-31 15:57:26.000
"BLUE WILLOW BOOKKEEPING LLC   ",NANCY  COLLINS,Inside City Limits,541214,Payroll Services,,1998-01-01 00:00:00.000,D018CA25-FFF0-42B5-9669-87BC7A5356D5,5414710626,725,G,,SW,ST,,,GRANTS PASS,OR,97526,2025-07-15 15:58:45.000,BTAX-040777-07-2025,2026-07-31 15:58:45.000
"BLUEEARTH MARINE, LLC",TRAVIS HAMLYN,Inside City Limits,454390,Retail-Misc Direct Selling Establishment,,2019-08-19 00:00:00.000,53a29a5b-d0f2-4177-8424-f6168d9a1c1e,5417792545,966,6TH,,SW,ST,,,GRANTS PASS,OR,97526,2025-10-29 14:32:10.000,BTAX-042154-10-2025,2026-10-31 14:32:10.000
"BLUEEARTH MARINE, LLC"," ",Inside City Limits,454390,Retail-Misc Direct Selling Establishment,,2019-08-19 00:00:00.000,53a29a5b-d0f2-4177-8424-f6168d9a1c1e,5417792545,966,6TH,,SW,ST,,,GRANTS PASS,OR,97526,2025-10-29 14:32:10.000,BTAX-042154-10-2025,2026-10-31 14:32:10.000
"B-N-B CONSTRUCTION LLC        ",BRUCE & BARBEL  DONOVAN,Inside City Limits,238190,Contractor-General/Building Exterior,,2007-07-01 00:00:00.000,ADA224EA-A1DE-4BE2-8F71-16EAFE48030B,5412185454,8874,"WILLIAMS HWY     ",,,HWY,,,GRANTS PASS,OR,97527,2025-10-31 10:46:59.000,BTAX-042175-10-2025,2026-10-31 10:46:59.000
"BOB ARRITOLA CONSTRUCTION LLC ",ROBERT  ARRITOLA,Inside City Limits,238990,Contractor-Trade/Specialty,,1997-04-05 00:00:00.000,029FBEA6-CE73-4948-88D8-47E1FB634969,5414747823,722,WINONA,,,RD,,,GRANTS PASS,OR,97526,2026-01-02 14:14:23.000,BTAX-042540-01-2026,2026-12-31 14:14:23.000
BOB DRAKE REPRODUCTIONS I,ROBERT A  DRAKE,Inside City Limits,811111,Auto-General Repair,,2004-07-01 00:00:00.000,5D74452A-CD4E-43F9-950A-4B95786FC3FA,5414740043,1819,WASHINGTON,,NW,BLVD,,,GRANTS PASS,OR,97526,2025-07-25 14:28:57.000,BTAX-040991-07-2025,2026-07-31 14:28:57.000
BOB DRAKE REPRODUCTIONS III,ROBERT A  DRAKE,Inside City Limits,811111,Auto-General Repair,,2008-07-01 00:00:00.000,6DE83F88-9546-493D-B78A-E04601BDF2A3,5414740043,1819,WASHINGTON,,NW,BLVD,,,GRANTS PASS,OR,97526,2025-07-25 14:34:33.000,BTAX-040992-07-2025,2026-07-31 14:34:33.000
"BOB'S BUFF AND SHINE          ",ROBERT & ELIZABETH  CONNER,Inside City Limits,811121,"Auto-Body, Paint & Interior",,1984-10-01 00:00:00.000,CEA78494-5FDD-4297-A39A-F27D4495919F,5414768166,625,7TH,,NE,ST,,,GRANTS PASS,OR,97526,2025-09-02 15:10:08.000,BTAX-041604-09-2025,2026-08-31 15:10:08.000
"BOB'S BUFF AND SHINE          ",ROBERT  CONNER,Inside City Limits,811121,"Auto-Body, Paint & Interior",,1984-10-01 00:00:00.000,CEA78494-5FDD-4297-A39A-F27D4495919F,5414768166,625,7TH,,NE,ST,,,GRANTS PASS,OR,97526,2025-09-02 15:10:08.000,BTAX-041604-09-2025,2026-08-31 15:10:08.000
"BOB'S MECHANICAL        ",BOB  HAGLUND,Inside City Limits,811111,Auto-General Repair,,2010-11-19 00:00:00.000,CDFAD3AB-D40D-40E6-84B7-76F272F05409,5414711489,500,"KEEN ROAD    ",,,RD,,,GRANTS PASS,OR,97527,2025-08-12 16:08:51.000,BTAX-041209-08-2025,2026-08-31 16:08:51.000
"BODY COVER/MAGIC STITCHES     ",RON & MELANIE  VINYARD,Inside City Limits,541990,Professional-Misc,,1990-04-01 00:00:00.000,7019C75D-39E7-462A-B242-E19017B87E1A,5414711504,420,H,,SW,ST,,,GRANTS PASS,OR,97526,2026-02-24 15:55:19.000,BTAX-042845-02-2026,2027-02-28 15:55:19.000
"BODYWISE, LLC",KIMBERLY TAMBELLINI,Inside City Limits,621399,Medical-Massage Therapy,,2006-08-09 00:00:00.000,BE6AA77F-D12B-4B39-94EE-D180842240B6,5419514930,714,5TH,,NW,ST,,A,GRANTS PASS,OR,97526,2025-08-12 16:06:20.000,BTAX-041208-08-2025,2026-08-31 16:06:20.000
"BODYWISE, LLC"," ",Inside City Limits,621399,Medical-Massage Therapy,,2006-08-09 00:00:00.000,BE6AA77F-D12B-4B39-94EE-D180842240B6,5419514930,714,5TH,,NW,ST,,A,GRANTS PASS,OR,97526,2025-08-12 16:06:20.000,BTAX-041208-08-2025,2026-08-31 16:06:20.000
"BOGGS ELECTRIC LLC          ",BRIAN BOGGS,Inside City Limits,238210,Contractor-Electrical,,2003-03-17 00:00:00.000,D3DD0F6E-639E-40A8-9E60-60B04E1FA123,5414417900,233,ROGUE RIVER,,,HWY,,#702,GRANTS PASS,OR,97526,2025-10-29 11:19:31.000,BTAX-042137-10-2025,2026-10-31 11:19:31.000
BOHO BEAUTY STUDIO LLC,YOLANDA JACKSON,Inside City Limits,812112,Beauty Salon,BOHO BEAUTY STUDIO,2023-05-18 00:00:00.000,c076be7a-4c80-486d-90ce-2add207a9f08,5417877016,529,EVANS CREEK,,W,RD,,,ROGUE RIVER,OR,97537,2025-05-27 14:43:45.000,BTAX-040427-05-2025,2026-05-31 14:43:45.000
BOHO BEAUTY STUDIO LLC," ",Inside City Limits,812112,Beauty Salon,BOHO BEAUTY STUDIO,2023-05-18 00:00:00.000,c076be7a-4c80-486d-90ce-2add207a9f08,5417877016,529,EVANS CREEK,,W,RD,,,ROGUE RIVER,OR,97537,2025-05-27 14:43:45.000,BTAX-040427-05-2025,2026-05-31 14:43:45.000
"BOLT GRAFIX, LLC",ELI BEARD,Inside City Limits,454390,Retail-Misc Direct Selling Establishment,BOLT GRAFIX,2021-05-24 00:00:00.000,e3716132-6ecb-4ca4-9ce6-d83121477eb6,5419168272,PO BOX 751,,,,,,,GRANTS PASS,OR,97528,2025-07-07 11:01:23.000,BTAX-040611-07-2025,2026-07-31 11:01:23.000
"BOLT GRAFIX, LLC",Eli Beard,Inside City Limits,454390,Retail-Misc Direct Selling Establishment,BOLT GRAFIX,2021-05-24 00:00:00.000,e3716132-6ecb-4ca4-9ce6-d83121477eb6,5419168272,PO BOX 751,,,,,,,GRANTS PASS,OR,97528,2025-07-07 11:01:23.000,BTAX-040611-07-2025,2026-07-31 11:01:23.000
"BONNIE E STENEN               ",BONNIE E  STENEN,Inside City Limits,531110,Rental Units/Landlord,,2008-01-15 00:00:00.000,5076662A-9F89-4D10-BA33-F4773A916207,5414796420,522,E,,NW,ST,,,GRANTS PASS,OR,97526,2025-07-07 11:53:11.000,BTAX-040614-07-2025,2026-07-31 11:53:11.000
"BOOTH STREET SELF STORAGE     "," LEAVITT FAMILY CORPORATION    ",Inside City Limits,493110,Storage & General Warehousing,,1990-05-01 00:00:00.000,9AADF8A4-E796-4ECB-9926-4B5F400D1DA4,5414791505,PO BOX 674,,,,,,,GRANTS PASS,OR,97526,2025-08-19 16:16:05.000,BTAX-041431-08-2025,2026-08-31 16:16:05.000
BOOTH STREET THRIFT STORE," ",Inside City Limits,453310,Retail-Thrift Store,,2018-03-26 00:00:00.000,1fb52522-3fea-481e-ad20-3dba1885fe33,5414760082,PO BOX 190,,,,,,,GRANTS PASS,OR,97528,2025-04-23 14:13:07.000,BTAX-040259-04-2025,2026-04-30 14:13:07.000
BOOTH STREET THRIFT STORE," ",Inside City Limits,453310,Retail-Thrift Store,,2018-03-26 00:00:00.000,1fb52522-3fea-481e-ad20-3dba1885fe33,5414760082,PO BOX 190,,,,,,,GRANTS PASS,OR,97528,2025-04-23 14:13:07.000,BTAX-040259-04-2025,2026-04-30 14:13:07.000
BOUNDS CONSTRUCTION SERVICES LLC,GREG  BOUNDS,Inside City Limits,238190,Contractor-General/Building Exterior,,2014-10-20 00:00:00.000,C088B59A-22A8-4984-84FF-F63FDE7F5614,5417610651,560-A,F,,NE,ST,,STE A PMB #242,GRANTS PASS,OR,97526,2026-03-17 14:42:28.000,BTAX-042991-03-2026,2027-03-31 14:42:28.000
BOWER SPA SERVICE LLC,DANIEL BOWER,Inside City Limits,541990,Professional-Misc,BOWER SPA SERVICE,2010-01-01 00:00:00.000,19576559-ce42-4579-8745-278b0bfda3b5,5417871191,1191,GARDEN TERRACE,,,RD,,,GRANTS PASS,OR,97527,2025-04-14 16:08:19.000,BTAX-040215-04-2025,2026-04-30 16:08:19.000
BOWER SPA SERVICE LLC," ",Inside City Limits,541990,Professional-Misc,BOWER SPA SERVICE,2010-01-01 00:00:00.000,19576559-ce42-4579-8745-278b0bfda3b5,5417871191,1191,GARDEN TERRACE,,,RD,,,GRANTS PASS,OR,97527,2025-04-14 16:08:19.000,BTAX-040215-04-2025,2026-04-30 16:08:19.000
BOYS & GIRLS CLUB OF THE ROGUE VALLEY," ",Inside City Limits,624190,Social Svcs-Individual & Family Svcs,,2007-03-22 00:00:00.000,61809263-a83a-4f25-b855-f5d4a3e3b47d,5414795258,PO BOX,2450,,SE,ST,," ",GRANTS PASS,OR,97528,2025-07-22 15:33:16.000,BTAX-040910-07-2025,2026-07-31 15:33:16.000
BRABEC'S REMODELS & NEW CONSTRUCTION," ",Inside City Limits,238190,Contractor-General/Building Exterior,,2022-01-25 00:00:00.000,d753769e-d12a-487c-9f47-7c1e2e8726bb,4582124739,211,WILDERVILLE,,,LN,,,GRANTS PASS,OR,97527,2025-05-06 14:09:26.000,BTAX-040317-05-2025,2026-05-31 14:09:26.000
BRABEC'S REMODELS & NEW CONSTRUCTION,LEROY BRABEC,Inside City Limits,238190,Contractor-General/Building Exterior,,2022-01-25 00:00:00.000,d753769e-d12a-487c-9f47-7c1e2e8726bb,4582124739,211,WILDERVILLE,,,LN,,,GRANTS PASS,OR,97527,2025-05-06 14:09:26.000,BTAX-040317-05-2025,2026-05-31 14:09:26.000
"BRAD FOX ROOFING LLC          ",BRAD  FOX,Inside City Limits,238160,Roofing,,2009-07-20 00:00:00.000,6F892FC2-047E-44E4-962F-945EECD3314D,5416606890,1041,"DEWEY ",,NE,DR,,,GRANTS PASS,OR,97526,2025-07-11 15:13:59.000,BTAX-040691-07-2025,2026-07-31 15:13:59.000
BRADBURY'S GUN-N-TACKLE,DAVID BRADBURY,Inside City Limits,451110,Retail-Gun Dealer,,2017-02-15 00:00:00.000,eec95330-1e13-40ca-b160-21427be1eb6f,5414761531,1809,ROGUE RIVER,,,HWY,,,GRANTS PASS,OR,97527,2025-10-21 09:28:50.000,BTAX-042089-10-2025,2026-10-31 09:28:50.000
BRADBURY'S GUN-N-TACKLE," ",Inside City Limits,451110,Retail-Gun Dealer,,2017-02-15 00:00:00.000,eec95330-1e13-40ca-b160-21427be1eb6f,5414761531,1809,ROGUE RIVER,,,HWY,,,GRANTS PASS,OR,97527,2025-10-21 09:28:50.000,BTAX-042089-10-2025,2026-10-31 09:28:50.000
BRADLEY PUTTER COMPANY," ",Inside City Limits,339999,Manufacturing-Misc Manufacturing,,2017-02-01 00:00:00.000,659ba06d-c2c2-4ce6-902d-b726cfb51c9f,5417409098,310,6TH,,SW,ST,,,GRANTS PASS,OR,97526,2025-05-13 15:17:25.000,BTAX-040354-05-2025,2026-05-31 15:17:25.000
BRADLEY PUTTER COMPANY,BRADLEY CONVERSE,Inside City Limits,339999,Manufacturing-Misc Manufacturing,,2017-02-01 00:00:00.000,659ba06d-c2c2-4ce6-902d-b726cfb51c9f,5417409098,310,6TH,,SW,ST,,,GRANTS PASS,OR,97526,2025-05-13 15:17:25.000,BTAX-040354-05-2025,2026-05-31 15:17:25.000
"BRADS CUSTOM BUILDING         ",BRADLEY CLARK  BENTON,Inside City Limits,238190,Contractor-General/Building Exterior,,1996-07-15 00:00:00.000,4EBD1408-D8DF-483A-BA03-BCFCF22642ED,5414766214,9261,LOWER RIVER,,,RD,,,GRANTS PASS,OR,97526,2025-07-14 10:25:36.000,BTAX-040708-07-2025,2026-07-31 10:25:36.000
BRANDES PLUMBING INC,NATHAN BRANDES,Outside City Limits,238220,Plumber,,2003-07-01 00:00:00.000,2ea79f85-567f-476a-b5ee-185ba546e082,5419442240,4872,GRANT,,,RD,,,CENTRAL POINT,OR,97502,2025-11-18 11:59:14.000,BTAX-042305-11-2025,2026-11-30 11:59:14.000
BRANDES PLUMBING INC,ROBERT BRANDES,Outside City Limits,238220,Plumber,,2003-07-01 00:00:00.000,2ea79f85-567f-476a-b5ee-185ba546e082,5419442240,4872,GRANT,,,RD,,,CENTRAL POINT,OR,97502,2025-11-18 11:59:14.000,BTAX-042305-11-2025,2026-11-30 11:59:14.000
BRANDON CLARK ELECTRIC DBA BEAR CREEK ELECTRIC INC," ",Outside City Limits,238210,Contractor-Electrical,BEAR CREEK ELECTRIC INC,2016-04-28 00:00:00.000,42749e6d-96fa-4c8a-ad29-4cb1a1bc89ae,5414882799,PO BOX 368,,,,,,,ASHLAND,OR,97520,2025-06-24 09:12:14.000,BTAX-040536-06-2025,2026-06-30 09:12:14.000
BRANDON CLARK ELECTRIC DBA BEAR CREEK ELECTRIC INC,ROY JORGENSEN,Outside City Limits,238210,Contractor-Electrical,BEAR CREEK ELECTRIC INC,2016-04-28 00:00:00.000,42749e6d-96fa-4c8a-ad29-4cb1a1bc89ae,5414882799,PO BOX 368,,,,,,,ASHLAND,OR,97520,2025-06-24 09:12:14.000,BTAX-040536-06-2025,2026-06-30 09:12:14.000
BRANDON CLARK ELECTRIC DBA BEAR CREEK ELECTRIC INC,BRANDON CLARK,Outside City Limits,238210,Contractor-Electrical,BEAR CREEK ELECTRIC INC,2016-04-28 00:00:00.000,42749e6d-96fa-4c8a-ad29-4cb1a1bc89ae,5414882799,PO BOX 368,,,,,,,ASHLAND,OR,97520,2025-06-24 09:12:14.000,BTAX-040536-06-2025,2026-06-30 09:12:14.000
"BRASS KNUCKLES & MORE, LLC"," ",Inside City Limits,452990,"Retail-General Merchandise ",,2018-10-16 00:00:00.000,48821ce9-f392-4a24-9411-853b7dc29304,4582290646,1720,REDWOOD,,,AVE,,SUITE D,GRANTS PASS,OR,97527,2025-11-05 11:19:24.000,BTAX-042215-11-2025,2026-11-30 11:19:24.000
"BRASS KNUCKLES & MORE, LLC",HEATH LOVE,Inside City Limits,452990,"Retail-General Merchandise ",,2018-10-16 00:00:00.000,48821ce9-f392-4a24-9411-853b7dc29304,4582290646,1720,REDWOOD,,,AVE,,SUITE D,GRANTS PASS,OR,97527,2025-11-05 11:19:24.000,BTAX-042215-11-2025,2026-11-30 11:19:24.000
BREAD & BUTTER LLC,SHELLY  SOLOMON,Inside City Limits,722511,Restaurant,HORNY GOAT,2015-12-01 00:00:00.000,D90FC716-592E-43EB-9A84-BAAEF313E27F,5415071901,PO BOX 2072,,,,,,,GRANTS PASS,OR,97528,2026-02-03 15:58:13.000,BTAX-042729-02-2026,2027-01-31 15:58:13.000
BRENDA FISHER EA," ",Inside City Limits,541200,Other Accounting Services,,2021-01-02 00:00:00.000,0811b0e1-7a3e-4ba7-a6bc-34870a3badc5,5418905380,1630,WILLIAMS,,,HWY,,PMB #352,GRANTS PASS,OR,97527,2025-12-10 11:43:59.000,BTAX-042436-12-2025,2026-12-31 11:43:59.000
BRENDEN C SCOTT,BRENDEN SCOTT,Inside City Limits,621210,Medical-Dentist,GRANTS PASS SMILE SUITE,2022-07-01 00:00:00.000,e0650511-778f-413b-b33a-718eecefff16,5414711990,570,E,,NE,ST,,,GRANTS PASS,OR,97526,2025-06-16 14:31:07.000,BTAX-040523-06-2025,2026-06-30 14:31:07.000
BRENDEN C SCOTT," ",Inside City Limits,621210,Medical-Dentist,GRANTS PASS SMILE SUITE,2022-07-01 00:00:00.000,e0650511-778f-413b-b33a-718eecefff16,5414711990,570,E,,NE,ST,,,GRANTS PASS,OR,97526,2025-06-16 14:31:07.000,BTAX-040523-06-2025,2026-06-30 14:31:07.000
BRENT RIDLEY CONSTRUCTION,Brent Ridley,Inside City Limits,238990,Contractor-Trade/Specialty,,2018-02-26 00:00:00.000,187f0daf-f5c7-4cd8-b45c-8d814666bb37,5416598173,1533,10TH,,NE,ST,,,GRANTS PASS,OR,97526,2025-05-20 10:29:19.000,BTAX-040395-05-2025,2026-05-31 10:29:19.000
BRENT RIDLEY CONSTRUCTION,BRENT RIDLEY,Inside City Limits,238990,Contractor-Trade/Specialty,,2018-02-26 00:00:00.000,187f0daf-f5c7-4cd8-b45c-8d814666bb37,5416598173,1533,10TH,,NE,ST,,,GRANTS PASS,OR,97526,2025-05-20 10:29:19.000,BTAX-040395-05-2025,2026-05-31 10:29:19.000
BRESLINS TECHNOLOGY SOLUTIONS DBA ROGUE VALLEY SECURITY,Sherri Breslin,Outside City Limits,561621,Security System Services,ROGUE VALLEY SECURITY,2022-11-09 00:00:00.000,183f2c79-1b43-4b75-ab45-6524e032421e,5416603242,5531,RIVERBANKS,,,RD,,,GRANTS PASS,OR,97527,2025-11-18 12:31:23.000,BTAX-042311-11-2025,2026-11-30 12:31:23.000
"BRIAN & ALISON MALONE RENTALS ",BRIAN & ALISON  MALONE,Outside City Limits,531110,Rental Units/Landlord,,1989-07-01 00:00:00.000,242C7C8D-3C71-4E6E-A4E5-7E348F84AD46,5414742881,C/O REALWISE PROPERTY MANAGEMENT,141 NW C,,,ST,,,GRANTS PASS,OR,97526,2025-08-22 09:30:16.000,BTAX-041492-08-2025,2026-08-31 09:30:16.000
"BRIAN E HANCOCK MD           ",BRIAN E  HANCOCK,Inside City Limits,621111,Medical-Physician,,1991-11-05 00:00:00.000,45F0968E-5D2A-444B-A2B7-9D993BD69F49,5414742721,841,7TH,,NE,ST,,,GRANTS PASS,OR,97526,2025-07-15 09:56:09.000,BTAX-040734-07-2025,2026-07-31 09:56:09.000
BRIDGE STREET AUTO INC,MICHAEL & HEIDI  DUNBAR,Inside City Limits,811111,Auto-General Repair,,2002-05-07 00:00:00.000,11709CED-F4A2-4CDE-8427-28D297971C3E,5419551002,2015,"BRIDGE ",,SW,ST,,,GRANTS PASS,OR,97526,2025-08-25 15:52:33.000,BTAX-041541-08-2025,2026-08-31 15:52:33.000
"BRISTOL HOSPICE- ROGUE VALLEY, L.L.C.",Lina Mejia,Inside City Limits,623110,Medical-Nursing Care Facility,,2019-08-16 00:00:00.000,d4228705-aece-4205-8370-09849e23098c,4852123422,206,2100,,N,,W,STE 202,SALT LAKE CITY,UT,84116,2025-08-25 15:23:09.000,BTAX-041536-08-2025,2026-08-31 15:23:09.000
"BRISTOL HOSPICE- ROGUE VALLEY, L.L.C."," ",Inside City Limits,623110,Medical-Nursing Care Facility,,2019-08-16 00:00:00.000,d4228705-aece-4205-8370-09849e23098c,4852123422,206,2100,,N,,W,STE 202,SALT LAKE CITY,UT,84116,2025-08-25 15:23:09.000,BTAX-041536-08-2025,2026-08-31 15:23:09.000
"BROOKS HEATING & AIR, LLC"," ",Outside City Limits,238220,Plumber,,2021-08-11 00:00:00.000,343bf516-dbb3-48b6-b3bb-2a3a13e4c937,5412752215,PO BOX 5037,,,,,,,CENTRAL POINT,OR,97502,2025-11-04 11:06:45.000,BTAX-042205-11-2025,2026-10-31 11:06:45.000
"BROOKS HEATING & AIR, LLC",CHRISTOPHER BAUMER,Outside City Limits,238220,Plumber,,2021-08-11 00:00:00.000,343bf516-dbb3-48b6-b3bb-2a3a13e4c937,5412752215,PO BOX 5037,,,,,,,CENTRAL POINT,OR,97502,2025-11-04 11:06:45.000,BTAX-042205-11-2025,2026-10-31 11:06:45.000
BROTHERS N SISTERS BARBER SHOP,JOHANNA M  NICOLAISEN,Inside City Limits,812111,Barber Shop,,1978-08-01 00:00:00.000,F7BA22B2-1720-42C2-BA6D-19FB4284B270,5414765656,432,6TH,,NW,ST,,SUITE 103,GRANTS PASS,OR,97526,2025-12-02 12:21:42.000,BTAX-042376-12-2025,2026-11-30 12:21:42.000
"BROTHERTON PIPELINE INC       ",JIMMY  BROTHERTON,Outside City Limits,221210,Natural Gas Company,,2004-02-01 00:00:00.000,77824E83-5D56-4898-8E64-A279DF86BC03,5418557062,PO BOX 738,,,,,,,GOLD HILL,OR,97525,2025-07-14 16:08:48.000,BTAX-040729-07-2025,2026-07-31 16:08:48.000
"BROWN & BROWN INSURANCE SERVICES, INC"," ",Outside City Limits,524210,Insurance Agency & Brokerages,,2021-03-15 00:00:00.000,926ab420-139e-4cc9-ac95-cb70675526fd,5414942675,3256,HILLCREST PARK,,,DR,,,MEDFORD,OR,97504,2025-04-23 14:40:36.000,BTAX-040263-04-2025,2026-04-30 14:40:36.000
"BROWN & BROWN INSURANCE SERVICES, INC",DAVID CUTTRELL,Outside City Limits,524210,Insurance Agency & Brokerages,,2021-03-15 00:00:00.000,926ab420-139e-4cc9-ac95-cb70675526fd,5414942675,3256,HILLCREST PARK,,,DR,,,MEDFORD,OR,97504,2025-04-23 14:40:36.000,BTAX-040263-04-2025,2026-04-30 14:40:36.000
"BROWN BEAR MASONRY LLC        ",JAMES  BROWN,Outside City Limits,238140,Contractor-Masonry,,2008-10-06 00:00:00.000,52885891-590A-402A-B024-2B43C316C001,5416599622,375,SLEEPY HOLLOW,,,LP,,,GRANTS PASS,OR,97527,2025-07-22 14:15:19.000,BTAX-040893-07-2025,2026-07-31 14:15:19.000
BROWN CUSTOM WINDOW COVERINGS,DENNIS & BARBARA  BROWN,Inside City Limits,442299,"Retail-Home Furnishings ",D BROWN FURNITURE & CABINET,1997-01-01 00:00:00.000,A2A6D305-8F75-4686-84B6-565A1D659ACC,5414796630,341,FAIRFIELD,,,LN,,,GRANTS PASS,OR,97526,2025-08-19 09:37:45.000,BTAX-041359-08-2025,2026-08-31 09:37:45.000
"BROWNELL'S ELECTRIC STORE, LLC",TOM BROWNELL,Inside City Limits,238210,Contractor-Electrical,,1961-02-01 00:00:00.000,7DEAF905-A2F6-48F5-A668-76DD7DA86F19,5414763674,1290,SHADY,," ",LN,,,GRANTS PASS,OR,97527,2025-07-14 09:15:20.000,BTAX-040700-07-2025,2026-07-31 09:15:20.000
"BROWS BY WENDY LLC         ",DIGNA SHELBY,Inside City Limits,812112,Beauty Salon,SASSY BROWS,2008-07-01 00:00:00.000,99B5F4E0-4953-408B-BF70-030C6C7F4AE5,5414764785,558,F,,NE,ST,,SUITE 6,GRANTS PASS,OR,97526,2026-02-17 16:30:26.000,BTAX-042817-02-2026,2027-02-28 16:30:26.000
"BROWS BY WENDY LLC         "," ",Inside City Limits,812112,Beauty Salon,SASSY BROWS,2008-07-01 00:00:00.000,99B5F4E0-4953-408B-BF70-030C6C7F4AE5,5414764785,558,F,,NE,ST,,SUITE 6,GRANTS PASS,OR,97526,2026-02-17 16:30:26.000,BTAX-042817-02-2026,2027-02-28 16:30:26.000
BSB TRANSPORT LLC,STACI BATES,Inside City Limits,561499,Business Support Services-Misc,,2018-08-09 00:00:00.000,33c78fde-b6f8-4151-93dd-a8ee565b7681,5412442429,1590,N,,SE,ST,,SUITE G,GRANTS PASS,OR,97526,2025-09-23 11:18:23.000,BTAX-041862-09-2025,2026-09-30 11:18:23.000
BSB TRANSPORT LLC,BRIAN BATES,Inside City Limits,561499,Business Support Services-Misc,,2018-08-09 00:00:00.000,33c78fde-b6f8-4151-93dd-a8ee565b7681,5412442429,1590,N,,SE,ST,,SUITE G,GRANTS PASS,OR,97526,2025-09-23 11:18:23.000,BTAX-041862-09-2025,2026-09-30 11:18:23.000
BSB TRANSPORT LLC,Brian Bates,Inside City Limits,561499,Business Support Services-Misc,,2018-08-09 00:00:00.000,33c78fde-b6f8-4151-93dd-a8ee565b7681,5412442429,1590,N,,SE,ST,,SUITE G,GRANTS PASS,OR,97526,2025-09-23 11:18:23.000,BTAX-041862-09-2025,2026-09-30 11:18:23.000
BUCKMASTER BUILDING & DESIGN LLC,Shannon Walsh,Inside City Limits,238190,Contractor-General/Building Exterior,,2018-06-21 00:00:00.000,ce1ab1cb-a262-4e4c-a8b3-ee2b91530c30,5416596696,891,PLUMTREE,,,LN,,,GRANTS PASS,OR,97526,2025-06-13 15:36:23.000,BTAX-040513-06-2025,2026-06-30 15:36:23.000
BUCKMASTER BUILDING & DESIGN LLC,SHANNON WALSH,Inside City Limits,238190,Contractor-General/Building Exterior,,2018-06-21 00:00:00.000,ce1ab1cb-a262-4e4c-a8b3-ee2b91530c30,5416596696,891,PLUMTREE,,,LN,,,GRANTS PASS,OR,97526,2025-06-13 15:36:23.000,BTAX-040513-06-2025,2026-06-30 15:36:23.000
"BUDGE-MCHUGH SUPPLY CO        ","LOUIS J,GENERAL MGR  BUDGE",Outside City Limits,444130,Retail-Hardware,,2005-07-01 00:00:00.000,DD597C65-0E92-4D07-930D-78BA54464366,5417796180,PO BOX 758,,,,,,,MEDFORD,OR,97501,2025-08-18 15:06:32.000,BTAX-041332-08-2025,2026-08-31 15:06:32.000
"BUGS NORTHWEST                ",DAVID  MAYS,Inside City Limits,561710,Pest Control,,2009-11-04 00:00:00.000,8789FD83-E949-4ECC-9376-C804410143CD,5414725003,2027,G,,SW,ST,," ",GRANTS PASS,OR,97526,2025-08-19 16:24:54.000,BTAX-041436-08-2025,2026-08-31 16:24:54.000
"BUILDER SERVICES GROUP INC   ","       ",Outside City Limits,238190,Contractor-General/Building Exterior,JB INSULATION,2007-08-01 00:00:00.000,60878E6F-E185-49A1-BF6F-D9F080C4AFE5,5417762848,475,WILLIAMSON,,N,BLVD,,,DAYTONA BEACH,FL,32114,2025-07-01 11:13:04.000,BTAX-040592-07-2025,2026-07-31 11:13:04.000
"BUILDER SERVICES GROUP, INC"," ",Inside City Limits,238190,Contractor-General/Building Exterior,,2019-08-13 00:00:00.000,de5e1a6c-7140-4a64-a262-df68f1e1569b,3863042222,475,WILLIAMSON,,N,BLVD,,,DAYTONA BEACH,FL,32114,2025-09-08 10:27:42.000,BTAX-041674-09-2025,2026-09-30 10:27:42.000
"BUILDER SERVICES GROUP, INC","BUILDER SERVICES GROUP, INC",Inside City Limits,238190,Contractor-General/Building Exterior,,2019-08-13 00:00:00.000,de5e1a6c-7140-4a64-a262-df68f1e1569b,3863042222,475,WILLIAMSON,,N,BLVD,,,DAYTONA BEACH,FL,32114,2025-09-08 10:27:42.000,BTAX-041674-09-2025,2026-09-30 10:27:42.000
"BUILDERS ELECTRIC INC         ",FRED  WITTKOP,Outside City Limits,238110,Contractor-Concrete/Found/Structural,,2023-07-24 00:00:00.000,d0009445-d6eb-41c6-9059-fd3f5d90a8d4,5414850922,195,MADISON,,,ST,,,EUGENE,OR,97402,2023-07-24 11:04:44.000,TEMP-035223-07-2023,2023-07-25 00:00:00.000
BULLDOG TOWING,RORY  MARLER,Inside City Limits,488410,Towing,,2007-10-31 00:00:00.000,C9A547AE-BCDA-47D3-A1C1-D692FF42EB45,5419559600,2847,"HIGHLAND ",,NW,AVE,,,GRANTS PASS,OR,97526,2025-04-22 15:45:46.000,BTAX-040242-04-2025,2026-04-30 15:45:46.000
"BUMGARDNERS LANDSCAPE         "," ",Outside City Limits,541320,Landscaping Services,,2010-09-09 00:00:00.000,976FE4D1-EEAF-4439-ADA8-E0969345BEF7,5418267713,1750,DELTA WATERS,,,RD,,SUITE 102 PMB 308,MEDFORD,OR,97504,2025-09-16 14:53:09.000,BTAX-041771-09-2025,2026-09-30 14:53:09.000
"BUNTIN CONSTRUCTION, LLC      ",TERRY & DIANE  BUNTIN,Outside City Limits,236118,Const-Residential Remodeler,,2004-03-10 00:00:00.000,B2F6FD5C-DE24-453C-9BD2-A4A8EA2A059C,5417760032,572,PARSON,,,DR,,,MEDFORD,OR,97501,2025-06-30 14:41:25.000,BTAX-040576-06-2025,2026-06-30 14:41:25.000
"BURTON NUMISMATICS            ",GARY L & AIDA  BURTON,Inside City Limits,813990,Organization-Misc,,1997-01-01 00:00:00.000,704A6301-2A9E-42D8-BC5F-B7EDB06F8725,5414791204,306,I,,SE,ST,,,GRANTS PASS,OR,97526,2025-07-18 16:06:56.000,BTAX-040836-07-2025,2026-07-31 16:06:56.000
"C & J CLEANING                ",CHRISTY & JAMES  MYERS,Outside City Limits,561720,Cleaning Service,,2003-01-02 00:00:00.000,B75569ED-6B6E-4851-AC10-2C6B6C5D2311,5416599699,1329,LONNON,,,RD,,,GRANTS PASS,OR,97527,2026-02-18 09:31:01.000,BTAX-042818-02-2026,2027-02-28 09:31:01.000
"C & S FIRE SAFE SERVICE LLC       ",HELEN POTTER,Outside City Limits,561621,Security System Services,,1970-01-01 00:00:00.000,679205FA-AEFB-4A28-8EDF-2713CF3C2FC5,5416731337,4019,HOOKER,,,RD,,,ROSEBURG,OR,97470,2025-08-20 12:47:25.000,BTAX-041456-08-2025,2026-08-31 12:47:25.000
"C R COMBUSTION INC           "," CRAIG & KATE RUTLEDGE         ",Outside City Limits,238220,Contractor-HVAC Services,,2009-12-31 00:00:00.000,78A86BC5-9EF2-4A07-8003-3E17A5670AA7,5418164288,562,PARSONS,,,DR,,STE 111,MEDFORD,OR,97501,2025-09-23 10:37:05.000,BTAX-041853-09-2025,2026-09-30 10:37:05.000
"C WOODRUFF CONSTRUCTION LLC ",CLIFFORD WOODRUFF,Outside City Limits,238190,Contractor-General/Building Exterior,,1986-06-01 00:00:00.000,9133ED15-9813-4395-B577-95E92EC86E4B,5414793621,PO BOX 909,,,,,,,GRANTS PASS,OR,97528,2025-07-18 13:00:44.000,BTAX-040829-07-2025,2026-07-31 13:00:44.000
C.A. MESA PLUMBING INC," ",Outside City Limits,238220,Plumber,,2018-01-31 00:00:00.000,b27edb7c-4756-4eb6-9fc4-94fba37888b0,5414406372,235,TABER,,,LN,,,ROSEBURG,OR,97471,2025-10-17 16:15:39.000,BTAX-042053-10-2025,2026-10-31 16:15:39.000
C.A. MESA PLUMBING INC,CHRIS MESA,Outside City Limits,238220,Plumber,,2018-01-31 00:00:00.000,b27edb7c-4756-4eb6-9fc4-94fba37888b0,5414406372,235,TABER,,,LN,,,ROSEBURG,OR,97471,2025-10-17 16:15:39.000,BTAX-042053-10-2025,2026-10-31 16:15:39.000
"C.B.C. CAT & BACKHOE           ",SHAWN  HERBERHOLZ,Outside City Limits,562991,Waste-Septic Tank & Related Services,CBC INC,1990-01-01 00:00:00.000,69F12193-B503-4D41-87C6-8EA8F4C10CCB,5418214850,PO BOX 755,,,,,,,ROGUE RIVER,OR,97537,2025-07-15 16:08:46.000,BTAX-040780-07-2025,2026-07-31 16:08:46.000
CA REILLY DESIGN TRANSFORMATIONS," ",Outside City Limits,541410,Interior Design,,2022-01-01 00:00:00.000,3c3e0809-9b20-4698-92e4-5be0acc11f05,5413265362,"3070 ",SAND CREEK,,,RD,,,GRANTS PASS,OR,97527,2026-01-12 14:19:28.000,BTAX-042605-01-2026,2027-01-31 14:19:28.000
CA REILLY DESIGN TRANSFORMATIONS,CHRISTIE REILLY,Outside City Limits,541410,Interior Design,,2022-01-01 00:00:00.000,3c3e0809-9b20-4698-92e4-5be0acc11f05,5413265362,"3070 ",SAND CREEK,,,RD,,,GRANTS PASS,OR,97527,2026-01-12 14:19:28.000,BTAX-042605-01-2026,2027-01-31 14:19:28.000
CACHE VALLEY ELECTRIC,JAMES LAUB,Outside City Limits,238210,Contractor-Electrical,,2022-09-07 00:00:00.000,59d1ab33-0df7-4309-a357-6d6c1097c398,4357526405,875 NORTH 1000 WEST,,,,,,,LOGAN,UT,84321,2025-09-18 11:32:57.000,BTAX-041810-09-2025,2026-09-30 11:32:57.000
CACHE VALLEY ELECTRIC,DANIEL KOPPES,Outside City Limits,238210,Contractor-Electrical,,2022-09-07 00:00:00.000,59d1ab33-0df7-4309-a357-6d6c1097c398,4357526405,875 NORTH 1000 WEST,,,,,,,LOGAN,UT,84321,2025-09-18 11:32:57.000,BTAX-041810-09-2025,2026-09-30 11:32:57.000
CALCULATED COMFORT LLC,TRACY  MALONE,Outside City Limits,238220,Contractor-HVAC Services,,2016-10-24 00:00:00.000,0642dee1-5cae-40d5-aa35-9109c41e24d1,5416908391,4615,TABLE ROCK,,,RD,,,CENTRAL POINT,OR,97502,2025-09-12 11:55:52.000,BTAX-041743-09-2025,2026-09-30 11:55:52.000
CALCULATED COMFORT LLC,TRACY MALONE,Outside City Limits,238220,Contractor-HVAC Services,,2016-10-24 00:00:00.000,0642dee1-5cae-40d5-aa35-9109c41e24d1,5416908391,4615,TABLE ROCK,,,RD,,,CENTRAL POINT,OR,97502,2025-09-12 11:55:52.000,BTAX-041743-09-2025,2026-09-30 11:55:52.000
"CALVIN G SCHMIDT RENTALS      ",CALVIN G  SCHMIDT,Outside City Limits,531110,Rental Units/Landlord,,1996-02-02 00:00:00.000,C39D087C-52C5-4822-B6C0-128787977D31,5418469985,242,MISSOURI FLAT,,,RD,,,GRANTS PASS,OR,97527,2025-08-19 15:47:16.000,BTAX-041421-08-2025,2026-08-31 15:47:16.000
"CAMP SHARON DIVERSITIES       ",S  ALEXANDER,Inside City Limits,531311,Property Management,,2015-12-15 00:00:00.000,E5541D46-7A29-41C3-8BD6-CF103DDE0273,5414415259,560-A,F,,NE,ST,,SUITE #157,GRANTS PASS,OR,97526,2026-01-22 15:19:37.000,BTAX-042679-01-2026,2027-01-31 15:19:37.000
"CANDELA DANCE STUDIO          ",MELISSA  MCROBBIE,Inside City Limits,711120,Dance Studio,,2014-08-15 00:00:00.000,FFED40D4-523F-4F43-9A4D-7DCA36BE4F4F,5412917900,5760,PRAIRIE,,,LN,,,GRANTS PASS,OR,97527,2026-01-12 12:28:03.000,BTAX-042602-01-2026,2027-01-31 12:28:03.000
"CAP CONCRETE COATINGS, INC",CHRISTOPHER SPAFFORD,Outside City Limits,238990,Contractor-Trade/Specialty,CAP CONCRETE COATINGS,2018-05-01 00:00:00.000,853ebfde-085c-4e02-a70f-36e73f127a14,5416462237,17413,167TH,,NE,AVE,,,BRUSH PRARIRE,WA,98606,2025-06-13 12:56:15.000,BTAX-040499-06-2025,2026-06-30 12:56:15.000
"CAP CONCRETE COATINGS, INC"," ",Outside City Limits,238990,Contractor-Trade/Specialty,CAP CONCRETE COATINGS,2018-05-01 00:00:00.000,853ebfde-085c-4e02-a70f-36e73f127a14,5416462237,17413,167TH,,NE,AVE,,,BRUSH PRARIRE,WA,98606,2025-06-13 12:56:15.000,BTAX-040499-06-2025,2026-06-30 12:56:15.000
"CAPITOL DENTAL GROUP, P.C.","  ",Inside City Limits,621210,Medical-Dentist,GENTLE DENTAL GRANTS PASS,2011-04-01 00:00:00.000,2200802F-35EF-4B85-9FC4-444AED0B0D2F,8664418538,120,CENTRAL,,S,AVE,,STE 400,CLAYTON,MO,63105,2025-08-01 10:18:06.000,BTAX-041060-08-2025,2026-08-31 10:18:06.000
"CAPITOL DENTAL GROUP, P.C."," ",Inside City Limits,621210,Medical-Dentist,GENTLE DENTAL GRANTS PASS,2011-04-01 00:00:00.000,2200802F-35EF-4B85-9FC4-444AED0B0D2F,8664418538,120,CENTRAL,,S,AVE,,STE 400,CLAYTON,MO,63105,2025-08-01 10:18:06.000,BTAX-041060-08-2025,2026-08-31 10:18:06.000
"CAR TUNES                     ","ERMIN & PARRA,KARINA  SANCHEZ",Inside City Limits,441310,Retail-Automotive Parts & Accessories,,2007-02-01 00:00:00.000,474E3F18-5E42-4C9D-94CF-12EE3E1E1B83,5414791108,537,WESTBROOK,,NE,WAY,,,GRANTS PASS,OR,97526,2026-01-09 11:16:33.000,BTAX-042587-01-2026,2027-01-31 11:16:33.000
"CAR TUNES                     ","ERMIN & PARRA,KARINA  SANCHEZ",Inside City Limits,441310,Retail-Automotive Parts & Accessories,,2007-02-01 00:00:00.000,474E3F18-5E42-4C9D-94CF-12EE3E1E1B83,5414791108,537,WESTBROOK,,NE,WAY,,,GRANTS PASS,OR,97526,2026-01-09 11:16:33.000,BTAX-042587-01-2026,2027-01-31 11:16:33.000
CARDEN INDUSTRIES LLC,DENNIS BUNN,Outside City Limits,238320,Painting & Wall Covering,CLEANING SERVICE,2022-04-14 00:00:00.000,fc10c399-8b3d-4089-8fa0-767c050b0b13,5414151198,PO BOX 1633,,,,,,,GRANTS PASS,OR,97528,2025-04-11 10:41:25.000,BTAX-040189-04-2025,2026-04-30 10:41:25.000
CARDEN INDUSTRIES LLC,DENNIS BUNN,Outside City Limits,238320,Painting & Wall Covering,CLEANING SERVICE,2022-04-14 00:00:00.000,fc10c399-8b3d-4089-8fa0-767c050b0b13,5414151198,PO BOX 1633,,,,,,,GRANTS PASS,OR,97528,2025-04-11 10:41:25.000,BTAX-040189-04-2025,2026-04-30 10:41:25.000
"CARDOZA BOOKKEEPING LLC       ",CATHLEEN M  CARDOZA,Inside City Limits,541211,Accountant-CPA,,2011-01-05 00:00:00.000,D48F44AE-1A8C-455B-A454-DA74F1F12D1C,5414505540,2844,MIDWAY,,,AVE,,,GRANTS PASS,OR,97527,2026-01-12 12:05:33.000,BTAX-042600-01-2026,2027-01-31 12:05:33.000
CARL'S HOUSE ADULT FOSTER CARE,REBECCA  SCRIBER,Inside City Limits,621610,Medical-Home Health Care Services,,2011-10-01 00:00:00.000,EBB89C0A-B115-486F-ACB1-B1B555178E4B,5417613910,332,C,,NE,ST,,,GRANTS PASS,OR,97526,2025-07-18 15:10:01.000,BTAX-040833-07-2025,2026-05-31 15:10:01.000
CARLSON CONSTRUCTION,BRENT CARLSON,Outside City Limits,238910,Excavation - Site Preparation,,2022-11-01 00:00:00.000,9ea58b91-65e9-45da-865e-7c00a05b8641,5416013849,PO BOX 1503,,,,,,,MEDFORD,OR,97501,2026-02-27 11:03:33.000,BTAX-042863-02-2026,2027-02-28 11:03:33.000
CARLSON CORP DBA ACCURATE PLUMBING SOLUTIONS," ",Outside City Limits,238220,Plumber,ACCURATE PLUMBING & ELECTRICAL SOLUTIONS,2011-01-01 00:00:00.000,04329510-61D7-4825-A479-7EAA14C10A5D,5417733035,PO BOX 1503,,,,,,,MEDFORD,OR,97501,2025-08-14 15:31:35.000,BTAX-041282-08-2025,2026-08-31 15:31:35.000
CARLSON CORP DBA ACCURATE PLUMBING SOLUTIONS,BRENT CARLSON,Outside City Limits,238220,Plumber,ACCURATE PLUMBING & ELECTRICAL SOLUTIONS,2011-01-01 00:00:00.000,04329510-61D7-4825-A479-7EAA14C10A5D,5417733035,PO BOX 1503,,,,,,,MEDFORD,OR,97501,2025-08-14 15:31:35.000,BTAX-041282-08-2025,2026-08-31 15:31:35.000
"CARLSON SIGN CO               ",PETER  CARLSON,Outside City Limits,238990,Sign Installation/Painting,,2004-01-02 00:00:00.000,B22033BC-3C08-4768-B079-0C22B95D9EA3,5413822182,1605,"FORBES ",,NE,RD,,,BEND,OR,97701,2025-12-10 11:29:52.000,BTAX-042435-12-2025,2026-12-31 11:29:52.000
"CAROLYN MAUE'S SALON          ",CAROLYN A  MAUE,Inside City Limits,812112,Beauty Salon,,1991-04-23 00:00:00.000,44F17163-3225-4044-AEFF-C461ECF2ABF0,5414768246,1118,"G ",,SW,ST,,,GRANTS PASS,OR,97526,2025-10-15 08:52:14.000,BTAX-042015-10-2025,2026-10-31 08:52:14.000
CARSON'S BISTRO LLC,JOLIE WILSON,Inside City Limits,722511,Restaurant,,2013-05-06 00:00:00.000,B4392089-8756-4A03-B500-8204CB32C076,5419168020,220,H,,SW,ST,,,GRANTS PASS,OR,97526,2025-09-10 14:58:09.000,BTAX-041730-09-2025,2026-09-30 14:58:09.000
"CASA AMIGA RESTAURANT, BBQ AND MEXICAN STORE","LILIA & PALOMINO,JOSE ESPINOZA",Inside City Limits,722511,Restaurant,,2001-11-02 00:00:00.000,F462413B-B516-41F9-AA7F-FB18B6F8382D,5419568602,200,MCDONALD,,,LN,,SUITE A,GRANTS PASS,OR,97527,2025-08-19 08:59:34.000,BTAX-041353-08-2025,2026-07-31 08:59:34.000
CASABLANCA GRILL INC," ",Inside City Limits,722511,Restaurant,CASABLANCA COFFEE & GRILL,2022-05-01 00:00:00.000,7d1068b1-f41a-4cdb-99c3-f34804c9b975,5414792503,686,UNION,,,AVE,,,GRANTS PASS,OR,97527,2025-05-30 12:44:34.000,BTAX-040447-05-2025,2026-05-31 12:44:34.000
CASABLANCA GRILL INC,ERIC LOSOYA,Inside City Limits,722511,Restaurant,CASABLANCA COFFEE & GRILL,2022-05-01 00:00:00.000,7d1068b1-f41a-4cdb-99c3-f34804c9b975,5414792503,686,UNION,,,AVE,,,GRANTS PASS,OR,97527,2025-05-30 12:44:34.000,BTAX-040447-05-2025,2026-05-31 12:44:34.000
CASABLANCA GRILL INC," ",Inside City Limits,722515,Snack and Nonalcoholic Beverage Shop,,2007-02-07 00:00:00.000,8AA5D404-677D-4C31-9678-AA1A5046FB0B,5414792503,686,UNIO,,,AVE,,,GRANTS PASS,OR,97527,2025-09-05 10:14:21.000,BTAX-041642-09-2025,2026-08-31 10:14:21.000
CASCADE CHIROPRACTIC OF SOUTHERN OREGON LLC,KELSEY REESER,Inside City Limits,621310,Medical-Chiropractor,,2005-12-19 00:00:00.000,AA7871BC-B3F3-4614-9BB9-3BED9C84ACA0,5414720500,745,7TH,,NE,,,,GRANTS PASS,OR,97526,2025-07-22 16:13:55.000,BTAX-040920-07-2025,2026-07-31 16:13:55.000
CASCADE COMMUNICATION SERVICES,DOMINICK MACALUSO,Outside City Limits,238990,Contractor-Trade/Specialty,,1998-07-06 00:00:00.000,92A827FD-F5A5-486D-B284-8BCDC0965988,5414744696,2961,HELMS,,,RD,,,GRANTS PASS,OR,97527,2025-10-10 12:03:13.000,BTAX-041996-10-2025,2026-10-31 12:03:13.000
"CASCADE EYE CARE CENTER PC    ",D. R. MERRITT &  M J MAFFETT,Inside City Limits,621320,Medical-Optometrist,,1991-01-01 00:00:00.000,F616BB60-0341-4E94-9BE1-70702E175514,5414766636,1226,7TH,,NE,ST,,,GRANTS PASS,OR,97526,2025-08-14 15:48:59.000,BTAX-041286-08-2025,2026-08-31 15:48:59.000
"CASCADE METAL RECYCLING       ",DONALD & LYNN  ROEMER,Inside City Limits,541990,Professional-Misc,,2012-03-01 00:00:00.000,E3DC034D-0F7E-4AE8-8FEB-404552100456,5414798017,2207,"INDUSTRY ",,NE,DR,,,GRANTS PASS,OR,97526,2026-02-24 15:21:16.000,BTAX-042842-02-2026,2027-02-28 15:21:16.000
"CASCADE SELF STORAGE - GRANTS PASS, LLC"," ",Inside City Limits,493110,Storage & General Warehousing,,2020-12-31 00:00:00.000,aded1760-c6fa-4982-935a-9ae9d5b7ed5e,4158924795216,PO BOX 7,,,,,,,NOVATO,CA,94948,2026-03-16 12:57:13.000,BTAX-042977-03-2026,2027-03-31 12:57:13.000
"CASCADE SELF STORAGE - GRANTS PASS, LLC",DEAN MOSER,Inside City Limits,493110,Storage & General Warehousing,,2020-12-31 00:00:00.000,aded1760-c6fa-4982-935a-9ae9d5b7ed5e,4158924795216,PO BOX 7,,,,,,,NOVATO,CA,94948,2026-03-16 12:57:13.000,BTAX-042977-03-2026,2027-03-31 12:57:13.000
"CASCADE SELF STORAGE - GRANTS PASS, LLC",DOUGLAS HOOD,Inside City Limits,493110,Storage & General Warehousing,,2020-12-31 00:00:00.000,aded1760-c6fa-4982-935a-9ae9d5b7ed5e,4158924795216,PO BOX 7,,,,,,,NOVATO,CA,94948,2026-03-16 12:57:13.000,BTAX-042977-03-2026,2027-03-31 12:57:13.000
"CASCADE SURGERY CENTER LLC    ","MERRITT, MAFFETT  LEAVITT",Inside City Limits,622110,Medical-Hospital,,2005-12-01 00:00:00.000,68369F81-AB0D-4581-927C-9B4B0AF6EFC0,5414742824,120,MANZANITA,,NE,AVE,,,GRANTS PASS,OR,97526,2025-08-14 15:43:52.000,BTAX-041285-08-2025,2026-08-31 15:43:52.000
CASCADES WEST PROPERTY MANAGEMENT LLC," ",Inside City Limits,531311,Property Management,,2018-05-04 00:00:00.000,fbd53e03-08cd-4601-abfd-4f802c875fab,5416432325,560,F,,NE,ST,,"A, PMB 760",GRANTS PASS,OR,97526,2025-07-15 11:32:07.000,BTAX-040752-07-2025,2026-07-31 11:32:07.000
CASCADES WEST PROPERTY MANAGEMENT LLC,JORDAN PERSONIUS,Inside City Limits,531311,Property Management,,2018-05-04 00:00:00.000,fbd53e03-08cd-4601-abfd-4f802c875fab,5416432325,560,F,,NE,ST,,"A, PMB 760",GRANTS PASS,OR,97526,2025-07-15 11:32:07.000,BTAX-040752-07-2025,2026-07-31 11:32:07.000
CASCADES WEST PROPERTY MANAGEMENT LLC,KELLI PERSONIUS,Inside City Limits,531311,Property Management,,2018-05-04 00:00:00.000,fbd53e03-08cd-4601-abfd-4f802c875fab,5416432325,560,F,,NE,ST,,"A, PMB 760",GRANTS PASS,OR,97526,2025-07-15 11:32:07.000,BTAX-040752-07-2025,2026-07-31 11:32:07.000
CASE IT LLC," ",Inside City Limits,339999,Manufacturing-Misc Manufacturing,,2017-04-14 00:00:00.000,db3d1eaf-9faf-4ec2-8ebc-9fc491cc0122,541450717,233,ROGUE RIVER,,,HWY,,PMB #63,GRANTS PASS,OR,97527,2026-03-16 13:50:56.000,BTAX-042978-03-2026,2027-03-31 13:50:56.000
CASE IT LLC,GARY NICHOLSON,Inside City Limits,339999,Manufacturing-Misc Manufacturing,,2017-04-14 00:00:00.000,db3d1eaf-9faf-4ec2-8ebc-9fc491cc0122,541450717,233,ROGUE RIVER,,,HWY,,PMB #63,GRANTS PASS,OR,97527,2026-03-16 13:50:56.000,BTAX-042978-03-2026,2027-03-31 13:50:56.000
"CASEY SHEEHAN'S IRISH INK     ",CASEY  SHEEHAN,Inside City Limits,812199,Tattoo/Piercing Shop,,2008-06-03 00:00:00.000,AF6F3327-8FDB-4587-B238-F40B457BDBA3,5414766654,408-A,G,,SE,ST,,,GRANTS PASS,OR,97526,2025-12-02 14:10:28.000,BTAX-042378-12-2025,2026-11-30 14:10:28.000
CASH CONNECTION GRANTS PASS INC," CASH CONNECTION MANAGEMENT INC",Inside City Limits,522298,Pawnshop,,1997-01-01 00:00:00.000,D532BC75-8966-40AA-820B-712B7DD4AA72,5414769296,300,BARNETT,,E,RD,,,MEFORD,OR,97501,2025-09-26 14:57:55.000,BTAX-041892-09-2025,2026-09-30 14:57:55.000
"CASTLE CREEK AUTO SALES       "," ",Inside City Limits,441120,Auto-Used Car Dealer,,1997-09-11 00:00:00.000,4729CA33-EEDC-4A4F-848D-E6E8993A3091,5416017657,143,PLUMLEE,,,WAY,,,GRANTS PASS,OR,97527,2025-07-15 14:49:24.000,BTAX-040764-07-2025,2026-07-31 14:49:24.000
"CASTLE CREEK AUTO SALES       ",JAMES MOCK,Inside City Limits,441120,Auto-Used Car Dealer,,1997-09-11 00:00:00.000,4729CA33-EEDC-4A4F-848D-E6E8993A3091,5416017657,143,PLUMLEE,,,WAY,,,GRANTS PASS,OR,97527,2025-07-15 14:49:24.000,BTAX-040764-07-2025,2026-07-31 14:49:24.000
"CASTLE CREEK AUTO SALES       ",ROXINE MOCK,Inside City Limits,441120,Auto-Used Car Dealer,,1997-09-11 00:00:00.000,4729CA33-EEDC-4A4F-848D-E6E8993A3091,5416017657,143,PLUMLEE,,,WAY,,,GRANTS PASS,OR,97527,2025-07-15 14:49:24.000,BTAX-040764-07-2025,2026-07-31 14:49:24.000
CAUBLE FURR & BEGUIN LLP," CAUBLE FURR & BEGUIN LLP",Inside City Limits,541110,Lawyer,,2005-01-01 00:00:00.000,11FAE82A-DBF0-41C8-BB98-DA45C1637564,5414768825,PO BOX 398,,,,,,,GRANTS PASS,OR,97528,2025-09-05 10:22:02.000,BTAX-041644-09-2025,2026-08-31 10:22:02.000
"CAVEMAN BOWL                  ",KEVIN  CROUCHER,Inside City Limits,713950,Bowling Alley,,2008-01-24 00:00:00.000,98B61C02-6DCA-4F8F-9DC7-E42244F82791,5414792311,1230,"ROGUE RIVER HWY     ",,,HWY,,,GRANTS PASS,OR,97527,2025-09-22 13:00:11.000,BTAX-041843-09-2025,2026-09-30 13:00:11.000
CAVEMAN FENCE & FABRICATION INC," ",Inside City Limits,238990,Contractor-Trade/Specialty,,2001-01-19 00:00:00.000,FCFE31EB-BF10-473B-B8B2-29AC48EA3912,5414740302,1080,M,,SE,ST,,,GRANTS PASS,OR,97526,2025-07-16 14:10:35.000,BTAX-040806-07-2025,2026-07-31 14:10:35.000
"CAVEMAN HEATING AND AIR CONDITIONING INC       "," ",Inside City Limits,238220,Contractor-HVAC Services,,1997-01-01 00:00:00.000,C418B97E-835F-47DE-9FE7-9EE17397988C,5414760009,1010,"MILBANK ",,SE,,,,GRANTS PASS,OR,97526,2025-07-25 15:22:10.000,BTAX-040997-07-2025,2026-07-25 15:22:10.000
"CAVEMAN HEATING AND AIR CONDITIONING INC       ",John Frankforther,Inside City Limits,238220,Contractor-HVAC Services,,1997-01-01 00:00:00.000,C418B97E-835F-47DE-9FE7-9EE17397988C,5414760009,1010,"MILBANK ",,SE,,,,GRANTS PASS,OR,97526,2025-07-25 15:22:10.000,BTAX-040997-07-2025,2026-07-25 15:22:10.000
"CAVEMAN KIWANIS FOUNDATION    ",CLAUDELL  KING,Outside City Limits,813410,Organization-Civic/Social,,2009-01-22 00:00:00.000,2983A152-5B4B-49D9-B994-B32F0664C52B,5416608573,PO BOX 1,,,,,,,GRANTS PASS,OR,97528,2025-12-15 13:05:37.000,BTAX-042470-12-2025,2026-12-31 13:05:37.000
"CAVEMAN RV INC                ",CHAD  VEST,Inside City Limits,453930,RV/Mobile Home Dealer,,2007-12-07 00:00:00.000,2C8EFD13-DB63-4EF5-8945-F2B5FE6B34BE,5414761253,1190,"ROGUE RIVER HWY     ",,,HWY,,,GRANTS PASS,OR,97527,2025-10-22 09:59:06.000,BTAX-042101-10-2025,2026-10-31 09:59:06.000
"CAVEMAN TOWING SERVICE        ",LONNIE  LEONARD,Inside City Limits,488410,Towing,,1990-07-01 00:00:00.000,B52E1FFF-F5A2-43E3-8646-097CFF386BF4,5414795001,2100,"VINE ",,NW,ST,,,GRANTS PASS,OR,97526,2025-07-22 11:38:46.000,BTAX-040859-07-2025,2026-07-31 11:38:46.000
"CAVEMAN TRAVEL AGENCY         ",BRIAN & PAM  MEIN,Inside City Limits,561510,Travel Agency,,2005-08-12 00:00:00.000,61BD27C1-0A49-4DE7-B966-0A666D6C445D,5414766813,301,7TH,,NE,ST,,,GRANTS PASS,OR,97526,2026-02-05 14:40:33.000,BTAX-042742-02-2026,2027-02-28 14:40:33.000
CB & R LLC,MIKE RICHARDSON,Outside City Limits,238190,Contractor-General/Building Exterior,,2017-11-16 00:00:00.000,17621fa4-f33c-404f-b459-6b6b452bac5d,5414412271,PO BOX 5366,,,,,,,BEND,OR,97708,2025-11-14 14:06:39.000,BTAX-042287-11-2025,2026-11-30 14:06:39.000
CB & R LLC,MIKE RICHARDSON,Outside City Limits,238190,Contractor-General/Building Exterior,,2017-11-16 00:00:00.000,17621fa4-f33c-404f-b459-6b6b452bac5d,5414412271,PO BOX 5366,,,,,,,BEND,OR,97708,2025-11-14 14:06:39.000,BTAX-042287-11-2025,2026-11-30 14:06:39.000
CD ARCHITECTS LLP," ",Outside City Limits,541310,Architectural Services,,2022-10-06 00:00:00.000,bff6c8a8-a44d-44ea-a61e-960b31dc3b9e,5417794363,"1175 ",MAIN,,E,ST,,,MEDFORD,OR,97504,2025-11-07 10:06:07.000,BTAX-042236-11-2025,2026-11-30 10:06:07.000
CD ARCHITECTS LLP,JOHN DUFFIE,Outside City Limits,541310,Architectural Services,,2022-10-06 00:00:00.000,bff6c8a8-a44d-44ea-a61e-960b31dc3b9e,5417794363,"1175 ",MAIN,,E,ST,,,MEDFORD,OR,97504,2025-11-07 10:06:07.000,BTAX-042236-11-2025,2026-11-30 10:06:07.000
CEDARS GROUP INC,JOHNNY BAKLINI,Inside City Limits,722511,Restaurant,LITTLE CAESARS PIZZA,2022-05-04 00:00:00.000,3e0ff9ef-9ed9-480a-b7fe-5cba3b784ba4,6618311264305,5501,STOCKDALE,,,HWY,,11926,BAKERSFIELD,CA,93389,2025-10-10 10:55:27.000,BTAX-041989-10-2025,2026-10-31 10:55:27.000
CEDARS GROUP INC,JEOFFREY FEGHALI,Inside City Limits,722511,Restaurant,LITTLE CAESARS PIZZA,2022-05-04 00:00:00.000,3e0ff9ef-9ed9-480a-b7fe-5cba3b784ba4,6618311264305,5501,STOCKDALE,,,HWY,,11926,BAKERSFIELD,CA,93389,2025-10-10 10:55:27.000,BTAX-041989-10-2025,2026-10-31 10:55:27.000
CEDARS GROUP INC," ",Inside City Limits,722511,Restaurant,LITTLE CAESARS PIZZA,2022-05-04 00:00:00.000,3e0ff9ef-9ed9-480a-b7fe-5cba3b784ba4,6618311264305,5501,STOCKDALE,,,HWY,,11926,BAKERSFIELD,CA,93389,2025-10-10 10:55:27.000,BTAX-041989-10-2025,2026-10-31 10:55:27.000
CEDARS GROUP INC,RYAN FEGHALI,Inside City Limits,722511,Restaurant,LITTLE CAESARS PIZZA,2022-05-04 00:00:00.000,3e0ff9ef-9ed9-480a-b7fe-5cba3b784ba4,6618311264305,5501,STOCKDALE,,,HWY,,11926,BAKERSFIELD,CA,93389,2025-10-10 10:55:27.000,BTAX-041989-10-2025,2026-10-31 10:55:27.000
"CEDARWOOD SALOON INC          "," CEDARWOOD SALOON INC          ",Inside City Limits,722410,Bar/Tavern,,2007-12-05 00:00:00.000,F06E3402-99DF-47C2-B482-BE6805C746B6,5414796160,403,PINE RIDGE,,,DR,,,GRANTS PASS,OR,97527,2025-08-14 14:30:27.000,BTAX-041261-08-2025,2026-08-31 14:30:27.000
"CEILING SPECIALTIES INC     ",RICHARD  JOHNSTON,Outside City Limits,238190,Contractor-General/Building Exterior,,1995-07-14 00:00:00.000,784C28D3-15A2-47B1-BEA5-720C0B0A34C3,5418404413,1355,ROXY ANN,,,RD,,,MEDFORD,OR,97504,2025-10-06 16:10:46.000,BTAX-041954-10-2025,2026-09-30 16:10:46.000
"CELSO ESQUIVEL PAINTING INC   ",CELSO  ESQUIVEL,Inside City Limits,238320,Painting & Wall Covering,,2014-10-14 00:00:00.000,B5DF7243-3D0D-409E-BD6E-6AAD2E6DB829,5416590351,190,SHAN CREEK,,,RD,,,GRANTS PASS,OR,97527,2025-09-18 12:51:16.000,BTAX-041815-09-2025,2026-09-30 12:51:16.000
"CENTIMARK CORPORATION         "," ",Outside City Limits,238990,Contractor-Trade/Specialty,,1997-07-12 00:00:00.000,CC1B1C20-84AD-4E4E-99AD-C2D2CE4FDC11,8005584100,ATTN: COREY BROWN,,12 GRANDVIEW CIRCLE,,,,,CANONSBURG,PA,15317,2025-10-20 14:54:25.000,BTAX-042069-10-2025,2026-10-31 14:54:25.000
CENTRAL ELECTRIC LIGHTING INC," ",Outside City Limits,238210,Contractor-Electrical,,2017-09-07 00:00:00.000,41a4cd8f-dd55-4afb-a24a-fa58348cf384,5417731618,PO BOX 8037,,,,,,,MEDFORD,OR,97501,2025-11-06 12:16:07.000,BTAX-042226-11-2025,2026-11-30 12:16:07.000
CENTRAL ELECTRIC LIGHTING INC,DOUGLAS STRILEY,Outside City Limits,238210,Contractor-Electrical,,2017-09-07 00:00:00.000,41a4cd8f-dd55-4afb-a24a-fa58348cf384,5417731618,PO BOX 8037,,,,,,,MEDFORD,OR,97501,2025-11-06 12:16:07.000,BTAX-042226-11-2025,2026-11-30 12:16:07.000
"CENTRAL POINT ELECTRIC        "," ",Outside City Limits,238210,Contractor-Electrical,,1999-01-01 00:00:00.000,8CD313AD-910D-46A1-969B-E9ADA0BACB34,5418268223,PO BOX 5170,,,,,,,CENTRAL POINT,OR,97502,2025-10-08 09:37:37.000,BTAX-041969-10-2025,2026-10-31 09:37:37.000
CENTRAL SIGNING SERVICE INC,LISA MARIE  LASSAGNE,Inside City Limits,541120,Notary,,2015-07-01 00:00:00.000,5985FA83-71CF-4C21-9579-4E310A4528D5,5415071708,PO BOX 2049,,,,,,,GRANTS PASS,OR,97528,2026-01-15 11:14:08.000,BTAX-042642-01-2026,2027-01-31 11:14:08.000
CEREDA CLEANING SERVICES,DAVID CEREDA,Inside City Limits,561720,Cleaning Service,,2017-04-28 00:00:00.000,aba6945e-5e0f-446d-88b2-e04ea992d445,5414415809,1935,HUNGRY HILL,,SW,DR,,,GRANTS PASS,OR,97527,2025-08-08 16:09:49.000,BTAX-041142-08-2025,2026-08-31 16:09:49.000
CEREDA CLEANING SERVICES," ",Inside City Limits,561720,Cleaning Service,,2017-04-28 00:00:00.000,aba6945e-5e0f-446d-88b2-e04ea992d445,5414415809,1935,HUNGRY HILL,,SW,DR,,,GRANTS PASS,OR,97527,2025-08-08 16:09:49.000,BTAX-041142-08-2025,2026-08-31 16:09:49.000
CHANDLER'S INC,JOE & KELLI  CHANDLER,Inside City Limits,812320,Dry Cleaning Services,,2008-08-01 00:00:00.000,E9399A49-4A05-445A-9071-D42216C1555B,5413249424,1610,ALLEN CREEK,,,RD,,SUITE 108,GRANTS PASS,OR,97527,2025-10-23 10:34:30.000,BTAX-042115-10-2025,2026-10-31 10:34:30.000
CHAPARRO," ",Inside City Limits,561720,Cleaning Service,,2021-07-26 00:00:00.000,59eff51b-0c20-43c0-bed4-48caaab52785,5414417319,1471,COMET,,,CT,,,GRANTS PASS,OR,97527,2025-04-03 15:57:32.000,BTAX-040156-04-2025,2026-04-30 15:57:32.000
CHAPARRO,PEDRO GONZALEZ,Inside City Limits,561720,Cleaning Service,,2021-07-26 00:00:00.000,59eff51b-0c20-43c0-bed4-48caaab52785,5414417319,1471,COMET,,,CT,,,GRANTS PASS,OR,97527,2025-04-03 15:57:32.000,BTAX-040156-04-2025,2026-04-30 15:57:32.000
CHAPEL OF THE VALLEY - L.B. HALL FUNERAL HOME," SERVICE CORPORATION INTERNATIONAL",Inside City Limits,812210,Funeral Home/Services,,2008-02-01 00:00:00.000,FB93F48C-D12F-48AB-A240-54EDDDBCFA52,5414797581,PO BOX 130548,,,,,,TAX DEPT.,HOUSTON,TX,77219,2025-07-01 10:28:28.000,BTAX-040590-07-2025,2026-07-31 10:28:28.000
"CHAPMAN PROPERTIES, LLC       ",KIRK & JAMEE  CHAPMAN,Inside City Limits,531110,Rental Units/Landlord,,1999-04-26 00:00:00.000,214797DC-D6FA-482B-A18E-2D4ADB9CBB9F,5416601995,1225,GRAYS CREEK,,,CR,,,GRANTS PASS,OR,97527,2025-07-14 09:54:12.000,BTAX-040704-07-2025,2026-07-31 09:54:12.000
"CHARBONNEAU CONSTRUCTION LTD  ",DANIEL CHARBONNEAU,Outside City Limits,238190,Contractor-General/Building Exterior,,2013-10-22 00:00:00.000,795C3E10-1146-4AF5-AE43-47052B9BD43B,,PO BOX 308,,,,,,,GRANTS PASS,OR,97528,2025-08-14 14:27:41.000,BTAX-041260-08-2025,2026-08-31 14:27:41.000
"CHARBONNEAU CONSTRUCTION LTD  ",DANIEL CHARBONNEAU,Outside City Limits,238190,Contractor-General/Building Exterior,,2013-10-22 00:00:00.000,795C3E10-1146-4AF5-AE43-47052B9BD43B,,PO BOX 308,,,,,,,GRANTS PASS,OR,97528,2025-08-14 14:27:41.000,BTAX-041260-08-2025,2026-08-31 14:27:41.000
"CHARBONNEAU CONSTRUCTION LTD  ","SCOTT RUGH                  ",Outside City Limits,238190,Contractor-General/Building Exterior,,2013-10-22 00:00:00.000,795C3E10-1146-4AF5-AE43-47052B9BD43B,,PO BOX 308,,,,,,,GRANTS PASS,OR,97528,2025-08-14 14:27:41.000,BTAX-041260-08-2025,2026-08-31 14:27:41.000
"CHARLES & SUSAN LEWIS RENTALS ",SUSAN & CHARLES E  LEWIS,Inside City Limits,531110,Rental Units/Landlord,,1994-07-01 00:00:00.000,5ADA5712-01DB-4F4B-BF3E-90512DD9AC8D,5417619953,1023,"7TH ",,NE,ST,,,GRANTS PASS,OR,97526,2025-08-14 12:57:54.000,BTAX-041258-08-2025,2026-08-31 12:57:54.000
CHEE CORPORATION,KATE  PELL,Inside City Limits,446191,Retail-Health Food & Supplements,SUNSHINE NATURAL FOODS,1990-03-03 00:00:00.000,2A6FD918-438D-40E8-AD4C-A4E548DB67E6,5414745044,128,H,,SW,ST,,,GRANTS PASS,OR,97526,2025-10-30 16:19:53.000,BTAX-042166-10-2025,2026-10-31 16:19:53.000
CHELSEA MAY'LEE PHOTOGRAPHY,Chelsea Middleton,Inside City Limits,541921,Photography,,2018-06-13 00:00:00.000,539c0e04-5155-4e8b-8df1-9373c7a0a9f3,5417870323,250,DORRY,,,LN,,,GRANTS PASS,OR,97527,2025-10-21 16:25:39.000,BTAX-042098-10-2025,2026-10-31 16:25:39.000
CHELSEA MAY'LEE PHOTOGRAPHY,CHELSEA MIDDLETON,Inside City Limits,541921,Photography,,2018-06-13 00:00:00.000,539c0e04-5155-4e8b-8df1-9373c7a0a9f3,5417870323,250,DORRY,,,LN,,,GRANTS PASS,OR,97527,2025-10-21 16:25:39.000,BTAX-042098-10-2025,2026-10-31 16:25:39.000
"CHERISHED FOOTSTEPS PRESCHOOL "," COLLEGE HEIGHTS BAPTIST CHURCH",Inside City Limits,624410,Child Day Care,,2007-10-08 00:00:00.000,AB3A9CE9-6586-4D39-97A4-2A3768ED2576,5414790468,1832,DOWELL,,,RD,,,GRANTS PASS,OR,97527,2025-08-04 15:28:07.000,BTAX-041088-08-2025,2026-08-31 15:28:07.000
"CHERYL'S MOBILE GROOMING      ",CHERYL  BRIGHT,Inside City Limits,812910,Pet Care Services,,2012-01-20 00:00:00.000,F68CCCA7-639B-4588-A1C8-4F1C0E8F3C05,5412182825,222,BURTON,,,DR,,,GRANTS PASS,OR,97527,2025-07-16 11:03:56.000,BTAX-040800-07-2025,2026-07-31 11:03:56.000
CHERYL'S SUPREME HOUSECLEANING,CHERYL  STRUBEL,Inside City Limits,561720,Cleaning Service,,2015-01-01 00:00:00.000,30511D82-7E4F-4490-9A1A-51450406A320,5414411537,905,CENTRAL,,SW,AVE,,,GRANTS PASS,OR,97526,2025-07-14 11:55:00.000,BTAX-040719-07-2025,2026-07-31 11:55:00.000
"CHIERICHETTI PLUMBING LLC    ",DINA MASSA,Inside City Limits,238220,Plumber,MR ROOTER,1989-09-11 00:00:00.000,AFDAF4D7-20B0-48BE-A0FB-614982F36184,5414768216,2062,VINE,,NW,ST,,,GRANTS PASS,OR,97526,2025-07-18 16:17:34.000,BTAX-040837-07-2025,2026-07-31 16:17:34.000
"CHILDRESS ROOFING INC         ",TED & PAULA  CHILDRESS,Outside City Limits,238160,Roofing,,2003-07-28 00:00:00.000,5B5B643F-8F37-4BE3-B726-061B9EC6D94A,5416659889,6353,VENTURA,,,LN,,,CENTRAL POINT,OR,97502,2025-09-05 12:06:52.000,BTAX-041653-09-2025,2026-09-30 12:06:52.000
"CHINA HUT RESTAURANT & LOUNGE ",WENDY YUENKUEN & FONG WING FONG,Inside City Limits,722511,Restaurant,,1997-01-01 00:00:00.000,2F900140-30C0-4917-B16E-10AF1738556B,5414763441,1434,"6TH ",,NW,ST,,,GRANTS PASS,OR,97526,2025-07-22 11:29:37.000,BTAX-040858-07-2025,2026-07-31 11:29:37.000
"CHRIS & CRYSTAL WALLIS CLEANING ",CHRIS & CRYSTAL  WALLIS,Outside City Limits,561720,Cleaning Service,,2008-12-11 00:00:00.000,F9F4AF59-96EF-40B2-8663-39AF7088B85A,5415829136,1978,FOOTS,,,CR,,,GOLD HILL,OR,97525,2025-08-14 15:18:45.000,BTAX-041276-08-2025,2026-07-31 15:18:45.000
"CHRIS AND KIM KNOX RENTALS    "," ",Inside City Limits,531110,Rental Units/Landlord,,2015-07-01 00:00:00.000,96F371AB-24B7-4854-AC77-DF04888CE51E,5418997222,PO BOX 621,,,,,,,JACKSONVILLE,OR,97530,2025-07-16 14:48:51.000,BTAX-040809-07-2025,2026-07-31 14:48:51.000
"CHRIS HART STUDIO             ",CHRIS  HART,Inside City Limits,711510,Artist,,1999-03-30 00:00:00.000,5D8E1354-CF02-4DD9-B038-5343F4C4A9F1,5414796568,1100,"GLADIOLA ",,SE,DR,,,GRANTS PASS,OR,97526,2025-06-16 14:49:31.000,BTAX-040527-06-2025,2026-06-30 14:49:31.000
CHRIS MCKINNEY CONSTRUCTION,CHRIS  MCKINNEY,Outside City Limits,238190,Contractor-General/Building Exterior,,1999-01-01 00:00:00.000,7992238D-A250-41DC-A387-D66B9E7D44EA,5416604325,145,LINDA VISTA,,W,RD,,,GRANTS PASS,OR,97527,2026-02-27 11:26:34.000,BTAX-042868-02-2026,2027-02-28 11:26:34.000
"CHRISTENSON ELECTRIC INC     ",MARK WALTER,Outside City Limits,238210,Contractor-Electrical,,2002-02-01 00:00:00.000,7BEC966E-3013-4BAF-9A75-FFD98184C346,5034193300,17201,SACRAMENTO,,NE,ST,,,PORTLAND,OR,97230,2025-10-23 11:28:42.000,BTAX-042117-10-2025,2026-10-31 11:28:42.000
"CHRISTOPHER MECCA ATTORNEY AT LAW        ",CHRISTOPHER  MECCA,Inside City Limits,541110,Lawyer,,2004-09-01 00:00:00.000,9BCB7DFE-EA8C-4087-BEB1-FAE287350C55,5414741161,245,B,,NW,ST,,,GRANTS PASS,OR,97526,2025-09-18 11:18:30.000,BTAX-041806-09-2025,2026-09-30 11:18:30.000
CHRISTOPHER V HENNINGS CONST,CHRISTOPHER HENNINGS,Inside City Limits,238190,Contractor-General/Building Exterior,,2016-09-23 00:00:00.000,1fc4b243-cdd9-4626-a364-61a19867cef8,5416010750,1870,ALLEN CREEK,,SW,RD,,,GRANTS PASS,OR,97527,2025-08-12 14:54:05.000,BTAX-041193-08-2025,2026-07-31 14:54:05.000
CHRISTOPHER V HENNINGS CONST,CHRISTOPHER  HENNINGS,Inside City Limits,238190,Contractor-General/Building Exterior,,2016-09-23 00:00:00.000,1fc4b243-cdd9-4626-a364-61a19867cef8,5416010750,1870,ALLEN CREEK,,SW,RD,,,GRANTS PASS,OR,97527,2025-08-12 14:54:05.000,BTAX-041193-08-2025,2026-07-31 14:54:05.000
CHUCK'S ROOFING AND CONSTRUCTION,RAYMOND MATTHEWS,Inside City Limits,238160,Roofing,,1990-08-05 00:00:00.000,F496F344-8B0E-431A-BAC4-77CC6FDBFCF1,5414798789,1980,JONES CREEK,,W,RD,,,GRANTS PASS,OR,97526,2025-04-07 15:41:34.000,BTAX-040174-04-2025,2026-04-30 15:41:34.000
CHURRO DUBS LLC," ",Outside City Limits,722330,Food-Mobile/Ice Cream Truck,,2023-12-07 00:00:00.000,efb96b31-adb3-4538-ab8c-6ef7166c8567,6024780220,4767,LAKESHORE,,,DR,,,SELMA,OR,97558,2025-05-08 09:06:11.000,BTAX-040313-05-2025,2026-05-31 09:06:11.000
CHURRO DUBS LLC,BY DEZIGN,Outside City Limits,722330,Food-Mobile/Ice Cream Truck,,2023-12-07 00:00:00.000,efb96b31-adb3-4538-ab8c-6ef7166c8567,6024780220,4767,LAKESHORE,,,DR,,,SELMA,OR,97558,2025-05-08 09:06:11.000,BTAX-040313-05-2025,2026-05-31 09:06:11.000
"CINDY O'DELL, LMT             ",CINDY  O'DELL,Inside City Limits,621399,Medical-Massage Therapy,,2005-02-01 00:00:00.000,45D25F87-D5F5-433A-B7EB-53D0E81B0F3C,5416608787,315,EVANS CREEK,,W,RD,,UNIT #71,ROGUE RIVER,OR,97537,2025-07-16 09:48:49.000,BTAX-040791-07-2025,2026-07-31 09:48:49.000
"CINTAS CORP                   ",SCOTT  FARMER,Outside City Limits,561439,Business Service Center-Misc,,1992-10-01 00:00:00.000,E6BEA0B8-73D7-4EF5-A424-D61784E677BD,5418269425,6800,"CINTAS ",,,BLVD,,,MASON,OH,45040,2025-07-22 12:12:05.000,BTAX-040865-07-2025,2026-07-31 12:12:05.000
"CIRCLE K STORE #4             ",SALAHEDDIN HASSAN,Inside City Limits,445120,Convenience Store,,2002-03-01 00:00:00.000,347271AB-9F31-46BA-8007-DECDA83E8F0D,5414795343,2860,SANTIAGO,,N,BLVD,,,ORANGE,CA,928671722,2025-09-18 12:43:12.000,BTAX-041813-09-2025,2026-09-30 12:43:12.000
"CIRCLE K STORE #4             "," ",Inside City Limits,445120,Convenience Store,,2002-03-01 00:00:00.000,347271AB-9F31-46BA-8007-DECDA83E8F0D,5414795343,2860,SANTIAGO,,N,BLVD,,,ORANGE,CA,928671722,2025-09-18 12:43:12.000,BTAX-041813-09-2025,2026-09-30 12:43:12.000
"CITY AUTOMOTIVE SERVICES LLC  ",DANIEL & PAULA  BAYARD,Inside City Limits,811111,Auto-General Repair,CITY AUTOMOTIVE,2007-12-11 00:00:00.000,92B7A4F3-1281-4C9B-920A-87E896E83DC2,5414764110,1515,REDWOOD,,,AVE,,SUITE 3,GRANTS PASS,OR,97527,2025-07-25 10:11:50.000,BTAX-040972-07-2025,2026-07-31 10:11:50.000
"CITY PLYWOOD CENTER           ",TERRY D  MILLER,Inside City Limits,321999,Manufacturing-Wood Products,,1997-11-06 00:00:00.000,0567798B-E6C2-47B4-9AA2-150975A328C5,5414796114,515,F,,NE,ST,,,GRANTS PASS,OR,97526,2025-08-20 10:23:53.000,BTAX-041442-08-2025,2026-08-31 10:23:53.000
"CJ CRAWFORD COMPANY           ",CAROL  CRAWFORD,Inside City Limits,541990,Professional-Misc,,2011-05-18 00:00:00.000,67045D3A-B554-4CEE-BD26-81636718C883,5412265030,233,ROGUE RIVER,,,HWY,,#184,GRANTS PASS,OR,97527,2025-07-30 13:00:54.000,BTAX-041040-07-2025,2026-07-31 13:00:54.000
CLARITY WINDOW WASHING," ",Inside City Limits,561720,Cleaning Service,,2020-11-19 00:00:00.000,0ec8e31e-1385-4fee-b62e-cf4c836fbafa,5416591100,510,PINNON,,,RD,,,GRANTS PASS,OR,97526,2025-11-04 09:56:36.000,BTAX-042196-11-2025,2026-11-30 09:56:36.000
CLARITY WINDOW WASHING,CALVIN LEWIS,Inside City Limits,561720,Cleaning Service,,2020-11-19 00:00:00.000,0ec8e31e-1385-4fee-b62e-cf4c836fbafa,5416591100,510,PINNON,,,RD,,,GRANTS PASS,OR,97526,2025-11-04 09:56:36.000,BTAX-042196-11-2025,2026-11-30 09:56:36.000
CLARKE COTTAGE,JOHN & KATHERINE CLARKE,Inside City Limits,721199,All Other Traveler Accommodation,,2021-06-11 00:00:00.000,8d4626f7-87f0-45b8-a563-ac72c1fcb23a,8054648381,2474,COACH,,,DR,,,GRANTS PASS,OR,97527,2025-08-04 10:53:16.000,BTAX-041081-08-2025,2026-07-31 10:53:16.000
CLARKE COTTAGE," ",Inside City Limits,721199,All Other Traveler Accommodation,,2021-06-11 00:00:00.000,8d4626f7-87f0-45b8-a563-ac72c1fcb23a,8054648381,2474,COACH,,,DR,,,GRANTS PASS,OR,97527,2025-08-04 10:53:16.000,BTAX-041081-08-2025,2026-07-31 10:53:16.000
"CLASSIC HOUSING               ",DAN & SHIRLEY  BARKLIND,Outside City Limits,531110,Rental Units/Landlord,,2009-09-23 00:00:00.000,5AAABB1B-BEE8-4101-92E8-97EBB9945480,5412916011,PO BOX 5533,,,,,,,GRANTS PASS,OR,97528,2025-07-11 11:35:27.000,BTAX-040680-07-2025,2026-07-31 11:35:27.000
CLASSICS BARBERSHOP," ",Inside City Limits,812111,Barber Shop,,2022-03-09 00:00:00.000,58190fd9-36d8-4bd9-8c50-e9023c1a3484,5414741004,1225,RIVER,,,LN,,,GRANTS PASS,OR,97526,2025-04-02 12:35:17.000,BTAX-040134-04-2025,2026-04-30 12:35:17.000
CLASSICS BARBERSHOP,SKYLER CALDERON,Inside City Limits,812111,Barber Shop,,2022-03-09 00:00:00.000,58190fd9-36d8-4bd9-8c50-e9023c1a3484,5414741004,1225,RIVER,,,LN,,,GRANTS PASS,OR,97526,2025-04-02 12:35:17.000,BTAX-040134-04-2025,2026-04-30 12:35:17.000
"CLAUDIA MARCHINI ART          ",CLAUDIA  MARCHINI,Inside City Limits,711510,Artist,,2005-06-02 00:00:00.000,7AFC1A0B-9053-4692-9593-E780A4F83ACC,5414716026,1805,LELA,,SE,LN,,,GRANTS PASS,OR,97526,2025-09-08 16:01:07.000,BTAX-041692-09-2025,2026-09-30 16:01:07.000
CLAUDIO ALVAREZ CONSTRUCTION INC,Nicole Marcus,Outside City Limits,238190,Contractor-General/Building Exterior,,2007-07-06 00:00:00.000,5E7E74A3-63A9-4688-9316-7D99396D0EA7,5417277340,3558,TABLE ROCK,,,RD,,,MEDFORD,OR,97504,2025-08-19 12:24:09.000,BTAX-041398-08-2025,2026-08-31 12:24:09.000
CLAUDIO ALVAREZ CONSTRUCTION INC,STEPHANIE ALVAREZ,Outside City Limits,238190,Contractor-General/Building Exterior,,2007-07-06 00:00:00.000,5E7E74A3-63A9-4688-9316-7D99396D0EA7,5417277340,3558,TABLE ROCK,,,RD,,,MEDFORD,OR,97504,2025-08-19 12:24:09.000,BTAX-041398-08-2025,2026-08-31 12:24:09.000
CLAUDIO ALVAREZ CONSTRUCTION INC,CLAUDIO ALVAREZ TIMOTHY ALVAREZ,Outside City Limits,238190,Contractor-General/Building Exterior,,2007-07-06 00:00:00.000,5E7E74A3-63A9-4688-9316-7D99396D0EA7,5417277340,3558,TABLE ROCK,,,RD,,,MEDFORD,OR,97504,2025-08-19 12:24:09.000,BTAX-041398-08-2025,2026-08-31 12:24:09.000
CLAUDIO'S," ",Outside City Limits,541320,Landscaping Services,,2022-07-27 00:00:00.000,fa190b42-ad84-4be0-a2ab-202fcb0b3e7a,5416605753,338,EMERALD,,NE,WAY,,,GRANTS PASS,OR,97526,2026-01-06 11:11:44.000,BTAX-042566-01-2026,2027-01-31 11:11:44.000
CLAUDIO'S,CLAUDIO QUIROZ,Outside City Limits,541320,Landscaping Services,,2022-07-27 00:00:00.000,fa190b42-ad84-4be0-a2ab-202fcb0b3e7a,5416605753,338,EMERALD,,NE,WAY,,,GRANTS PASS,OR,97526,2026-01-06 11:11:44.000,BTAX-042566-01-2026,2027-01-31 11:11:44.000
CLEAN FREAKS CLEANING COMPANY LLC," ",Inside City Limits,561720,Cleaning Service,,2021-02-02 00:00:00.000,9211388f-7d30-49cf-8a1b-514df654043d,5417875218,340,L,,SW,ST,,,GRANTS PASS,OR,97526,2025-05-21 14:12:47.000,BTAX-040406-05-2025,2026-05-31 14:12:47.000
CLEAN FREAKS CLEANING COMPANY LLC,SHAWNA NELSON,Inside City Limits,561720,Cleaning Service,,2021-02-02 00:00:00.000,9211388f-7d30-49cf-8a1b-514df654043d,5417875218,340,L,,SW,ST,,,GRANTS PASS,OR,97526,2025-05-21 14:12:47.000,BTAX-040406-05-2025,2026-05-31 14:12:47.000
CLEANING SOLUTIONS AND RESTORATION LLC,ZACHARY MORRIS,Outside City Limits,561740,Carpet & Upholstery Cleaning,,2020-01-07 00:00:00.000,8036a064-d2e4-42ec-88ba-754a4eb08482,5414507567,2163,SPALDING,,NE,AVE,,SPC 7,GRANTS PASS,OR,97526,2025-08-12 14:21:28.000,BTAX-041183-08-2025,2026-07-31 14:21:28.000
CLEANING SOLUTIONS AND RESTORATION LLC," ",Outside City Limits,561740,Carpet & Upholstery Cleaning,,2020-01-07 00:00:00.000,8036a064-d2e4-42ec-88ba-754a4eb08482,5414507567,2163,SPALDING,,NE,AVE,,SPC 7,GRANTS PASS,OR,97526,2025-08-12 14:21:28.000,BTAX-041183-08-2025,2026-07-31 14:21:28.000
CLIFF MEYER CUSTOM WOOD TURNING,WARREN C & SUSAN A  MEYER,Inside City Limits,999999,Crafts & Hobbies,,2013-02-27 00:00:00.000,C8FB5024-E420-4E09-BA64-C94ECAB366CA,5416602752,220,CENTRAL,,SW,AVE,,,GRANTS PASS,OR,97526,2025-07-09 10:24:05.000,BTAX-040634-07-2025,2026-07-31 10:24:05.000
"CLIFF'S CUSTOM FLOORS INC     ",CLIFF  BOWDEN,Inside City Limits,238330,Flooring,,1996-08-15 00:00:00.000,F4209B2D-724A-457E-8347-855A30EE6087,5414764164,3524,ELK,,,LN,,,GRANTS PASS,OR,97527,2025-10-16 14:47:06.000,BTAX-042042-10-2025,2026-10-31 14:47:06.000
CLIMATE CITY CONSTRUCTION CORP,ANDREW RIES,Inside City Limits,238190,Contractor-General/Building Exterior,,2016-07-23 00:00:00.000,ed87750f-0c23-4e80-ad9a-1a51e5109c1e,5417612830,857,M,,SE,ST,,,GRANTS PASS,OR,97526,2025-10-14 14:02:00.000,BTAX-042010-10-2025,2026-10-31 14:02:00.000
CLIMATE CITY CONSTRUCTION CORP,ANDREW RIES,Inside City Limits,238190,Contractor-General/Building Exterior,,2016-07-23 00:00:00.000,ed87750f-0c23-4e80-ad9a-1a51e5109c1e,5417612830,857,M,,SE,ST,,,GRANTS PASS,OR,97526,2025-10-14 14:02:00.000,BTAX-042010-10-2025,2026-10-31 14:02:00.000
CLIMATE PROS LLC," ",Outside City Limits,238990,Specialty Trade Contractor,,2022-07-01 00:00:00.000,7a27b399-dd78-45cf-8853-f28b99530773,6308938511,55,BRANDON,,N,DR,,,GLENDALE HEIGHTS,IL,60139,2025-08-26 12:38:18.000,BTAX-041569-08-2025,2026-08-31 12:38:18.000
CLIMATE PROS LLC,TODD  ERNEST,Outside City Limits,238990,Specialty Trade Contractor,,2022-07-01 00:00:00.000,7a27b399-dd78-45cf-8853-f28b99530773,6308938511,55,BRANDON,,N,DR,,,GLENDALE HEIGHTS,IL,60139,2025-08-26 12:38:18.000,BTAX-041569-08-2025,2026-08-31 12:38:18.000
"CLINTON'S LAWN SERVICE        ",JERRY  CLINTON,Outside City Limits,541320,Landscaping Services,,2004-02-20 00:00:00.000,21ECFF9C-AC26-4E7C-988F-968D3961AD6A,5419566991,5287,ROGUE RIVER,,,HWY,,,GRANTS PASS,OR,97527,2025-07-07 12:05:42.000,BTAX-040615-07-2025,2026-07-31 12:05:42.000
CLOUD 9 MASSAGE,SUZANNE ROSA,Inside City Limits,621399,Medical-Massage Therapy,,2018-01-05 00:00:00.000,66006b6d-dd4d-47f5-9eed-9d6669d49ffd,5417780336,100,BRENTWOOD,,,DR,,,GRANTS PASS,OR,97526,2025-05-13 14:28:52.000,BTAX-040350-05-2025,2026-05-31 14:28:52.000
CLOUD 9 MASSAGE," ",Inside City Limits,621399,Medical-Massage Therapy,,2018-01-05 00:00:00.000,66006b6d-dd4d-47f5-9eed-9d6669d49ffd,5417780336,100,BRENTWOOD,,,DR,,,GRANTS PASS,OR,97526,2025-05-13 14:28:52.000,BTAX-040350-05-2025,2026-05-31 14:28:52.000
"CLOUSER DRILLING INC          ",KEVIN  GILL,Inside City Limits,238990,Contractor-Trade/Specialty,,1971-01-01 00:00:00.000,BB9ADB52-E9FA-4BB1-A15D-7B5057F4962E,5414767795,129,ASSEMBLY,,,CIR,,,GRANTS PASS,OR,97526,2025-07-25 10:00:56.000,BTAX-040971-07-2025,2026-07-31 10:00:56.000
"CLOVERLAWN MARKET LLC         ",MARK & THERESA  HILL,Inside City Limits,452990,"Retail-General Merchandise ",,2012-07-01 00:00:00.000,E86788AA-E797-48C9-94F4-E2EBE3F4AD8E,5414796280,1615,ALEXANDER,,,LN,,,GRANTS PASS,OR,97527,2025-08-19 09:25:28.000,BTAX-041356-08-2025,2026-08-31 09:25:28.000
"CLUB NORTHWEST                ",SCOTT  DRAPER,Inside City Limits,713940,Fitness Center,,1990-06-26 00:00:00.000,2CF91DA1-BF5E-46E0-BB32-06ACF9D4040E,5419552582,2160,"VINE ",,NW,ST,,,GRANTS PASS,OR,97526,2025-12-15 12:37:11.000,BTAX-042465-12-2025,2026-12-31 12:37:11.000
"CNC PROPERTIES LLC           ","CORY & CAROLYN FAWCETT   ",Inside City Limits,531210,Real Estate Agents/Brokers,,2001-05-14 00:00:00.000,C80F907A-A8CF-46B6-BF75-F08E47FD797F,5414796708,337,COPELAND,,NW,DR,,,GRANTS PASS,OR,97526,2025-08-20 15:13:15.000,BTAX-041476-08-2025,2026-08-31 15:13:15.000
COB INC," CALIFORNIA OREGON BROADCASTING",Outside City Limits,515120,TV-Television Broadcasting,K O B I - TV,1987-07-01 00:00:00.000,07EA08A3-8B3D-4A89-8543-05892DC9252B,5417795555,PO BOX 1489,,,,,,,MEDFORD,OR,97501,2025-07-09 10:11:14.000,BTAX-040631-07-2025,2026-07-31 10:11:14.000
"COCHRAN INC                   ",LEANN (CORPORATION)  COCHRAN,Outside City Limits,238210,Contractor-Electrical,,2003-04-14 00:00:00.000,90559538-85FC-4BD4-8C4C-98A86A2077B7,2063671900,12500,"AURORA ",,,AVE,,,SEATTLE,WA,98133,2025-08-20 15:51:39.000,BTAX-041480-08-2025,2026-08-31 15:51:39.000
COINSTAR ASSET HOLDINGS," ",Outside City Limits,424210,Vending Machine Operator,COINSTAR,2016-06-02 00:00:00.000,3b695d1e-b95c-4071-9941-dfa934164184,4254107713,COINSTAIR REGISTRATION,,PO BOX 91258,,,,,BELLEVUE,WA,98009,2025-09-02 16:01:07.000,BTAX-041609-09-2025,2026-08-31 16:01:07.000
COINSTAR ASSET HOLDINGS," ",Outside City Limits,424210,Vending Machine Operator,COINSTAR,2016-06-02 00:00:00.000,3b695d1e-b95c-4071-9941-dfa934164184,4254107713,COINSTAIR REGISTRATION,,PO BOX 91258,,,,,BELLEVUE,WA,98009,2025-09-02 16:01:07.000,BTAX-041609-09-2025,2026-08-31 16:01:07.000
COINSTAR ASSET HOLDINGS,KEVIN MCCOLLY,Outside City Limits,424210,Vending Machine Operator,COINSTAR,2016-06-02 00:00:00.000,3b695d1e-b95c-4071-9941-dfa934164184,4254107713,COINSTAIR REGISTRATION,,PO BOX 91258,,,,,BELLEVUE,WA,98009,2025-09-02 16:01:07.000,BTAX-041609-09-2025,2026-08-31 16:01:07.000
"COLEMAN, D KEITH              ",D KEITH  COLEMAN,Outside City Limits,531110,Rental Units/Landlord,,1997-01-01 00:00:00.000,AAB8F676-E97F-496C-8BD4-A3E2D364A268,5414798069,2755,"FAVILL LN     ",,,,,,GRANTS PASS,OR,97526,2025-11-04 11:14:50.000,BTAX-042208-11-2025,2026-11-30 11:14:50.000
"COLONIAL DECORATORS           ","TIMOTHY,JOAN & KERRY PRULHIERE",Inside City Limits,442210,Retail-Floor Coverings,,1958-06-01 00:00:00.000,C5BFF606-DF98-4121-AB5C-29026217CBC9,5414793192,545,WESTBROOK,,NE,WAY,,,GRANTS PASS,OR,97526,2025-07-14 12:44:37.000,BTAX-040722-07-2025,2026-07-31 12:44:37.000
COLUMBIA BANK," ",Inside City Limits,522110,Finance-Commercial Bank,,1987-04-01 00:00:00.000,45451FEC-9955-4974-A9B8-8B77198EAD48,5414726402,1670,WILLIAMS,,,HWY,,,GRANTS PASS,OR,97527,2025-09-11 16:16:35.000,BTAX-041732-09-2025,2026-09-30 16:16:35.000
COLUMBIA BANK," ",Inside City Limits,522110,Finance-Commercial Bank,,2008-10-01 00:00:00.000,CBB676D9-C2A0-4B10-9AF0-75E9A0C757A9,5414791776,117,F,,NE,ST,,,GRANTS PASS,OR,97526,2025-10-02 15:19:56.000,BTAX-041922-10-2025,2026-10-31 15:19:56.000
"COLUMBIA BELLS LLC            "," ",Inside City Limits,722513,Limited-Service Restaurant,TACO BELL #028002,1991-10-28 00:00:00.000,A9E97AB9-6A3D-429D-BC06-E9DB02E17DCB,5414798521,PO BOX 23408,,,,,,,EUGENE,OR,97402,2025-07-22 14:12:25.000,BTAX-040892-07-2025,2026-07-31 14:12:25.000
COLUMBIA BELLS LLC," ",Inside City Limits,722513,Limited-Service Restaurant,TACO BELL,2016-01-05 00:00:00.000,E8B29895-20B3-4360-863B-E23279E0CE34,5416878445,PO BOX 23408,,,,,,,EUGENE,OR,97402,2025-08-20 09:50:15.000,BTAX-041438-08-2025,2026-07-31 09:50:15.000
"COLVIN OIL CO 76 #126         ",SALAHEDDIN HASSAN,Inside City Limits,447190,Gas Station,,1993-01-27 00:00:00.000,0EF54A37-D97D-4D8E-8419-CA5CA0710398,5414795343,2860,SANTIAGO,,N,BLVD,,,ORANGE,OR,928671722,2025-09-18 12:48:49.000,BTAX-041814-09-2025,2026-09-30 12:48:49.000
"COLVIN OIL CO 76 #126         "," ",Inside City Limits,447190,Gas Station,,1993-01-27 00:00:00.000,0EF54A37-D97D-4D8E-8419-CA5CA0710398,5414795343,2860,SANTIAGO,,N,BLVD,,,ORANGE,OR,928671722,2025-09-18 12:48:49.000,BTAX-041814-09-2025,2026-09-30 12:48:49.000
"COLVIN OIL CO 76 STATION    ",SALAHEDDIN HASSAN,Inside City Limits,447190,Gas Station,,1992-07-25 00:00:00.000,4B58C56F-2480-4B53-9977-2F58AC90167C,5414795343,2860,SANTIAGO,,N,BLVD,,,ORANGE,CA,928671722,2025-09-17 11:53:44.000,BTAX-041790-09-2025,2026-09-30 11:53:44.000
"COLVIN OIL CO 76 STATION    "," ",Inside City Limits,447190,Gas Station,,1992-07-25 00:00:00.000,4B58C56F-2480-4B53-9977-2F58AC90167C,5414795343,2860,SANTIAGO,,N,BLVD,,,ORANGE,CA,928671722,2025-09-17 11:53:44.000,BTAX-041790-09-2025,2026-09-30 11:53:44.000
"COLVIN OIL CO STATION #3      "," ",Inside City Limits,447190,Gas Station,,1992-07-25 00:00:00.000,A78538F8-0902-4B22-8D2F-86D51A3D5E7F,5414795343,2860,SANTIAGO,,N,BLVD,,,ORANGE,CA,928671722,2025-09-17 12:07:39.000,BTAX-041791-09-2025,2026-09-30 12:07:39.000
"COLVIN OIL CO STATION #3      ",SALAHEDDIN HASSAN,Inside City Limits,447190,Gas Station,,1992-07-25 00:00:00.000,A78538F8-0902-4B22-8D2F-86D51A3D5E7F,5414795343,2860,SANTIAGO,,N,BLVD,,,ORANGE,CA,928671722,2025-09-17 12:07:39.000,BTAX-041791-09-2025,2026-09-30 12:07:39.000
"COLVIN OIL CO-CHEVRON STATION "," ",Inside City Limits,447190,Gas Station,,1997-01-01 00:00:00.000,005A9FBD-5036-4605-9219-58D69A25B270,5414795343,2860,SANTIAGO,,N,BLVD,,,ORANGE,CA,928671722,2025-09-17 12:28:12.000,BTAX-041792-09-2025,2026-09-30 12:28:12.000
"COLVIN OIL CO-CHEVRON STATION ",SALAHEDDIN HASSAN,Inside City Limits,447190,Gas Station,,1997-01-01 00:00:00.000,005A9FBD-5036-4605-9219-58D69A25B270,5414795343,2860,SANTIAGO,,N,BLVD,,,ORANGE,CA,928671722,2025-09-17 12:28:12.000,BTAX-041792-09-2025,2026-09-30 12:28:12.000
"COME TO YOU CAR WASH          ",CHAD GARZA,Inside City Limits,811192,Car Wash & Detailing,,2007-07-16 00:00:00.000,043F3F68-71D3-4B30-916E-1A2F83A34E72,5417615247,1630,WILLIAMS,,,HWY,,#175,GRANTS PASS,OR,97527,2025-08-04 15:42:04.000,BTAX-041090-08-2025,2026-07-31 15:42:04.000
"COME TO YOU CAR WASH          "," ",Inside City Limits,811192,Car Wash & Detailing,,2007-07-16 00:00:00.000,043F3F68-71D3-4B30-916E-1A2F83A34E72,5417615247,1630,WILLIAMS,,,HWY,,#175,GRANTS PASS,OR,97527,2025-08-04 15:42:04.000,BTAX-041090-08-2025,2026-07-31 15:42:04.000
"COMFORT FLOW HEATING          ",TRIEBER MEADOR & MICHELLE QUINNEY,Outside City Limits,238220,Contractor-HVAC Services,,2002-07-03 00:00:00.000,CF8E3F09-AB64-4001-B4FA-C71E0ECE9A48,5417260100,1951,DON,,,ST,,SUITE D,SPRINGFIELD,OR,97477,2026-01-22 14:23:01.000,BTAX-042676-01-2026,2027-01-31 14:23:01.000
"COMING ATTRACTIONS THEATRES   ",JOHN  SCHWEIGER,Inside City Limits,512131,Movie Theater,SOUTHGATE CINEMAS,1997-12-31 00:00:00.000,65C3C579-2845-4EDA-AB84-34D63ACAC433,5414718503,PO BOX 219,"ASHLAND ",,,ST,,,ASHLAND,OR,97520,2025-10-29 12:17:18.000,BTAX-042146-10-2025,2026-10-31 12:17:18.000
COMMERCIAL & RESIDENTIAL MAINTENANCE,DAVE  WRIGHT,Outside City Limits,238190,Contractor-General/Building Exterior,C & R MAINTENANCE,2012-09-27 00:00:00.000,B3139BC5-6280-4ABD-AF2A-93E6112678D8,5418422427,718,BLACK OAK,,,DR,,SUTIE A,MEDFORD,OR,97504,2025-10-20 12:36:09.000,BTAX-042054-10-2025,2026-10-31 12:36:09.000
COMMODITY TRENDS,ANDREW LODON EERO PIKAT,Inside City Limits,561499,Business Support Services-Misc,,1994-01-01 00:00:00.000,E09F8B3D-DED1-48E1-936F-11562043ED78,3125548122,560,F,,NE,ST,,SUITE A #429,GRANTS PASS,OR,97526,2025-08-27 11:42:10.000,BTAX-041573-08-2025,2026-08-31 11:42:10.000
"COMMUNITY/HENDERSON RADIATOR  "," KEVIN D MCCASKILL             ",Inside City Limits,811111,Auto-General Repair,,1997-01-01 00:00:00.000,8886DA5A-42CD-4D82-8207-78DDF2340AFB,5414766463,112,M,,SW,ST,,,GRANTS PASS,OR,97526,2025-08-14 15:12:19.000,BTAX-041272-08-2025,2026-08-31 15:12:19.000
"COMPETITIVE ATHLETICS LLC    ",AARIN YARRISH & HOLLY KNOLL,Inside City Limits,451110,Retail-Sporting Goods,,2007-06-01 00:00:00.000,315892B1-4CC5-4A08-8B52-F904CA5FAC65,5414791001,105,7TH,,NE,ST,,,GRANTS PASS,OR,97526,2025-08-26 10:32:01.000,BTAX-041554-08-2025,2026-08-31 10:32:01.000
COMPLETED ELECTRIC PLUS LLC,SEAN KOSEN,Inside City Limits,238210,Contractor-Electrical,,2022-07-21 00:00:00.000,463f2b60-0274-4d6e-8e53-7053d8ccaa14,5416305018,209,KINGS,,,WAY,,,CENTRAL POINT,OR,97502,2025-10-17 15:03:30.000,BTAX-042052-10-2025,2026-10-31 15:03:30.000
COMPLETED ELECTRIC PLUS LLC," ",Inside City Limits,238210,Contractor-Electrical,,2022-07-21 00:00:00.000,463f2b60-0274-4d6e-8e53-7053d8ccaa14,5416305018,209,KINGS,,,WAY,,,CENTRAL POINT,OR,97502,2025-10-17 15:03:30.000,BTAX-042052-10-2025,2026-10-31 15:03:30.000
CONDOR MANAGEMENT CORP,MICHAEL L  TRIPP,Inside City Limits,531110,Rental Units/Landlord,,2002-02-25 00:00:00.000,FF4CCCE8-2291-4432-8FD3-1E449B957F7A,5414714485,1215,"7TH ",,NE,ST,,SUITE E,GRANTS PASS,OR,97526,2025-11-05 11:22:25.000,BTAX-042216-11-2025,2026-11-30 11:22:25.000
CONFIDENT STAFFING EMPLOYEE LEASING & CONSTRUCTION WORKFORCE INC,REBECCA H.  MORRISON-STONEY,Inside City Limits,561311,Employment Agency,,2010-11-05 00:00:00.000,CBAE123F-F744-4B45-AC67-032887E5E0C7,5414765932,1575,MCANDREWS,,E,RD,,SUITE 300,MEDFORD,OR,97504,2025-08-19 11:03:17.000,BTAX-041377-08-2025,2026-07-31 11:03:17.000
CONNIE'S HAIR DESIGN LLC,CONNIE  WESTPHALL,Inside City Limits,812112,Beauty Salon,,1997-01-01 00:00:00.000,76E97896-B143-47E4-8FF5-D5ED23B588D3,5414741772,266,9TH,,SE,ST,,,GRANTS PASS,OR,97526,2025-07-15 14:40:37.000,BTAX-040762-07-2025,2026-07-31 14:40:37.000
CONNIE'S HAIR DESIGN LLC,CONNIE WESTPHALL,Inside City Limits,812112,Beauty Salon,,1997-01-01 00:00:00.000,76E97896-B143-47E4-8FF5-D5ED23B588D3,5414741772,266,9TH,,SE,ST,,,GRANTS PASS,OR,97526,2025-07-15 14:40:37.000,BTAX-040762-07-2025,2026-07-31 14:40:37.000
"CONNOLLY CUSTOM CABINETS      ",JAMES  CONNOLLY,Inside City Limits,321999,Manufacturing-Wood Products,,2013-09-23 00:00:00.000,D834CE38-0F7B-4252-8142-44D2EB84E9FD,5416599028,PO BOX 5702,,,,,,,GRANTS PASS,OR,97527,2025-08-14 15:59:14.000,BTAX-041288-08-2025,2026-08-31 15:59:14.000
CONTINUUM BEHAVIORAL HEALTH AND RECOVERY SERVICES,"   ",Inside City Limits,621420,Medical-Mental Health/Substance Abuse Center,,2020-10-05 00:00:00.000,439d95ad-ee89-4dbc-9bf7-c29ec946185b,5418168377,690,ROGUE RIVER,,,HWY,,,GRANTS PASS,OR,97627,2026-02-11 11:34:21.000,BTAX-042795-02-2026,2026-10-31 11:34:21.000
CONTINUUM BEHAVIORAL HEALTH AND RECOVERY SERVICES,"   ",Inside City Limits,624229,Other Community Housing Services,,2022-11-30 00:00:00.000,4545ab77-8d08-47df-b8ea-56803d6140d7,5418168377,902,DEWEY,,,DR,,,GRANTS PASS,OR,97526,2026-03-11 12:53:17.000,BTAX-042943-03-2026,2026-11-30 12:53:17.000
CONTROL SYSTEMS NW LLC," ",Outside City Limits,238210,Contractor-Electrical,,2019-05-15 00:00:00.000,1207e378-b551-476c-ba6a-3b272adb1840,4259515400,22722,29TH,,,DR,SE,#210,BOTHELL,WA,98021,2025-11-10 10:49:11.000,BTAX-042249-11-2025,2026-11-30 10:49:11.000
CONTROL SYSTEMS NW LLC,TONY PARDI,Outside City Limits,238210,Contractor-Electrical,,2019-05-15 00:00:00.000,1207e378-b551-476c-ba6a-3b272adb1840,4259515400,22722,29TH,,,DR,SE,#210,BOTHELL,WA,98021,2025-11-10 10:49:11.000,BTAX-042249-11-2025,2026-11-30 10:49:11.000
COOK SOLUTIONS GROUP INC,BRIAN  COOK,Outside City Limits,561621,Security System Services,,2003-11-04 00:00:00.000,94D501A1-4158-4F0E-BCAC-26D16E1956A6,5037865173,9225,CASCADES,,NE,PKWY,,,PORTLAND,OR,97220,2025-05-06 14:32:31.000,BTAX-040319-05-2025,2026-05-31 14:32:31.000
"COOLSYS COMMERCIAL & INDUSTRIAL SOLUTIONS, INC.",Licensing Department,Outside City Limits,238220,Contractor-HVAC Services,,1989-12-01 00:00:00.000,3D85D9FE-519D-4C9B-9862-863CCC5B5BC0,7145109579,145,STATE COLLEGE,,S,BLVD,,SUITE 200,BREA,CA,92821,2025-06-16 09:51:21.000,BTAX-040517-06-2025,2026-06-30 09:51:21.000
"COOLSYS COMMERCIAL & INDUSTRIAL SOLUTIONS, INC.",Licensing Department,Outside City Limits,238220,Contractor-HVAC Services,,1989-12-01 00:00:00.000,3D85D9FE-519D-4C9B-9862-863CCC5B5BC0,7145109579,145,STATE COLLEGE,,S,BLVD,,SUITE 200,BREA,CA,92821,2025-06-16 09:51:21.000,BTAX-040517-06-2025,2026-06-30 09:51:21.000
"COPELAND SAND & GRAVEL INC   ",JENNIFER COPELAND SAND & GRAVEL,Inside City Limits,425120,Wholesale Agent,,1997-01-01 00:00:00.000,8AE6C436-78CE-4058-93AD-6C70C68F9E6A,5414764441,695,J,,SE,ST,,,GRANTS PASS,OR,97526,2025-07-22 12:18:32.000,BTAX-040867-07-2025,2026-07-31 12:18:32.000
CORAL SEA SCUBA & WATER SPORTS,TODD  BINGHAM,Inside City Limits,451110,Retail-Sporting Goods,,1997-04-25 00:00:00.000,6C6A73C7-05AE-43CF-937B-4D5C2BC5153A,5414728111,123,M,,SW,ST,,,GRANTS PASS,OR,97526,2025-08-25 11:40:49.000,BTAX-041529-08-2025,2026-08-31 11:40:49.000
CORE-MARK US INC," ",Inside City Limits,425120,Wholesale Agent,,2016-01-01 00:00:00.000,ab7bb0ba-7f8b-4e0c-8931-1bbfaab63a58,5036520200,1500,SOLANA,,,BLVD,,"BLDG 6, STE 6150",WESTLAKE,TX,76262,2025-09-29 12:54:06.000,BTAX-041900-09-2025,2026-09-30 12:54:06.000
CORTES CONCRETE SOLUTIONS LLC," ",Outside City Limits,238110,Contractor-Concrete/Found/Structural,,2018-06-25 00:00:00.000,27a9f1b5-1fb6-4a7a-96e4-29b7489731e7,5416468730,PO BOX 1508,,,,,,,MEDFORD,OR,97501,2025-05-02 14:48:04.000,BTAX-040304-05-2025,2026-05-31 14:48:04.000
CORTES CONCRETE SOLUTIONS LLC,PABLO CORTES,Outside City Limits,238110,Contractor-Concrete/Found/Structural,,2018-06-25 00:00:00.000,27a9f1b5-1fb6-4a7a-96e4-29b7489731e7,5416468730,PO BOX 1508,,,,,,,MEDFORD,OR,97501,2025-05-02 14:48:04.000,BTAX-040304-05-2025,2026-05-31 14:48:04.000
COSMIC CLOUD,MATTHEW  HILLMAN,Inside City Limits,452990,"Retail-General Merchandise ",,2021-11-18 00:00:00.000,7a972014-168e-420c-a694-6d679b345925,7074904692,2640,BARNETT,,E,RD,,E-420,MEDFORD,OR,97504,2026-01-02 15:55:51.000,BTAX-042546-01-2026,2026-12-31 15:55:51.000
COSMIC CLOUD,DHRUV ANEJA,Inside City Limits,452990,"Retail-General Merchandise ",,2021-11-18 00:00:00.000,7a972014-168e-420c-a694-6d679b345925,7074904692,2640,BARNETT,,E,RD,,E-420,MEDFORD,OR,97504,2026-01-02 15:55:51.000,BTAX-042546-01-2026,2026-12-31 15:55:51.000
COSMIC CLOUD," ",Inside City Limits,452990,"Retail-General Merchandise ",,2021-11-18 00:00:00.000,7a972014-168e-420c-a694-6d679b345925,7074904692,2640,BARNETT,,E,RD,,E-420,MEDFORD,OR,97504,2026-01-02 15:55:51.000,BTAX-042546-01-2026,2026-12-31 15:55:51.000
"COUGHRAN OUTFITTERS           "," JIM & MARLA COUGHRAN          ",Inside City Limits,541990,Professional-Misc,,2012-07-02 00:00:00.000,DB2A899A-9F8D-4D9C-B555-AEA8BC0C8DDC,5417780279,2929,CHENEY CREEK,,,RD,,,GRANTS PASS,OR,97527,2025-07-11 12:13:34.000,BTAX-040685-07-2025,2026-07-31 12:13:34.000
"COUNTRYSIDE ELECTRIC INC      ",JEFFREY BROMLEY,Outside City Limits,238210,Contractor-Electrical,,2011-08-05 00:00:00.000,0514AA21-68C8-4056-838D-CFB17FD224AB,5035105616,PO BOX 395,,,,,,,TURNER,OR,97392,2025-07-31 11:53:07.000,BTAX-041044-07-2025,2026-07-31 11:53:07.000
COUNTRYSIDE ESTATE SALES CO.," ",Outside City Limits,525920,"Trusts, Estates, and Agency Accounts",,2021-02-11 00:00:00.000,94e17d4a-a31c-4469-a47b-29a3b0a2fec4,5412184165,1025,STARLITE,,NW,PL,,,GRANTS PASS,OR,97526,2025-10-03 12:43:52.000,BTAX-041928-10-2025,2026-09-30 12:43:52.000
COUNTRYSIDE ESTATE SALES CO.,TONI FISHER,Outside City Limits,525920,"Trusts, Estates, and Agency Accounts",,2021-02-11 00:00:00.000,94e17d4a-a31c-4469-a47b-29a3b0a2fec4,5412184165,1025,STARLITE,,NW,PL,,,GRANTS PASS,OR,97526,2025-10-03 12:43:52.000,BTAX-041928-10-2025,2026-09-30 12:43:52.000
COUNTRYSIDE ESTATE SALES CO.,KADEN McEVOY,Outside City Limits,525920,"Trusts, Estates, and Agency Accounts",,2021-02-11 00:00:00.000,94e17d4a-a31c-4469-a47b-29a3b0a2fec4,5412184165,1025,STARLITE,,NW,PL,,,GRANTS PASS,OR,97526,2025-10-03 12:43:52.000,BTAX-041928-10-2025,2026-09-30 12:43:52.000
"COUNTRYSIDE VILLAGE           "," DENSE & HORTON                ",Inside City Limits,623110,Medical-Nursing Care Facility,,2005-10-15 00:00:00.000,4A685DF4-D1C9-494C-922A-FA9E01DB9528,5419560999,1700,KELLENBECK,,,AVE,,,GRANTS PASS,OR,97527,2025-05-06 12:13:06.000,BTAX-040314-05-2025,2026-05-31 12:13:06.000
"COURIER PUBLISHING CO         ","  ",Inside City Limits,511110,Newspaper Publisher,,1990-07-01 00:00:00.000,1EB9E3AB-AEA2-4A9D-BD93-3934ABBBC721,5414743700,PO BOX 1468,,,,,,,GRANTS PASS,OR,97528,2025-08-14 15:22:36.000,BTAX-041278-08-2025,2026-07-31 15:22:36.000
COWBOY CORRAL,TERESA COOK,Inside City Limits,448150,Retail-Clothing & Accessories,,2003-12-04 00:00:00.000,96FE24AB-345C-46A6-899D-FB8108207BAD,5414768886,421,6TH,,SE,ST,,,GRANTS PASS,OR,97526,2025-09-05 11:20:42.000,BTAX-041650-09-2025,2026-09-30 11:20:42.000
"COWBOY PLUMBING, LLC"," ",Outside City Limits,238220,Plumber,,2022-01-05 00:00:00.000,98e8351f-bca5-43b9-95e0-4376e857ba8e,5419519661,1111,OAK GROVE,,,RD,,,MEDFORD,OR,97501,2026-02-27 09:03:58.000,BTAX-042855-02-2026,2027-02-28 09:03:58.000
"COWBOY PLUMBING, LLC",JERROD MORRIS,Outside City Limits,238220,Plumber,,2022-01-05 00:00:00.000,98e8351f-bca5-43b9-95e0-4376e857ba8e,5419519661,1111,OAK GROVE,,,RD,,,MEDFORD,OR,97501,2026-02-27 09:03:58.000,BTAX-042855-02-2026,2027-02-28 09:03:58.000
CP DESIGNS INC,CURTIS  PEARCE,Inside City Limits,811121,"Auto-Body, Paint & Interior",GRANTS PASS POWDER COATING,2016-01-07 00:00:00.000,d5af48dc-b3a0-43a5-a956-ecd69db2ae7a,5412269872,PO BOX 5621,,,,,,,GRANTS PASS,OR,97527,2025-08-01 11:14:22.000,BTAX-041066-08-2025,2026-07-31 11:14:22.000
CP DESIGNS INC,CURTIS  PEARCE,Inside City Limits,339999,Manufacturing-Misc Manufacturing,UPROOTER,2010-01-14 00:00:00.000,A41C9E7B-16CC-4BA9-9771-189D8F611233,5412269872,PO BOX 5621,,,,,,,GRANTS PASS,OR,97528,2025-08-01 11:11:17.000,BTAX-041065-08-2025,2026-07-31 11:11:17.000
CPI ACQUISITIONS LLC," ",Outside City Limits,238190,Contractor-General/Building Exterior,CPI,2019-01-22 00:00:00.000,8f624b06-a820-4b67-a020-d3327a1d9d28,5418622390,PO BOX 220,,,,,,,MURPHY,OR,97533,2025-04-02 12:59:54.000,BTAX-040140-04-2025,2026-04-30 12:59:54.000
CPI ACQUISITIONS LLC,TODD BAKER,Outside City Limits,238190,Contractor-General/Building Exterior,CPI,2019-01-22 00:00:00.000,8f624b06-a820-4b67-a020-d3327a1d9d28,5418622390,PO BOX 220,,,,,,,MURPHY,OR,97533,2025-04-02 12:59:54.000,BTAX-040140-04-2025,2026-04-30 12:59:54.000
"CPM REAL ESTATE SERVICES INC ",DAVID  WRIGHT,Inside City Limits,531311,Property Management,,2005-03-01 00:00:00.000,F1D66E07-8787-4100-8173-0C0B28E65172,5418422426,718,BLACK OAK,,,DR,,,MEDFORD,OR,97504,2025-08-14 12:26:09.000,BTAX-041253-08-2025,2026-08-31 12:26:09.000
CR BEAUTY," ",Inside City Limits,812112,Beauty Salon,CR BEAUTY #167535195,2020-10-05 00:00:00.000,e520e1cd-bc4c-4db4-bd14-401d76cfd391,5414419987,1144,QUAIL CROSSING,,NE,,,,GRANTS PASS,OR,97526,2025-08-14 12:34:23.000,BTAX-041255-08-2025,2026-08-31 12:34:23.000
CR BEAUTY,CRYSTAL REED,Inside City Limits,812112,Beauty Salon,CR BEAUTY #167535195,2020-10-05 00:00:00.000,e520e1cd-bc4c-4db4-bd14-401d76cfd391,5414419987,1144,QUAIL CROSSING,,NE,,,,GRANTS PASS,OR,97526,2025-08-14 12:34:23.000,BTAX-041255-08-2025,2026-08-31 12:34:23.000
CRAIG GANT AUTOMOTIVE SERVICES,CRAIG  GANT,Inside City Limits,811111,Auto-General Repair,,2008-07-30 00:00:00.000,784E3C67-4FB4-45B0-AC18-A4BDBEF5AEDC,5105046168,4725,ROGUE RIVER,,,HWY,,,GRANTS PASS,OR,97527,2025-08-11 16:12:24.000,BTAX-041155-08-2025,2026-08-31 16:12:24.000
"CRATER ELECTRIC INC          "," ",Outside City Limits,238210,Contractor-Electrical,,1997-01-18 00:00:00.000,7F6319E2-0DEA-4FF0-9357-88E09A142BC2,5419448528,PO BOX 3562,,,,,,,CENTRAL POINT,OR,97502,2025-09-12 11:15:29.000,BTAX-041741-09-2025,2026-09-30 11:15:29.000
CRATER MUSIC COMPANY LLC,JAMES C & MARCIA A  LAVIA,Outside City Limits,713110,Amusement/Theme Park,,1995-07-01 00:00:00.000,F7D02343-62A3-4D79-AE14-906C0E87CB4E,5416650011,PO BOX 3430,,,,,,,CENTRAL POINT,OR,97502,2025-10-06 15:50:54.000,BTAX-041951-10-2025,2026-09-30 15:50:54.000
"CRAWFORD INSURANCE, LLC",SEAN CRAWFORD,Inside City Limits,524210,Insurance Agency & Brokerages,FARMERS INSURANCE SEAN CRAWFORD AGENCY,2018-05-01 00:00:00.000,e488c8f9-cc4a-41ae-94a8-d9a269c4a1a7,5414741953,777,7TH,,NE,ST,,,GRANTS PASS,OR,97526,2025-06-16 14:40:44.000,BTAX-040525-06-2025,2026-06-30 14:40:44.000
"CRAWFORD INSURANCE, LLC"," ",Inside City Limits,524210,Insurance Agency & Brokerages,FARMERS INSURANCE SEAN CRAWFORD AGENCY,2018-05-01 00:00:00.000,e488c8f9-cc4a-41ae-94a8-d9a269c4a1a7,5414741953,777,7TH,,NE,ST,,,GRANTS PASS,OR,97526,2025-06-16 14:40:44.000,BTAX-040525-06-2025,2026-06-30 14:40:44.000
"CREATIVE COMFY'S LLC          ",DONNA & BEN  HILL,Inside City Limits,541990,Professional-Misc,,2009-01-20 00:00:00.000,D61D1B6A-0E26-446E-9FF7-656F8EEE0F26,5417613700,1630,WILLIAMS,,,HWY,,#95,GRANTS PASS,OR,97527,2025-09-03 10:49:11.000,BTAX-041619-09-2025,2026-09-30 10:49:11.000
CREATIVE CONSTRUCTION SOLUTIONS,VICTOR KEENER,Outside City Limits,238190,Contractor-General/Building Exterior,,2019-04-03 00:00:00.000,d0e2d9ce-dde2-40b0-adf7-520d045cd088,5414503220,6090,HUGO,,,RD,,,GRANTS PASS,OR,97526,2025-07-16 10:04:44.000,BTAX-040794-07-2025,2026-07-31 10:04:44.000
CREATIVE CONSTRUCTION SOLUTIONS,VICTOR KEENER,Outside City Limits,238190,Contractor-General/Building Exterior,,2019-04-03 00:00:00.000,d0e2d9ce-dde2-40b0-adf7-520d045cd088,5414503220,6090,HUGO,,,RD,,,GRANTS PASS,OR,97526,2025-07-16 10:04:44.000,BTAX-040794-07-2025,2026-07-31 10:04:44.000
"CREATIVE SUPPORTS INC        ","               ",Outside City Limits,624190,Social Svcs-Individual & Family Svcs,,2002-03-01 00:00:00.000,C0A322B5-47DD-40BF-926B-B70A398E29C5,5418641673,930,8TH,,W,ST,,,MEDFORD,OR,97501,2025-08-15 15:23:40.000,BTAX-041295-08-2025,2026-08-31 15:23:40.000
"CRIMI LLC                     ",ADAM J  CRIMI,Outside City Limits,541990,Professional-Misc,BIG AIR PRODUCT,2003-01-15 00:00:00.000,478612D4-2B55-4833-9ED3-B181F33FDC23,5416648868,560-A,F S,,NE,,,,GRANTS PASS,OR,97526,2025-08-18 16:10:27.000,BTAX-041347-08-2025,2026-07-31 16:10:27.000
CRISTIES HOME HEALTH HYGIENE PLUS," ",Inside City Limits,561720,Cleaning Service,,2021-03-15 00:00:00.000,4f2fd519-20f0-4002-a54b-9de12cbcdd8d,5416601985,2652,"WINONA ",,,RD,,,GRANTS PASS,OR,97526,2025-05-06 14:11:23.000,BTAX-040318-05-2025,2026-05-31 14:11:23.000
CRISTIES HOME HEALTH HYGIENE PLUS,CRISTIE BOTTORFF,Inside City Limits,561720,Cleaning Service,,2021-03-15 00:00:00.000,4f2fd519-20f0-4002-a54b-9de12cbcdd8d,5416601985,2652,"WINONA ",,,RD,,,GRANTS PASS,OR,97526,2025-05-06 14:11:23.000,BTAX-040318-05-2025,2026-05-31 14:11:23.000
CRITTER GITTER," ",Outside City Limits,812910,Pet Care Services,,2021-01-01 00:00:00.000,1dca2073-8e55-4871-8dc1-e69c981fbd71,5416598888,1622,JONES CREEK,,W,RD,,,GRANTS PASS,OR,97526,2025-04-04 11:39:11.000,BTAX-040163-04-2025,2026-04-30 11:39:11.000
CRITTER GITTER,CHRISTINE HICKEY,Outside City Limits,812910,Pet Care Services,,2021-01-01 00:00:00.000,1dca2073-8e55-4871-8dc1-e69c981fbd71,5416598888,1622,JONES CREEK,,W,RD,,,GRANTS PASS,OR,97526,2025-04-04 11:39:11.000,BTAX-040163-04-2025,2026-04-30 11:39:11.000
CRUZ BROS. CONSTRUCTION," ",Outside City Limits,238190,Contractor-General/Building Exterior,,2021-01-12 00:00:00.000,c62b15e7-2752-4e53-96d4-1cfd68631206,5412954475,1000,PECO,,,RD,,,GRANTS PASS,OR,97526,2025-04-02 12:37:08.000,BTAX-040135-04-2025,2026-04-30 12:37:08.000
CRUZ BROS. CONSTRUCTION,JACOB CRUZ,Outside City Limits,238190,Contractor-General/Building Exterior,,2021-01-12 00:00:00.000,c62b15e7-2752-4e53-96d4-1cfd68631206,5412954475,1000,PECO,,,RD,,,GRANTS PASS,OR,97526,2025-04-02 12:37:08.000,BTAX-040135-04-2025,2026-04-30 12:37:08.000
"CRYSTAL CLEAN CLEANING SERVICE                 ",valerie stallsworth,Outside City Limits,561720,Cleaning Service,,2005-07-08 00:00:00.000,6B061839-D852-41B3-BEA6-1C72B76CB86A,5413012670,6484,ROGUE RIVER,,,HWY,,,GRANTS PASS,OR,97527,2025-09-09 12:56:49.000,BTAX-041711-09-2025,2026-09-30 12:56:49.000
"CRYSTAL CLEAN CLEANING SERVICE                 ",VALERIE STALLSWORTH,Outside City Limits,561720,Cleaning Service,,2005-07-08 00:00:00.000,6B061839-D852-41B3-BEA6-1C72B76CB86A,5413012670,6484,ROGUE RIVER,,,HWY,,,GRANTS PASS,OR,97527,2025-09-09 12:56:49.000,BTAX-041711-09-2025,2026-09-30 12:56:49.000
CRYSTAL DAWN PHOTOGRAPHY," ",Inside City Limits,541921,Photography,,2021-08-23 00:00:00.000,8a7e18a9-cafb-4a6a-8c91-cc70ffdbff23,5416609514,1219,IRONWOOD,,SW,DR,,,GRANTS PASS,OR,97526,2025-09-25 12:39:19.000,BTAX-041870-09-2025,2026-09-30 12:39:19.000
CRYSTAL DAWN PHOTOGRAPHY,CRYSTAL EIDE,Inside City Limits,541921,Photography,,2021-08-23 00:00:00.000,8a7e18a9-cafb-4a6a-8c91-cc70ffdbff23,5416609514,1219,IRONWOOD,,SW,DR,,,GRANTS PASS,OR,97526,2025-09-25 12:39:19.000,BTAX-041870-09-2025,2026-09-30 12:39:19.000
CSC Global,LAURA LACEY,Inside City Limits,445110,Food-Grocery Store,ALBERTSON'S STORE #3541,2016-07-01 00:00:00.000,7c71cba9-f828-4cdf-91c5-12310aa0551b,6238693381,251,LITTLE FALLS,,,DR,,,WILMINGTON,DE,19808,2025-08-12 08:56:17.000,BTAX-041135-08-2025,2026-08-31 08:56:17.000
CSC Global,ROBERT MILLER,Inside City Limits,445110,Food-Grocery Store,ALBERTSON'S STORE #3541,2016-07-01 00:00:00.000,7c71cba9-f828-4cdf-91c5-12310aa0551b,6238693381,251,LITTLE FALLS,,,DR,,,WILMINGTON,DE,19808,2025-08-12 08:56:17.000,BTAX-041135-08-2025,2026-08-31 08:56:17.000
CSC Global,ROBERT GORDON,Inside City Limits,445110,Food-Grocery Store,ALBERTSON'S STORE #3541,2016-07-01 00:00:00.000,7c71cba9-f828-4cdf-91c5-12310aa0551b,6238693381,251,LITTLE FALLS,,,DR,,,WILMINGTON,DE,19808,2025-08-12 08:56:17.000,BTAX-041135-08-2025,2026-08-31 08:56:17.000
"CSIR, LLC",STEVE STODLEY DEB TEBBS,Inside City Limits,531210,Real Estate Agents/Brokers,CASCADE HASSON SOTHEBY'S INTERNATIONAL REALTY,2023-05-11 00:00:00.000,75395707-2e19-4c7b-b117-aa38053ca2ff,5413124057,310,STATE,,N,ST,,102,LAKE OSWEGO,OR,97034,2025-07-16 09:46:13.000,BTAX-040790-07-2025,2026-06-30 09:46:13.000
"CSIR, LLC",Scott Carscallen,Inside City Limits,531210,Real Estate Agents/Brokers,CASCADE HASSON SOTHEBY'S INTERNATIONAL REALTY,2023-05-11 00:00:00.000,75395707-2e19-4c7b-b117-aa38053ca2ff,5413124057,310,STATE,,N,ST,,102,LAKE OSWEGO,OR,97034,2025-07-16 09:46:13.000,BTAX-040790-07-2025,2026-06-30 09:46:13.000
CSO FINANCIAL INC,MARY INSCORE,Inside City Limits,525990,Finance-Misc Finance,CREDIT SERVICES OF OREGON,2005-07-08 00:00:00.000,8099FFB0-0A3C-434A-9F36-E0DB8B4A19E4,5416736661,PO BOX 1208,,,,,,,ROSEBURG,OR,97470,2025-08-18 15:18:58.000,BTAX-041334-08-2025,2026-08-31 15:18:58.000
CT COMMERCIAL INC,William Siemon,Outside City Limits,238190,Contractor-General/Building Exterior,,2008-05-02 00:00:00.000,1d14706f-fa1f-4829-9014-8509a3587b73,5417763221,3069,CRATER LAKE,,,AVE,,,MEDFORD,OR,97504,2025-05-13 16:03:13.000,BTAX-040360-05-2025,2026-05-31 16:03:13.000
CT COMMERCIAL INC,BILL SIEMON,Outside City Limits,238190,Contractor-General/Building Exterior,,2008-05-02 00:00:00.000,1d14706f-fa1f-4829-9014-8509a3587b73,5417763221,3069,CRATER LAKE,,,AVE,,,MEDFORD,OR,97504,2025-05-13 16:03:13.000,BTAX-040360-05-2025,2026-05-31 16:03:13.000
"CUCHIARA'S LANDSCAPE MANAGEMENT, INC.",MICHAEL  CUCHIARA,Inside City Limits,238220,Irrigation & Sprinkler Systems,,2001-03-01 00:00:00.000,8EB58FF7-A167-4AC6-A153-7700CE308A8F,5417875296,1630,WILLIAMS,,,HWY,,PMB #163,GRANTS PASS,OR,97527,2025-08-15 16:02:31.000,BTAX-041298-08-2025,2026-08-31 16:02:31.000
"CURTIUS PLUMBING & MECHANICAL, INC"," ",Outside City Limits,238220,Plumber,,1999-08-11 00:00:00.000,11889860-2ACC-4F48-9E59-EE78B1B2B29E,5418578988,1896,DELTA WATERS,,,RD,,,MEDFORD,OR,97504,2025-07-22 14:28:22.000,BTAX-040895-07-2025,2026-07-31 14:28:22.000
"CURTIUS PLUMBING & MECHANICAL, INC",EDWARD CURTIUS,Outside City Limits,238220,Plumber,,1999-08-11 00:00:00.000,11889860-2ACC-4F48-9E59-EE78B1B2B29E,5418578988,1896,DELTA WATERS,,,RD,,,MEDFORD,OR,97504,2025-07-22 14:28:22.000,BTAX-040895-07-2025,2026-07-31 14:28:22.000
"CUSHING CONSTRUCTION          ",KIM  CUSHING,Outside City Limits,236118,Const-Residential Remodeler,,2006-08-07 00:00:00.000,5D2CE9E9-8BFD-455B-BD5A-264C1A788676,5416591905,PO BOX 997,,,,,,,GRANTS PASS,OR,97528,2025-09-08 16:04:49.000,BTAX-041693-09-2025,2026-09-30 16:04:49.000
"CUSTOM CONCRETE & MASONRY     ",TERRIE M  RENECKER,Inside City Limits,238110,Contractor-Concrete/Found/Structural,,1996-07-01 00:00:00.000,D818CB3C-CAC4-4B90-A451-26CD4B960C25,5414761591,1294,SHADY,,,LN,,,GRANTS PASS,OR,97527,2025-07-10 12:36:56.000,BTAX-040652-07-2025,2026-07-31 12:36:56.000
CUSTOM QUALITY CONTRACTING," ",Outside City Limits,238190,Contractor-General/Building Exterior,,2017-03-10 00:00:00.000,fa42fc69-2dc7-4630-bddf-563cd03fb479,5412954272,PO BOX 805,,,,,,,SELMA,OR,975380805,2025-07-23 10:56:25.000,BTAX-040940-07-2025,2026-06-30 10:56:25.000
CUSTOM QUALITY CONTRACTING,DANIEL DELHEY,Outside City Limits,238190,Contractor-General/Building Exterior,,2017-03-10 00:00:00.000,fa42fc69-2dc7-4630-bddf-563cd03fb479,5412954272,PO BOX 805,,,,,,,SELMA,OR,975380805,2025-07-23 10:56:25.000,BTAX-040940-07-2025,2026-06-30 10:56:25.000
CUT THROAT INK,WILLIAM VEADER,Inside City Limits,812199,Tattoo/Piercing Shop,,2021-04-01 00:00:00.000,eedfb29a-f5cf-4894-bb90-ff6c9a9ea6b9,5412268121,419,E,,NW,ST,,,GRANTS PASS,OR,97526,2025-04-28 12:51:14.000,BTAX-040275-04-2025,2026-04-30 12:51:14.000
CUT THROAT INK," ",Inside City Limits,812199,Tattoo/Piercing Shop,,2021-04-01 00:00:00.000,eedfb29a-f5cf-4894-bb90-ff6c9a9ea6b9,5412268121,419,E,,NW,ST,,,GRANTS PASS,OR,97526,2025-04-28 12:51:14.000,BTAX-040275-04-2025,2026-04-30 12:51:14.000
CUTTING EDGE YARD SERVICES,STANLEY MITCHELL,Inside City Limits,541320,Landscaping Services,,2023-11-01 00:00:00.000,b6a78288-79cc-40b4-a87d-b894d920f0c0,5309653524,1126,SPRUCE,,SW,ST,,,GRANTS PASS,OR,97526,2023-11-29 13:50:11.000,BTAX-036503-11-2023,2024-11-30 13:50:11.000
CUTTING EDGE YARD SERVICES," ",Inside City Limits,541320,Landscaping Services,,2023-11-01 00:00:00.000,b6a78288-79cc-40b4-a87d-b894d920f0c0,5309653524,1126,SPRUCE,,SW,ST,,,GRANTS PASS,OR,97526,2023-11-29 13:50:11.000,BTAX-036503-11-2023,2024-11-30 13:50:11.000
CVG CARPENTRY LLC,WILLIAM ALLEN,Inside City Limits,238190,Contractor-General/Building Exterior,,2018-05-21 00:00:00.000,292bb119-93d9-4051-8703-2c3387c98294,5414198258,9290,LOWER RIVER,,,RD,,,GRANTS PASS,OR,97526,2025-04-07 15:45:40.000,BTAX-040175-04-2025,2026-04-30 15:45:40.000
CVG CARPENTRY LLC,WILLY ALLEN,Inside City Limits,238190,Contractor-General/Building Exterior,,2018-05-21 00:00:00.000,292bb119-93d9-4051-8703-2c3387c98294,5414198258,9290,LOWER RIVER,,,RD,,,GRANTS PASS,OR,97526,2025-04-07 15:45:40.000,BTAX-040175-04-2025,2026-04-30 15:45:40.000
"CYNTHIA HARELSON CPA PC       ",CYNTHIA  HARELSON,Inside City Limits,541211,Accountant-CPA,,1991-01-01 00:00:00.000,ED9BFC0C-34D0-47C1-94D5-FA6C7E0071D6,5414799775,PO BOX 1537,,,,,,,GRANTS PASS,OR,97528,2025-10-15 08:59:25.000,BTAX-042017-10-2025,2026-10-31 08:59:25.000
CYNTHIA NANCE TRUST,CYNTHIA NANCE,Inside City Limits,541200,Other Accounting Services,,1994-04-21 00:00:00.000,2CEF1BD1-9848-4E84-8B36-18029C5E884C,5416015671,PO BOX 1626,,,,,,,FLORENCE,OR,95439,2025-08-22 16:23:55.000,BTAX-041521-08-2025,2026-08-31 16:23:55.000
"CYNTHIA'S HOME SWEET HOME     "," CYNTHIA'S HOME SWEET HOME     ",Inside City Limits,722511,Restaurant,,2009-10-01 00:00:00.000,B81AD758-7863-4C0D-A0B2-6173251AACCF,5414795953,1038,"6TH ",,NW,ST,,,GRANTS PASS,OR,97526,2026-02-20 16:31:13.000,BTAX-042831-02-2026,2027-01-31 16:31:13.000
"D & K VENDING                 ",DERRICK L  STEVENSON,Outside City Limits,424210,Vending Machine Operator,,1999-03-01 00:00:00.000,3BCE5BDB-B504-4E3E-A0A2-6F9B382020ED,5414746081,4746,REDWOOD,,,AVE,,,GRANTS PASS,OR,97527,2025-10-20 16:13:25.000,BTAX-042082-10-2025,2026-10-31 16:13:25.000
D AND D AUTO SALES LLC,DAVID  DENNIS,Inside City Limits,441120,Auto-Used Car Dealer,,2009-01-01 00:00:00.000,9D615376-E702-4A02-A9C5-5D8088903207,5414760628,110,PARK,,E,ST,,,GRANTS PASS,OR,97527,2025-08-08 15:38:59.000,BTAX-041139-08-2025,2026-08-31 15:38:59.000
D AND S HEATING AND AIR CONDITIONING,DANIEL  SHELBY,Outside City Limits,238220,Contractor-HVAC Services,,2014-07-18 00:00:00.000,6B50DFE9-3486-48B4-AF07-D7577EB26FE2,5414996705,711,MEDFORD CENTER,,,,,#430,MEDFORD,OR,97504,2025-07-23 10:21:24.000,BTAX-040935-07-2025,2026-07-31 10:21:24.000
"DALE WOODRUFF CONSTRUCTION    ",DALE  WOODRUFF,Inside City Limits,238190,Contractor-General/Building Exterior,,1991-09-19 00:00:00.000,89742688-5064-473C-BCD8-120A6A1365F1,5414765862,PO BOX 1306,,,,,,,GRANTS PASS,OR,97528,2025-07-22 15:03:05.000,BTAX-040902-07-2025,2026-07-31 15:03:05.000
DALEY YARD MAINTENANCE LLC," ",Outside City Limits,561730,Yard Services,,2016-11-08 00:00:00.000,3629354e-bdfa-42d9-ab6c-e1a123921b78,5419737621,112,PENNY,,,LN,,,GRANTS PASS,OR,97527,2025-04-16 12:58:00.000,BTAX-040224-04-2025,2026-04-30 12:58:00.000
DALEY YARD MAINTENANCE LLC,TERENCE DALEY NATHAN DALEY,Outside City Limits,561730,Yard Services,,2016-11-08 00:00:00.000,3629354e-bdfa-42d9-ab6c-e1a123921b78,5419737621,112,PENNY,,,LN,,,GRANTS PASS,OR,97527,2025-04-16 12:58:00.000,BTAX-040224-04-2025,2026-04-30 12:58:00.000
DALEY YARD MAINTENANCE LLC,ASHLEY HARRIS,Outside City Limits,561730,Yard Services,,2016-11-08 00:00:00.000,3629354e-bdfa-42d9-ab6c-e1a123921b78,5419737621,112,PENNY,,,LN,,,GRANTS PASS,OR,97527,2025-04-16 12:58:00.000,BTAX-040224-04-2025,2026-04-30 12:58:00.000
"DAN HARDIN CONSTRUCTION       ",DANIEL J  HARDIN,Outside City Limits,238190,Contractor-General/Building Exterior,,2007-03-28 00:00:00.000,50D9D13E-79FE-4053-A52A-B8F41D4206E5,5416591338,PO BOX 217,,,,,,,MURPHY,OR,97533,2025-07-11 10:13:12.000,BTAX-040669-07-2025,2026-07-31 10:13:12.000
DANA & PATRICIA CRAWFORD RENTALS,DANA & PATRICIA  CRAWFORD,Inside City Limits,531110,Rental Units/Landlord,,2003-06-01 00:00:00.000,6A871798-35CF-4B64-A88C-DC3A49E616D0,5412189950,410,CEDAR HEIGHTS,,,DR,,,GRANTS PASS,OR,97526,2025-07-15 16:13:14.000,BTAX-040781-07-2025,2026-07-31 16:13:14.000
DANIEL CEPEDA - SOLE PROPRIETOR," ",Outside City Limits,561720,Janitorial Services,,2022-08-17 00:00:00.000,07146b9a-760d-406c-a8c5-4df3b0ce6316,5039264387,607,LIA,,,WAY,,,ROGUE RIVER,OR,97537,2025-11-26 15:47:47.000,BTAX-042354-11-2025,2026-11-30 15:47:47.000
DANIEL CEPEDA - SOLE PROPRIETOR,DANIEL CEPEDA,Outside City Limits,561720,Janitorial Services,,2022-08-17 00:00:00.000,07146b9a-760d-406c-a8c5-4df3b0ce6316,5039264387,607,LIA,,,WAY,,,ROGUE RIVER,OR,97537,2025-11-26 15:47:47.000,BTAX-042354-11-2025,2026-11-30 15:47:47.000
"DANIEL SIMCOE ATTORNEY        ",R DANIEL  SIMCOE,Inside City Limits,541110,Lawyer,,1990-01-01 00:00:00.000,5D4F2D55-1719-4200-9AA6-6F4430B6C498,5414741162,242,E,,NW,ST,,,GRANTS PASS,OR,97526,2025-08-19 15:46:19.000,BTAX-041420-08-2025,2026-08-31 15:46:19.000
"DAN'L BOONE'S TRADIN' POST    ",ROBIN BOONE,Inside City Limits,453220,Retail-Gift & Novelty Store,,1986-04-15 00:00:00.000,B879B0E1-253A-42AA-AAF1-E01CB518EA40,5414742992,470,REDWOOD,,,HWY,,,GRANTS PASS,OR,97527,2025-07-09 12:32:00.000,BTAX-040641-07-2025,2026-07-31 12:32:00.000
"DAN'L BOONE'S TRADIN' POST    "," ",Inside City Limits,453220,Retail-Gift & Novelty Store,,1986-04-15 00:00:00.000,B879B0E1-253A-42AA-AAF1-E01CB518EA40,5414742992,470,REDWOOD,,,HWY,,,GRANTS PASS,OR,97527,2025-07-09 12:32:00.000,BTAX-040641-07-2025,2026-07-31 12:32:00.000
DARLA K BOHN AFC WILLOW HOUSE,DARLA K  BOHN,Inside City Limits,623110,Medical-Nursing Care Facility,,2007-03-01 00:00:00.000,6E514249-3906-4086-B201-AC0E60ED57EF,5414720480,1717,"G ",,SW,ST,,,GRANTS PASS,OR,97526,2025-07-22 09:22:13.000,BTAX-040848-07-2025,2026-07-31 09:22:13.000
DARREN DOEHRING CONSTRUCTION,DARREN DOEHRING,Outside City Limits,238190,Contractor-General/Building Exterior,,2020-06-19 00:00:00.000,84585654-db54-4130-a7dd-cefb3867df54,,PO BOX 1409,,,,,,,ROGUE RIVER,OR,97537,2025-11-04 10:59:59.000,BTAX-042203-11-2025,2026-10-31 10:59:59.000
DARREN DOEHRING CONSTRUCTION,DARREN  DOEHRING,Outside City Limits,238190,Contractor-General/Building Exterior,,2020-06-19 00:00:00.000,84585654-db54-4130-a7dd-cefb3867df54,,PO BOX 1409,,,,,,,ROGUE RIVER,OR,97537,2025-11-04 10:59:59.000,BTAX-042203-11-2025,2026-10-31 10:59:59.000
"DARREN S HUDDLESTON DMD PC ",DARREN S  HUDDLESTON,Inside City Limits,621210,Medical-Dentist,,1997-07-11 00:00:00.000,619D134B-5D9E-4227-AE29-FE13E71C4E47,5414768788,1035,"6TH ",,NE,,,SUITE A,GRANTS PASS,OR,97526,2025-11-18 12:24:02.000,BTAX-042310-11-2025,2026-11-30 12:24:02.000
DARR'S AQUATICS," ",Inside City Limits,712130,AQUARIUM,,2023-02-16 00:00:00.000,c46c03b3-7931-44cd-a8ff-073aa4f236c9,5412206281,112,LEWIS,,,Ave,,,GRANTS PASS,OR,97527,2025-10-23 10:03:14.000,BTAX-042109-10-2025,2026-10-31 10:03:14.000
DARR'S AQUATICS,"CHRISTIAN, BROOKE, KEVIN DARR",Inside City Limits,712130,AQUARIUM,,2023-02-16 00:00:00.000,c46c03b3-7931-44cd-a8ff-073aa4f236c9,5412206281,112,LEWIS,,,Ave,,,GRANTS PASS,OR,97527,2025-10-23 10:03:14.000,BTAX-042109-10-2025,2026-10-31 10:03:14.000
DARRYL & TREVA FOUNTAIN RENTAL,DARRYL & TREVA  FOUNTAIN,Outside City Limits,532299,Rental-Misc Rentals,,2006-01-05 00:00:00.000,7BB10971-4734-4F4A-9ECC-ACD445F0C189,9162966814,215,EVERGLADE,,,WAY,,,DIXON,CA,95620,2025-07-23 11:07:14.000,BTAX-040942-07-2025,2026-07-31 11:07:14.000
"DATA PLUMBING INC            ",TERRY  MEWHINNEY,Inside City Limits,238220,Plumber,,1997-10-01 00:00:00.000,8BA83F95-2AD8-465C-AAA3-02F0EE4D50FC,5416605774,280,HARTMAN,,,LN,,,GRANTS PASS,OR,97527,2025-08-22 16:17:03.000,BTAX-041520-08-2025,2026-08-31 16:17:03.000
DAVE DIAS LANDSCAPE MAINT,DAVID  DIAS,Outside City Limits,541320,Landscaping Services,,1997-03-01 00:00:00.000,D06CFDA3-A6BA-4896-B3A8-6F46EB8C050B,5414761281,PO BOX 837,,,,,,,MERLIN,OR,97532,2025-08-08 15:05:46.000,BTAX-041131-08-2025,2026-08-31 15:05:46.000
"DAVE W MILLER RENTALS         ",DAVE W  MILLER,Outside City Limits,531110,Rental Units/Landlord,,1998-02-27 00:00:00.000,E29136BB-0352-4935-A1BD-6876FF3C5744,5417615029,125,CARRIE,,,ST,,,WOLF CREEK,OR,97497,2025-07-15 15:25:30.000,BTAX-040770-07-2025,2026-07-31 15:25:30.000
DAVE WILSON'S HANDY HAMMER LLC,DAVE  WILSON,Inside City Limits,238190,Contractor-General/Building Exterior,,2015-04-03 00:00:00.000,BA54EDCD-6DEF-468B-B615-4B65FE2AA0F6,5414417487,484,TINA,,,WAY,,,GRANTS PASS,OR,97526,2025-12-26 12:36:31.000,BTAX-042518-12-2025,2026-12-31 12:36:31.000
DAVERA CORP," ",Inside City Limits,621111,Medical-Physician,REDWOOD FAMILY PRACTICE,2020-01-01 00:00:00.000,86cf6a51-8ab3-463a-8fef-a5a51737bd08,5414745665,214,OUTLOOK,,NE,AVE,,,GRANTS PASS,OR,97526,2025-04-11 14:02:53.000,BTAX-040196-04-2025,2026-04-30 14:02:53.000
DAVERA CORP,"DAVID  RAY, DC, FNP",Inside City Limits,621111,Medical-Physician,REDWOOD FAMILY PRACTICE,2020-01-01 00:00:00.000,86cf6a51-8ab3-463a-8fef-a5a51737bd08,5414745665,214,OUTLOOK,,NE,AVE,,,GRANTS PASS,OR,97526,2025-04-11 14:02:53.000,BTAX-040196-04-2025,2026-04-30 14:02:53.000
DAVE'S TV & VCR SERVICE CENTER,DAVID LOUIS  MALTZ,Inside City Limits,811211,Consumer Electronics Repair/Maint,,1995-07-12 00:00:00.000,BFE79DAA-77A5-40D6-9439-48B01E30FA96,5414793915,938,6TH,,SW,ST,,,GRANTS PASS,OR,97526,2025-09-12 09:55:00.000,BTAX-041733-09-2025,2026-09-30 09:55:00.000
DAVE'S WHOLESALE FLOORING & REMNANTS," ",Inside City Limits,236118,Const-Residential Remodeler,DAVE'S HOME SUPPLY,2007-02-05 00:00:00.000,d7a5f672-7bb5-450e-9c1a-3b6a9ad55111,5417792922,171,EHRMAN,,,WAY,,,MEDFORD,OR,97501,2025-09-10 10:59:23.000,BTAX-041724-09-2025,2026-09-30 10:59:23.000
DAVE'S WHOLESALE FLOORING & REMNANTS,DAVID HIBBARD,Inside City Limits,236118,Const-Residential Remodeler,DAVE'S HOME SUPPLY,2007-02-05 00:00:00.000,d7a5f672-7bb5-450e-9c1a-3b6a9ad55111,5417792922,171,EHRMAN,,,WAY,,,MEDFORD,OR,97501,2025-09-10 10:59:23.000,BTAX-041724-09-2025,2026-09-30 10:59:23.000
"DAVE'S YARD CARE              ",DAVID S.  WOOD,Inside City Limits,561730,Yard Services,,2008-10-03 00:00:00.000,0938A685-7162-43D4-91A6-3DF903C597D9,5412188253,1771,STRINGER GAP,,,RD,,,GRANTS PASS,OR,97527,2025-07-14 11:50:29.000,BTAX-040718-07-2025,2026-07-31 11:50:29.000
"DAVID BATTY                   ",DAVID  BATTY,Outside City Limits,531110,Rental Units/Landlord,,2013-06-01 00:00:00.000,4C856BD1-C6EB-4FCF-8839-1A9CE14F48FA,5416643187,5247,"TERESA ",,,WAY,,,CENTRAL POINT,OR,97502,2025-07-22 12:47:02.000,BTAX-040885-07-2025,2026-07-31 12:47:02.000
DAVID D LOMMEL RENTALS,DAVID D  LOMMEL,Outside City Limits,531110,Rental Units/Landlord,,1990-07-01 00:00:00.000,7329D899-DD7E-4532-A30D-927955A1AAA3,5414797011,4338,FISH HATCHERY,,,RD,,,GRANTS PASS,OR,97527,2025-09-09 12:45:44.000,BTAX-041709-09-2025,2026-09-30 12:45:44.000
"DAVID F YOUNG MD PC          ",DAVID YOUNG,Inside City Limits,621111,Medical-Physician,,1981-11-01 00:00:00.000,0262741F-CE9C-4AD2-9B4C-FEABFABE3B52,5414793367,1309,"6TH ",,NE,ST,,,GRANTS PASS,OR,97526,2025-07-16 09:43:00.000,BTAX-040789-07-2025,2026-07-31 09:43:00.000
"DAVID M KRAUSS DC            ",DAVID M  KRAUSS DC,Inside City Limits,621310,Medical-Chiropractor,,1990-08-07 00:00:00.000,441B293F-129F-4CFC-8BF3-7EE210624138,5414764616,1217,"6TH ",,NE,ST,,,GRANTS PASS,OR,97526,2025-10-20 15:56:47.000,BTAX-042079-10-2025,2026-10-31 15:56:47.000
"DAVID R WILLING DC LLC           ",DAVID R  WILLING,Inside City Limits,621310,Medical-Chiropractor,,1990-07-06 00:00:00.000,C4E56965-4B14-4FA6-94D2-5383A1B38659,5414762112,237,ROGUE RIVER,,,HWY,,,GRANTS PASS,OR,97527,2025-08-18 15:41:08.000,BTAX-041338-08-2025,2026-08-31 15:41:08.000
"DAVID W. COOK, INC        "," ",Outside City Limits,238160,Roofing,HOAG ROOFING,1995-09-18 00:00:00.000,735B7276-1BB4-4E6F-8D79-A57FC2A0B070,5417797743,842,ENTERPRISE,,,DR,,,CENTRAL POINT,OR,97502,2025-08-12 14:10:34.000,BTAX-041181-08-2025,2026-08-31 14:10:34.000
"DAVID W. COOK, INC        ",DAVID COOK,Outside City Limits,238160,Roofing,HOAG ROOFING,1995-09-18 00:00:00.000,735B7276-1BB4-4E6F-8D79-A57FC2A0B070,5417797743,842,ENTERPRISE,,,DR,,,CENTRAL POINT,OR,97502,2025-08-12 14:10:34.000,BTAX-041181-08-2025,2026-08-31 14:10:34.000
"DAWN SCHMIDT - PK TRANSCRIPTION ",DAWN M  SCHMIDT,Inside City Limits,561110,Administration-Office,,2006-02-01 00:00:00.000,86545FE8-A36C-46F5-9045-87363E77C649,5419550445,619,LEONARD,,SW,ST,,,GRANTS PASS,OR,97526,2025-07-28 10:31:54.000,BTAX-041021-07-2025,2026-07-31 10:31:54.000
DAY MANAGEMENT CORP," ",Outside City Limits,238190,Contractor-General/Building Exterior,DAY WIRELESS SYSTEMS,2018-05-24 00:00:00.000,25cdc8d7-bf87-475c-8f56-cad4490745af,5036591240,PO BOX 22169,,,,,,,MILWAUKIE,OR,97269,2025-07-07 11:36:36.000,BTAX-040612-07-2025,2026-07-31 11:36:36.000
DAY MANAGEMENT CORP,GORDON DAY,Outside City Limits,238190,Contractor-General/Building Exterior,DAY WIRELESS SYSTEMS,2018-05-24 00:00:00.000,25cdc8d7-bf87-475c-8f56-cad4490745af,5036591240,PO BOX 22169,,,,,,,MILWAUKIE,OR,97269,2025-07-07 11:36:36.000,BTAX-040612-07-2025,2026-07-31 11:36:36.000
"DAY OR NIGHT ELECTRIC         ",CODY HACKETT,Outside City Limits,238210,Contractor-Electrical,,1997-06-01 00:00:00.000,F4BEBF05-B9C1-4BB1-8FDC-3C0FF6528A8F,5418742371,PO BOX 326,,,,,,,RIDDLE,OR,97469,2025-10-16 12:53:16.000,BTAX-042040-10-2025,2026-10-31 12:53:16.000
"DAY OR NIGHT ELECTRIC         ",Day or Night ELECTRIC,Outside City Limits,238210,Contractor-Electrical,,1997-06-01 00:00:00.000,F4BEBF05-B9C1-4BB1-8FDC-3C0FF6528A8F,5418742371,PO BOX 326,,,,,,,RIDDLE,OR,97469,2025-10-16 12:53:16.000,BTAX-042040-10-2025,2026-10-31 12:53:16.000
DAYDREAM ESTHETICS," ",Inside City Limits,812112,Esthetician Services,,2022-07-12 00:00:00.000,e07c198e-5038-44b2-bd29-b405dade308e,5414411297,400,SCHOOLHOUSE CREEK,,N,RD,,,GRANTS PASS,OR,97526,2025-12-17 10:06:08.000,BTAX-042481-12-2025,2026-12-31 10:06:08.000
DAYDREAM ESTHETICS,ALLYSON HARLACHER,Inside City Limits,812112,Esthetician Services,,2022-07-12 00:00:00.000,e07c198e-5038-44b2-bd29-b405dade308e,5414411297,400,SCHOOLHOUSE CREEK,,N,RD,,,GRANTS PASS,OR,97526,2025-12-17 10:06:08.000,BTAX-042481-12-2025,2026-12-31 10:06:08.000
"DB FRANCHISING USA LLC       "," ",Inside City Limits,561110,Administration-Office,,2017-10-09 00:00:00.000,36e74d15-24bd-4c02-9532-726c0763f231,5419554700,110,4TH,,SW,ST,,,GRANTS PASS,OR,97526,2025-04-03 11:18:00.000,BTAX-040151-04-2025,2026-04-30 11:18:00.000
"DEANO'S DINER                 ",HEIDI  KRANZ,Inside City Limits,722511,Restaurant,,2007-12-03 00:00:00.000,DF3148C2-7780-4641-89E2-F2953C8BAB22,5412184256,233,ROGUE RIVER HWY,,,HWY,,#31,GRANTS PASS,OR,97527,2025-08-04 10:44:14.000,BTAX-041080-08-2025,2026-08-31 10:44:14.000
"DEBENEDETTI CONSTRUCTION ",DOMINIC  DE BENEDETTI,Inside City Limits,238190,Contractor-General/Building Exterior,,1992-08-13 00:00:00.000,A6B5F108-23F2-4852-B741-3BBAD6DED3DB,5416600710,184,RUBY,,,DR,,,GRANTS PASS,OR,97527,2025-05-13 14:21:29.000,BTAX-040349-05-2025,2026-05-31 14:21:29.000
"DEBRA GEBHARD LMT            ",DEBRA  GEBHARD,Inside City Limits,621399,Medical-Massage Therapy,,2015-11-20 00:00:00.000,6BB739AE-D5EB-43DD-8215-A08D7181AC91,5414710397,580,WARNER,,,RD,,,WOLF CREEK,OR,97497,2025-10-17 10:00:58.000,BTAX-042047-10-2025,2026-10-31 10:00:58.000
"DEL SAITO'S MARTIAL ARTS      ",DEL & IDA  SAITO,Inside City Limits,713940,Fitness Center,,1996-01-01 00:00:00.000,3C2D604E-A8E2-4B0A-B8CE-BE6058C90C22,5414713002,1535,HARBECK,,,RD,,,GRANTS PASS,OR,97527,2025-07-15 12:18:20.000,BTAX-040757-07-2025,2026-07-31 12:18:20.000
"DELBERT DWIGHT SCOTT TRUST    ",DELBERT DWIGHT  SCOTT,Outside City Limits,531110,Rental Units/Landlord,,2005-05-16 00:00:00.000,25D2923A-F07B-485B-AA40-5D36D439D855,5414749624,450,POTTS,,,WAY,,,GRANTS PASS,OR,97526,2025-08-08 15:48:48.000,BTAX-041140-08-2025,2026-08-31 15:48:48.000
"DELTA LINK, INC"," ",Outside City Limits,237130,Contractor-Telecommunications,,2022-09-26 00:00:00.000,b15ad1e2-a407-4b4e-809f-e2280178c36f,5418412776,202,WILSON,,,WAY,,,EAGLE POINT,OR,97524,2026-03-03 09:41:21.000,BTAX-042883-03-2026,2027-03-31 09:41:21.000
"DELTA LINK, INC",STACEY EICHNER,Outside City Limits,237130,Contractor-Telecommunications,,2022-09-26 00:00:00.000,b15ad1e2-a407-4b4e-809f-e2280178c36f,5418412776,202,WILSON,,,WAY,,,EAGLE POINT,OR,97524,2026-03-03 09:41:21.000,BTAX-042883-03-2026,2027-03-31 09:41:21.000
DENTAL C.A.R.E. MOBILE HYGIENE,AMANDA MATNEY,Inside City Limits,621210,Medical-Dentist,,2019-05-20 00:00:00.000,556f528f-61dd-47ed-ad5c-1dc0f01e575c,5417611926,1630,WILLIAMS,,,HWY,,PMB 386,GRANTS PASS,OR,97527,2025-09-18 11:02:26.000,BTAX-041803-09-2025,2026-09-30 11:02:26.000
DENTAL C.A.R.E. MOBILE HYGIENE," ",Inside City Limits,621210,Medical-Dentist,,2019-05-20 00:00:00.000,556f528f-61dd-47ed-ad5c-1dc0f01e575c,5417611926,1630,WILLIAMS,,,HWY,,PMB 386,GRANTS PASS,OR,97527,2025-09-18 11:02:26.000,BTAX-041803-09-2025,2026-09-30 11:02:26.000
DERONS PAINTING SERVICES LLC,ROSA  GONSALEZ,Outside City Limits,238320,Painting & Wall Covering,,2020-02-24 00:00:00.000,0ba55e00-aae6-4753-9113-c95d43ce3050,5416597081,811,COUTANT,,,LN,,,GRANTS PASS,OR,97527,2025-08-18 12:06:05.000,BTAX-041313-08-2025,2026-08-31 12:06:05.000
DERONS PAINTING SERVICES LLC," ",Outside City Limits,238320,Painting & Wall Covering,,2020-02-24 00:00:00.000,0ba55e00-aae6-4753-9113-c95d43ce3050,5416597081,811,COUTANT,,,LN,,,GRANTS PASS,OR,97527,2025-08-18 12:06:05.000,BTAX-041313-08-2025,2026-08-31 12:06:05.000
DETAIL FREELANCE LLC," ",Inside City Limits,541219,Bookkeeping Services,,2023-07-25 00:00:00.000,dfe0d6ae-d04b-4c9d-8f82-a252a93355aa,5413244798,1422,RAYDEAN,,,DR,,,GRANTS PASS,OR,97527,2025-12-01 12:21:06.000,BTAX-042355-12-2025,2026-12-31 12:21:06.000
DETAIL FREELANCE LLC,CATHERINE SABADOS,Inside City Limits,541219,Bookkeeping Services,,2023-07-25 00:00:00.000,dfe0d6ae-d04b-4c9d-8f82-a252a93355aa,5413244798,1422,RAYDEAN,,,DR,,,GRANTS PASS,OR,97527,2025-12-01 12:21:06.000,BTAX-042355-12-2025,2026-12-31 12:21:06.000
DEVORE ELECTRIC AND CONSTRUCTION,REGINALD  DEVORE,Outside City Limits,238210,Contractor-Electrical,,1999-03-22 00:00:00.000,AA25C61A-F8C9-4844-86D5-F8817FFE7CAE,5419443380,792,DUTTON,,E,RD,,,EAGLE POINT,OR,97524,2025-09-17 08:57:24.000,BTAX-041778-09-2025,2026-08-31 08:57:24.000
DEWAYNE LUMPKIN DESIGN STUDIO/GALLERY," ",Inside City Limits,453920,Art Dealer,,2016-10-10 00:00:00.000,2d1e2706-a044-4c16-b540-188b72931483,5417619978,1550,ROGUE RIVER,,,HWY,,,GRANTS PASS,OR,97527,2025-06-02 08:37:56.000,BTAX-040450-06-2025,2026-06-30 08:37:56.000
DEWAYNE LUMPKIN DESIGN STUDIO/GALLERY,DEWAYNE LUMPKIN,Inside City Limits,453920,Art Dealer,,2016-10-10 00:00:00.000,2d1e2706-a044-4c16-b540-188b72931483,5417619978,1550,ROGUE RIVER,,,HWY,,,GRANTS PASS,OR,97527,2025-06-02 08:37:56.000,BTAX-040450-06-2025,2026-06-30 08:37:56.000
"DG CREATIVE BRANDING          ",KAREN  ADAIR,Inside City Limits,541810,Advertising Agency,,2013-07-01 00:00:00.000,B36C9493-C79A-4017-BE26-4F9B4DC1FFF0,7073915273,2345,ROBERTSON,,,CRST,,,GRANTS PASS,OR,97527,2025-10-15 09:20:08.000,BTAX-042019-10-2025,2026-10-31 09:20:08.000
DG RETAIL LLC," ",Inside City Limits,452990,"Retail-General Merchandise ",DOLLAR GENERAL STORE #19768,2019-05-08 00:00:00.000,a1326253-dbdf-4f7f-a23c-1ebe623404b0,6158554000,100,MISSION RIDGE,ATTN: TAX DEPT,,,,,GOODLETTSVILLE,TN,37072,2025-12-22 11:44:11.000,BTAX-042495-12-2025,2026-12-31 11:44:11.000
"DIAMOND AUTO DETAIL GP        ",GRANT J  RIVERIA,Inside City Limits,811192,Car Wash & Detailing,,1997-02-01 00:00:00.000,7EC3639F-615A-42AC-8769-C643CC108603,5414790087,712,REDWOOD,,,HWY,,,GRANTS PASS,OR,97527,2026-02-03 15:51:27.000,BTAX-042728-02-2026,2027-01-31 15:51:27.000
DIAMOND ENTERPRISE LLC,JAMES SPARMAN,Inside City Limits,446110,Pharmacy/Drug Store,,2017-05-01 00:00:00.000,e03b72df-f3fb-4afc-8a15-c076829d94c2,5419168355,233,ROGUE RIVER,,,HWY,,896,GRANTS PASS,OR,97527,2025-08-12 09:44:17.000,BTAX-041165-08-2025,2026-08-31 09:44:17.000
DIAMOND ENTERPRISE LLC,CARRIE BOLTZ,Inside City Limits,446110,Pharmacy/Drug Store,,2017-05-01 00:00:00.000,e03b72df-f3fb-4afc-8a15-c076829d94c2,5419168355,233,ROGUE RIVER,,,HWY,,896,GRANTS PASS,OR,97527,2025-08-12 09:44:17.000,BTAX-041165-08-2025,2026-08-31 09:44:17.000
DIAMOND ENTERPRISE LLC," ",Inside City Limits,446110,Pharmacy/Drug Store,,2017-05-01 00:00:00.000,e03b72df-f3fb-4afc-8a15-c076829d94c2,5419168355,233,ROGUE RIVER,,,HWY,,896,GRANTS PASS,OR,97527,2025-08-12 09:44:17.000,BTAX-041165-08-2025,2026-08-31 09:44:17.000
DIAMOND WINDOW CO INC,CHRIS  MITCHELL,Inside City Limits,454390,Retail-Misc Direct Selling Establishment,MITCHELL WINDOW & DOOR,2008-01-08 00:00:00.000,29B09F14-86E6-4423-B97E-B6F3C315233E,5414744499,337,UNION,,,AVE,,SUITE G,GRANTS PASS,OR,97527,2025-12-15 12:41:01.000,BTAX-042466-12-2025,2026-12-31 12:41:01.000
"DIEBOLD NIXDORF, INC                   "," DIEBOLD INC                   ",Outside City Limits,238990,Contractor-Trade/Specialty,,2012-10-31 00:00:00.000,ED9C8FA1-6F29-4E36-A5D8-E91BCB1EFC35,3304904609,ATTN: MELINDA KEHNER,,PO BOX 3077,,,,,NORTH CANTON,OH,44720,2025-08-20 15:56:48.000,BTAX-041481-08-2025,2026-08-31 15:56:48.000
"DILLARD'S ROOFING AND CONSTRUCTION, LLC"," ",Inside City Limits,238160,Roofing,,2020-03-19 00:00:00.000,74cb18d0-fd58-45b7-9b50-5ff109098218,5412180472,PO BOX 423,,,,,,,MERLIN,OR,97532,2025-06-26 15:33:36.000,BTAX-040566-06-2025,2026-06-30 15:33:36.000
"DILLARD'S ROOFING AND CONSTRUCTION, LLC",DALE HULIN,Inside City Limits,238160,Roofing,,2020-03-19 00:00:00.000,74cb18d0-fd58-45b7-9b50-5ff109098218,5412180472,PO BOX 423,,,,,,,MERLIN,OR,97532,2025-06-26 15:33:36.000,BTAX-040566-06-2025,2026-06-30 15:33:36.000
"DILLARD'S ROOFING AND CONSTRUCTION, LLC",DEBBIE HULIN,Inside City Limits,238160,Roofing,,2020-03-19 00:00:00.000,74cb18d0-fd58-45b7-9b50-5ff109098218,5412180472,PO BOX 423,,,,,,,MERLIN,OR,97532,2025-06-26 15:33:36.000,BTAX-040566-06-2025,2026-06-30 15:33:36.000
"DINGUS PHOTOGRAPHY     ",L  VINCE  WILLIAMS,Inside City Limits,541921,Photography,,2015-01-01 00:00:00.000,93F98403-85E4-4946-82FF-16E5C6314CBF,5414791466,1138,WESTERLY,,SW,CT,,,GRANTS PASS,OR,97527,2025-08-08 15:10:14.000,BTAX-041133-08-2025,2026-08-31 15:10:14.000
"DIVERSIFIED INVESTMENTS       ",SHERYL  MORACE-MIKEL,Inside City Limits,523999,Finance-Investment Activities,,2008-01-08 00:00:00.000,2600590E-8881-4D54-88B2-E20783F0449A,5414747371,777,7TH,,NE,ST,," ",GRANTS PASS,OR,97526,2025-08-20 11:01:48.000,BTAX-041446-08-2025,2026-08-31 11:01:48.000
"DIVERSIFIED MAINTENANCE SYSTEMS ",DANIEL N & RENEE K  WALLACE,Inside City Limits,561720,Janitorial Services,DMS,1989-08-17 00:00:00.000,337FEBE9-8ABC-48ED-B5E1-C2970AD7DB61,5414766769,233,ROGUE RIVER,,,HWY,,#383,GRANTS PASS,OR,97527,2025-09-26 14:26:48.000,BTAX-041887-09-2025,2026-09-30 14:26:48.000
DIVYA RESTAURANT LLC," ",Inside City Limits,722513,Limited-Service Restaurant,SAMS BURGER,2018-03-08 00:00:00.000,bc1fdea6-ce3c-4d86-8211-f5f6c0d2a340,5412953097,608,SHADOW,,,WAY,,,CENTRAL POINT,OR,97502,2025-04-04 14:24:04.000,BTAX-040164-04-2025,2026-04-30 14:24:04.000
DIVYA RESTAURANT LLC,HARDEEP SINGH,Inside City Limits,722513,Limited-Service Restaurant,SAMS BURGER,2018-03-08 00:00:00.000,bc1fdea6-ce3c-4d86-8211-f5f6c0d2a340,5412953097,608,SHADOW,,,WAY,,,CENTRAL POINT,OR,97502,2025-04-04 14:24:04.000,BTAX-040164-04-2025,2026-04-30 14:24:04.000
"DJ'S BUMP & PAINT PARLOR      ",DIRK H  JOHNSON,Inside City Limits,811121,"Auto-Body, Paint & Interior",DJ'S BUMP & PAINT,1981-05-01 00:00:00.000,A84A3833-9CD5-436D-BC77-CE4DA8EB99F3,5414765604,325,G,,SW,ST,,,GRANTS PASS,OR,97526,2025-08-22 15:24:45.000,BTAX-041519-08-2025,2026-08-31 15:24:45.000
"DMJ SHUTTLES                  ",DARILYN  KOSTER,Inside City Limits,485310,Transportation-Taxi,,2008-04-30 00:00:00.000,90EA52F7-342B-4282-99B3-062ED289473B,5414764382,711,12TH,,NE,ST,,,GRANTS PASS,OR,97526,2025-07-07 12:55:10.000,BTAX-040619-07-2025,2026-07-31 12:55:10.000
DOLLAR GENERAL STORE #16558," ",Inside City Limits,452111,Retail-Department Store,,2016-01-04 00:00:00.000,736ac2d9-8b32-4aaf-b4a2-4c354a32fd47,6158554000,100,MISSION RIDGE,,,,,,GOODLETTSVILLE,TN,37072,2026-02-09 12:25:26.000,BTAX-042762-02-2026,2026-12-31 12:25:26.000
DOLLAR GENERAL STORE #16558," ",Inside City Limits,452111,Retail-Department Store,,2016-01-04 00:00:00.000,736ac2d9-8b32-4aaf-b4a2-4c354a32fd47,6158554000,100,MISSION RIDGE,,,,,,GOODLETTSVILLE,TN,37072,2026-02-09 12:25:26.000,BTAX-042762-02-2026,2026-12-31 12:25:26.000
"DOLLAR TREE STORES INC #2945 ","DOLLAR        ",Inside City Limits,454390,Retail-Misc Direct Selling Establishment,,2006-10-18 00:00:00.000,584C8F22-204D-4CFF-8BCE-F54F9442F5F7,5414791777,500,VOLVO,,,PKWY,,,CHESAPEAKE,VA,23320,2025-09-10 14:32:44.000,BTAX-041728-09-2025,2026-08-31 14:32:44.000
"DONUTLAND                     "," ",Inside City Limits,311811,Bakery,,1993-06-26 00:00:00.000,635719DA-16A2-4AB7-B38C-3B9E706F8536,5412262180,75,FRUITDALE,,,DR,,,GRANTS PASS,OR,97527,2025-04-10 16:05:10.000,BTAX-040184-04-2025,2026-04-30 16:05:10.000
"DONUTLAND                     ",ANNETTE PHAY,Inside City Limits,311811,Bakery,,1993-06-26 00:00:00.000,635719DA-16A2-4AB7-B38C-3B9E706F8536,5412262180,75,FRUITDALE,,,DR,,,GRANTS PASS,OR,97527,2025-04-10 16:05:10.000,BTAX-040184-04-2025,2026-04-30 16:05:10.000
"DONUTLAND                     ",HEANG  PHAY,Inside City Limits,311811,Bakery,,1993-06-26 00:00:00.000,635719DA-16A2-4AB7-B38C-3B9E706F8536,5412262180,75,FRUITDALE,,,DR,,,GRANTS PASS,OR,97527,2025-04-10 16:05:10.000,BTAX-040184-04-2025,2026-04-30 16:05:10.000
DOORWAY OF HOPE,KATHLEEN KROHN,Inside City Limits,541611,Consulting Service,WELLNESS CONSULTANT,2023-02-01 00:00:00.000,29b5f5a3-0249-4dcf-93d2-31b86667e07e,7074980663,2106,BRIDGE,,SW,ST,,,GRANTS PASS,OR,97526,2025-04-14 15:11:06.000,BTAX-040212-04-2025,2026-04-30 15:11:06.000
DOORWAY OF HOPE," ",Inside City Limits,541611,Consulting Service,WELLNESS CONSULTANT,2023-02-01 00:00:00.000,29b5f5a3-0249-4dcf-93d2-31b86667e07e,7074980663,2106,BRIDGE,,SW,ST,,,GRANTS PASS,OR,97526,2025-04-14 15:11:06.000,BTAX-040212-04-2025,2026-04-30 15:11:06.000
"DOUBLE D ELECTRIC             ",DARRELL ROUSH,Outside City Limits,238210,Contractor-Electrical,,1987-07-02 00:00:00.000,7385E3F0-CC99-441A-9175-E627AE871114,5416645483,PO BOX 4306,,,,,,,MEDFORD,OR,97501,2025-09-12 12:21:43.000,BTAX-041745-09-2025,2026-09-30 12:21:43.000
DOUBLE J ELECTRIC INC,JAMIE JONES,Outside City Limits,238190,Contractor-General/Building Exterior,,2017-12-29 00:00:00.000,cbbd1097-3083-4573-ae09-163043cc5e80,5414794489,PO BOX 247,,,,,,,GRANTS PASS,OR,97528,2025-07-18 12:41:18.000,BTAX-040821-07-2025,2026-07-31 12:41:18.000
DOUBLE J ELECTRIC INC,JAMIE JONES,Outside City Limits,238190,Contractor-General/Building Exterior,,2017-12-29 00:00:00.000,cbbd1097-3083-4573-ae09-163043cc5e80,5414794489,PO BOX 247,,,,,,,GRANTS PASS,OR,97528,2025-07-18 12:41:18.000,BTAX-040821-07-2025,2026-07-31 12:41:18.000
"DOUBLE R PRODUCTS             "," ",Inside City Limits,238190,Contractor-General/Building Exterior,,1997-01-01 00:00:00.000,C2C749BA-7C55-4F46-9F9B-0D41E6C0326F,5414761387,901,E,,NW,ST,,,GRANTS PASS,OR,97526,2025-08-26 10:54:24.000,BTAX-041560-08-2025,2026-08-31 10:54:24.000
"DOUG & BEVERLY WALKER RENTALS ",DOUGLAS & BEVERLY  WALKER,Outside City Limits,531110,Rental Units/Landlord,,2001-04-02 00:00:00.000,AC926EDA-F4D4-4F6B-876E-2C96F5B03065,5416602178,PO BOX 721,,,,,,,GRANTS PASS,OR,97528,2025-08-15 15:57:41.000,BTAX-041297-08-2025,2026-08-31 15:57:41.000
"DOUG GILLETTE PLUMBING LLC        ",DOUG GILLETTE,Inside City Limits,238220,Plumber,,2007-09-14 00:00:00.000,6EAC2705-849F-4F1D-AE6B-8F152CBC8871,5412182464,1201,"ALLENWOOD ",,SE,DR,,,GRANTS PASS,OR,97527,2025-08-04 12:00:12.000,BTAX-041084-08-2025,2026-07-31 12:00:12.000
DOUGLASS TREE LLC," ",Inside City Limits,238190,Contractor-General/Building Exterior,,2018-09-11 00:00:00.000,559e8125-ca47-4253-ade2-881874db7c15,5413268116,943,COTTONWOOD,,SW,ST,,,GRANTS PASS,OR,97526,2025-09-26 17:00:07.000,BTAX-041893-09-2025,2026-09-30 17:00:07.000
DOUGLASS TREE LLC,MIKE DOUGLASS,Inside City Limits,238190,Contractor-General/Building Exterior,,2018-09-11 00:00:00.000,559e8125-ca47-4253-ade2-881874db7c15,5413268116,943,COTTONWOOD,,SW,ST,,,GRANTS PASS,OR,97526,2025-09-26 17:00:07.000,BTAX-041893-09-2025,2026-09-30 17:00:07.000
"DOUG'S GARDENING SERVICE      ",DOUGLAS G  CLARK,Inside City Limits,541320,Landscaping Services,,1995-02-01 00:00:00.000,58279DDE-8236-4E05-8D23-B22D840FD2CE,5414716148,1411,RAYDEAN,,,DR,,,GRANTS PASS,OR,97527,2025-08-15 14:59:27.000,BTAX-041292-08-2025,2026-07-31 14:59:27.000
DOVE MINISTRIES INC.," ",Outside City Limits,813110,Religious Organization,,2020-01-24 00:00:00.000,f4e8a949-1ad4-4245-b259-78a3cb28787f,5414504960,PO BOX 1258,,,,,,,ROGUE RIVER,OR,97537,2026-02-06 09:17:04.000,BTAX-042747-02-2026,2027-01-31 09:17:04.000
"DR KEVIN TEAGLE DC CCSP     ",KEVIN  TEAGLE,Inside City Limits,621111,Medical-Physician,,2001-08-20 00:00:00.000,02590E46-3F9A-413F-BCFE-FB662C2398CD,5414742225,1829,NEBRASKA,,NE,AVE,,,GRANTS PASS,OR,97527,2025-09-09 15:58:54.000,BTAX-041715-09-2025,2026-09-30 15:58:54.000
"DRIVE CAR WASH, INC",DEREK  HORSLEY,Inside City Limits,811192,Car Wash & Detailing,CRATER CAR WASH,2018-03-22 00:00:00.000,7246ccc6-4033-41c1-817b-84d27f6c28ef,5419168544,1134,COURT,,,ST,,,MEDFORD,OR,97501,2026-03-13 14:30:44.000,BTAX-042963-03-2026,2027-03-31 14:30:44.000
"DRIVE CAR WASH, INC",JOHN SAUSE,Inside City Limits,811192,Car Wash & Detailing,CRATER CAR WASH,2018-03-22 00:00:00.000,7246ccc6-4033-41c1-817b-84d27f6c28ef,5419168544,1134,COURT,,,ST,,,MEDFORD,OR,97501,2026-03-13 14:30:44.000,BTAX-042963-03-2026,2027-03-31 14:30:44.000
"DRIVE CAR WASH, INC"," ",Inside City Limits,811192,Car Wash & Detailing,CRATER CAR WASH,2018-03-22 00:00:00.000,7246ccc6-4033-41c1-817b-84d27f6c28ef,5419168544,1134,COURT,,,ST,,,MEDFORD,OR,97501,2026-03-13 14:30:44.000,BTAX-042963-03-2026,2027-03-31 14:30:44.000
"DRUTHERS CONSTRUCTION, LLC"," ",Inside City Limits,238190,Contractor-General/Building Exterior,,2019-07-15 00:00:00.000,b381da71-1cfd-499e-9cf1-f1aa584b81d1,5414412029,PO BOX 1586,,,,,,,GRANTS PASS,OR,97528,2025-07-23 11:36:26.000,BTAX-040947-07-2025,2026-07-31 11:36:26.000
"DRUTHERS CONSTRUCTION, LLC",ANTHONY JANTZER,Inside City Limits,238190,Contractor-General/Building Exterior,,2019-07-15 00:00:00.000,b381da71-1cfd-499e-9cf1-f1aa584b81d1,5414412029,PO BOX 1586,,,,,,,GRANTS PASS,OR,97528,2025-07-23 11:36:26.000,BTAX-040947-07-2025,2026-07-31 11:36:26.000
"DRUTHERS CONSTRUCTION, LLC","ANDREW OLSON, GRANT JANTZER",Inside City Limits,238190,Contractor-General/Building Exterior,,2019-07-15 00:00:00.000,b381da71-1cfd-499e-9cf1-f1aa584b81d1,5414412029,PO BOX 1586,,,,,,,GRANTS PASS,OR,97528,2025-07-23 11:36:26.000,BTAX-040947-07-2025,2026-07-31 11:36:26.000
"DUANE & BELINDA MARZI RENTALS ",DUANE & BELINDA  MARZI,Inside City Limits,531110,Rental Units/Landlord,,2005-07-01 00:00:00.000,843A99BC-72EB-44D9-B18D-3FB5940AF640,5414720102,1127,"ORIOLE ",,SE,ST,,,GRANTS PASS,OR,97526,2025-08-18 14:28:30.000,BTAX-041325-08-2025,2026-07-31 14:28:30.000
DUCTS N STUFF LLC,JEREMY GUTHRIE,Inside City Limits,238220,Contractor-HVAC Services,,2021-03-01 00:00:00.000,b2611f6e-8208-46f7-b9d2-4c7d592eecf2,5416593606,"1630 ","WILLIAMS ",,,HWY,,149,GRANTS PASS,OR,97527,2025-09-22 15:39:58.000,BTAX-041845-09-2025,2026-08-31 15:39:58.000
DUCTS N STUFF LLC," ",Inside City Limits,238220,Contractor-HVAC Services,,2021-03-01 00:00:00.000,b2611f6e-8208-46f7-b9d2-4c7d592eecf2,5416593606,"1630 ","WILLIAMS ",,,HWY,,149,GRANTS PASS,OR,97527,2025-09-22 15:39:58.000,BTAX-041845-09-2025,2026-08-31 15:39:58.000
DUDZ DEN,RENEE  KINCAID,Inside City Limits,812111,Barber Shop,,2007-11-29 00:00:00.000,06E89808-1B66-49E8-A9DC-E022FC0B0D04,5419558877,440,CEDAR FLAT,,,RD,,,WILLIAMS,OR,97544,2025-07-11 11:03:41.000,BTAX-040673-07-2025,2026-07-31 11:03:41.000
"DUTCH BROS., LLC - A-TOWN           ",TRAVIS  BOERSMA,Inside City Limits,722515,Snack and Nonalcoholic Beverage Shop,,2005-06-01 00:00:00.000,49EB06EA-C1AD-46B8-9638-76E42C4AF350,5419554700,1930,RIO SALADO,,W,PKWY,,SUITE 108,TEMPE,AZ,852812361,2025-12-02 15:54:04.000,BTAX-042186-10-2025,2026-10-31 15:54:04.000
"DUTCH BROS., LLC - COFFEE HOUSE       ",TRAVIS  BOERSMA,Inside City Limits,722515,Snack and Nonalcoholic Beverage Shop,,1996-06-01 00:00:00.000,46800D35-8DDE-4DD0-BFD4-2C1D740BE0DF,5419554700,1930,RIO SALADO,,W,PKWY,,SUITE 108,TEMPE,AZ,852812361,2025-12-02 15:44:55.000,BTAX-042190-10-2025,2026-10-31 15:44:55.000
"DUTCH BROS., LLC - GP SHOPPING CENTER",TRAVIS  BOERSMA,Inside City Limits,722515,Snack and Nonalcoholic Beverage Shop,,1997-01-03 00:00:00.000,B8C2BEFC-6742-46D2-B728-14E26A071157,5419554700,1930,RIO SALADO,,W,PKWY,,SUITE 108,TEMPE,AZ,852812361,2025-12-02 15:30:03.000,BTAX-042187-10-2025,2026-10-31 15:30:03.000
"DUTCH BROS., LLC - HILLCREST        ",TRAVIS  BOERSMA,Inside City Limits,722515,Snack and Nonalcoholic Beverage Shop,,2004-02-21 00:00:00.000,DBD0760A-A401-4176-A19F-774E283F9AD5,5419554700,1930,RIO SALADO,,W,PKWY,,SUITE 108,TEMPE,AZ,852812361,2025-12-02 15:13:35.000,BTAX-042188-10-2025,2026-10-31 15:13:35.000
"DUTCH BROS., LLC - I                  ",TRAVIS  BOERSMA,Inside City Limits,722515,Snack and Nonalcoholic Beverage Shop,,1992-02-19 00:00:00.000,3ED762B9-AB42-43B3-9A38-42C1D47B6772,5419554700,1930,RIO SALADO,,W,PKWY,,SUITE 108,TEMPE,AZ,852812361,2025-12-02 15:24:29.000,BTAX-042189-10-2025,2026-10-31 15:24:29.000
"DUTCH BROS., LLC - III                ",TRAVIS  BOERSMA,Inside City Limits,722515,Snack and Nonalcoholic Beverage Shop,,1995-09-05 00:00:00.000,198BBCDD-71ED-4575-A9D7-FF740187CF0F,5419554700,1930,RIO SALADO,,W,PKWY,,SUITE 108,TEMPE,AZ,852812361,2025-12-02 15:10:14.000,BTAX-042192-10-2025,2026-10-31 15:10:14.000
"DUTCH BROS., LLC - IV                 ",TRAVIS  BOERSMA,Inside City Limits,722515,Snack and Nonalcoholic Beverage Shop,,1997-01-31 00:00:00.000,CBFD0E66-A6B7-4DBF-A998-779BB27BBCC0,5419554700,1930,RIO SALADO,,W,PKWY,,SUITE 108,TEMPE,AZ,852812361,2025-12-02 15:50:49.000,BTAX-042191-10-2025,2026-10-31 15:50:49.000
"DUTCH BROS., LLC - RINGUETTE        ",TRAVIS  BOERSMA,Inside City Limits,722515,Snack and Nonalcoholic Beverage Shop,,2005-04-01 00:00:00.000,F7433FCD-5873-4AE8-B230-103E3BA620D7,5419554700,1930,RIO SALADO,,W,PKWY,,SUITE 108,TEMPE,AZ,852812361,2025-12-02 15:33:58.000,BTAX-042281-11-2025,2026-11-30 15:33:58.000
DWIGHT D FASZER,Dwight Faszer,Inside City Limits,238190,Contractor-General/Building Exterior,,1999-04-01 00:00:00.000,69509CF0-C13C-49FF-965F-8DA9C0898461,5416590394,1634,"BEVERLY ",,NE,DR,,,GRANTS PASS,OR,97526,2025-07-28 10:00:21.000,BTAX-041017-07-2025,2026-07-31 10:00:21.000
"DWYER WILLIAMS CHERKOSS ATTORNEYS, P.C.",DWYER WILLIAMS CHERKOSS ATTORNEYS,Outside City Limits,541110,Lawyer,,2007-07-01 00:00:00.000,942D17F3-FB32-4ED5-A2A2-223988636B63,5416170555,1558,NANCY,,SW,WAY,,STE 101,BEND,OR,97702,2025-08-19 11:22:44.000,BTAX-041383-08-2025,2026-08-31 11:22:44.000
"DWYER WILLIAMS CHERKOSS ATTORNEYS, P.C."," DWYER WILLIAMS POTTER ATTY LLP",Outside City Limits,541110,Lawyer,,2007-07-01 00:00:00.000,942D17F3-FB32-4ED5-A2A2-223988636B63,5416170555,1558,NANCY,,SW,WAY,,STE 101,BEND,OR,97702,2025-08-19 11:22:44.000,BTAX-041383-08-2025,2026-08-31 11:22:44.000
"DYNACO PRODUCTS               ",MARY/GUY  ANDERSON,Inside City Limits,811211,Consumer Electronics Repair/Maint,,1999-07-21 00:00:00.000,B3BD1F88-F2F6-4734-A44F-AA9762A88A9F,5419554600,570,SERENITY,,,LN,,,GRANTS PASS,OR,97526,2025-08-19 09:33:43.000,BTAX-041358-08-2025,2026-07-31 09:33:43.000
DYNAMIS ACCOUNTING SOLUTIONS LLC," ",Inside City Limits,541211,Accountant-CPA,,2019-01-02 00:00:00.000,53633497-59d4-4aae-be43-4aa561e253b7,5417082180,PO BOX 655,,,,,,,MERLIN,OR,97532,2025-05-30 12:41:33.000,BTAX-040446-05-2025,2026-05-31 12:41:33.000
DYNAMIS ACCOUNTING SOLUTIONS LLC,DAVID GRIESS,Inside City Limits,541211,Accountant-CPA,,2019-01-02 00:00:00.000,53633497-59d4-4aae-be43-4aa561e253b7,5417082180,PO BOX 655,,,,,,,MERLIN,OR,97532,2025-05-30 12:41:33.000,BTAX-040446-05-2025,2026-05-31 12:41:33.000
DYNAMIS ACCOUNTING SOLUTIONS LLC,SUSIE GRIESS,Inside City Limits,541211,Accountant-CPA,,2019-01-02 00:00:00.000,53633497-59d4-4aae-be43-4aa561e253b7,5417082180,PO BOX 655,,,,,,,MERLIN,OR,97532,2025-05-30 12:41:33.000,BTAX-040446-05-2025,2026-05-31 12:41:33.000
"E S A M, INC                  ",INC)  SHAREHOLDERS (ESAM,Inside City Limits,811211,Consumer Electronics Repair/Maint,,1984-01-01 00:00:00.000,EF8C8D0A-9DA1-42CB-A373-7CFCF81DEEEB,5414769162,2100,SPALDING,,NE,AVE,,,GRANTS PASS,OR,97526,2025-08-26 10:44:09.000,BTAX-041558-08-2025,2026-08-31 10:44:09.000
EA2 LLC,SHANNON MATTSON,Inside City Limits,531210,Real Estate Agents/Brokers,RE/MAX INTEGRITY,2022-10-01 00:00:00.000,B3ED4763-E012-46A4-A616-611CC271BCB1,5419558483,3009,PACIFIC,,,AVE,,STE 200,OLYMPIA,WA,98501,2025-10-14 12:14:18.000,BTAX-042001-10-2025,2026-10-31 12:14:18.000
EAGLE CREEK CONSTRUCTION LLC," ",Outside City Limits,238190,Contractor-General/Building Exterior,,2019-03-11 00:00:00.000,ff7e17b8-1763-466d-a256-03454680f677,,303,LIVINGSTON,,,WAY,,,GRANTS PASS,OR,97526,2025-05-08 14:41:04.000,BTAX-040328-05-2025,2026-05-31 14:41:04.000
EAGLE CREEK CONSTRUCTION LLC,DAVID KOVARIK,Outside City Limits,238190,Contractor-General/Building Exterior,,2019-03-11 00:00:00.000,ff7e17b8-1763-466d-a256-03454680f677,,303,LIVINGSTON,,,WAY,,,GRANTS PASS,OR,97526,2025-05-08 14:41:04.000,BTAX-040328-05-2025,2026-05-31 14:41:04.000
EAGLE LANDSCAPE MAINTENANCE," ",Outside City Limits,541320,Landscaping Services,,2019-01-15 00:00:00.000,fdcc83e4-e6aa-433e-aa4e-6f2540943e65,5414742237,PO BOX 1074,,,,,,,MERLIN,OR,97532,2026-01-30 16:17:07.000,BTAX-042706-01-2026,2027-01-31 16:17:07.000
EAGLE LANDSCAPE MAINTENANCE,CHRIS HATHAWAY,Outside City Limits,541320,Landscaping Services,,2019-01-15 00:00:00.000,fdcc83e4-e6aa-433e-aa4e-6f2540943e65,5414742237,PO BOX 1074,,,,,,,MERLIN,OR,97532,2026-01-30 16:17:07.000,BTAX-042706-01-2026,2027-01-31 16:17:07.000
EAGLE MOUNTAIN LLC," ",Outside City Limits,238190,Contractor-General/Building Exterior,,2019-07-25 00:00:00.000,0d44ffaa-c196-430d-a053-2ce0eb5bb53d,5415317876,PO BOX 2657,,,,,,,WHITE CITY,OR,97503,2025-07-22 11:42:47.000,BTAX-040860-07-2025,2026-07-31 11:42:47.000
EAGLE MOUNTAIN LLC,DAVID ZEPEDA YANEZ,Outside City Limits,238190,Contractor-General/Building Exterior,,2019-07-25 00:00:00.000,0d44ffaa-c196-430d-a053-2ce0eb5bb53d,5415317876,PO BOX 2657,,,,,,,WHITE CITY,OR,97503,2025-07-22 11:42:47.000,BTAX-040860-07-2025,2026-07-31 11:42:47.000
"EAGLE PLYWOOD SPECIALTIES     ",MICHAEL & DENISE  PRATT,Inside City Limits,321999,Manufacturing-Wood Products,,2007-10-02 00:00:00.000,AF381211-75EF-41F4-B2B5-0ACE1FCDB046,5414793301,PO BOX 880,,,,,,,GRANTS PASS,OR,97528,2025-07-22 15:09:32.000,BTAX-040904-07-2025,2026-07-31 15:09:32.000
"EAM INC                      ",KORICK & KIMBERLY  DANIELS,Inside City Limits,532111,Rental-Car Rentals,"SOUTHERN OREGON RENTALS ",2013-07-22 00:00:00.000,DC4EAA8A-7A76-47ED-8997-A03D39A9A5FD,5414760007,PO BOX 2080,,,,,,,GRANTS PASS,OR,97528,2025-07-22 15:20:26.000,BTAX-040908-07-2025,2026-07-31 15:20:26.000
EARTHWORX LLC,KRISTEN CSORBA,Outside City Limits,238190,Contractor-General/Building Exterior,,2022-04-25 00:00:00.000,5c5f5716-cd9a-44e7-a4b8-b3c9a47302c0,5412271799,"174 ",CROCKER,,,ST,,,ASHLAND,OR,97520,2023-07-19 16:30:26.000,TEMP-035123-07-2023,2023-07-20 00:00:00.000
EARTHWORX LLC,KRISTEN CSORBA,Outside City Limits,238190,Contractor-General/Building Exterior,,2022-04-25 00:00:00.000,5c5f5716-cd9a-44e7-a4b8-b3c9a47302c0,5412271799,"174 ",CROCKER,,,ST,,,ASHLAND,OR,97520,2023-07-19 16:30:26.000,TEMP-035123-07-2023,2023-07-20 00:00:00.000
EARTHWORX LLC,MORGAN BENBOUGH,Outside City Limits,238190,Contractor-General/Building Exterior,,2022-04-25 00:00:00.000,5c5f5716-cd9a-44e7-a4b8-b3c9a47302c0,5412271799,"174 ",CROCKER,,,ST,,,ASHLAND,OR,97520,2023-07-19 16:30:26.000,TEMP-035123-07-2023,2023-07-20 00:00:00.000
EARY EARTHWORKS LLC," ",Outside City Limits,238910,Excavation - Site Preparation,,2021-01-01 00:00:00.000,b5dde503-09f6-4b57-8222-47192f0c0722,5419446524,17450,APPLEGATE,,N,RD,,,GRANTS PASS,OR,97527,2025-04-14 14:24:12.000,BTAX-040206-04-2025,2026-04-30 14:24:12.000
EARY EARTHWORKS LLC,JEFF HOXSEY,Outside City Limits,238910,Excavation - Site Preparation,,2021-01-01 00:00:00.000,b5dde503-09f6-4b57-8222-47192f0c0722,5419446524,17450,APPLEGATE,,N,RD,,,GRANTS PASS,OR,97527,2025-04-14 14:24:12.000,BTAX-040206-04-2025,2026-04-30 14:24:12.000
EARY EARTHWORKS LLC,GLENN EARY,Outside City Limits,238910,Excavation - Site Preparation,,2021-01-01 00:00:00.000,b5dde503-09f6-4b57-8222-47192f0c0722,5419446524,17450,APPLEGATE,,N,RD,,,GRANTS PASS,OR,97527,2025-04-14 14:24:12.000,BTAX-040206-04-2025,2026-04-30 14:24:12.000
"EASTWOOD HOMES LLC           ",JAY & GALE  EASTWOOD,Inside City Limits,238190,Contractor-General/Building Exterior,,1998-01-15 00:00:00.000,BE83675B-595B-462E-80F1-363EE9C1828B,5416608248,560,F,,NE,ST,,A #652,GRANTS PASS,OR,97526,2023-11-30 10:25:29.000,BTAX-036522-11-2023,2024-11-30 10:25:29.000
ecoATM LLC,ecoATM Legal,Inside City Limits,443142,Retail-Electronics,,2015-01-15 00:00:00.000,3ECF2A9A-D0EF-488A-AB7C-BAB94BC5D94E,8587667522,10121,"BARNES CANYON ",,,RD,,,SAN DIEGO,CA,92121,2025-05-28 09:28:48.000,BTAX-040439-05-2025,2026-05-31 09:28:48.000
ECOCLEANING PROFESSIONALS,JACQUELINE YOUNG,Outside City Limits,561720,Cleaning Service,CLEAR CHOICE WINDOW CLEANING,2020-05-01 00:00:00.000,c5c39a38-2b88-47ea-ae7a-8560d82543b7,5412413144,325,RIVERSIDE,,S,AVE,,#8565,MEDFORD,OR,97501,2025-05-19 10:33:56.000,BTAX-040376-05-2025,2026-05-31 10:33:56.000
ECOCLEANING PROFESSIONALS," ",Outside City Limits,561720,Cleaning Service,CLEAR CHOICE WINDOW CLEANING,2020-05-01 00:00:00.000,c5c39a38-2b88-47ea-ae7a-8560d82543b7,5412413144,325,RIVERSIDE,,S,AVE,,#8565,MEDFORD,OR,97501,2025-05-19 10:33:56.000,BTAX-040376-05-2025,2026-05-31 10:33:56.000
ECOCLEANING PROFESSIONALS,LONDON YOUNG,Outside City Limits,561720,Cleaning Service,CLEAR CHOICE WINDOW CLEANING,2020-05-01 00:00:00.000,c5c39a38-2b88-47ea-ae7a-8560d82543b7,5412413144,325,RIVERSIDE,,S,AVE,,#8565,MEDFORD,OR,97501,2025-05-19 10:33:56.000,BTAX-040376-05-2025,2026-05-31 10:33:56.000
"ED STARNER EXCAVATING         ",TERRI L & WALLACE E  STARNER,Inside City Limits,238190,Contractor-General/Building Exterior,,2009-03-20 00:00:00.000,F75AA81E-A9F5-4B18-BAFC-61FBA199E3BF,5412262139,2906,MIDWAY,,,AVE,,,GRANTS PASS,OR,97527,2025-08-18 14:45:38.000,BTAX-041328-08-2025,2026-08-31 14:45:38.000
EDDY'S GRILL LLC," ",Inside City Limits,722513,Limited-Service Restaurant,,2005-06-03 00:00:00.000,2906B532-A569-4B87-9235-221AB5BD8564,7029019636,424,VAN DYKE,,NW,PL,,,GRANTS PASS,OR,97526,2025-10-15 09:58:23.000,BTAX-042027-10-2025,2026-10-31 09:58:23.000
EDDY'S GRILL LLC,CHARLES SHECKELLS,Inside City Limits,722513,Limited-Service Restaurant,,2005-06-03 00:00:00.000,2906B532-A569-4B87-9235-221AB5BD8564,7029019636,424,VAN DYKE,,NW,PL,,,GRANTS PASS,OR,97526,2025-10-15 09:58:23.000,BTAX-042027-10-2025,2026-10-31 09:58:23.000
EDGEWATER CHRISTIAN FELLOWSHIP," NON-PROFIT CHURCH             ",Inside City Limits,813110,Religious Organization,,2003-06-01 00:00:00.000,E1E31500-3A46-4043-B708-4BFFCC01091D,5414747172,101,ASSEMBLY,,,CIR,,,GRANTS PASS,OR,97526,2025-08-18 10:46:17.000,BTAX-041310-08-2025,2026-08-31 10:46:17.000
"EDITH MARTIN RENTALS          ",EDITH  MARTIN,Outside City Limits,531110,Rental Units/Landlord,,1991-01-08 00:00:00.000,723A087B-5CD5-44C3-B33E-F29CB360E683,5414742881,C/O REALWISE PROPERTY MANAGEMENT,,141 NW C ST,,,,,GRANTS PASS,OR,97526,2025-10-20 14:12:21.000,BTAX-042059-10-2025,2026-10-31 14:12:21.000
EDWARD A & BARBRA PREMO RENTALS,EDWARD A & BARBRA  PREMO,Outside City Limits,531110,Rental Units/Landlord,,1989-09-05 00:00:00.000,07E0A5B8-3A9F-4917-B267-7BAAF9A305FC,5419568836,PO BOX 1371,,,,,,,MERLIN,OR,97532,2025-07-09 12:19:27.000,BTAX-040640-07-2025,2026-07-31 12:19:27.000
"EDWARD D JONES & CO LP       "," EDWARD D JONES & CO           ",Inside City Limits,525990,Finance-Misc Finance,,1993-09-30 00:00:00.000,9764A626-373C-49C0-8DEA-DAC044464E5A,5414796432,ATTN: OEM 8030,,PO BOX 66719,,,,,SAINT LOUIS,MO,63166,2025-10-07 10:39:50.000,BTAX-041962-10-2025,2026-10-31 10:39:50.000
EDWARD D JONES & CO LP," EDWARD D JONES & CO LP",Inside City Limits,525990,Finance-Misc Finance,EDWARD JONES,1993-09-30 00:00:00.000,B832B692-81D6-4629-9C1D-340EEC85EB0D,5414799660,ATTN BRANCH TAX #08658,,PO BOX 66719,,,,,SAINT LOUIS,MO,63166,2025-10-07 10:45:06.000,BTAX-041963-10-2025,2026-10-31 10:45:06.000
"EDWARD JONES                  "," PARTNERSHIP (LIMITED)         ",Inside City Limits,525990,Finance-Misc Finance,EDWARD JONES,2007-09-25 00:00:00.000,DF221121-80EA-4B4C-9AE1-E67821CF44F2,5414791634,ATTN: OEM 155397,,PO BOX 66719,,,,,SAINT LOUIS,MO,63166,2025-10-07 11:02:22.000,BTAX-041965-10-2025,2026-10-31 11:02:22.000
"EDWARD JONES                  "," EDJ HOLDING & THE JONES FINANC",Inside City Limits,525990,Finance-Misc Finance,EDWARD JONES,2011-08-01 00:00:00.000,6F953445-1439-4A46-AB5F-072EE5B1A279,5414790829,ATTN: OEM 115802,,PO BOX 66719,,,,,SAINT LOUIS,MO,63166,2025-10-07 10:50:44.000,BTAX-041964-10-2025,2026-10-31 10:50:44.000
EDWARD JONES,JENNIFER GODFREY,Inside City Limits,523999,Finance-Investment Activities,,2022-09-26 00:00:00.000,ac52c69a-db07-4045-b75c-9ef40025ebb2,5417874349,PO BOX,66719,,,,,ATTN OEM 225446,ST. LOUIS,MO,631366719,2025-10-07 11:13:23.000,BTAX-041966-10-2025,2026-10-31 11:13:23.000
EDWARD JONES," ",Inside City Limits,523999,Finance-Investment Activities,,2022-09-26 00:00:00.000,ac52c69a-db07-4045-b75c-9ef40025ebb2,5417874349,PO BOX,66719,,,,,ATTN OEM 225446,ST. LOUIS,MO,631366719,2025-10-07 11:13:23.000,BTAX-041966-10-2025,2026-10-31 11:13:23.000
"EDWARDS FLOOR COVERING         ",STEVE  EDWARDS,Inside City Limits,442210,Retail-Floor Coverings,,2006-04-07 00:00:00.000,404E94A3-BBB3-4761-9412-E3BCC7DEAA96,5416590513,405,ROBERTSON BRIDGE,,,RD,,,GRANTS PASS,OR,97526,2025-07-15 15:45:43.000,BTAX-040772-07-2025,2026-07-31 15:45:43.000
EG QUALITY LANDSCAPING MAINTENANCE," ",Inside City Limits,541320,Landscaping Services,,2019-02-01 00:00:00.000,9529594d-21a5-45c8-b08e-7d861c34aeb4,5412261041,849,M,,SE,ST,,,GRANTS PASS,OR,97526,2025-07-09 14:55:46.000,BTAX-040646-07-2025,2026-07-31 14:55:46.000
EG QUALITY LANDSCAPING MAINTENANCE,EDUARDO GARCIA,Inside City Limits,541320,Landscaping Services,,2019-02-01 00:00:00.000,9529594d-21a5-45c8-b08e-7d861c34aeb4,5412261041,849,M,,SE,ST,,,GRANTS PASS,OR,97526,2025-07-09 14:55:46.000,BTAX-040646-07-2025,2026-07-31 14:55:46.000
"EGLI CONSTRUCTION, DENNIS     ",DENNIS  EGLI,Outside City Limits,238190,Contractor-General/Building Exterior,,1993-10-15 00:00:00.000,7B289A05-2576-489E-A69C-55D8BB9A019A,5416602506,"3112 ",FLIN,,,CT,,,GRANTS PASS,OR,97527,2026-03-10 09:50:56.000,BTAX-042923-03-2026,2027-03-31 09:50:56.000
"EL CHARRO VIEJO               "," MORA & AGUILAR                ",Inside City Limits,722511,Restaurant,,2013-07-15 00:00:00.000,42DBB5B7-BFE7-444D-8CBD-C52A332FBD7A,5419555929,1610,ALLEN CREEK,,SW,RD,,SUITE 103,GRANTS PASS,OR,97527,2025-09-02 12:06:50.000,BTAX-041597-09-2025,2026-08-31 12:06:50.000
EL MOLCAJETE MEXICAN RESTUARANT LLC," ",Inside City Limits,722511,Restaurant,,2015-11-01 00:00:00.000,E52E176C-8B89-4C42-BF17-3207A63CB4BC,5414741506,201,PARK,,E,ST,,,GRANTS PASS,OR,97527,2025-12-04 11:43:20.000,BTAX-042387-12-2025,2026-12-31 11:43:20.000
EL MOLCAJETE MEXICAN RESTUARANT LLC,MARIELA HERNANDEZ,Inside City Limits,722511,Restaurant,,2015-11-01 00:00:00.000,E52E176C-8B89-4C42-BF17-3207A63CB4BC,5414741506,201,PARK,,E,ST,,,GRANTS PASS,OR,97527,2025-12-04 11:43:20.000,BTAX-042387-12-2025,2026-12-31 11:43:20.000
"ELAINE F KING                 ",ELAINE F  KING,Inside City Limits,541213,Tax Preparation Services,,2009-12-15 00:00:00.000,B43CBC7A-4ECE-4099-8EA8-2C7AD8998BA0,5414749839,PO BOX 608,,,,,,,GRANTS PASS,OR,97528,2025-08-19 12:38:18.000,BTAX-041404-08-2025,2026-07-31 12:38:18.000
ELECTRICAL PROFESSIONAL SERVICE INC,STEPHEN DILL,Outside City Limits,238210,Contractor-Electrical,,2010-02-24 00:00:00.000,36D91F0B-57F1-46B2-9E50-7905DEAF8588,5416375050,2130,"AIRPORT ",,NE,RD,,,ROSEBURG,OR,97470,2026-02-13 11:05:44.000,BTAX-042809-02-2026,2027-02-28 11:05:44.000
"ELECTRIFY AMERICA, LLC"," ",Inside City Limits,447190,Gas Station,,2018-10-11 00:00:00.000,c014633e-476b-4038-8636-d66c04744bc5,7036363671,1950,OPPORTUNITY,,,WAY,,SUITE 1500,RESTON,VA,20190,2026-03-02 12:50:59.000,BTAX-042873-03-2026,2027-02-28 12:50:59.000
"ELECTRIFY AMERICA, LLC",GIOVANNI PALAZZO,Inside City Limits,447190,Gas Station,,2018-10-11 00:00:00.000,c014633e-476b-4038-8636-d66c04744bc5,7036363671,1950,OPPORTUNITY,,,WAY,,SUITE 1500,RESTON,VA,20190,2026-03-02 12:50:59.000,BTAX-042873-03-2026,2027-02-28 12:50:59.000
ELEGANCE II LLC,TRACI PRIEBS,Inside City Limits,453310,Retail-Thrift Store,,2017-05-09 00:00:00.000,1d8fa864-4364-4b46-ba29-5e15adff9f18,5414760570,331,6TH,,SE,ST,,,GRANTS PASS,OR,97526,2025-04-11 12:25:42.000,BTAX-040191-04-2025,2026-04-30 12:25:42.000
ELEGANCE II LLC,TERRI GEORGE,Inside City Limits,453310,Retail-Thrift Store,,2017-05-09 00:00:00.000,1d8fa864-4364-4b46-ba29-5e15adff9f18,5414760570,331,6TH,,SE,ST,,,GRANTS PASS,OR,97526,2025-04-11 12:25:42.000,BTAX-040191-04-2025,2026-04-30 12:25:42.000
ELEGANCE II LLC," ",Inside City Limits,453310,Retail-Thrift Store,,2017-05-09 00:00:00.000,1d8fa864-4364-4b46-ba29-5e15adff9f18,5414760570,331,6TH,,SE,ST,,,GRANTS PASS,OR,97526,2025-04-11 12:25:42.000,BTAX-040191-04-2025,2026-04-30 12:25:42.000
ELEKRON ELECTRIC INC," ",Outside City Limits,238210,Contractor-Electrical,,2017-07-05 00:00:00.000,b88fa03b-9fca-4d6f-974c-e27a88e5430b,5417619688,PO BOX 643,,,,,,,GRANTS PASS,OR,97528,2025-09-12 15:02:35.000,BTAX-041748-09-2025,2026-09-30 15:02:35.000
ELEKRON ELECTRIC INC,ROBERT MCCARTHY,Outside City Limits,238210,Contractor-Electrical,,2017-07-05 00:00:00.000,b88fa03b-9fca-4d6f-974c-e27a88e5430b,5417619688,PO BOX 643,,,,,,,GRANTS PASS,OR,97528,2025-09-12 15:02:35.000,BTAX-041748-09-2025,2026-09-30 15:02:35.000
"ELMER'S BREAKFAST, LUNCH, AND DINNER"," SOUTHERN OREGON ELMERS LLC",Inside City Limits,722511,Restaurant,,2003-07-20 00:00:00.000,B62C7514-F147-46FB-9D26-EA2AEEB0B3ED,5414740740,1111,MAIN,,NE,ST,,#400,VANCOUVER,WA,98660,2025-07-25 09:45:20.000,BTAX-040968-07-2025,2026-07-31 09:45:20.000
"ELWOOD STAFFING SERVICES INC ",INC  ELWOOD STAFFING SERVICES,Outside City Limits,561330,Professional Employer Organization,,1997-01-01 00:00:00.000,C8F0524D-1480-4971-B27A-FD70EAFB4786,8123726200,PO BOX 1024,,,,,,,COLUMBUS,IN,47202,2025-09-08 10:22:16.000,BTAX-041672-09-2025,2026-09-30 10:22:16.000
EMC PATCHES LLC,LEE BEAUMONT IV,Inside City Limits,339999,Manufacturing-Misc Manufacturing,,2018-08-07 00:00:00.000,fd33c870-c8b8-4c2b-8413-3f5c39625047,5415823720,1624,N,,SE,ST,,UNIT 4A,GRANTS PASS,OR,97526,2025-08-25 16:17:52.000,BTAX-041543-08-2025,2026-08-31 16:17:52.000
EMC PATCHES LLC," ",Inside City Limits,339999,Manufacturing-Misc Manufacturing,,2018-08-07 00:00:00.000,fd33c870-c8b8-4c2b-8413-3f5c39625047,5415823720,1624,N,,SE,ST,,UNIT 4A,GRANTS PASS,OR,97526,2025-08-25 16:17:52.000,BTAX-041543-08-2025,2026-08-31 16:17:52.000
EMERY & SONS CONSTRUCTION GROUP,DAN VANNOY,Outside City Limits,238190,Contractor-General/Building Exterior,,2016-04-19 00:00:00.000,77ab83af-0f6d-4856-af38-cb8866c4694e,5035887576,3841,FAIRVIEW INDUSTRIAL,,,DR,SE,SUITE 150,SALEM,OR,97302,2025-11-13 11:31:47.000,BTAX-042274-11-2025,2026-11-30 11:31:47.000
EMERY & SONS CONSTRUCTION GROUP," ",Outside City Limits,238190,Contractor-General/Building Exterior,,2016-04-19 00:00:00.000,77ab83af-0f6d-4856-af38-cb8866c4694e,5035887576,3841,FAIRVIEW INDUSTRIAL,,,DR,SE,SUITE 150,SALEM,OR,97302,2025-11-13 11:31:47.000,BTAX-042274-11-2025,2026-11-30 11:31:47.000
EMILIO'S UPHOLSTERY,EMILIO   REGLA CRUZ,Inside City Limits,811420,Furniture/Reupholstery Repair,,2021-02-10 00:00:00.000,29113bda-6243-4a5e-91ee-596ae837bb6f,5414416107,1515,REDWOOD,,,AVE,,# 5,GRANTS PASS,OR,97527,2026-03-12 14:56:04.000,BTAX-042956-03-2026,2027-03-31 14:56:04.000
EMILIO'S UPHOLSTERY," ",Inside City Limits,811420,Furniture/Reupholstery Repair,,2021-02-10 00:00:00.000,29113bda-6243-4a5e-91ee-596ae837bb6f,5414416107,1515,REDWOOD,,,AVE,,# 5,GRANTS PASS,OR,97527,2026-03-12 14:56:04.000,BTAX-042956-03-2026,2027-03-31 14:56:04.000
"EMPIRE REFRIGERATION          "," BURCHFIELD          ",Outside City Limits,238990,Contractor-Trade/Specialty,,1997-02-11 00:00:00.000,D20063E8-D01B-47B4-B225-85D416888CB9,5414729433,4570,REDWOOD,,,AVE,,,GRANTS PASS,OR,97527,2025-08-14 12:18:35.000,BTAX-041251-08-2025,2026-08-31 12:18:35.000
EN VOGUE BEAUTY LLC," ",Inside City Limits,812112,Beauty Salon,EN V SALON,2017-08-24 00:00:00.000,ad1ac60b-e745-4d01-aecf-d18577c643cb,5414762053,306,6TH,,SW,ST,,,GRANTS PASS,OR,97526,2026-03-02 15:59:19.000,BTAX-042881-03-2026,2027-03-31 15:59:19.000
EN VOGUE BEAUTY LLC,MARIA WOOLDRIDGE,Inside City Limits,812112,Beauty Salon,EN V SALON,2017-08-24 00:00:00.000,ad1ac60b-e745-4d01-aecf-d18577c643cb,5414762053,306,6TH,,SW,ST,,,GRANTS PASS,OR,97526,2026-03-02 15:59:19.000,BTAX-042881-03-2026,2027-03-31 15:59:19.000
"ENCORE CERAMICS INC          ",BARRY A & DEBORAH W  RUSSELL,Inside City Limits,999999,Crafts & Hobbies,,2002-03-01 00:00:00.000,07B7CEDC-0186-4D77-AE1C-D67C2553EBAB,5419558382,2245,SPALDING,,NE,AVE,,,GRANTS PASS,OR,97526,2025-09-18 14:23:53.000,BTAX-041826-09-2025,2026-09-30 14:23:53.000
ENGAGE ELECTRIC,ROBERT SHELMAN,Outside City Limits,238210,Contractor-Electrical,,2018-08-06 00:00:00.000,86e833fb-67d1-423e-9416-3de5bea389c3,5418217576,4706,TABLE ROCK,,,RD,,UNIT C,CENTRAL POINT,OR,97502,2025-09-22 12:57:17.000,BTAX-041842-09-2025,2026-09-30 12:57:17.000
ENGAGE ELECTRIC,ROBERT SHELMAN,Outside City Limits,238210,Contractor-Electrical,,2018-08-06 00:00:00.000,86e833fb-67d1-423e-9416-3de5bea389c3,5418217576,4706,TABLE ROCK,,,RD,,UNIT C,CENTRAL POINT,OR,97502,2025-09-22 12:57:17.000,BTAX-041842-09-2025,2026-09-30 12:57:17.000
"ENGINEERED STRUCTURES INC    ","NEIL & HILL, THOMAS  NELSON",Outside City Limits,238190,Contractor-General/Building Exterior,,2011-06-08 00:00:00.000,2E7A3D83-C2B3-4B37-8B55-A3052B8BCBD6,2083623040,2200,COBALT POINT,,S,WAY,,,MERIDIAN,ID,83642,2025-07-31 15:07:43.000,BTAX-041048-07-2025,2026-07-31 15:07:43.000
"ENRIQUE GONZALEZ H            ",ENRIQUE  GONZALEZ H,Inside City Limits,561730,Yard Services,,1997-05-08 00:00:00.000,758F7515-747F-4451-A49F-33A7684C7B56,5414763022,4052,WILLIAMS,,,HWY,,,GRANTS PASS,OR,97527,2025-08-01 11:18:59.000,BTAX-041067-08-2025,2026-07-31 11:18:59.000
ENTERPRISE ELECTRIC & RENTAL," ",Outside City Limits,238210,Contractor-Electrical,,2022-11-14 00:00:00.000,78dd158d-2a24-4d90-9c89-9fd8194c0faf,5414263601,803,RIVER,,S,ST,,,ENTERPRISE,OR,97828,2025-12-24 09:05:35.000,BTAX-042502-12-2025,2026-12-31 09:05:35.000
ENTERPRISE ELECTRIC & RENTAL,JOHN & JARED HILLOCK,Outside City Limits,238210,Contractor-Electrical,,2022-11-14 00:00:00.000,78dd158d-2a24-4d90-9c89-9fd8194c0faf,5414263601,803,RIVER,,S,ST,,,ENTERPRISE,OR,97828,2025-12-24 09:05:35.000,BTAX-042502-12-2025,2026-12-31 09:05:35.000
"ENTERPRISE RENT-A-CAR OF OREGON ",ANDY (JACK) CORP.  TAYLOR,Inside City Limits,532111,Rental-Car Rentals,,1996-05-15 00:00:00.000,2944D157-26B4-4E41-974F-276E39AF0E02,5414717800,20400,"TETON ",,SW,AVE,,,TUALATIN,OR,97062,2025-04-10 16:26:11.000,BTAX-040187-04-2025,2026-04-30 16:26:11.000
EPIC WATER SERVICE," ",Inside City Limits,492210,Delivery Service-Local,,2021-06-01 00:00:00.000,e71deef6-3b5c-4fa2-ba61-cf327256f59e,5417618888,319,JONES CREEK,,W,RD,,,GRANTS PASS,OR,97526,2025-08-18 15:28:18.000,BTAX-041336-08-2025,2026-08-31 15:28:18.000
EPIC WATER SERVICE,LESLIE RESUE,Inside City Limits,492210,Delivery Service-Local,,2021-06-01 00:00:00.000,e71deef6-3b5c-4fa2-ba61-cf327256f59e,5417618888,319,JONES CREEK,,W,RD,,,GRANTS PASS,OR,97526,2025-08-18 15:28:18.000,BTAX-041336-08-2025,2026-08-31 15:28:18.000
EPIC WATER SERVICE,KAREN RESUE,Inside City Limits,492210,Delivery Service-Local,,2021-06-01 00:00:00.000,e71deef6-3b5c-4fa2-ba61-cf327256f59e,5417618888,319,JONES CREEK,,W,RD,,,GRANTS PASS,OR,97526,2025-08-18 15:28:18.000,BTAX-041336-08-2025,2026-08-31 15:28:18.000
"ERICKSON DENTAL CARE          "," ",Inside City Limits,621210,Medical-Dentist,,1993-10-15 00:00:00.000,25FC0DD8-28DB-4911-B8A6-569664B41B2F,5414763419,1224,"7TH ",,NE,ST,,,GRANTS PASS,OR,97526,2025-07-10 12:26:57.000,BTAX-040651-07-2025,2026-07-31 12:26:57.000
ERIC'S TREE SERVICE LLC,ERIC CHARLES  WERNER,Inside City Limits,113310,Logging,,1989-02-06 00:00:00.000,96078F20-EE2B-4400-A828-E14F0498023E,5414794064,233,ROGUE RIVER,,,HWY,,#435,GRANTS PASS,OR,97526,2025-07-14 09:05:18.000,BTAX-040697-07-2025,2026-07-31 09:05:18.000
"ERN HOLDINGS LLC             ",JAN & RICHARD  MASTERS,Outside City Limits,531110,Rental Units/Landlord,,2011-11-10 00:00:00.000,63D880DA-4B6E-4A79-9070-1FE98FA6C46D,5417613800,3080,RIVER,,S,RD,,,GRANTS PASS,OR,97527,2026-03-23 11:05:07.000,BTAX-043011-03-2026,2027-03-31 11:05:07.000
"ERRANDS PLUS                  ",AUGUSTA  PUMILIA,Inside City Limits,492210,Delivery Service-Local,,1997-01-27 00:00:00.000,86A9BC63-F867-4FDE-98F9-AA34D34C45A5,5414790075,AUGUSTA PUMILIA,PO BOX 191,,,,,,GRANTS PASS,OR,97528,2025-05-02 09:58:21.000,BTAX-040295-05-2025,2026-05-31 09:58:21.000
ES&A SIGN CORP DBA ES&A SIGN AND AWNING CO / BLAZE SIGN OF AMERICA,J.J. CUTSFORTH,Outside City Limits,238990,Sign Installation/Painting,,1997-01-31 00:00:00.000,7AAF3BD4-1DCE-453B-9BCC-16CAE370226E,5414855546,89975,"PRAIRIE ",,,RD,,,EUGENE,OR,97402,2025-07-23 10:25:31.000,BTAX-040936-07-2025,2026-07-31 10:25:31.000
"ESC INC    ",EDWARD & SUSAN  CULVER,Outside City Limits,531110,Rental Units/Landlord,,1989-09-11 00:00:00.000,13889556-6B1C-4999-88DA-37CDBFC6A6A0,5414719234,PO BOX 2429,,,,,,,GRANTS PASS,OR,97528,2025-07-15 11:28:20.000,BTAX-040751-07-2025,2026-07-31 11:28:20.000
"ESSENTIAL WELLNESS BODYWORK & MASSAGE, LLC"," ",Inside City Limits,621399,Medical-Massage Therapy,,2016-01-16 00:00:00.000,0f6d6707-74bc-49c9-80db-2d9f2b7476ce,5412957148,PO BOX 1276,,,,,,,GRANTS PASS,OR,97528,2025-09-05 15:23:26.000,BTAX-041661-09-2025,2026-09-30 15:23:26.000
"ESSENTIAL WELLNESS BODYWORK & MASSAGE, LLC",KAREN SUGGS,Inside City Limits,621399,Medical-Massage Therapy,,2016-01-16 00:00:00.000,0f6d6707-74bc-49c9-80db-2d9f2b7476ce,5412957148,PO BOX 1276,,,,,,,GRANTS PASS,OR,97528,2025-09-05 15:23:26.000,BTAX-041661-09-2025,2026-09-30 15:23:26.000
"ESSENTIALS FOR SELF RELIANCE, LLC",BETTY FRIEDRICHSMEYER,Inside City Limits,454390,Retail-Misc Direct Selling Establishment,,2020-11-03 00:00:00.000,cf9b0149-1f76-47e9-90b0-8450d25f426d,5412877507,120,GALICE,,,RD,,,MERLIN,OR,97532,2026-01-20 14:59:23.000,BTAX-042662-01-2026,2027-01-31 14:59:23.000
"ESSENTIALS FOR SELF RELIANCE, LLC",TY KIRKPATRICK,Inside City Limits,454390,Retail-Misc Direct Selling Establishment,,2020-11-03 00:00:00.000,cf9b0149-1f76-47e9-90b0-8450d25f426d,5412877507,120,GALICE,,,RD,,,MERLIN,OR,97532,2026-01-20 14:59:23.000,BTAX-042662-01-2026,2027-01-31 14:59:23.000
"ESSENTIALS FOR SELF RELIANCE, LLC"," ",Inside City Limits,454390,Retail-Misc Direct Selling Establishment,,2020-11-03 00:00:00.000,cf9b0149-1f76-47e9-90b0-8450d25f426d,5412877507,120,GALICE,,,RD,,,MERLIN,OR,97532,2026-01-20 14:59:23.000,BTAX-042662-01-2026,2027-01-31 14:59:23.000
"ETERNAL BODY ART              ",KIM E  BURTON,Inside City Limits,812199,Tattoo/Piercing Shop,,2011-01-03 00:00:00.000,984B61E4-07E1-489C-866B-EF2300AF7662,5414710607,729,G,,SW,ST,,,GRANTS PASS,OR,97526,2025-08-20 13:06:34.000,BTAX-041464-08-2025,2026-08-31 13:06:34.000
EUROPEAN PSYCHIC," ",Inside City Limits,541990,Professional-Misc,GIA DELFRANCESA,2020-08-06 00:00:00.000,c1c99ca9-2cf9-4c16-b177-c6db167626da,5415808890,1647,WILLIAMS,," ",HWY,," ",GRANTS PASS,OR,97527,2025-12-30 10:34:55.000,BTAX-042529-12-2025,2026-12-31 10:34:55.000
EUROPEAN PSYCHIC,JANET ANDRO,Inside City Limits,541990,Professional-Misc,GIA DELFRANCESA,2020-08-06 00:00:00.000,c1c99ca9-2cf9-4c16-b177-c6db167626da,5415808890,1647,WILLIAMS,," ",HWY,," ",GRANTS PASS,OR,97527,2025-12-30 10:34:55.000,BTAX-042529-12-2025,2026-12-31 10:34:55.000
EV EXCAVATION,VINCENT  OWNBEY,Outside City Limits,238190,Contractor-General/Building Exterior,,2020-09-01 00:00:00.000,137bfd4b-4a84-4922-926f-4cfe967d4db7,,4600,Jerome Prairie,,,RD,,,Grants Pass,OR,97527,2026-02-13 11:18:46.000,BTAX-042811-02-2026,2027-02-28 11:18:46.000
EV EXCAVATION,Vincent Ownbey,Outside City Limits,238190,Contractor-General/Building Exterior,,2020-09-01 00:00:00.000,137bfd4b-4a84-4922-926f-4cfe967d4db7,,4600,Jerome Prairie,,,RD,,,Grants Pass,OR,97527,2026-02-13 11:18:46.000,BTAX-042811-02-2026,2027-02-28 11:18:46.000
EVELYN DAVIS & MAUREEN SMITH RENTALS,"EVELYN & SMITH, MAUREEN DAVIS",Inside City Limits,531110,Rental Units/Landlord,,1991-07-01 00:00:00.000,35F98FC9-7805-40BF-AE04-919D24D4C3D7,5418219112,1249,PLUMMER,,,AVE,,,GRANTS PASS,OR,97527,2025-08-07 12:31:23.000,BTAX-041120-08-2025,2026-08-31 12:31:23.000
"EVEN-TEMP REFRIGERATION       ",BRYON  MACPHERSON,Outside City Limits,811490,Personal & Household Goods Repair/Maint,,2004-01-15 00:00:00.000,C80C6C0E-0F43-424F-95A2-375F9B39FE66,5417612999,PO BOX 1431,,,,,,,GRANTS PASS,OR,97528,2025-08-19 09:50:30.000,BTAX-041361-08-2025,2026-08-31 09:50:30.000
EVERGREEN FEDERAL SAVINGS & LOAN," ACCOUNT HOLDERS ARE OWNERS    ",Inside City Limits,522130,Finance-Credit Union,,1997-11-17 00:00:00.000,34CA8DC7-3037-4925-B6E9-203F6BC8FBF4,5414793351,PO BOX 2020,,,,,,,GRANTS PASS,OR,97528,2025-08-20 15:41:48.000,BTAX-041478-08-2025,2026-08-31 15:41:48.000
EVERGREEN FEDERAL SAVINGS & LOAN,"EVERGREEN FEDERAL SAVINGS & LOAN       ",Inside City Limits,522130,Finance-Credit Union,,1997-11-17 00:00:00.000,F2F2F72A-1CA0-4E3F-A698-C5CA23DC51A9,5414793351,PO BOX 2020,,,,,,,GRANTS PASS,OR,97528,2025-08-20 15:48:42.000,BTAX-041479-08-2025,2026-08-31 15:48:42.000
EVERGREEN FEDERAL'S AFFORDABLE HOUSING COMPANY," SHAREHOLDERS                  ",Inside City Limits,522310,Finance-Loan Broker(Mortg/Nonmortg),,2006-12-01 00:00:00.000,E3D8D581-FFBD-4AE3-98D1-F2C9431D24B3,5414793351,PO BOX 2020,,,,,,,GRANTS PASS,OR,97528,2025-08-25 15:19:58.000,BTAX-041535-08-2025,2026-08-31 15:19:58.000
"EVERGREEN HEATING             ",DANIEL MASON,Outside City Limits,238220,Contractor-HVAC Services,,2007-11-29 00:00:00.000,536959AA-6AD4-4A3A-AA3C-F757572777DE,5412267035,1630,WILLIAMS,,,HWY,,PMB #337,GRANTS PASS,OR,97527,2026-01-13 11:00:04.000,BTAX-042616-01-2026,2027-01-31 11:00:04.000
"EVERGREEN HEATING             ",DANIEL MASON,Outside City Limits,238220,Contractor-HVAC Services,,2007-11-29 00:00:00.000,536959AA-6AD4-4A3A-AA3C-F757572777DE,5412267035,1630,WILLIAMS,,,HWY,,PMB #337,GRANTS PASS,OR,97527,2026-01-13 11:00:04.000,BTAX-042616-01-2026,2027-01-31 11:00:04.000
EVERGREEN PROPERTIES INC," ",Outside City Limits,531110,Rental Units/Landlord,,1998-12-01 00:00:00.000,274BBF73-867D-4BF6-AAF0-776C9203C084,5412441800,PO BOX 32,,,,,,,MERLIN,OR,97532,2025-08-22 11:14:38.000,BTAX-041501-08-2025,2026-08-31 11:14:38.000
"EVERGREEN ROOFING INC         ",SHARON  KEPPLER,Outside City Limits,238160,Roofing,,1983-03-01 00:00:00.000,9B634E85-C0E5-4CC2-956F-75D1908A43B4,5418265869,700,INDUSTRIAL,,,CIR,,,WHITE CITY,OR,97503,2025-09-05 10:04:00.000,BTAX-041639-09-2025,2026-08-31 10:04:00.000
"EVOLUTION PLUMBING LLC       ",Shaina Pasi,Outside City Limits,238190,Contractor-General/Building Exterior,,2015-10-01 00:00:00.000,0408E355-FFB4-46BE-9FDC-1A8DA1C7723E,5036553388,7210,47TH,,NE,AVE,,,PORTLAND,OR,97218,2025-09-26 08:37:19.000,BTAX-041871-09-2025,2026-09-30 08:37:19.000
"EVOLUTION PLUMBING LLC       ",RICHARD PINE,Outside City Limits,238190,Contractor-General/Building Exterior,,2015-10-01 00:00:00.000,0408E355-FFB4-46BE-9FDC-1A8DA1C7723E,5036553388,7210,47TH,,NE,AVE,,,PORTLAND,OR,97218,2025-09-26 08:37:19.000,BTAX-041871-09-2025,2026-09-30 08:37:19.000
"EVOLUTION PLUMBING LLC       ",DENISE PINE,Outside City Limits,238190,Contractor-General/Building Exterior,,2015-10-01 00:00:00.000,0408E355-FFB4-46BE-9FDC-1A8DA1C7723E,5036553388,7210,47TH,,NE,AVE,,,PORTLAND,OR,97218,2025-09-26 08:37:19.000,BTAX-041871-09-2025,2026-09-30 08:37:19.000
EVOLVE BUSINESS SOLUTION LLC,LAUREN REGNANI,Inside City Limits,561110,Administration-Office,,2016-05-05 00:00:00.000,073970ee-a130-4a1c-a752-4d867aab745c,5413260679,PO BOX 4633,,,,,,,MEDFORD,OR,97501,2025-08-19 16:21:35.000,BTAX-041434-08-2025,2026-08-31 16:21:35.000
EVOLVE BUSINESS SOLUTION LLC," ",Inside City Limits,561110,Administration-Office,,2016-05-05 00:00:00.000,073970ee-a130-4a1c-a752-4d867aab745c,5413260679,PO BOX 4633,,,,,,,MEDFORD,OR,97501,2025-08-19 16:21:35.000,BTAX-041434-08-2025,2026-08-31 16:21:35.000
EXCLUSIVE WIRELESS INC,THOMAS HENG,Inside City Limits,517110,Telecommunication-Wireless Carrier,T-MOBILE,2019-06-18 00:00:00.000,386524af-2e29-4d67-94ca-adfbbe1b78c1,5412958033,1320,HERNDON,,W,AVE,,,FRESNO,CA,93711,2025-08-20 14:45:12.000,BTAX-041470-08-2025,2026-08-31 14:45:12.000
EXCLUSIVE WIRELESS INC," ",Inside City Limits,517110,Telecommunication-Wireless Carrier,T-MOBILE,2019-06-18 00:00:00.000,386524af-2e29-4d67-94ca-adfbbe1b78c1,5412958033,1320,HERNDON,,W,AVE,,,FRESNO,CA,93711,2025-08-20 14:45:12.000,BTAX-041470-08-2025,2026-08-31 14:45:12.000
"EXHIBITRON COMPANY            ",KEN  NORTHRUP,Inside City Limits,541430,Graphic Design,,1998-07-01 00:00:00.000,0B36F28F-78BC-40E6-93DE-763AA63B1994,5414717400,505,H,,SE,ST,,,GRANTS PASS,OR,97526,2025-08-01 11:08:17.000,BTAX-041064-08-2025,2026-07-31 11:08:17.000
"EXPERT CLOTHING ALTERATIONS   ",CELESTE  LAFERRIERE-SMITH,Inside City Limits,811490,Tailor,,1987-07-01 00:00:00.000,9EE0C73E-4EF4-4FB9-8590-C319BE0B99B7,5414795156,1315,"7TH ",,NE,ST,,,GRANTS PASS,OR,97526,2025-10-16 12:43:59.000,BTAX-042038-10-2025,2026-10-31 12:43:59.000
"EXPRESS CUTS                  ","UNE/PUNTNEY, LAURIE  REYNOLDS",Inside City Limits,812111,Barber Shop,,1996-03-16 00:00:00.000,7600F2E2-EA82-4A72-829F-4E61CE9BE76F,5414765144,7163,EVANS CREEK,,W,DR,,STE 103,ROGUE RIVER,OR,97537,2026-01-20 15:10:50.000,BTAX-042663-01-2026,2027-01-31 15:10:50.000
EXPRESS EMPLOYMENT PROFESSIONALS," THE STOLLER GROUP INC/        ",Inside City Limits,561311,Employment Agency,,1996-01-02 00:00:00.000,DDA61F00-C98F-4749-81A6-7CDA56B2F737,5417795522,7401,WASHO,,SW,CT,,SUITE 200,TUALATIN,OR,97062,2025-07-25 14:46:24.000,BTAX-040994-07-2025,2026-07-31 14:46:24.000
EYE CARE GROUP OF SOUTHERN OREGON LLC,"   ",Inside City Limits,621320,Medical-Optometrist,,2022-10-14 00:00:00.000,7bae367f-0240-437b-8f6c-517b3e0a46fa,5414764545,1022,6TH,,NW,ST,,,GRANTS PASS,OR,97526,2025-11-19 09:20:22.000,BTAX-042319-11-2025,2026-11-30 09:20:22.000
EYE TO EYE,TAMARA ULREY,Inside City Limits,621330,Medical - Mental Health Counselor,EYE TO EYE INVESTIGATIONS/EYE TO EYE COUNSELING THERAPY,2018-04-10 00:00:00.000,9bb4fcb0-8e6b-4999-ae6f-07d966e221c8,5416211487,980,6TH,,SW,ST,,SUITE 19A,GRANTS PASS,OR,97526,2025-05-19 11:01:51.000,BTAX-040379-05-2025,2026-05-31 11:01:51.000
EYE TO EYE,Tamara Ulrey,Inside City Limits,621330,Medical - Mental Health Counselor,EYE TO EYE INVESTIGATIONS/EYE TO EYE COUNSELING THERAPY,2018-04-10 00:00:00.000,9bb4fcb0-8e6b-4999-ae6f-07d966e221c8,5416211487,980,6TH,,SW,ST,,SUITE 19A,GRANTS PASS,OR,97526,2025-05-19 11:01:51.000,BTAX-040379-05-2025,2026-05-31 11:01:51.000
"E-Z WASH LAUNDROMAT           ",NICK  BAIDA,Inside City Limits,812320,Dry Cleaning Services,,2001-08-29 00:00:00.000,F06F96C7-E0E8-425D-B40D-360EDDAF57AF,5414412210,2855,MAIN,,E,ST,,,ASHLAND,OR,97520,2026-01-20 14:55:16.000,BTAX-042661-01-2026,2026-12-31 14:55:16.000
EZ-WASH & FOLD,WHITNEY RAUM,Inside City Limits,812320,Dry Cleaning Services,,2018-02-22 00:00:00.000,1b278db9-e09e-4439-9779-2aed0bedc75f,5416593400,1295,"EAST VIEW ",,,PL,,,GRANTS PASS,OR,97527,2025-06-23 16:15:53.000,BTAX-040552-06-2025,2026-06-30 16:15:53.000
EZ-WASH & FOLD,TAMMY MENDES,Inside City Limits,812320,Dry Cleaning Services,,2018-02-22 00:00:00.000,1b278db9-e09e-4439-9779-2aed0bedc75f,5416593400,1295,"EAST VIEW ",,,PL,,,GRANTS PASS,OR,97527,2025-06-23 16:15:53.000,BTAX-040552-06-2025,2026-06-30 16:15:53.000
EZ-WASH & FOLD," ",Inside City Limits,812320,Dry Cleaning Services,,2018-02-22 00:00:00.000,1b278db9-e09e-4439-9779-2aed0bedc75f,5416593400,1295,"EAST VIEW ",,,PL,,,GRANTS PASS,OR,97527,2025-06-23 16:15:53.000,BTAX-040552-06-2025,2026-06-30 16:15:53.000
FAIRGROUNDS TOWING & FUEL LLC,RANDY  HARRIS,Inside City Limits,488410,Towing,,1987-04-01 00:00:00.000,40B2FB9F-520E-496B-8800-4C2A4F28D7AD,5414795501,780,UNION,,,AVE,,,GRANTS PASS,OR,97527,2025-09-23 10:53:36.000,BTAX-041857-09-2025,2026-09-30 10:53:36.000
FAMILY HERB SHOP LLC,RAY SPENCER JR,Inside City Limits,446191,Retail-Health Food & Supplements,,1998-05-01 00:00:00.000,399BEE93-6B28-49C4-90FE-145B32DEB2C6,5414793602,247,G,,SW,ST,,,GRANTS PASS,OR,97526,2025-09-08 14:58:09.000,BTAX-041686-09-2025,2026-09-30 14:58:09.000
FANCY VANILLA BEAN LLC,MELISSA DEPUE,Inside City Limits,454390,Retail-Misc Direct Selling Establishment,,2023-08-08 00:00:00.000,e87e9f0c-0ddf-4d41-8cc1-1cfdfc8c30bd,5035109206,367,EL CAMINO,,,WAY,,,GRANTS PASS,OR,97526,2025-08-20 10:13:59.000,BTAX-041440-08-2025,2026-08-31 10:13:59.000
FANCY VANILLA BEAN LLC," ",Inside City Limits,454390,Retail-Misc Direct Selling Establishment,,2023-08-08 00:00:00.000,e87e9f0c-0ddf-4d41-8cc1-1cfdfc8c30bd,5035109206,367,EL CAMINO,,,WAY,,,GRANTS PASS,OR,97526,2025-08-20 10:13:59.000,BTAX-041440-08-2025,2026-08-31 10:13:59.000
"FARMER BROTHERS COFFEE        "," FARMER BROTHERS COFFEE CORP   ",Outside City Limits,425120,Wholesale Agent,,1997-01-01 00:00:00.000,BBD82E73-7AE6-4298-A148-995EB1E9D369,6825496600,ATTN TAX DEPT,,14501 N FREEWAY,,,,,FORT WORTH,TX,76177,2025-09-03 11:31:45.000,BTAX-041624-09-2025,2026-09-30 11:31:45.000
"FARMERS BUILDING SUPPLY INC  ",LEON  STUTZMAN,Inside City Limits,444130,Retail-Hardware,,1987-07-01 00:00:00.000,C0ADC56C-181B-458C-9743-964DEEE1F05E,5414760851,1741,DOWELL,,,RD,,,GRANTS PASS,OR,97527,2025-07-28 15:11:51.000,BTAX-041032-07-2025,2026-07-31 15:11:51.000
FARMHOUSE NETWORKING," ",Outside City Limits,541519,Computer Services,,2016-04-25 00:00:00.000,b5ce26a1-1c3c-4c2f-a7e6-743c6c5d0f0f,5417619549,233,ROGUE RIVER,,,HWY,,#873,GRANTS PASS,OR,97527,2025-08-14 10:26:19.000,BTAX-041231-08-2025,2026-08-31 10:26:19.000
FARMHOUSE NETWORKING,SCOTT CARR II,Outside City Limits,541519,Computer Services,,2016-04-25 00:00:00.000,b5ce26a1-1c3c-4c2f-a7e6-743c6c5d0f0f,5417619549,233,ROGUE RIVER,,,HWY,,#873,GRANTS PASS,OR,97527,2025-08-14 10:26:19.000,BTAX-041231-08-2025,2026-08-31 10:26:19.000
FAST LANE RC LLC," ",Inside City Limits,811211,Consumer Electronics Repair/Maint,,2021-12-10 00:00:00.000,f0f26a4b-e767-46fd-a2df-e37373510ca1,5412189478,850,ROGUE RIVER,,,HWY,,,GRANTS PASS,OR,97527,2026-02-03 14:32:28.000,BTAX-042723-02-2026,2027-01-31 14:32:28.000
FAST LANE RC LLC,MYLES WHITTINGTON,Inside City Limits,811211,Consumer Electronics Repair/Maint,,2021-12-10 00:00:00.000,f0f26a4b-e767-46fd-a2df-e37373510ca1,5412189478,850,ROGUE RIVER,,,HWY,,,GRANTS PASS,OR,97527,2026-02-03 14:32:28.000,BTAX-042723-02-2026,2027-01-31 14:32:28.000
FAUCET BROTHERS PLUMBING LLC,DAVID BITTERLING,Inside City Limits,238220,Plumber,,2018-03-05 00:00:00.000,7ec0e5e2-065e-4778-b536-06846b6c3c02,5418405258,379,FOSSIL STONE,,,TRL,,,BUDA,TX,78610,2025-06-20 10:28:23.000,BTAX-040478-06-2025,2026-06-30 10:28:23.000
FAUCET BROTHERS PLUMBING LLC," ",Inside City Limits,238220,Plumber,,2018-03-05 00:00:00.000,7ec0e5e2-065e-4778-b536-06846b6c3c02,5418405258,379,FOSSIL STONE,,,TRL,,,BUDA,TX,78610,2025-06-20 10:28:23.000,BTAX-040478-06-2025,2026-06-30 10:28:23.000
"FAYE DAWSON RENTALS           ",FAYE  DAWSON,Inside City Limits,531110,Rental Units/Landlord,,1990-07-01 00:00:00.000,79E817C1-BCF5-4987-8ADD-11E47DAA60B5,5414790967,122,SAVAGE,,NE,ST,,,GRANTS PASS,OR,97526,2025-08-20 13:01:21.000,BTAX-041462-08-2025,2026-08-31 13:01:21.000
FED SPEC PURCHASES,WILLIAM WILLIAMS,Inside City Limits,425120,Wholesale Agent,,2017-05-17 00:00:00.000,bdb54d60-ef66-408b-9e1b-5f113f63209c,5592881471,106,F,,NW,ST,,#17,GRANTS PASS,OR,97526,2025-05-05 15:36:52.000,BTAX-040310-05-2025,2026-05-31 15:36:52.000
FED SPEC PURCHASES," ",Inside City Limits,425120,Wholesale Agent,,2017-05-17 00:00:00.000,bdb54d60-ef66-408b-9e1b-5f113f63209c,5592881471,106,F,,NW,ST,,#17,GRANTS PASS,OR,97526,2025-05-05 15:36:52.000,BTAX-040310-05-2025,2026-05-31 15:36:52.000
FEDERAL EXPRESS CORPORATION #A2274," FEDERAL EXPRESS CORP          ",Outside City Limits,492110,Delivery Service-Courier & Express,,2002-03-11 00:00:00.000,64E0C63B-CD71-485B-8704-E26BD0707FA9,5417722802,CSC: 251,LITTLE FALLS,,,DR,,,WILMINGTON,DE,19808,2025-11-04 10:20:17.000,BTAX-042199-11-2025,2026-11-30 10:20:17.000
"FEDERICO VENTURES             ",JASON  FEDERICO,Inside City Limits,722513,Limited-Service Restaurant,DAIRY QUEEN,1997-01-01 00:00:00.000,844E4ACB-EC6F-401D-BA56-9B563E132769,5414768282,1674,"6TH ",,NW,,,,GRANTS PASS,OR,97526,2025-07-23 10:03:18.000,BTAX-040931-07-2025,2026-07-31 10:03:18.000
"FEDERICO VENTURES             ",JASON  FEDERICO,Inside City Limits,722513,Limited-Service Restaurant,DAIRY QUEEN,2006-02-01 00:00:00.000,B508CC18-7787-423F-9B7D-CAEF96EB99A4,5419417658,610,"REDWOOD HWY    ",,,,,,GRANTS PASS,OR,97527,2025-08-14 10:20:46.000,BTAX-041230-08-2025,2026-08-31 10:20:46.000
FERGUSON ELECTRIC LLC," ",Outside City Limits,238210,Contractor-Electrical,,2022-10-26 00:00:00.000,393d34c5-5743-4f5d-a263-efcd874080d5,4582577310,165,ALLENWOOD,,,DR,,,GRANTS PASS,OR,97527,2025-12-05 16:17:29.000,BTAX-042401-12-2025,2026-11-30 16:17:29.000
"FERGUSON FABRICATION LLC     ",WILLIAM T & KERRY  FERGUSON,Outside City Limits,238190,Welding/Fabrication,,1996-10-24 00:00:00.000,C07F306C-F726-46E6-AB77-7D0BF008811C,5414719220,100,GALICE,,,RD,,,MERLIN,OR,97532,2025-07-22 14:19:11.000,BTAX-040894-07-2025,2026-07-31 14:19:11.000
"FERGUSON TREE'S               ",KEN  FERGUSON,Inside City Limits,454390,Christmas Tree Lot,,1990-11-24 00:00:00.000,C7FF23BF-8193-4BB2-A1B5-6E54551314EB,5416599458,5172,AZALEA,,,DR,,,GRANTS PASS,OR,97526,2025-07-16 11:01:08.000,BTAX-040799-07-2025,2026-07-31 11:01:08.000
"FERRELLGAS                    "," FERRELLGAS INC                ",Outside City Limits,238990,Contractor-Trade/Specialty,,2009-03-01 00:00:00.000,42F8501F-BFF6-4DA7-8A28-5D5E134ABE88,5418264664,6093,"HWY 62     ",,,,,,CENTRAL POINT,OR,97502,2025-10-22 12:02:30.000,BTAX-042104-10-2025,2026-04-30 12:02:30.000
"FICKES LLC                   ",TOM FICKES,Inside City Limits,621320,Medical-Optometrist,,2004-06-14 00:00:00.000,592BEFCE-4AA3-4C68-9030-362C2C5DEC09,5414712070,744,FOREST HILL,,,DR,,,ROGUE RIVER,OR,97537,2025-08-01 10:47:06.000,BTAX-041063-08-2025,2026-07-31 10:47:06.000
"FILIPEK CONSTRUCTION, TODD A. ",TODD  FILIPEK,Inside City Limits,238190,Contractor-General/Building Exterior,,2002-06-10 00:00:00.000,B62BC5CC-EF6E-4973-AFCB-C805DE035DCA,5414711946,5523,LEONARD,,,RD,,,GRANTS PASS,OR,97527,2025-07-22 12:34:18.000,BTAX-040877-07-2025,2026-07-31 12:34:18.000
"FINEST BUILDING INTERIORS, LLC",TERRY SUMMERS,Outside City Limits,238190,Contractor-General/Building Exterior,,2023-11-01 00:00:00.000,6f899fde-d063-492b-b19b-c78a7514533d,5419512708,PO BOX 2457,,,,,,,WHITE CITY,OR,97503,2023-11-15 11:38:20.000,BTAX-036430-11-2023,2024-11-30 11:38:20.000
"FINEST BUILDING INTERIORS, LLC",TERRY SUMMERS,Outside City Limits,238190,Contractor-General/Building Exterior,,2023-11-01 00:00:00.000,6f899fde-d063-492b-b19b-c78a7514533d,5419512708,PO BOX 2457,,,,,,,WHITE CITY,OR,97503,2023-11-15 11:38:20.000,BTAX-036430-11-2023,2024-11-30 11:38:20.000
FIONA BEAN,JULIE M  TYRRELL,Inside City Limits,448150,Retail-Clothing & Accessories,,2008-07-18 00:00:00.000,89B2DE02-0428-4BDE-BFAB-8FD5FFEC7226,5414419021,111,G,,SW,ST,,,GRANTS PASS,OR,97526,2025-08-05 10:02:05.000,BTAX-041093-08-2025,2026-07-31 10:02:05.000
"FIRE MOUNTAIN GEMS            ",CHRISTLIN & STUART  FREEDMAN,Inside City Limits,339999,Manufacturing-Misc Manufacturing,,2001-10-01 00:00:00.000,897836BC-1F3E-4BB6-A3E5-ACE9AEF8596F,5419567700,1,FIRE MOUNTAIN,,,WAY,,,GRANTS PASS,OR,97526,2025-07-23 09:54:09.000,BTAX-040930-07-2025,2026-07-31 09:54:09.000
"FIRE RIVER MUSIC LLC         ",CAROL  ORTON,Inside City Limits,451140,Retail-Music/Instruments & Supplies,,2015-12-01 00:00:00.000,8E563F3E-DBB5-49E4-88BE-3CEACD7DC195,5412870117,661,ABEGG,,,RD,,,MERLIN,OR,97532,2025-12-15 10:13:17.000,BTAX-042459-12-2025,2026-12-31 10:13:17.000
"FIRE SYSTEMS WEST INC        ",JAMES  BLACKBURN,Outside City Limits,561621,Security System Services,,1985-01-01 00:00:00.000,EC0CAF80-EC98-4956-80FA-A1A66ED5B7B0,2538331248,206,FRONTAG,,,RD,N,SUITE C,PACIFIC,WA,98047,2025-08-18 12:59:40.000,BTAX-041321-08-2025,2026-08-31 12:59:40.000
FIRELIGHT LASER DESIGN," ",Inside City Limits,339999,Manufacturing-Misc Manufacturing,,2022-06-10 00:00:00.000,440983fb-99bf-48df-b868-e86a798f0ddd,5412186134,"225 ",HILLCREST,,NE,DR,,6,GRANTS PASS,OR,97526,2025-06-13 14:44:12.000,BTAX-040506-06-2025,2026-06-30 14:44:12.000
FIRELIGHT LASER DESIGN,LINDA DAY JEANEEN BEAGLEY,Inside City Limits,339999,Manufacturing-Misc Manufacturing,,2022-06-10 00:00:00.000,440983fb-99bf-48df-b868-e86a798f0ddd,5412186134,"225 ",HILLCREST,,NE,DR,,6,GRANTS PASS,OR,97526,2025-06-13 14:44:12.000,BTAX-040506-06-2025,2026-06-30 14:44:12.000
"FIRESTOP COMPANY LLC "," ",Outside City Limits,238190,Contractor-General/Building Exterior,,1998-01-05 00:00:00.000,ECB904C6-1130-4576-963C-AEA7E14C8FC1,5412450466,743,LAWNSDALE,,,RD,,,MEDFORD,OR,97504,2025-09-02 15:16:17.000,BTAX-041605-09-2025,2026-08-31 15:16:17.000
FIRST COMMUNITY CREDIT UNION," ",Inside City Limits,522110,Finance-Commercial Bank,,2017-07-25 00:00:00.000,fa635481-6fe8-4611-9c2f-d3efbe3b5e1b,5414792601,200,ADAMS,,N,ST,,,COQUILLE,OR,97423,2025-08-20 16:14:48.000,BTAX-041484-08-2025,2026-08-31 16:14:48.000
"FIRST COMMUNITY CREDIT UNION  "," CREDIT UNION-FCCU MEMBER OWN  ",Inside City Limits,522130,Finance-Credit Union,,1995-06-01 00:00:00.000,06D031A7-F338-4708-9DF7-6059BEF866D0,5414792601,108,SAVAGE,,NE,ST,,,GRANTS PASS,OR,97526,2025-08-14 12:22:31.000,BTAX-041252-08-2025,2026-08-31 12:22:31.000
FIRST INTERSTATE BANK,"   ",Inside City Limits,522110,Finance-Commercial Bank,,2007-07-01 00:00:00.000,AAEB3039-AD6C-4EAA-B2BA-08B073BDAD15,5419568485,PO BOX 340,,,,,,,GRANTS PASS,OR,97528,2026-03-02 12:23:46.000,BTAX-042871-03-2026,2027-02-28 12:23:46.000
"FIRST INTERSTATE BANK        ","  ",Inside City Limits,522110,Finance-Commercial Bank,,1996-02-14 00:00:00.000,75C25A19-A74A-448C-910A-508EB97DF7F9,5414747278,1304,"6TH ",,NW,ST,,,GRANTS PASS,OR,97526,2025-10-20 13:02:48.000,BTAX-042056-10-2025,2026-10-31 13:02:48.000
"FIRST RESPONSE RESTORATION SERVICES, INC."," ",Outside City Limits,562112,Waste Collection-Hazardous,,2011-09-01 00:00:00.000,1F9838F7-693E-46FA-9CCC-BFB594A0669D,5416210911,PO BOX 3323,,,,,,,CENTRAL POINT,OR,97502,2025-05-23 11:01:37.000,BTAX-040414-05-2025,2026-05-31 11:01:37.000
"FIRST RESPONSE RESTORATION SERVICES, INC.",DON BESTUL,Outside City Limits,562112,Waste Collection-Hazardous,,2011-09-01 00:00:00.000,1F9838F7-693E-46FA-9CCC-BFB594A0669D,5416210911,PO BOX 3323,,,,,,,CENTRAL POINT,OR,97502,2025-05-23 11:01:37.000,BTAX-040414-05-2025,2026-05-31 11:01:37.000
"FIRST STUDENT                 "," LAIDLAW EDUCATION SERVICES    ",Inside City Limits,485113,Transportation-Bus System,,1994-07-18 00:00:00.000,D53CE9D6-5BB6-4CFA-9C45-5E29BA4520F8,5414767733,191,ROSA PARKS ST,8TH FLOOR - TAX DEPT,,,,,CINCINNATI,OH,45202,2025-08-14 16:09:40.000,BTAX-041160-08-2025,2026-08-31 16:09:40.000
FITZGERALD GAS SERVICES LLC,CHAD FITZGERALD,Outside City Limits,238990,Contractor-Trade/Specialty,,2016-08-01 00:00:00.000,4aafcfde-5bb9-4924-b4a2-aac16615498b,5419414020,PO BOX 4314,,,,,,,MEDFORD,OR,97501,2025-07-16 15:35:55.000,BTAX-040813-07-2025,2026-07-31 15:35:55.000
FITZGERALD GAS SERVICES LLC,CHAD FITZGERALD,Outside City Limits,238990,Contractor-Trade/Specialty,,2016-08-01 00:00:00.000,4aafcfde-5bb9-4924-b4a2-aac16615498b,5419414020,PO BOX 4314,,,,,,,MEDFORD,OR,97501,2025-07-16 15:35:55.000,BTAX-040813-07-2025,2026-07-31 15:35:55.000
FLAVOR VAPOR LLC,MYNDI CRUZ,Inside City Limits,454390,Retail-Misc Direct Selling Establishment,,2021-08-23 00:00:00.000,bffd459d-eb13-477e-9602-7dbe0774e66d,5413939840,1150,KNUTSON,,S,AVE,,SUITE # 6,MEDFORD,OR,97504,2025-10-07 10:32:23.000,BTAX-041961-10-2025,2026-09-30 10:32:23.000
"FLAWLESS DETAIL SERVICE       ",SALVADOR  DURAN,Inside City Limits,811192,Car Wash & Detailing,,2015-01-01 00:00:00.000,4E3209FC-0C23-411C-A12E-25CDFB9EC897,5412188565,405,LOUGHRIDGE,,NW,AVE,,,GRANTS PASS,OR,97526,2025-07-14 15:03:02.000,BTAX-040724-07-2025,2026-07-31 15:03:02.000
FLESPY'S BAR & GRILL LLC,NICOLE FLEMING,Inside City Limits,722410,Bar/Tavern,,2019-01-28 00:00:00.000,419f2dba-0f1a-4ba8-b608-aef5ac3fd5d5,5416595165,313,EAGLE RIDGE,,,DR,,,GRANTS PASS,OR,97526,2025-04-02 12:52:33.000,BTAX-040139-04-2025,2026-04-30 12:52:33.000
FLESPY'S BAR & GRILL LLC," ",Inside City Limits,722410,Bar/Tavern,,2019-01-28 00:00:00.000,419f2dba-0f1a-4ba8-b608-aef5ac3fd5d5,5416595165,313,EAGLE RIDGE,,,DR,,,GRANTS PASS,OR,97526,2025-04-02 12:52:33.000,BTAX-040139-04-2025,2026-04-30 12:52:33.000
FLESPY'S BAR & GRILL LLC,MICHAEL FLEMING,Inside City Limits,722410,Bar/Tavern,,2019-01-28 00:00:00.000,419f2dba-0f1a-4ba8-b608-aef5ac3fd5d5,5416595165,313,EAGLE RIDGE,,,DR,,,GRANTS PASS,OR,97526,2025-04-02 12:52:33.000,BTAX-040139-04-2025,2026-04-30 12:52:33.000
FLOCK GROUP INC,MARK SMITH,Outside City Limits,336390,Other Motor Vehicle Parts Manufacturing,Flock Safety,2017-02-23 00:00:00.000,fa517854-60ba-4f5d-a44a-08b188517d46,8449000732,140,GRAND,,,ST,,300,WHITE PLAINS,NY,10601,2025-08-07 11:26:36.000,BTAX-041114-08-2025,2026-08-31 11:26:36.000
FLORA RESEARCH LABORATORIES LLC,"JAMES/NEAL, DANA  KABABICK",Inside City Limits,541712,Research & Development,,2003-09-29 00:00:00.000,36938866-594F-4846-8684-55511293F97A,5414720980,1000,"M ",,SE,ST,,SUITE B,GRANTS PASS,OR,97526,2025-10-21 09:26:39.000,BTAX-042088-10-2025,2026-10-31 09:26:39.000
"FLORAL INNOVATIONS, LLC",DEBORA MORRISON,Inside City Limits,453110,Florist,,2020-04-21 00:00:00.000,4ccc84fd-b4c7-4583-9b39-58ccab466d2f,5414767656,811,IDLE,,,CT,,,GRANTS PASS,OR,97527,2025-05-02 09:14:14.000,BTAX-040292-05-2025,2026-05-31 09:14:14.000
"FLORAL INNOVATIONS, LLC"," ",Inside City Limits,453110,Florist,,2020-04-21 00:00:00.000,4ccc84fd-b4c7-4583-9b39-58ccab466d2f,5414767656,811,IDLE,,,CT,,,GRANTS PASS,OR,97527,2025-05-02 09:14:14.000,BTAX-040292-05-2025,2026-05-31 09:14:14.000
FLORES TRUCK REPAIR,HECTOR  FLORES,Inside City Limits,811111,Auto-General Repair,MOBILE MECHANIC,2026-02-09 00:00:00.000,F3364911-E99A-4CB5-BAD1-340F4749C7E0,5412611369,1480,D,,NE,ST,,,GRANTS PASS,OR,97526,2026-02-09 14:52:41.000,BTAX-042765-02-2026,2027-02-28 14:52:41.000
FLORES YARD SERVICES," ",Inside City Limits,561730,Yard Services,,2016-07-21 00:00:00.000,ea389f0f-e43b-40fa-a33e-d57a0b23cff5,5412916438,921,10TH,,NE,ST,,,GRANTS PASS,OR,97526,2025-04-23 12:08:29.000,BTAX-040250-04-2025,2026-04-30 12:08:29.000
FLORES YARD SERVICES,ABRAHAM FLORES,Inside City Limits,561730,Yard Services,,2016-07-21 00:00:00.000,ea389f0f-e43b-40fa-a33e-d57a0b23cff5,5412916438,921,10TH,,NE,ST,,,GRANTS PASS,OR,97526,2025-04-23 12:08:29.000,BTAX-040250-04-2025,2026-04-30 12:08:29.000
"FLYING TOAD GRAPHICS          ",BEN & CYNDI  BLANKENBAKER,Inside City Limits,541430,Graphic Design,,1994-11-01 00:00:00.000,AB45BF82-36D3-47E0-8D43-A3BCD6F629D5,5414768516,952,12TH,,NE,ST,,,GRANTS PASS,OR,97526,2025-12-05 11:33:26.000,BTAX-042397-12-2025,2026-12-31 11:33:26.000
"FOCAL POINT TATTOO, LLC",RACHEL NICHOLS,Inside City Limits,812199,Tattoo/Piercing Shop,,2023-01-25 00:00:00.000,75580a97-07ec-4be7-85ef-c3e20b4d4170,5414509533,543,E,,NE,ST,,206,GRANTS PASS,OR,97526,2026-02-09 15:56:00.000,BTAX-042766-02-2026,2027-02-28 15:56:00.000
"FOCAL POINT TATTOO, LLC"," ",Inside City Limits,812199,Tattoo/Piercing Shop,,2023-01-25 00:00:00.000,75580a97-07ec-4be7-85ef-c3e20b4d4170,5414509533,543,E,,NE,ST,,206,GRANTS PASS,OR,97526,2026-02-09 15:56:00.000,BTAX-042766-02-2026,2027-02-28 15:56:00.000
FOLEY FADES," ",Inside City Limits,812111,Barber Shop,,2021-02-18 00:00:00.000,382283bb-4c65-41a9-98fa-f9e5f2af83c7,5412911868,116,I,,SW,ST,,,GRANTS PASS,OR,97526,2026-01-20 12:05:32.000,BTAX-042651-01-2026,2026-11-30 12:05:32.000
FOLEY FADES,AARON FOLEY,Inside City Limits,812111,Barber Shop,,2021-02-18 00:00:00.000,382283bb-4c65-41a9-98fa-f9e5f2af83c7,5412911868,116,I,,SW,ST,,,GRANTS PASS,OR,97526,2026-01-20 12:05:32.000,BTAX-042651-01-2026,2026-11-30 12:05:32.000
FORECLOSURE CLEAN-UP SPECIALISTS,DAVID & JULIE LOCKMAN,Inside City Limits,561720,Cleaning Service,,2011-07-18 00:00:00.000,DDFBA6F6-DEC0-4FCE-8B25-A5E70C9267CC,5416591627,233,ROGUE RIVER,,,HWY,,#360,GRANTS PASS,OR,97527,2026-03-23 11:18:26.000,BTAX-043013-03-2026,2027-03-31 11:18:26.000
FORECLOSURE CLEAN-UP SPECIALISTS," ",Inside City Limits,561720,Cleaning Service,,2011-07-18 00:00:00.000,DDFBA6F6-DEC0-4FCE-8B25-A5E70C9267CC,5416591627,233,ROGUE RIVER,,,HWY,,#360,GRANTS PASS,OR,97527,2026-03-23 11:18:26.000,BTAX-043013-03-2026,2027-03-31 11:18:26.000
"FOREVER NAILS & SPA, INC.                 ",THUTHAO  MACKAY,Inside City Limits,812113,Nail Salon,,2009-01-26 00:00:00.000,805A80A2-3EF3-45F4-AC8F-53C505646E02,5414716000,1634,WILLIAMS,,,HWY,,,GRANTS PASS,OR,97527,2025-09-18 13:41:29.000,BTAX-041822-09-2025,2026-09-30 13:41:29.000
FOUR SEASONS RESTAURANT LLC," ",Inside City Limits,722511,Restaurant,,2022-01-10 00:00:00.000,b3fe892c-6de3-4a21-9e4d-128a28430f3f,5414796532,741,BAILEY,,,DR,,,GRANTS PASS,OR,97527,2026-01-26 12:43:38.000,BTAX-042684-01-2026,2027-01-31 12:43:38.000
FOUR SEASONS RESTAURANT LLC,LIEPING XIE,Inside City Limits,722511,Restaurant,,2022-01-10 00:00:00.000,b3fe892c-6de3-4a21-9e4d-128a28430f3f,5414796532,741,BAILEY,,,DR,,,GRANTS PASS,OR,97527,2026-01-26 12:43:38.000,BTAX-042684-01-2026,2027-01-31 12:43:38.000
"FOX FIREARMS                  ",RAY  STEWART,Inside City Limits,451110,Retail-Gun Dealer,,1992-02-01 00:00:00.000,B7D21857-70A5-46AF-BD26-52C1A3F41E99,5414791163,525,E,,NE,ST,,,GRANTS PASS,OR,97526,2025-11-17 15:58:50.000,BTAX-042297-11-2025,2026-11-30 15:58:50.000
"FRANCISCAN APTS               ",GRACE & ROSS  CHAPMAN,Inside City Limits,531110,Rental Units/Landlord,,2006-07-01 00:00:00.000,7E20A69B-AF73-467C-8716-526845D3826C,5415825958,PO BOX 753,,,,,,,ROGUE RIVER,OR,97537,2025-07-11 10:04:05.000,BTAX-040667-07-2025,2026-07-31 10:04:05.000
"FRANZ BAKERY OUTLET           "," FRANZ FAMILY BAKERIES         ",Inside City Limits,311811,Bakery,,2007-12-12 00:00:00.000,C679F6FA-3476-4C47-AB44-399830955535,5032322191,2000,"NUGGET ",,,WAY,,,EUGENE,OR,97403,2026-01-20 14:40:11.000,BTAX-042657-01-2026,2027-01-31 14:40:11.000
"FRED MEYER JEWELERS INC #126 "," FRED MEYER JEWELERS",Inside City Limits,448310,Retail-Jewelry Store,,1988-07-01 00:00:00.000,BEAFACCB-DC53-4959-86AC-4079AEEBC8CA,5414747216,PO BOX 305103,,,,,,,NASHVILLE,TN,37230,2025-08-22 14:27:02.000,BTAX-041513-08-2025,2026-08-31 14:27:02.000
FRED MEYER STORES INC," FRED MEYER INC",Inside City Limits,445110,Food-Grocery Store,FRED MEYER STORE #126,1988-07-30 00:00:00.000,5BEB60D5-1423-49A2-9A31-6B7CA3CE36F4,5414747200,C/O KROGER BUSINES LICENSE,,PO BOX 305103,,,,,NASHVILLE,TN,372305103,2025-09-17 10:40:39.000,BTAX-041786-09-2025,2026-09-30 10:40:39.000
"FREEDOM BUILDERS LLC          ",JEREMY & ELIZABETH  KIRKLAND,Outside City Limits,238190,Contractor-General/Building Exterior,,2013-02-01 00:00:00.000,4B5776CF-1F37-499E-9D91-475643C2D726,5418373720,238,LIVING SPRINGS,,,LN,,,AZALEA,OR,97410,2026-03-16 15:14:06.000,BTAX-042983-03-2026,2027-03-31 15:14:06.000
"FREEDOM FOREVER OREGON, LLC"," ",Outside City Limits,238190,Contractor-General/Building Exterior,,2022-09-20 00:00:00.000,fbfaba61-37f8-4dda-8a6b-b0d9558bf100,8008859450,43445,BUSINESS PARK,,,DR,,104,TEMECULA,CA,92590,2025-10-06 15:03:26.000,BTAX-041944-10-2025,2026-09-30 15:03:26.000
"FREEDOM FOREVER OREGON, LLC",GREG ALBRIGHT,Outside City Limits,238190,Contractor-General/Building Exterior,,2022-09-20 00:00:00.000,fbfaba61-37f8-4dda-8a6b-b0d9558bf100,8008859450,43445,BUSINESS PARK,,,DR,,104,TEMECULA,CA,92590,2025-10-06 15:03:26.000,BTAX-041944-10-2025,2026-09-30 15:03:26.000
"FREEDOM SALES                 ",LISA & CURTIS  KISSEL,Inside City Limits,541990,Professional-Misc,,2001-08-18 00:00:00.000,109EF3FD-C762-499F-AF48-DBB69D7059A9,5416598456,410,PLUMTREE,,,LN,,,GRANTS PASS,OR,97526,2025-07-14 10:44:01.000,BTAX-040711-07-2025,2026-07-31 10:44:01.000
FREY PAVING & CONCRETE LLC," ",Outside City Limits,238190,Contractor-General/Building Exterior,,2019-04-03 00:00:00.000,fdf3590e-9318-4992-b2a2-b66f8b1ddcde,5414798209,3600,ELK,,,LN,,,GRANTS PASS,OR,97527,2025-04-07 14:59:26.000,BTAX-040169-04-2025,2026-04-30 14:59:26.000
FREY PAVING & CONCRETE LLC,"KENNETH FREY,  KAMERON FREY",Outside City Limits,238190,Contractor-General/Building Exterior,,2019-04-03 00:00:00.000,fdf3590e-9318-4992-b2a2-b66f8b1ddcde,5414798209,3600,ELK,,,LN,,,GRANTS PASS,OR,97527,2025-04-07 14:59:26.000,BTAX-040169-04-2025,2026-04-30 14:59:26.000
FREY PAVING & CONCRETE LLC,"BONNY FREY, SKYLER FREY",Outside City Limits,238190,Contractor-General/Building Exterior,,2019-04-03 00:00:00.000,fdf3590e-9318-4992-b2a2-b66f8b1ddcde,5414798209,3600,ELK,,,LN,,,GRANTS PASS,OR,97527,2025-04-07 14:59:26.000,BTAX-040169-04-2025,2026-04-30 14:59:26.000
FRIDAS BRUNCH & CANTINA,MANELA HERNANDEZ,Inside City Limits,722511,Restaurant,,2022-11-18 00:00:00.000,b004f605-420b-41db-948c-a77c64f240f9,5413246000,5340,"JEROME PRAIRIE ",,,RD,,,GRANTS PASS,OR,97527,2025-12-04 11:39:10.000,BTAX-042386-12-2025,2026-12-31 11:39:10.000
"FROG PRINCE AQUATICS          ",MIGUEL & LINDA  LEZAMA,Inside City Limits,541990,Professional-Misc,,2015-05-06 00:00:00.000,D64B181F-3680-4564-8AF6-F3B2B607AB87,5416592967,1724,"VIRGINIA LN     ",,,LN,,,GRANTS PASS,OR,97527,2025-10-15 10:42:15.000,BTAX-042031-10-2025,2026-10-31 10:42:15.000
"FULL CIRCLE BEAUTY SALON      ",SYLINA  DORDON,Inside City Limits,812112,Beauty Salon,,2012-08-01 00:00:00.000,419EBDF5-9CAA-420A-9A33-5D904AE5E190,5417616298,850,6TH,,NW,ST,,,GRANTS PASS,OR,97526,2026-03-10 08:25:38.000,BTAX-042920-03-2026,2027-03-31 08:25:38.000
FULL TILT MECHANICAL & CONSTRUCTION LLC," ",Outside City Limits,811211,Consumer Electronics Repair/Maint,,2017-11-01 00:00:00.000,6e89045c-4513-49e6-8240-5669f64e9136,9075902019,2353,NUSSBAUMER,,,ST,,,FAIRBANKS,AK,99709,2023-11-09 13:11:21.000,BTAX-036394-11-2023,2024-11-30 13:11:21.000
FULL TILT MECHANICAL & CONSTRUCTION LLC,JOHN WING,Outside City Limits,811211,Consumer Electronics Repair/Maint,,2017-11-01 00:00:00.000,6e89045c-4513-49e6-8240-5669f64e9136,9075902019,2353,NUSSBAUMER,,,ST,,,FAIRBANKS,AK,99709,2023-11-09 13:11:21.000,BTAX-036394-11-2023,2024-11-30 13:11:21.000
FUR THE LOVE OF FLUFF,MESHA KOCZIAN,Inside City Limits,812910,Pet Care Services,,2022-07-14 00:00:00.000,0522766c-7ad3-4e9e-8a60-a97edeed70fa,5416597718,783,6,,SE,ST,,A,GRANTS PASS,OR,97526,2025-07-23 13:04:22.000,BTAX-040951-07-2025,2026-07-31 13:04:22.000
FUR THE LOVE OF FLUFF,CLAYTON BENCH,Inside City Limits,812910,Pet Care Services,,2022-07-14 00:00:00.000,0522766c-7ad3-4e9e-8a60-a97edeed70fa,5416597718,783,6,,SE,ST,,A,GRANTS PASS,OR,97526,2025-07-23 13:04:22.000,BTAX-040951-07-2025,2026-07-31 13:04:22.000
FUR THE LOVE OF FLUFF," ",Inside City Limits,812910,Pet Care Services,,2022-07-14 00:00:00.000,0522766c-7ad3-4e9e-8a60-a97edeed70fa,5416597718,783,6,,SE,ST,,A,GRANTS PASS,OR,97526,2025-07-23 13:04:22.000,BTAX-040951-07-2025,2026-07-31 13:04:22.000
"FURTADO'S LANDSCAPE INC       ",RANDY  FURTADO,Outside City Limits,541320,Landscaping Services,,2008-03-14 00:00:00.000,11D58DF9-DD26-4CF3-893E-051F6C6B87F6,5414508584,PO BOX 425,,,,,,,ROGUE RIVER,OR,97537,2025-08-14 09:47:08.000,BTAX-041229-08-2025,2026-08-31 09:47:08.000
FUSION DANCE ACADEMY," ",Inside City Limits,711120,Dance Studio,,2022-07-01 00:00:00.000,2ac633f0-b600-4b6a-b5e9-2962c1f77e6e,5419718588,1515,REDWOOD,," ",AVE,," STE #6",GRANTS PASS,OR,97527,2025-07-09 14:27:01.000,BTAX-040642-07-2025,2026-07-31 14:27:01.000
FUSION DANCE ACADEMY,KIMBERLY AWBREY,Inside City Limits,711120,Dance Studio,,2022-07-01 00:00:00.000,2ac633f0-b600-4b6a-b5e9-2962c1f77e6e,5419718588,1515,REDWOOD,," ",AVE,," STE #6",GRANTS PASS,OR,97527,2025-07-09 14:27:01.000,BTAX-040642-07-2025,2026-07-31 14:27:01.000
FUSION PERFORMING ARTS ALLIANCE," ",Inside City Limits,711190,Performing Arts Company,,2022-06-17 00:00:00.000,a0fbd734-63d3-4251-a775-0968495b62d3,5414412652,1515,REDWOOD,,,AVE,,6,GRANTS PASS,OR,97527,2025-08-19 09:30:14.000,BTAX-041357-08-2025,2026-07-31 09:30:14.000
FUSION PERFORMING ARTS ALLIANCE,JOANNA PITZAK,Inside City Limits,711190,Performing Arts Company,,2022-06-17 00:00:00.000,a0fbd734-63d3-4251-a775-0968495b62d3,5414412652,1515,REDWOOD,,,AVE,,6,GRANTS PASS,OR,97527,2025-08-19 09:30:14.000,BTAX-041357-08-2025,2026-07-31 09:30:14.000
"G P VENTURES LLC              "," ",Inside City Limits,531311,Property Management,,2007-05-10 00:00:00.000,5DC2CC04-CE80-4204-A838-A5874A187827,5419441470,PO BOX 4129,,,,,,,MEDFORD,OR,97501,2025-10-20 15:20:40.000,BTAX-042073-10-2025,2026-10-31 15:20:40.000
G ST BARBER CO," ",Inside City Limits,812111,Barber Shop,,2017-08-31 00:00:00.000,f853b07a-fa18-4a40-9389-22e6f32b6e72,5416250117,124,G,,SE,ST,,,GRANTS PASS,OR,97526,2026-01-05 12:32:42.000,BTAX-042557-01-2026,2027-01-31 12:32:42.000
G ST BARBER CO,CHASE DANIELLE,Inside City Limits,812111,Barber Shop,,2017-08-31 00:00:00.000,f853b07a-fa18-4a40-9389-22e6f32b6e72,5416250117,124,G,,SE,ST,,,GRANTS PASS,OR,97526,2026-01-05 12:32:42.000,BTAX-042557-01-2026,2027-01-31 12:32:42.000
"G ST MARKETPLACE LLC          ",SUSAN  SHIRLEY,Inside City Limits,448150,Retail-Clothing & Accessories,,2012-06-30 00:00:00.000,25DE8EA7-6EB1-4A92-9B15-8FEE8871A04E,5414792335,137,G,,SW,ST,,,GRANTS PASS,OR,97526,2025-08-04 10:25:02.000,BTAX-041078-08-2025,2026-07-31 10:25:02.000
"G STREET BAR & GRILL          ",HWA MEI  KELLER,Inside City Limits,722511,Restaurant,,2003-07-10 00:00:00.000,D6398891-00EB-4E10-805B-A83BD91905DF,5419565427,125,G,,SE,ST,,,GRANTS PASS,OR,97526,2025-11-21 10:22:14.000,BTAX-042331-11-2025,2026-11-30 10:22:14.000
G. PENA REMODELING LLC,NATALIE OLMEDO,Inside City Limits,238190,Contractor-General/Building Exterior,,2021-05-05 00:00:00.000,00041628-fcc1-49d4-8138-0e73134715fd,7079519606,PO BOX 491,,,,,,,GRANTS PASS,OR,97528,2025-07-07 10:58:38.000,BTAX-040610-07-2025,2026-07-31 10:58:38.000
G. PENA REMODELING LLC," ",Inside City Limits,238190,Contractor-General/Building Exterior,,2021-05-05 00:00:00.000,00041628-fcc1-49d4-8138-0e73134715fd,7079519606,PO BOX 491,,,,,,,GRANTS PASS,OR,97528,2025-07-07 10:58:38.000,BTAX-040610-07-2025,2026-07-31 10:58:38.000
G. PENA REMODELING LLC,GUADALUPE ROJAS,Inside City Limits,238190,Contractor-General/Building Exterior,,2021-05-05 00:00:00.000,00041628-fcc1-49d4-8138-0e73134715fd,7079519606,PO BOX 491,,,,,,,GRANTS PASS,OR,97528,2025-07-07 10:58:38.000,BTAX-040610-07-2025,2026-07-31 10:58:38.000
G.G. SUGARPLUMS MOBILE BAKESHOP LLC," ",Inside City Limits,311811,Bakery,G.G. SUGARPLUMS BAKESHOP,2010-03-23 00:00:00.000,D0C03106-EA06-4448-95DF-6A698CA2C501,5419447528,225,6TH,,SE,ST,,,GRANTS PASS,OR,97526,2025-05-13 14:05:39.000,BTAX-040345-05-2025,2026-05-31 14:05:39.000
G.G. SUGARPLUMS MOBILE BAKESHOP LLC,DANIELLE GLARUM,Inside City Limits,311811,Bakery,G.G. SUGARPLUMS BAKESHOP,2010-03-23 00:00:00.000,D0C03106-EA06-4448-95DF-6A698CA2C501,5419447528,225,6TH,,SE,ST,,,GRANTS PASS,OR,97526,2025-05-13 14:05:39.000,BTAX-040345-05-2025,2026-05-31 14:05:39.000
G.G. SUGARPLUMS MOBILE BAKESHOP LLC,JOHN GLARUM JR,Inside City Limits,311811,Bakery,G.G. SUGARPLUMS BAKESHOP,2010-03-23 00:00:00.000,D0C03106-EA06-4448-95DF-6A698CA2C501,5419447528,225,6TH,,SE,ST,,,GRANTS PASS,OR,97526,2025-05-13 14:05:39.000,BTAX-040345-05-2025,2026-05-31 14:05:39.000
G2 HAIR STUDIO," ",Inside City Limits,812112,Beauty Salon,,2017-11-30 00:00:00.000,8ab9c42d-0fe6-47d1-bcb1-d4bc013bc32e,5412267741,1236,IRONWOOD,,SW,DR,,,GRANTS PASS,OR,97526,2023-01-19 10:10:44.000,BTAX-033771-01-2023,2024-01-31 10:10:44.000
G2 HAIR STUDIO," ",Inside City Limits,812112,Beauty Salon,,2017-11-30 00:00:00.000,8ab9c42d-0fe6-47d1-bcb1-d4bc013bc32e,5412267741,1236,IRONWOOD,,SW,DR,,,GRANTS PASS,OR,97526,2026-01-22 12:29:47.000,BTAX-042673-01-2026,2027-01-31 12:29:47.000
G2 HAIR STUDIO,RONALD & KATHLEEN GILLASPIE,Inside City Limits,812112,Beauty Salon,,2017-11-30 00:00:00.000,8ab9c42d-0fe6-47d1-bcb1-d4bc013bc32e,5412267741,1236,IRONWOOD,,SW,DR,,,GRANTS PASS,OR,97526,2023-01-19 10:10:44.000,BTAX-033771-01-2023,2024-01-31 10:10:44.000
G2 HAIR STUDIO,RONALD & KATHLEEN GILLASPIE,Inside City Limits,812112,Beauty Salon,,2017-11-30 00:00:00.000,8ab9c42d-0fe6-47d1-bcb1-d4bc013bc32e,5412267741,1236,IRONWOOD,,SW,DR,,,GRANTS PASS,OR,97526,2026-01-22 12:29:47.000,BTAX-042673-01-2026,2027-01-31 12:29:47.000
"GAGE IT CONSTRUCTION LLC         "," ",Outside City Limits,237310,"Const-Highway, Street & Bridge",,2019-02-15 00:00:00.000,a10bd159-adaa-4267-bb76-cffc3f374675,5417797007,PO BOX 2604,,,,,,,WHITE CITY,OR,97503,2025-05-15 09:23:09.000,BTAX-040371-05-2025,2026-05-31 09:23:09.000
"GAGE IT CONSTRUCTION LLC         ",CHRISTINA GAGE,Outside City Limits,237310,"Const-Highway, Street & Bridge",,2019-02-15 00:00:00.000,a10bd159-adaa-4267-bb76-cffc3f374675,5417797007,PO BOX 2604,,,,,,,WHITE CITY,OR,97503,2025-05-15 09:23:09.000,BTAX-040371-05-2025,2026-05-31 09:23:09.000
GALAXY VAPE," ",Inside City Limits,453991,Retail-Tobacco Store,,2024-01-22 00:00:00.000,2ffae9d3-a912-40e7-add4-2623c73b0a52,5416902900,2640,BARNETT,,E,RD,,STE E420,MEDFORD,OR,97504,2026-01-26 14:34:20.000,BTAX-042688-01-2026,2027-01-31 14:34:20.000
GALAXY VAPE,JOHIT KUMAR,Inside City Limits,453991,Retail-Tobacco Store,,2024-01-22 00:00:00.000,2ffae9d3-a912-40e7-add4-2623c73b0a52,5416902900,2640,BARNETT,,E,RD,,STE E420,MEDFORD,OR,97504,2026-01-26 14:34:20.000,BTAX-042688-01-2026,2027-01-31 14:34:20.000
GALAXY VAPE,MATTHEW HILL,Inside City Limits,453991,Retail-Tobacco Store,,2024-01-22 00:00:00.000,2ffae9d3-a912-40e7-add4-2623c73b0a52,5416902900,2640,BARNETT,,E,RD,,STE E420,MEDFORD,OR,97504,2026-01-26 14:34:20.000,BTAX-042688-01-2026,2027-01-31 14:34:20.000
GAME SWAP,TIMOTHY R  ARNETTE,Inside City Limits,451120,"Retail-Hobbies, Toys & Games ",,2004-04-13 00:00:00.000,BACB3686-2ADD-4258-B2FF-50E96AA0E965,5414719537,2599,WILLIAMS,,,HWY,,,GRANTS PASS,OR,97527,2025-10-31 12:18:14.000,BTAX-042182-10-2025,2026-10-31 12:18:14.000
"GAMESTOP INC                  "," GAMESTOP INC                  ",Inside City Limits,451120,"Retail-Hobbies, Toys & Games ","GAMESTOP #7749 ",2014-03-10 00:00:00.000,9D9FBD8E-AE65-477F-9278-CAD89EE5341B,8177227221,ATTN: LICENSING,,625 WESTPORT PKWY,,,,,GRAPEVINE,TX,76051,2025-08-20 14:57:45.000,BTAX-041473-08-2025,2026-08-31 14:57:45.000
"GAMMA GRIZ LLC                ",PATRICIA  SNYDER,Inside City Limits,452990,"Retail-General Merchandise ",,2011-07-14 00:00:00.000,C682ABBD-5D05-41CE-9FD5-CB37398EE38F,5414415409,PO BOX 1102,,,,,,,GRANTS PASS,OR,97528,2026-01-14 10:50:17.000,BTAX-042634-01-2026,2027-01-31 10:50:17.000
"GARAGE DOOR COMPANY / OVERHEAD  "," HANNON ENTERPRISES INC        ",Outside City Limits,238990,Contractor-Trade/Specialty,,1998-09-04 00:00:00.000,DDA7C3C8-0470-4080-A064-695CDDA75D55,5417790873,PO BOX 8193,,,,,,,MEDFORD,OR,97504,2025-11-17 15:40:51.000,BTAX-042294-11-2025,2026-11-30 15:40:51.000
GARCELL'S CLEANING SERVICES," ",Inside City Limits,561720,Cleaning Service,,2018-06-08 00:00:00.000,41431833-d3d8-45b0-be8b-b36effee443d,5412189700,1614,"ANTHONY ",,,PL,,,GRANTS PASS,OR,97527,2025-07-16 12:30:06.000,BTAX-040803-07-2025,2026-07-31 12:30:06.000
GARCELL'S CLEANING SERVICES,TIM & DEDRA GARCELL,Inside City Limits,561720,Cleaning Service,,2018-06-08 00:00:00.000,41431833-d3d8-45b0-be8b-b36effee443d,5412189700,1614,"ANTHONY ",,,PL,,,GRANTS PASS,OR,97527,2025-07-16 12:30:06.000,BTAX-040803-07-2025,2026-07-31 12:30:06.000
GARCELL'S CLEANING SERVICES,DEDRA GARCELL,Inside City Limits,561720,Cleaning Service,,2018-06-08 00:00:00.000,41431833-d3d8-45b0-be8b-b36effee443d,5412189700,1614,"ANTHONY ",,,PL,,,GRANTS PASS,OR,97527,2025-07-16 12:30:06.000,BTAX-040803-07-2025,2026-07-31 12:30:06.000
GARDA CL NORTHWEST INC," GARDA CL NORTHWEST INC        ",Outside City Limits,561613,Armored Car Services,,1997-07-31 00:00:00.000,AF00D79C-6272-4A5E-A98A-030C72EB27A2,5619397000,PO BOX 8000,,,,,,,MONSEY,NY,10952,2025-09-10 14:50:02.000,BTAX-041729-09-2025,2026-09-30 14:50:02.000
GARDEN COTTAGE AIRBNB," ",Inside City Limits,531110,Rental Units/Landlord,,2021-11-15 00:00:00.000,fb1db22c-309e-49c5-9587-f7180b31862b,5414502207,"341 ",K,,SW,ST,,,GRANTS PASS,OR,97526,2026-03-05 14:06:26.000,BTAX-042895-03-2026,2027-03-31 14:06:26.000
GARDEN COTTAGE AIRBNB,LINDA ACCARDO,Inside City Limits,531110,Rental Units/Landlord,,2021-11-15 00:00:00.000,fb1db22c-309e-49c5-9587-f7180b31862b,5414502207,"341 ",K,,SW,ST,,,GRANTS PASS,OR,97526,2026-03-05 14:06:26.000,BTAX-042895-03-2026,2027-03-31 14:06:26.000
"GARDEN GROVE         ",WILLIAM LOVELACE,Inside City Limits,531110,Rental Units/Landlord,,1994-07-01 00:00:00.000,E4F4AED1-1F0A-45E8-AC40-6146C2D90677,5414741764,PO BOX 490,,,,,,,ENTERPRISE,OR,97828,2025-08-19 11:41:19.000,BTAX-041392-08-2025,2026-08-31 11:41:19.000
"GARDEN PLAZA MANAGEMENT LLC         ",ANTHONY  JAVORIC,Inside City Limits,531311,Property Management,GARDEN PLAZA APTS,2003-12-04 00:00:00.000,8ECFA66E-7C47-4AD2-83ED-008CD0F615AC,5414794991,PO BOX 33,,,,,,,GRANTS PASS,OR,97528,2025-05-29 15:28:14.000,BTAX-040444-05-2025,2026-05-31 15:28:14.000
GARDINIER ENTERPRISES LLC,BRYCE & BECKY GARDINIER,Inside City Limits,812112,Beauty Salon,TAN REPUBLIC OF SOUTHERN OR,2020-12-07 00:00:00.000,2f296385-2e0c-418a-9747-09331d0c4ada,5414795121,PO BOX 5494,,,,,,,SALEM,OR,97304,2026-01-08 14:53:37.000,BTAX-042581-01-2026,2026-12-31 14:53:37.000
GARDINIER ENTERPRISES LLC," ",Inside City Limits,812112,Beauty Salon,TAN REPUBLIC OF SOUTHERN OR,2020-12-07 00:00:00.000,2f296385-2e0c-418a-9747-09331d0c4ada,5414795121,PO BOX 5494,,,,,,,SALEM,OR,97304,2026-01-08 14:53:37.000,BTAX-042581-01-2026,2026-12-31 14:53:37.000
GARDINIER ENTERPRISES LLC," ",Inside City Limits,812112,Beauty Salon,TAN REPUBLIC OF SOUTHERN OR,2020-12-07 00:00:00.000,5ac51d5e-7cd7-405c-b4a2-9d362360c31e,5414795121,PO BOX 5494,,,,,,,SALEM,OR,97304,2026-01-08 14:26:38.000,BTAX-042580-01-2026,2026-12-31 14:26:38.000
GARDINIER ENTERPRISES LLC,BRYCE & BECKY GARDINIER,Inside City Limits,812112,Beauty Salon,TAN REPUBLIC OF SOUTHERN OR,2020-12-07 00:00:00.000,5ac51d5e-7cd7-405c-b4a2-9d362360c31e,5414795121,PO BOX 5494,,,,,,,SALEM,OR,97304,2026-01-08 14:26:38.000,BTAX-042580-01-2026,2026-12-31 14:26:38.000
GARY KRAUSE LANDSCAPING,GARY KRAUSE,Outside City Limits,541320,Landscaping Services,,2020-04-09 00:00:00.000,949e6ad1-db9e-44a6-ba7a-f0c53c5ddc0a,5418997643,PO BOX 1108,,,,,,,JACKSONVILLE,OR,97530,2025-05-06 15:04:31.000,BTAX-040301-05-2025,2026-05-31 15:04:31.000
GARY KRAUSE LANDSCAPING," ",Outside City Limits,541320,Landscaping Services,,2020-04-09 00:00:00.000,949e6ad1-db9e-44a6-ba7a-f0c53c5ddc0a,5418997643,PO BOX 1108,,,,,,,JACKSONVILLE,OR,97530,2025-05-06 15:04:31.000,BTAX-040301-05-2025,2026-05-31 15:04:31.000
"GARY L BURTON RENTALS         ",GARY L & AIDA  BURTON,Inside City Limits,531110,Rental Units/Landlord,,2001-04-24 00:00:00.000,7D6439FC-8E24-43D3-AD52-CEB35A07D8E7,5414761875,306,I,,SE,ST,,,GRANTS PASS,OR,97526,2025-07-22 09:47:32.000,BTAX-040852-07-2025,2026-07-31 09:47:32.000
"GARY O'NEAL RENTALS           ",GARY & KATHLEEN  O'NEAL,Outside City Limits,531110,Rental Units/Landlord,,1996-10-02 00:00:00.000,D2161245-81A1-4E93-B066-BFD3E97011CE,5412264528,3725,91ST,,SW,AVE,,,PORTLAND,OR,97225,2025-07-15 11:50:36.000,BTAX-040755-07-2025,2026-07-31 11:50:36.000
"GARY W JANTZER RENTALS        ",GARY JANTZER,Outside City Limits,531110,Rental Units/Landlord,,2008-01-02 00:00:00.000,D9BBD45C-78C6-40A5-BB89-66CBD04045FB,5414721100,PO BOX 1586,,,,,,,GRANTS PASS,OR,97528,2025-08-18 10:18:21.000,BTAX-041305-08-2025,2026-08-31 10:18:21.000
"GARY'S                        ",GARY POULTON,Inside City Limits,812112,Beauty Salon,,1997-01-01 00:00:00.000,F16E4DC9-A26A-46FC-8D82-DFA581FC312A,5414769697,PO BOX 5755,,,,,,,GRANTS PASS,OR,97527,2025-08-04 11:12:08.000,BTAX-040921-07-2025,2026-07-31 11:12:08.000
GATES FURNITURE OF GRANTS PASS,JOHN G & LOIS  GATES,Inside City Limits,442110,Retail-Furniture Store,GATES HOME FURNISHINGS,1946-07-01 00:00:00.000,4F876FB8-4E2E-4E46-8551-D07ECBDE4725,5419568425,700,6TH,,SW,,,,GRANTS PASS,OR,97526,2025-08-15 16:46:10.000,BTAX-041301-08-2025,2026-07-31 16:46:10.000
"GENERAL CREDIT SERVICE        ",LAUREN  REGNANI,Inside City Limits,561440,Collection Agency,,1994-03-18 00:00:00.000,60509EE1-DDCE-4919-A767-638919D6E771,5417737791,PO BOX 8,,,,,,,MEDFORD,OR,97501,2025-08-20 13:04:21.000,BTAX-041463-08-2025,2026-08-31 13:04:21.000
"GENERAL PABLO MELVA LANDSCAPING MAINTENANCE    ",HUMBERTO  ORDAZ,Inside City Limits,541320,Landscaping Services,,2012-03-01 00:00:00.000,72427AD1-A570-4E4D-859C-AF3DB8D06461,5416216737,PO BOX 683,,,,,,,GRANTS PASS,OR,97528,2025-08-11 14:16:35.000,BTAX-041149-08-2025,2026-08-31 14:16:35.000
"GENE'S GROUNDS MAINTENANCE    ",GENE  COOPER,Inside City Limits,541320,Landscaping Services,,1991-03-26 00:00:00.000,C733F3C7-DEE3-406E-9277-EC1F6CDF9FCC,5414768297,1140,BRIDGE,,SW,ST,,APT B,GRANTS PASS,OR,97526,2025-07-11 09:16:13.000,BTAX-040665-07-2025,2026-07-31 09:16:13.000
GENOA HEALTHCARE LLC,GENOA HEATHCARE LLC,Inside City Limits,446110,Pharmacy/Drug Store,,2018-08-28 00:00:00.000,d43850ee-99a9-4f2a-bb88-60ff08c33281,6516880258,11000,OPTUM,,,CIR,,SUITE 100,EDEN PRAIRIE,MN,55344,2025-10-21 10:28:27.000,BTAX-041939-10-2025,2026-10-31 10:28:27.000
GENOA HEALTHCARE LLC," ",Inside City Limits,446110,Pharmacy/Drug Store,,2018-08-28 00:00:00.000,d43850ee-99a9-4f2a-bb88-60ff08c33281,6516880258,11000,OPTUM,,,CIR,,SUITE 100,EDEN PRAIRIE,MN,55344,2025-10-21 10:28:27.000,BTAX-041939-10-2025,2026-10-31 10:28:27.000
GENTLY WHITE LLC," ",Outside City Limits,453998,All Other Miscellaneous Store Retailers (Except Tobacco Stores),,2017-10-03 00:00:00.000,f30a7e23-1227-49e6-9ee4-e71d2e39d181,5303337247,5406,CROSSINGS,,,DR,,SUITE 102,ROCKLIN,CA,95677,2024-09-17 10:36:17.000,TEMP-038841-09-2024,NULL
GENTLY WHITE LLC,KAREN MCPHERSON,Outside City Limits,453998,All Other Miscellaneous Store Retailers (Except Tobacco Stores),,2017-10-03 00:00:00.000,f30a7e23-1227-49e6-9ee4-e71d2e39d181,5303337247,5406,CROSSINGS,,,DR,,SUITE 102,ROCKLIN,CA,95677,2024-09-17 10:36:17.000,TEMP-038841-09-2024,NULL
GENTS ONLY BARBER SHOP," ",Inside City Limits,812111,Barber Shop,,2021-04-16 00:00:00.000,f6f86781-b667-430f-ae00-ba385d24ccdc,2069995162,1470,DAVID,,SW,DR,,,GRANTS PASS,OR,97527,2025-04-28 12:59:56.000,BTAX-040277-04-2025,2026-04-30 12:59:56.000
GENTS ONLY BARBER SHOP,CHRISTOPHER ROBINSON,Inside City Limits,812111,Barber Shop,,2021-04-16 00:00:00.000,f6f86781-b667-430f-ae00-ba385d24ccdc,2069995162,1470,DAVID,,SW,DR,,,GRANTS PASS,OR,97527,2025-04-28 12:59:56.000,BTAX-040277-04-2025,2026-04-30 12:59:56.000
"GEORGE B KOSTAL ROOFING       ",GEORGE B  KOSTAL,Outside City Limits,238160,Roofing,,1994-02-17 00:00:00.000,3E458D74-0B41-471D-AC87-1DFFD04F489D,5414721361,628,COVERED BRIDGE,,,RD,,,ROGUE RIVER,OR,97537,2025-06-12 16:41:33.000,BTAX-040492-06-2025,2026-06-30 16:41:33.000
GERLITZ ENGINEERING CONSULTANTS,JUSTIN GERLITZ,Inside City Limits,541330,Engineering Services,,2016-02-08 00:00:00.000,24608d74-0172-4abe-8426-e9e6b1230a7d,5412442617,223,B,,NE,ST,,STE A,GRANTS PASS,OR,97526,2025-07-22 12:43:17.000,BTAX-040882-07-2025,2026-07-31 12:43:17.000
GERLITZ ENGINEERING CONSULTANTS,JUSTIN GERLITZ,Inside City Limits,541330,Engineering Services,,2016-02-08 00:00:00.000,24608d74-0172-4abe-8426-e9e6b1230a7d,5412442617,223,B,,NE,ST,,STE A,GRANTS PASS,OR,97526,2025-07-22 12:43:17.000,BTAX-040882-07-2025,2026-07-31 12:43:17.000
"GERTIE PLANCHON RENTALS       ",GERTIE  PLANCHON,Outside City Limits,531110,Rental Units/Landlord,,2004-01-01 00:00:00.000,FF2CBB34-A685-4B13-9122-A1E4D50DD46E,,C/O REALWISE PROPERTY MANAGEMENT 141,C,,NW,ST,,,GRANTS PASS,OR,97526,2025-10-20 14:04:29.000,BTAX-042057-10-2025,2026-10-31 14:04:29.000
GET BLESSED ENTERPRISES LLC," ",Outside City Limits,238190,Contractor-General/Building Exterior,GET BLESSED CONSTRUCTION,2022-02-16 00:00:00.000,0302c1a0-3725-47ee-a963-0877a747f634,5412267520,273,HILLVIEW,,,DR,,,GRANTS PASS,OR,97527,2025-04-24 15:07:56.000,BTAX-040268-04-2025,2026-04-30 15:07:56.000
GET BLESSED ENTERPRISES LLC,"RICHARD ""RJ"" ACOSTA",Outside City Limits,238190,Contractor-General/Building Exterior,GET BLESSED CONSTRUCTION,2022-02-16 00:00:00.000,0302c1a0-3725-47ee-a963-0877a747f634,5412267520,273,HILLVIEW,,,DR,,,GRANTS PASS,OR,97527,2025-04-24 15:07:56.000,BTAX-040268-04-2025,2026-04-30 15:07:56.000
GET IT DONE CLEANING SERVICES,AYESHA FABER,Inside City Limits,561720,Cleaning Service,,2023-05-24 00:00:00.000,e2f4b4c6-738f-425a-a83f-116757f7f45e,5412956604,1299,WILLOW,,,LN,,,GRANTS PASS,OR,97527,2025-07-28 09:22:03.000,BTAX-041014-07-2025,2026-07-31 09:22:03.000
"GIA ORIGINALS                 ",GRACE  ANDERSON,Inside City Limits,811490,Tailor,,1988-04-01 00:00:00.000,2E966F3A-1205-4AC2-B743-415A949CF90E,5414795934,121,BLOSSOM,,NW,DR,,,GRANTS PASS,OR,97526,2025-08-04 09:42:26.000,BTAX-041075-08-2025,2026-07-31 09:42:26.000
GIANNELLI'S A TASTE OF ITALY,SHERRY WEHAB,Inside City Limits,722511,Restaurant,,2018-06-04 00:00:00.000,f85a08f3-9282-4377-bc20-3d62da28ba61,5419168004,2114,MENDI,,,WAY,,,GRANTS PASS,OR,97527,2025-09-29 15:41:30.000,BTAX-041903-09-2025,2026-09-30 15:41:30.000
GIANNELLI'S A TASTE OF ITALY," ",Inside City Limits,722511,Restaurant,,2018-06-04 00:00:00.000,f85a08f3-9282-4377-bc20-3d62da28ba61,5419168004,2114,MENDI,,,WAY,,,GRANTS PASS,OR,97527,2025-09-29 15:41:30.000,BTAX-041903-09-2025,2026-09-30 15:41:30.000
"GIFT OF LIFE IRRIGATION       ",ROY & REBECA  MANBECK,Outside City Limits,541320,Landscaping Services,,2009-09-01 00:00:00.000,D630B096-DFA9-4AE5-B728-FD7B6B088E39,5417616550,683,BARKER,,,DR,,,MERLIN,OR,97532,2025-09-03 14:09:06.000,BTAX-041628-09-2025,2026-08-31 14:09:06.000
GILBERT CREEK HEALTH & REHABILITATION CENTER LLC," ",Inside City Limits,623110,Medical-Nursing Care Facility,ROYALE GARDENS HEALTH & REHABILITATION CENTER,2023-03-01 00:00:00.000,97d29065-87f3-4057-8eab-8f7df4a1d1b9,5414768891,10401,LINN STATION,,,RD,,300,LOUISVILLE,KY,40223,2025-06-05 15:07:31.000,BTAX-040469-06-2025,2026-06-30 15:07:31.000
GILBERT CREEK HEALTH & REHABILITATION CENTER LLC," ",Inside City Limits,623110,Medical-Nursing Care Facility,ROYALE GARDENS HEALTH & REHABILITATION CENTER,2023-03-01 00:00:00.000,97d29065-87f3-4057-8eab-8f7df4a1d1b9,5414768891,10401,LINN STATION,,,RD,,300,LOUISVILLE,KY,40223,2025-06-05 15:07:31.000,BTAX-040469-06-2025,2026-06-30 15:07:31.000
"GILTNER HTG & A/C SERVICE     ",STEVEN A  GILTNER,Inside City Limits,238220,Contractor-HVAC Services,,2004-12-13 00:00:00.000,504B8B87-FFCD-4F08-85AB-331292BED0EF,5413240541,576,SOLDIER CREEK,,,RD,,,GRANTS PASS,OR,97526,2025-09-08 15:01:09.000,BTAX-041687-09-2025,2026-09-30 15:01:09.000
GISSELE'S CLEANING SERVICES," ",Inside City Limits,561720,Cleaning Service,,2021-06-09 00:00:00.000,62208188-e4a8-4a14-9a78-fd50c47dde0c,5417616099,1403,GOLDEN PARK,,,DR,,,GRANTS PASS,OR,97527,2025-09-15 15:42:11.000,BTAX-041764-09-2025,2026-09-30 15:42:11.000
GISSELE'S CLEANING SERVICES,LORENA VILLANUEVA L.,Inside City Limits,561720,Cleaning Service,,2021-06-09 00:00:00.000,62208188-e4a8-4a14-9a78-fd50c47dde0c,5417616099,1403,GOLDEN PARK,,,DR,,,GRANTS PASS,OR,97527,2025-09-15 15:42:11.000,BTAX-041764-09-2025,2026-09-30 15:42:11.000
GISSELE'S CLEANING SERVICES,ISRAEL VAZQUEZ C.,Inside City Limits,561720,Cleaning Service,,2021-06-09 00:00:00.000,62208188-e4a8-4a14-9a78-fd50c47dde0c,5417616099,1403,GOLDEN PARK,,,DR,,,GRANTS PASS,OR,97527,2025-09-15 15:42:11.000,BTAX-041764-09-2025,2026-09-30 15:42:11.000
GIZMO TECH,CHRISTIAN MENDEZ,Inside City Limits,541519,Computer Services,,2017-09-01 00:00:00.000,14f0fe91-d6a9-429f-ae18-205aa3f3d8d4,5416464656,850,6TH,,NW,ST,,UNIT #8,GRANTS PASS,OR,97526,2025-05-06 12:19:13.000,BTAX-040315-05-2025,2026-05-31 12:19:13.000
GIZMO TECH," ",Inside City Limits,541519,Computer Services,,2017-09-01 00:00:00.000,14f0fe91-d6a9-429f-ae18-205aa3f3d8d4,5416464656,850,6TH,,NW,ST,,UNIT #8,GRANTS PASS,OR,97526,2025-05-06 12:19:13.000,BTAX-040315-05-2025,2026-05-31 12:19:13.000
GLAMOR ATTIRE BY JAN,JAN  KOSKI,Inside City Limits,448150,Retail-Clothing & Accessories,GLAMOR ATTIRE BY JAN,1990-01-02 00:00:00.000,2809583E-62B8-4B19-BA16-AC4817FBCF96,5414798820,1439,6TH,,NE,ST,," ",GRANTS PASS,OR,97526,2025-07-10 15:32:35.000,BTAX-040661-07-2025,2026-07-31 15:32:35.000
GLOW SKINCARE & WAXING STUDIO," ",Inside City Limits,812112,Beauty Salon,,2020-01-01 00:00:00.000,a974c78c-333b-430c-bdc5-a569e764e6e4,5412186166,2900,VINE,,NW,ST,,,GRANTS PASS,OR,97526,2025-05-19 10:59:19.000,BTAX-040378-05-2025,2026-05-31 10:59:19.000
GLOW SKINCARE & WAXING STUDIO,JILL CHRISTOPHER,Inside City Limits,812112,Beauty Salon,,2020-01-01 00:00:00.000,a974c78c-333b-430c-bdc5-a569e764e6e4,5412186166,2900,VINE,,NW,ST,,,GRANTS PASS,OR,97526,2025-05-19 10:59:19.000,BTAX-040378-05-2025,2026-05-31 10:59:19.000
"GLV ENTERPRISES, INC DBA RENEWAL BY ANDERSEN"," ",Outside City Limits,238190,Contractor-General/Building Exterior,RENEWAL BY ANDERSEN,2022-01-03 00:00:00.000,c1489d00-134f-4136-9cae-a1206617ec5b,5039063835,18151,BOONES FERRY,,SW,RD,,,PORTLAND,OR,97224,2026-02-12 16:01:01.000,BTAX-042805-02-2026,2027-02-28 16:01:01.000
"GLV ENTERPRISES, INC DBA RENEWAL BY ANDERSEN",MARK TIFFEE,Outside City Limits,238190,Contractor-General/Building Exterior,RENEWAL BY ANDERSEN,2022-01-03 00:00:00.000,c1489d00-134f-4136-9cae-a1206617ec5b,5039063835,18151,BOONES FERRY,,SW,RD,,,PORTLAND,OR,97224,2026-02-12 16:01:01.000,BTAX-042805-02-2026,2027-02-28 16:01:01.000
GMB BUILDERS LLC,KEVIN BOOTHE,Outside City Limits,238190,Contractor-General/Building Exterior,,2017-12-06 00:00:00.000,968d486c-2b11-4e6b-83f9-a1817ff80354,5416605275,169,RICHLAND,,,DR,,,GRANTS PASS,OR,97526,2026-01-08 13:01:34.000,BTAX-042577-01-2026,2027-01-31 13:01:34.000
GMB BUILDERS LLC,KEVIN BOOTHE,Outside City Limits,238190,Contractor-General/Building Exterior,,2017-12-06 00:00:00.000,968d486c-2b11-4e6b-83f9-a1817ff80354,5416605275,169,RICHLAND,,,DR,,,GRANTS PASS,OR,97526,2026-01-08 13:01:34.000,BTAX-042577-01-2026,2027-01-31 13:01:34.000
"GNC HOLDINGS, LLC","        ",Inside City Limits,446191,Retail-Health Food & Supplements,,1998-06-12 00:00:00.000,6AD863A4-1E5F-49D7-B07A-DC37D9150F98,4123275383,75,HOPPER,,,PL,,STE 501,PITTSBURGH,PA,15222,2025-04-02 13:39:04.000,BTAX-040143-04-2025,2026-04-30 13:39:04.000
GO MINI'S OF OREGON LLC,JULIA DENEAU,Inside City Limits,493110,Storage & General Warehousing,GO MINI'S,2018-03-21 00:00:00.000,9bc55723-ae93-4bc2-8d31-9223b9b65e03,5416591800,PO BOX 671,,,,,,,GRANTS PASS,OR,97528,2025-07-18 12:57:29.000,BTAX-040828-07-2025,2026-07-31 12:57:29.000
GO MINI'S OF OREGON LLC," ",Inside City Limits,493110,Storage & General Warehousing,GO MINI'S,2018-03-21 00:00:00.000,9bc55723-ae93-4bc2-8d31-9223b9b65e03,5416591800,PO BOX 671,,,,,,,GRANTS PASS,OR,97528,2025-07-18 12:57:29.000,BTAX-040828-07-2025,2026-07-31 12:57:29.000
GOLD STANDARD INVESTMENT GROUP LLC," ",Inside City Limits,425120,Wholesale Agent,GOLD STANDARD CBD,2019-01-03 00:00:00.000,c1ec1b64-92d9-4a7c-a074-b069e249e25e,5412958811,608,L,,SE,ST,,,GRANTS PASS,OR,97526,2026-01-26 12:51:45.000,BTAX-042685-01-2026,2027-01-31 12:51:45.000
GOLD STANDARD INVESTMENT GROUP LLC,ZION GREENFIELD,Inside City Limits,425120,Wholesale Agent,GOLD STANDARD CBD,2019-01-03 00:00:00.000,c1ec1b64-92d9-4a7c-a074-b069e249e25e,5412958811,608,L,,SE,ST,,,GRANTS PASS,OR,97526,2026-01-26 12:51:45.000,BTAX-042685-01-2026,2027-01-31 12:51:45.000
"GOLDEN WEST AUTO BODY         ","STEVE/SHIRLEY, TIM  CHILCOTT",Inside City Limits,811121,"Auto-Body, Paint & Interior",,2003-02-01 00:00:00.000,12CFFEEF-A93C-4604-A5DD-8ACC7FDF086A,5414798717,317,G,,SE,ST,,,GRANTS PASS,OR,97526,2025-07-15 14:43:24.000,BTAX-040761-07-2025,2026-07-31 14:43:24.000
GONZALEZ TREE SERVICE LLC,KASANDRA GONZALEZ,Inside City Limits,238190,Contractor-General/Building Exterior,,2017-02-28 00:00:00.000,bbaad914-a6ba-4ed9-a2de-7609dc330491,5414504663,1702,BRIDGE,,SW,ST,,,GRANTS PASS,OR,97527,2026-02-13 11:10:01.000,BTAX-042810-02-2026,2026-12-31 11:10:01.000
GONZALEZ TREE SERVICE LLC," ",Inside City Limits,238190,Contractor-General/Building Exterior,,2017-02-28 00:00:00.000,bbaad914-a6ba-4ed9-a2de-7609dc330491,5414504663,1702,BRIDGE,,SW,ST,,,GRANTS PASS,OR,97527,2026-02-13 11:10:01.000,BTAX-042810-02-2026,2026-12-31 11:10:01.000
GONZALEZ TREE SERVICE LLC,JAIME GONZALEZ,Inside City Limits,238190,Contractor-General/Building Exterior,,2017-02-28 00:00:00.000,bbaad914-a6ba-4ed9-a2de-7609dc330491,5414504663,1702,BRIDGE,,SW,ST,,,GRANTS PASS,OR,97527,2026-02-13 11:10:01.000,BTAX-042810-02-2026,2026-12-31 11:10:01.000
"GOOD CLEAN FUN, LLC"," ",Outside City Limits,561790,Pressure Washing,,2022-01-05 00:00:00.000,c34ed96e-4041-4432-84ca-da2a6f9cd5a3,5416221423,901,ARCHER,,,DR,,,MEDFORD,OR,97501,2026-02-18 10:57:49.000,BTAX-042820-02-2026,2027-02-28 10:57:49.000
"GOOD CLEAN FUN, LLC",JOSHUA STEWART,Outside City Limits,561790,Pressure Washing,,2022-01-05 00:00:00.000,c34ed96e-4041-4432-84ca-da2a6f9cd5a3,5416221423,901,ARCHER,,,DR,,,MEDFORD,OR,97501,2026-02-18 10:57:49.000,BTAX-042820-02-2026,2027-02-28 10:57:49.000
GOOD2GOTAXI.COM," ",Outside City Limits,485310,Transportation-Taxi,,2022-12-15 00:00:00.000,b317c6f2-ea51-4584-b2e2-c7e6f30b289d,5419302303,1848,"GARDEN ",,,DR,,,MEDFORD,OR,97504,2026-02-10 08:59:34.000,TAXICO-042759-02-2026,2027-02-28 08:59:34.000
GOOD2GOTAXI.COM,GREG MORSE,Outside City Limits,485310,Transportation-Taxi,,2022-12-15 00:00:00.000,b317c6f2-ea51-4584-b2e2-c7e6f30b289d,5419302303,1848,"GARDEN ",,,DR,,,MEDFORD,OR,97504,2026-02-10 08:59:34.000,TAXICO-042759-02-2026,2027-02-28 08:59:34.000
"GOODWIN LAND RECLAMATION      ",BRANDON GOODWIN,Inside City Limits,561730,Yard Services,,2014-08-18 00:00:00.000,D1C29163-1EA8-45C5-A804-5CBD5C7CC19F,5417617108,1435,VIEW,,NE,DR,,,GRANTS PASS,OR,97526,2025-07-31 11:50:08.000,BTAX-041043-07-2025,2026-07-31 11:50:08.000
"GOODWIN LAND RECLAMATION      "," ",Inside City Limits,561730,Yard Services,,2014-08-18 00:00:00.000,D1C29163-1EA8-45C5-A804-5CBD5C7CC19F,5417617108,1435,VIEW,,NE,DR,,,GRANTS PASS,OR,97526,2025-07-31 11:50:08.000,BTAX-041043-07-2025,2026-07-31 11:50:08.000
"GOOSEBERRIES                  ",YUAN CHANG  ZHU,Inside City Limits,446191,Retail-Health Food & Supplements,,2005-10-25 00:00:00.000,30557EC6-CAF0-474B-93AB-C5D990BAC05C,5414712700,1201,REDWOOD,,,AVE,,,GRANTS PASS,OR,97527,2025-07-10 14:09:06.000,BTAX-040658-07-2025,2026-07-31 14:09:06.000
"GOSPEL RESCUE MISSION         "," GOSPEL RESCUE MISSION         ",Inside City Limits,624190,Social Svcs-Individual & Family Svcs,,1987-07-01 00:00:00.000,F44C7A72-1173-4604-9C1F-DA9D103BD49F,5414760082,PO BOX 190,,,,,,,GRANTS PASS,OR,97528,2025-10-15 09:26:59.000,BTAX-042020-10-2025,2026-09-30 09:26:59.000
GP AUTO GROUP LLC,BERTO VILLASENOR,Inside City Limits,811191,Auto-Oil Change/Lubrication Shop,,2022-10-03 00:00:00.000,b8dda78e-9ef5-4658-97d9-b10f6e19ecbd,5415071116,2210,ASHLAND,,,ST,,,ASHLAND,OR,97520,2025-11-06 12:23:11.000,BTAX-042227-11-2025,2026-11-30 12:23:11.000
GP AUTO GROUP LLC,JEFF HEWITT,Inside City Limits,811191,Auto-Oil Change/Lubrication Shop,,2022-10-03 00:00:00.000,b8dda78e-9ef5-4658-97d9-b10f6e19ecbd,5415071116,2210,ASHLAND,,,ST,,,ASHLAND,OR,97520,2025-11-06 12:23:11.000,BTAX-042227-11-2025,2026-11-30 12:23:11.000
GP AUTO GROUP LLC,BRANDON DAHL,Inside City Limits,811191,Auto-Oil Change/Lubrication Shop,,2022-10-03 00:00:00.000,b8dda78e-9ef5-4658-97d9-b10f6e19ecbd,5415071116,2210,ASHLAND,,,ST,,,ASHLAND,OR,97520,2025-11-06 12:23:11.000,BTAX-042227-11-2025,2026-11-30 12:23:11.000
GP AUTO GROUP LLC," ",Inside City Limits,811191,Auto-Oil Change/Lubrication Shop,,2022-10-03 00:00:00.000,b8dda78e-9ef5-4658-97d9-b10f6e19ecbd,5415071116,2210,ASHLAND,,,ST,,,ASHLAND,OR,97520,2025-11-06 12:23:11.000,BTAX-042227-11-2025,2026-11-30 12:23:11.000
GP COTTAGES,DENNIS WALKER,Inside City Limits,721199,All Other Traveler Accommodation,,2022-11-01 00:00:00.000,32cae5ba-f437-4c19-8f93-3bb280f05043,5037067353,1467,SISKIYOU BLVD,,,,,2047,ASHLAND,OR,97520,2025-04-14 14:16:38.000,BTAX-040204-04-2025,2026-04-30 14:16:38.000
GP COTTAGES," ",Inside City Limits,721199,All Other Traveler Accommodation,,2022-11-01 00:00:00.000,32cae5ba-f437-4c19-8f93-3bb280f05043,5037067353,1467,SISKIYOU BLVD,,,,,2047,ASHLAND,OR,97520,2025-04-14 14:16:38.000,BTAX-040204-04-2025,2026-04-30 14:16:38.000
GP DOWNTOWN SUITES LLC,NOEL SHECKELLS,Inside City Limits,721110,Hotel/Motel,BEAR MOUNTAIN INN,2023-08-28 00:00:00.000,c0899ceb-bcdb-4bea-af3c-73b709862ab5,5417785408,915,ROSE,,SE,PL,,,GRANTS PASS,OR,97526,2025-10-02 10:20:20.000,BTAX-041917-10-2025,2026-10-31 10:20:20.000
GP DOWNTOWN SUITES LLC," ",Inside City Limits,721110,Hotel/Motel,BEAR MOUNTAIN INN,2023-08-28 00:00:00.000,c0899ceb-bcdb-4bea-af3c-73b709862ab5,5417785408,915,ROSE,,SE,PL,,,GRANTS PASS,OR,97526,2025-10-02 10:20:20.000,BTAX-041917-10-2025,2026-10-31 10:20:20.000
GP DOWNTOWN SUITES LLC,TOM SHECKELLS,Inside City Limits,721110,Hotel/Motel,BEAR MOUNTAIN INN,2023-08-28 00:00:00.000,c0899ceb-bcdb-4bea-af3c-73b709862ab5,5417785408,915,ROSE,,SE,PL,,,GRANTS PASS,OR,97526,2025-10-02 10:20:20.000,BTAX-041917-10-2025,2026-10-31 10:20:20.000
GP HOSPITALITY LLC,ANURAG PATEL,Inside City Limits,721110,Hotel/Motel,,2017-04-17 00:00:00.000,b17aa30c-c12b-4798-a213-5ed3750c251d,,3971,INTERSTATE,,N,,,,PORTLAND,OR,97227,2025-09-26 14:35:30.000,BTAX-041888-09-2025,2026-09-30 14:35:30.000
GP HOSPITALITY LLC," ",Inside City Limits,721110,Hotel/Motel,,2017-04-17 00:00:00.000,b17aa30c-c12b-4798-a213-5ed3750c251d,,3971,INTERSTATE,,N,,,,PORTLAND,OR,97227,2025-09-26 14:35:30.000,BTAX-041888-09-2025,2026-09-30 14:35:30.000
"GPP SOLUTIONS, LLC "," ",Inside City Limits,446110,Pharmacy/Drug Store,GRANTS PASS PHARMACY,1933-01-01 00:00:00.000,E90CFB0B-C617-4BEF-880C-7471B709B302,5414764262,414,6TH,,SW,ST,,,GRANTS PASS,OR,97526,2025-05-19 10:56:51.000,BTAX-040377-05-2025,2026-05-31 10:56:51.000
"GPP SOLUTIONS, LLC ",JEFFREY HARRELL,Inside City Limits,446110,Pharmacy/Drug Store,GRANTS PASS PHARMACY,1933-01-01 00:00:00.000,E90CFB0B-C617-4BEF-880C-7471B709B302,5414764262,414,6TH,,SW,ST,,,GRANTS PASS,OR,97526,2025-05-19 10:56:51.000,BTAX-040377-05-2025,2026-05-31 10:56:51.000
"GPP SOLUTIONS, LLC ",MICHELLE BELCHER,Inside City Limits,446110,Pharmacy/Drug Store,GRANTS PASS PHARMACY,1933-01-01 00:00:00.000,E90CFB0B-C617-4BEF-880C-7471B709B302,5414764262,414,6TH,,SW,ST,,,GRANTS PASS,OR,97526,2025-05-19 10:56:51.000,BTAX-040377-05-2025,2026-05-31 10:56:51.000
"GRANDMA'S CARE LLC            ",TIFFANY  OGREN,Inside City Limits,621610,Medical-Home Health Care Services,,2010-07-13 00:00:00.000,E2A762F0-9032-4BB9-8307-85839FA14104,5416594059,1630,WILLIAMS,,,HWY,,PMB 98,GRANTS PASS,OR,97527,2025-10-15 09:50:08.000,BTAX-042024-10-2025,2026-10-31 09:50:08.000
"GRANDMA'S CARE LLC            ",Tiffany Ogren,Inside City Limits,621610,Medical-Home Health Care Services,,2010-07-13 00:00:00.000,E2A762F0-9032-4BB9-8307-85839FA14104,5416594059,1630,WILLIAMS,,,HWY,,PMB 98,GRANTS PASS,OR,97527,2025-10-15 09:50:08.000,BTAX-042024-10-2025,2026-10-31 09:50:08.000
GRANDMA'S HAVEN LLC,Tiffany Ogren,Inside City Limits,621610,Medical-Home Health Care Services,,2017-03-09 00:00:00.000,f5e58109-3c27-4d3d-a835-dc693d694a36,5419555054,1630,WILLIAMS,,,HWY,,#98,GRANTS PASS,OR,97527,2025-08-19 15:21:36.000,BTAX-041418-08-2025,2026-08-31 15:21:36.000
GRANDMA'S HAVEN LLC," ",Inside City Limits,621610,Medical-Home Health Care Services,,2017-03-09 00:00:00.000,f5e58109-3c27-4d3d-a835-dc693d694a36,5419555054,1630,WILLIAMS,,,HWY,,#98,GRANTS PASS,OR,97527,2025-08-19 15:21:36.000,BTAX-041418-08-2025,2026-08-31 15:21:36.000
"GRANGE COOPERATIVE SUPPLY     "," MEMBERS                       ",Inside City Limits,452990,"Retail-General Merchandise ",GRANGE CO-OP GRANTS PASS,1987-07-01 00:00:00.000,85A0FA8F-E4D0-436A-9209-312C1943296A,5414767771,7700,CRATER LAKE,,,HWY,,,WHITE CITY,OR,97503,2025-10-09 14:13:13.000,BTAX-041976-10-2025,2026-10-31 14:13:13.000
GRANTS PASS & JOSEPHINE COUNTY CHAMBER OF COMMERCE,Terry Hopkins,Inside City Limits,813319,Organization-Social Advocacy,,1924-01-01 00:00:00.000,a66c9e78-6129-4842-becd-9c8e739f76fc,5414767717,PO BOX 970,,,,,,,GRANTS PASS,OR,97528,2025-05-19 10:30:41.000,BTAX-040375-05-2025,2026-05-31 10:30:41.000
"GRANTS PASS ACTIVE CLUB       ",RANDY FISHER,Inside City Limits,813410,Organization-Civic/Social,,2002-09-03 00:00:00.000,DC65BCA9-736C-4B4B-B653-31736BA38AD8,5417615180,PO BOX 961,,,,,,,GRANTS PASS,OR,97528,2025-12-26 12:09:16.000,BTAX-042515-12-2025,2026-12-31 12:09:16.000
"GRANTS PASS APPLIANCE, INC"," ",Inside City Limits,443141,Retail-Home Appliances,ACTIVE APPLIANCE,2019-11-08 00:00:00.000,59777291-0bf9-4029-8cb0-244750162ac5,5414798734,605,7TH,,SE,ST,,,GRANTS PASS,OR,97526,2026-01-23 11:07:01.000,BTAX-042681-01-2026,2027-01-31 11:07:01.000
"GRANTS PASS APPLIANCE, INC",MARVIN JESSEE,Inside City Limits,443141,Retail-Home Appliances,ACTIVE APPLIANCE,2019-11-08 00:00:00.000,59777291-0bf9-4029-8cb0-244750162ac5,5414798734,605,7TH,,SE,ST,,,GRANTS PASS,OR,97526,2026-01-23 11:07:01.000,BTAX-042681-01-2026,2027-01-31 11:07:01.000
GRANTS PASS AUTOMOTIVE CENTER LLC," ",Inside City Limits,441110,Auto-New Car Dealer,GRANTS PASS AUTOMOTIVE CENTER,2023-07-27 00:00:00.000,f44c8516-8861-463f-8cde-37775434d84f,5414760811,1601,7TH,,NE,ST,,,GRANTS PASS,OR,97526,2025-09-18 12:40:06.000,BTAX-041812-09-2025,2026-09-30 12:40:06.000
GRANTS PASS AUTOMOTIVE CENTER LLC,BRAD MYERCHIN,Inside City Limits,441110,Auto-New Car Dealer,GRANTS PASS AUTOMOTIVE CENTER,2023-07-27 00:00:00.000,f44c8516-8861-463f-8cde-37775434d84f,5414760811,1601,7TH,,NE,ST,,,GRANTS PASS,OR,97526,2025-09-18 12:40:06.000,BTAX-041812-09-2025,2026-09-30 12:40:06.000
Grants Pass Barber Shop LLC,Cameron Duboise,Inside City Limits,812111,Barber Shop,,2020-07-20 00:00:00.000,10267d78-9728-4bf9-b9b2-46b9a9b6af8c,,232,6TH,,NW,ST,,A,GRANTS PASS,OR,97526,2025-08-25 11:38:26.000,BTAX-041528-08-2025,2026-08-31 11:38:26.000
Grants Pass Barber Shop LLC,Cameron DuBoise,Inside City Limits,812111,Barber Shop,,2020-07-20 00:00:00.000,10267d78-9728-4bf9-b9b2-46b9a9b6af8c,,232,6TH,,NW,ST,,A,GRANTS PASS,OR,97526,2025-08-25 11:38:26.000,BTAX-041528-08-2025,2026-08-31 11:38:26.000
GRANTS PASS BRANCH OF AMERICAN ASSOCIATION OF UNIVERSITY WOMEN,KATHLEEN  HOFFMAN,Outside City Limits,813410,Organization-Civic/Social,,2008-06-06 00:00:00.000,BB984F1D-9CC5-4AF9-86BC-E8FEBD5E0A33,5414713663,PO BOX 1812,,,,,,,GRANTS PASS,OR,97528,2025-10-15 08:40:12.000,BTAX-042013-10-2025,2026-10-31 08:40:12.000
GRANTS PASS BROADCASTING CORP,CARL WILSON,Inside City Limits,515112,Radio Station,,1997-01-01 00:00:00.000,5D3EFC42-4999-4BA0-B738-ADFAF8F76AC2,5414766608,888,ROGUE RIVER,,,HWY,,,GRANTS PASS,OR,97527,2025-08-26 08:45:14.000,BTAX-041545-08-2025,2026-08-31 08:45:14.000
"GRANTS PASS CAB LLC           ",BENNIE  GRAEBER,Outside City Limits,485310,Transportation-Taxi,,2013-07-01 00:00:00.000,546AC471-327E-4AF2-972E-8B6A57FA8A51,5414766444,2001,"FOOTHILL ",,,BLVD,,,GRANTS PASS,OR,97526,2025-06-09 12:54:44.000,TAXICO-040479-06-2025,2026-06-30 12:54:44.000
"GRANTS PASS CAB LLC           ",BENNIE GRAEBER,Outside City Limits,485310,Transportation-Taxi,,2013-07-01 00:00:00.000,546AC471-327E-4AF2-972E-8B6A57FA8A51,5414766444,2001,"FOOTHILL ",,,BLVD,,,GRANTS PASS,OR,97526,2025-06-09 12:54:44.000,TAXICO-040479-06-2025,2026-06-30 12:54:44.000
GRANTS PASS CHIROPRACTIC CLINIC PC,EDWARD & DENISE  WELCH,Inside City Limits,621310,Medical-Chiropractor,,2005-05-15 00:00:00.000,F04F100D-A6B1-407F-A777-2A4E9EBD30FF,5414791982,1103,7TH,,NE,ST,,,GRANTS PASS,OR,97526,2025-10-29 12:40:18.000,BTAX-042150-10-2025,2026-10-31 12:40:18.000
GRANTS PASS CLINIC PHYSICIANS & SURGEONS,"   ",Inside City Limits,621111,Medical-Physician,,1950-01-01 00:00:00.000,967FA92F-7F72-4347-BD6A-3F59B4C6EEDF,5414766644,495,RAMSEY,,SW,AVE,,,GRANTS PASS,OR,97527,2025-08-01 14:25:27.000,BTAX-041070-08-2025,2026-07-31 14:25:27.000
"GRANTS PASS DENTAL LLC        ",JED LEDESMA,Inside City Limits,621210,Medical-Dentist,,1987-07-01 00:00:00.000,81A5BE0C-4514-43DE-92FB-EC2F38713A1B,5414764511,118,JACKSON,,NE,ST,,,GRANTS PASS,OR,97526,2025-08-14 15:06:05.000,BTAX-041268-08-2025,2026-07-31 15:06:05.000
"GRANTS PASS DENTAL LLC        "," ",Inside City Limits,621210,Medical-Dentist,,1987-07-01 00:00:00.000,81A5BE0C-4514-43DE-92FB-EC2F38713A1B,5414764511,118,JACKSON,,NE,ST,,,GRANTS PASS,OR,97526,2025-08-14 15:06:05.000,BTAX-041268-08-2025,2026-07-31 15:06:05.000
"GRANTS PASS ELKS LODGE #1584  "," CURRENT MEMBER                ",Inside City Limits,813410,Organization-Civic/Social,,2007-07-01 00:00:00.000,6AF21234-6428-4295-ACC7-1B966F825DDF,5414790001,618,J,,SE,ST,,,GRANTS PASS,OR,97526,2025-12-02 11:43:07.000,BTAX-042370-12-2025,2026-11-30 11:43:07.000
"GRANTS PASS EQUIPMENT RENTAL  ",VANESSA BROWN,Inside City Limits,532490,Rental-Equipment/Machinery Rentals,,2002-02-01 00:00:00.000,68CF78AE-B742-4AAE-8EF7-884B28A211F6,5414765219,285,ROGUE RIVER,,,HWY,,,GRANTS PASS,OR,97527,2025-08-19 11:05:15.000,BTAX-041378-08-2025,2026-08-31 11:05:15.000
"GRANTS PASS EQUIPMENT RENTAL  ",JEROME  BROWN,Inside City Limits,532490,Rental-Equipment/Machinery Rentals,,2002-02-01 00:00:00.000,68CF78AE-B742-4AAE-8EF7-884B28A211F6,5414765219,285,ROGUE RIVER,,,HWY,,,GRANTS PASS,OR,97527,2025-08-19 11:05:15.000,BTAX-041378-08-2025,2026-08-31 11:05:15.000
"GRANTS PASS FAMILY YMCA       ","     ",Inside City Limits,624110,Social Svcs-Child & Youth Facility,,2009-12-04 00:00:00.000,B1F2A896-0090-4483-AED6-DE5CB291A599,5414740001,1000,REDWOOD,,,AVE,,,GRANTS PASS,OR,97527,2025-09-09 12:13:05.000,BTAX-041700-09-2025,2026-09-30 12:13:05.000
GRANTS PASS FLORIST AND GIFTS LLC," ",Inside City Limits,453110,Florist,,2022-09-14 00:00:00.000,1666ed7a-7605-455f-8ee8-dc05c4ab6aeb,5416601468,402,SIERRA LODGE,,,,,,GRANTS PASS,OR,97526,2025-10-24 14:11:22.000,BTAX-042124-10-2025,2026-10-31 14:11:22.000
GRANTS PASS FLORIST AND GIFTS LLC,GREG & BRANDIE CHANDLER,Inside City Limits,453110,Florist,,2022-09-14 00:00:00.000,1666ed7a-7605-455f-8ee8-dc05c4ab6aeb,5416601468,402,SIERRA LODGE,,,,,,GRANTS PASS,OR,97526,2025-10-24 14:11:22.000,BTAX-042124-10-2025,2026-10-31 14:11:22.000
"GRANTS PASS GROWERS MARKET    "," ",Inside City Limits,111998,Farming-Misc Crops,,1986-07-01 00:00:00.000,96EB7460-C11D-4096-B137-EC60745B2324,5418161144,PO BOX 1053,,,,,,,GRANTS PASS,OR,97528,2025-08-19 15:41:37.000,BTAX-041419-08-2025,2026-07-31 15:41:37.000
GRANTS PASS GUARDIANS," ",Outside City Limits,624190,Social Svcs-Individual & Family Svcs,,2016-11-08 00:00:00.000,2c5a8162-7897-40ac-a74a-94b10e67061e,8053382749,1630,WILLIAMS,,,HWY,,#199,GRANTS PASS,OR,97527,2025-07-15 11:16:41.000,BTAX-040748-07-2025,2026-07-31 11:16:41.000
GRANTS PASS GUARDIANS,JOHN FLENNER,Outside City Limits,624190,Social Svcs-Individual & Family Svcs,,2016-11-08 00:00:00.000,2c5a8162-7897-40ac-a74a-94b10e67061e,8053382749,1630,WILLIAMS,,,HWY,,#199,GRANTS PASS,OR,97527,2025-07-15 11:16:41.000,BTAX-040748-07-2025,2026-07-31 11:16:41.000
GRANTS PASS HEATING & AIR CONDITIONING,GERALD  MYERS,Outside City Limits,238220,Contractor-HVAC Services,,1993-10-07 00:00:00.000,7A910C3E-8CEE-4608-9379-9A5E8F962BBD,5414741545,PO BOX 256,,,,,,,GRANTS PASS,OR,97528,2025-07-03 12:34:16.000,BTAX-040607-07-2025,2026-07-31 12:34:16.000
"GRANTS PASS HIGH SCHOOL BAND BOOSTERS  ",TERESA  SMITH,Inside City Limits,813410,Organization-Civic/Social,,2007-08-07 00:00:00.000,BE58A2A0-C62F-4BD0-9BD3-901F03A47ADB,5414740497,830,9TH,,NE,ST,,,GRANTS PASS,OR,97526,2025-12-08 14:18:02.000,BTAX-042417-12-2025,2026-11-30 14:18:02.000
GRANTS PASS II DIALYSIS #02074," STAR DIALYSIS                 ",Inside City Limits,621492,Medical-Dialysis Center,,2007-01-19 00:00:00.000,F96FD43A-0472-4C46-99C9-54B931485B3E,5414790545,ATTN: L&C DEPT,,5200 VIRGINIA WAY,,,,,BRENTWOOD,TN,37027,2025-08-22 14:29:46.000,BTAX-041514-08-2025,2026-08-31 14:29:46.000
GRANTS PASS INVESTMENTS LLC,QING YAN,Inside City Limits,721110,Hotel/Motel,DISCOVERY INN,2003-05-05 00:00:00.000,D2ACBC96-1504-40D1-9EDF-A5FF145ED3CF,5414767793,748,7TH,,SE,ST,,,GRANTS PASS,OR,97526,2025-08-06 11:48:40.000,BTAX-041110-08-2025,2026-08-31 11:48:40.000
GRANTS PASS MOULDING INC,"JOHN & SAMMIS, SHIRLEY DUNKIN",Inside City Limits,238190,Contractor-General/Building Exterior,,2004-01-01 00:00:00.000,7DAD2714-1DF3-48E6-9557-F7D6D0E970D1,5414795354,PO BOX 2710,,,,,,,GRANTS PASS,OR,97528,2025-08-18 10:24:22.000,BTAX-041307-08-2025,2026-08-31 10:24:22.000
GRANTS PASS MUSEUM OF ART,Hyla Lipson,Inside City Limits,712110,Museum,,1979-01-01 00:00:00.000,67e47316-1132-4bba-a14a-fda1f926dda6,5414793290,PO BOX 966,,,,,,,GRANTS PASS,OR,97528,2025-12-11 11:31:24.000,BTAX-042444-12-2025,2026-12-31 11:31:24.000
"GRANTS PASS NEWS & SMOKES     ",DAVID  WILLIAMS,Inside City Limits,453991,Retail-Tobacco Store,,1988-07-01 00:00:00.000,FB607C12-08C1-45D9-B5FF-325AFD92E4E4,5414797506,1060,M,,SE,ST,,,GRANTS PASS,OR,97526,2025-07-11 15:37:26.000,BTAX-040692-07-2025,2026-07-31 15:37:26.000
GRANTS PASS NURSING & REHAB CENTER LLC," ",Inside City Limits,623110,Medical-Nursing Care Facility,HIGHLAND HOUSE NURSING & REHABILITATION CENTER,2023-03-01 00:00:00.000,6251ee7e-ac3a-4d65-8f57-798a9c75bf75,5414741901,10401,LINN STATION,,,RD,,SUITE 300,LOUISVILLE,KY,40223,2025-06-05 15:00:26.000,BTAX-040468-06-2025,2026-06-30 15:00:26.000
GRANTS PASS NURSING & REHAB CENTER LLC," ",Inside City Limits,623110,Medical-Nursing Care Facility,HIGHLAND HOUSE NURSING & REHABILITATION CENTER,2023-03-01 00:00:00.000,6251ee7e-ac3a-4d65-8f57-798a9c75bf75,5414741901,10401,LINN STATION,,,RD,,SUITE 300,LOUISVILLE,KY,40223,2025-06-05 15:00:26.000,BTAX-040468-06-2025,2026-06-30 15:00:26.000
GRANTS PASS ORTHODONTICS," ",Inside City Limits,621210,Medical-Dentist,,1997-01-01 00:00:00.000,6B82391F-6A0D-4686-858F-0AF016E954BA,5414740860,859,7TH,,NE,ST,,,GRANTS PASS,OR,97526,2025-10-15 10:14:20.000,BTAX-042029-10-2025,2026-10-31 10:14:20.000
GRANTS PASS ORTHODONTICS,BRENT ERICKSON,Inside City Limits,621210,Medical-Dentist,,1997-01-01 00:00:00.000,6B82391F-6A0D-4686-858F-0AF016E954BA,5414740860,859,7TH,,NE,ST,,,GRANTS PASS,OR,97526,2025-10-15 10:14:20.000,BTAX-042029-10-2025,2026-10-31 10:14:20.000
GRANTS PASS PAINTING LLC," ",Inside City Limits,238320,Painting & Wall Covering,,2022-04-01 00:00:00.000,bb85d325-9969-48cb-bde9-97a10f0e8506,5419558888,855,BAILEY,,,DR,,,GRANTS PASS,OR,97527,2025-04-14 14:34:05.000,BTAX-040208-04-2025,2026-04-30 14:34:05.000
GRANTS PASS PAINTING LLC,STEPHEN EDWARDS,Inside City Limits,238320,Painting & Wall Covering,,2022-04-01 00:00:00.000,bb85d325-9969-48cb-bde9-97a10f0e8506,5419558888,855,BAILEY,,,DR,,,GRANTS PASS,OR,97527,2025-04-14 14:34:05.000,BTAX-040208-04-2025,2026-04-30 14:34:05.000
"GRANTS PASS PHYSICAL THERAPY ",INC  THERAPEUTIC ASSSOCIATES,Inside City Limits,621111,Medical-Physician,,1996-08-27 00:00:00.000,FA586950-25D3-4B48-A7B0-8C828ABFE5FF,5414790765,20829,72ND,,,AVE,S,#710,KENT,WA,98032,2026-02-24 15:26:17.000,BTAX-042843-02-2026,2027-02-28 15:26:17.000
"GRANTS PASS POWER EQUIPMENT LLC              ",AARON GORE,Inside City Limits,811111,Auto-General Repair,,1991-09-01 00:00:00.000,7D276290-0BF2-4FC9-AAA9-666EEC68FA9B,5414797815,407-B,"UNION ",,SW,AVE,,,GRANTS PASS,OR,97527,2025-07-15 14:44:28.000,BTAX-040763-07-2025,2026-07-15 14:44:28.000
"GRANTS PASS POWER EQUIPMENT LLC              ",CARA GORE,Inside City Limits,811111,Auto-General Repair,,1991-09-01 00:00:00.000,7D276290-0BF2-4FC9-AAA9-666EEC68FA9B,5414797815,407-B,"UNION ",,SW,AVE,,,GRANTS PASS,OR,97527,2025-07-15 14:44:28.000,BTAX-040763-07-2025,2026-07-15 14:44:28.000
"GRANTS PASS POWER EQUIPMENT LLC              "," ",Inside City Limits,811111,Auto-General Repair,,1991-09-01 00:00:00.000,7D276290-0BF2-4FC9-AAA9-666EEC68FA9B,5414797815,407-B,"UNION ",,SW,AVE,,,GRANTS PASS,OR,97527,2025-07-15 14:44:28.000,BTAX-040763-07-2025,2026-07-15 14:44:28.000
"GRANTS PASS PRESSURE WASHING & MORE LLC ","NATHAN & KRISTEN  BEAIRSTO ",Inside City Limits,812990,All Other Personal Services,,2022-07-14 00:00:00.000,b1e4da59-e55e-48dd-a52c-e10f9b2d6bfa,5413014271,120,CRYSTAL,,,DR,,,GRANTS PASS,OR,97527,2025-06-30 14:47:18.000,BTAX-039188-10-2024,2026-06-30 14:47:18.000
GRANTS PASS ROTARY CLUB FOUNDATION,Ann Rusk,Inside City Limits,813410,Organization-Civic/Social,,1996-08-26 00:00:00.000,3e5a4658-be32-411f-a71e-943d4448c3be,5416603390,PO BOX 1201,,,,,,,GRANTS PASS,OR,97528,2025-11-17 11:52:08.000,BTAX-042290-11-2025,2026-11-30 11:52:08.000
"GRANTS PASS SENIOR HOUSING    ",WILLIAM LOVELACE,Inside City Limits,623312,Medical-Assisted Living Facility/Elderly,,1991-01-02 00:00:00.000,0F288509-14EB-42C4-9433-6E466FB0CF19,5414792112,PO BOX 490,,,,,,,ENTERPRISE,OR,97828,2025-08-19 11:44:26.000,BTAX-041393-08-2025,2026-07-31 11:44:26.000
GRANTS PASS SURGERY CENTER LLC," ",Inside City Limits,621111,Medical-Physician,,1998-09-01 00:00:00.000,CA408179-BE81-4A0D-86EC-9A6F52D9618D,5414724880,1601,"HAWTHORNE ",,NW,AVE,,,GRANTS PASS,OR,97526,2025-07-18 13:12:57.000,BTAX-040830-07-2025,2026-07-31 13:12:57.000
GRANTS PASS TOYOTA LLC," ",Inside City Limits,441110,Auto-New Car Dealer,GRANTS PASS TOYOTA,2008-09-10 00:00:00.000,A4D10D8D-BAF3-445E-956C-401FF34A31AD,5414766858,PO BOX 2430,,,,,,,GRANTS PASS,OR,97528,2025-07-23 11:51:11.000,BTAX-040950-07-2025,2026-07-31 11:51:11.000
GRANTS PASS UNIVERSITY WOMEN CHARITABLE FUND," REC OFFICE                    ",Outside City Limits,813990,Organization-Misc,,2009-05-05 00:00:00.000,E5E71C30-7665-4841-B2EF-14A4D12969F6,5414716435,PO BOX 1812,,,,,,,GRANTS PASS,OR,97528,2025-08-01 10:12:20.000,BTAX-041059-08-2025,2026-08-31 10:12:20.000
GRANTS PASS WATER LABORATORY/PRECISION BACKFLOW SERVICES,A. DOROTHEA  SCHAAFSMA,Inside City Limits,813990,Organization-Misc,,1986-07-01 00:00:00.000,6ACBDADD-1DD1-419D-BEB9-1D05C8F74906,5414760733,964,M,,SE,ST,,,GRANTS PASS,OR,97526,2025-09-08 15:02:55.000,BTAX-041688-09-2025,2026-09-30 15:02:55.000
"GRANT'S PLUMBING LLC          ",GRANT  MCCARTY,Outside City Limits,238220,Plumber,,2010-06-01 00:00:00.000,D50EBE7D-9FC5-4EA4-8A6F-1318A572997E,5417610367,560,F,,NE,ST,,SUITE A PMB 616,GRANTS PASS,OR,97526,2025-12-26 15:45:03.000,BTAX-042520-12-2025,2026-12-31 15:45:03.000
GREAT NORTHWEST MUSIC,ANDREW  MARTIN,Inside City Limits,611710,Educational Support Services,,2001-04-04 00:00:00.000,ABA5E37C-4B2A-41B1-8758-CA4F8AF84674,5419568600,228,K,,SW,ST,,,GRANTS PASS,OR,97526,2025-12-15 14:21:29.000,BTAX-042471-12-2025,2026-12-31 14:21:29.000
GREEN VALLEY PROPERTY MANAGEMENT,KAY J  WATTS,Outside City Limits,531311,Property Management,,2007-02-01 00:00:00.000,79B140CF-3095-4990-AB7E-B514EFEDE6DE,5414797793,PO BOX 1824,,,,,,,GRANTS PASS,OR,97528,2025-08-11 12:46:21.000,BTAX-041146-08-2025,2026-08-31 12:46:21.000
GREENER VALLEY LANDSCAPING LLC,HUGO MENDEZ,Inside City Limits,561730,Yard Services,,2021-10-01 00:00:00.000,68cab5c5-1cb0-448d-b51a-4a41fb7185ae,5416598257,2850,RIVER,,S,RD,,,GRANTS PASS,OR,97527,2025-11-19 09:06:32.000,BTAX-042316-11-2025,2026-11-30 09:06:32.000
GREENER VALLEY LANDSCAPING LLC," ",Inside City Limits,561730,Yard Services,,2021-10-01 00:00:00.000,68cab5c5-1cb0-448d-b51a-4a41fb7185ae,5416598257,2850,RIVER,,S,RD,,,GRANTS PASS,OR,97527,2025-11-19 09:06:32.000,BTAX-042316-11-2025,2026-11-30 09:06:32.000
GREENWAY SPRAY LLC,GREGORY STEWART,Inside City Limits,561710,Pest Control,,2017-04-10 00:00:00.000,ad1076b9-0296-4498-96f8-6e256e079b1b,5416229949,3155,OLD STAGE,,,RD,,,CENTRAL POINT,OR,97502,2025-07-16 10:16:18.000,BTAX-040796-07-2025,2026-07-31 10:16:18.000
GREENWAY SPRAY LLC," ",Inside City Limits,561710,Pest Control,,2017-04-10 00:00:00.000,ad1076b9-0296-4498-96f8-6e256e079b1b,5416229949,3155,OLD STAGE,,,RD,,,CENTRAL POINT,OR,97502,2025-07-16 10:16:18.000,BTAX-040796-07-2025,2026-07-31 10:16:18.000
"GREGG & CHARLENE PAINTON      ",GREGG & CHARLENE  PAINTON,Outside City Limits,531110,Rental Units/Landlord,,2014-01-31 00:00:00.000,204B8914-8F03-4E66-A326-51E613C4E9B9,5415077613,PO BOX 276,,,,,,,MURPHY,OR,97533,2025-11-04 11:32:21.000,BTAX-042213-11-2025,2026-09-30 11:32:21.000
"GREYHOUND LINES, INC",Karen Blust,Inside City Limits,485113,Transportation-Bus System,,1997-01-01 00:00:00.000,37B178D0-2D62-4954-8A7B-CEA4F6895B9B,2148498082,"C/O DUCHARME, MCMILLEN & ASSOC.",,PO BOX 80600,,,,,INDIANAPOLIS,IN,46280,2025-09-18 13:00:26.000,BTAX-041817-09-2025,2026-09-30 13:00:26.000
GRIP N GRUB,JAMIE TALARICO,Inside City Limits,722330,Food-Mobile/Ice Cream Truck,,2022-06-01 00:00:00.000,240415c1-7ef4-498d-bb09-9976058c19b5,8455514777,1946,DOWELL,,,RD,,,GRANTS PASS,OR,97527,2025-05-20 12:10:26.000,BTAX-040398-05-2025,2026-05-31 12:10:26.000
GRIP N GRUB," ",Inside City Limits,722330,Food-Mobile/Ice Cream Truck,,2022-06-01 00:00:00.000,240415c1-7ef4-498d-bb09-9976058c19b5,8455514777,1946,DOWELL,,,RD,,,GRANTS PASS,OR,97527,2025-05-20 12:10:26.000,BTAX-040398-05-2025,2026-05-31 12:10:26.000
"GROOM AT THE TOP              ",TIM & HOLLY  REYES,Inside City Limits,812910,Pet Care Services,,2013-08-01 00:00:00.000,74B904FF-45C4-4452-8B71-3618820E73D1,5415077052,128,K,,SE,ST,,,GRANTS PASS,OR,97526,2025-07-16 14:44:54.000,BTAX-040808-07-2025,2026-07-31 14:44:54.000
GROUND EFFECTS LANDSCAPE & PROPERTY MAINTENANCE LLC,ROBERT ARCHY,Inside City Limits,541320,Landscaping Services,,2020-02-26 00:00:00.000,6ad477d3-ac21-426b-acc5-61754a3fb43c,5417614218,8800,REDWOOD,,,HWY,,,WILDERVILLE,OR,97543,2025-10-23 10:37:14.000,BTAX-042116-10-2025,2026-10-31 10:37:14.000
GROUND EFFECTS LANDSCAPE & PROPERTY MAINTENANCE LLC," ",Inside City Limits,541320,Landscaping Services,,2020-02-26 00:00:00.000,6ad477d3-ac21-426b-acc5-61754a3fb43c,5417614218,8800,REDWOOD,,,HWY,,,WILDERVILLE,OR,97543,2025-10-23 10:37:14.000,BTAX-042116-10-2025,2026-10-31 10:37:14.000
"GROVER ELECTRIC & PLUMBING    ",DAVID E  BLAYDON,Inside City Limits,444130,Retail-Hardware,,1973-01-01 00:00:00.000,A27AA8EA-E03D-488B-9BEC-DE711ECCF0C2,3606964676,1900,78TH,,NE,ST,,SUITE 101,VANCOUVER,WA,98665,2025-07-15 16:19:01.000,BTAX-040783-07-2025,2026-07-31 16:19:01.000
GROW'S PROFESSIONAL LANDSCAPING LLC,BRADLEY A  GROW,Inside City Limits,541320,Landscaping Services,,2008-01-22 00:00:00.000,DE338870-021F-4489-B166-CE26EC69BE7D,5414745576,4200,REDWOOD,,,AVE,,,GRANTS PASS,OR,97527,2025-12-22 11:39:32.000,BTAX-042494-12-2025,2026-12-31 11:39:32.000
"GRUBE DESIGN                  ",JAMES  GRUBE,Inside City Limits,541310,Architectural Services,,1997-01-01 00:00:00.000,3C3725DF-67AA-41A1-A0B8-3D8F989772E9,5414792139,1040,"WASHINGTON     ",,NW,,,,GRANTS PASS,OR,97526,2026-03-09 12:34:46.000,BTAX-042911-03-2026,2027-01-31 12:34:46.000
GUARDIAN FIRE PROTECTION SYSTEMS SOUTH,JOSH  RUDEK,Outside City Limits,541990,Professional-Misc,,2010-01-01 00:00:00.000,2733079F-5EDA-4724-85D5-AA0A81FF662B,5417723011,150,7TH,,W,ST,,,LOWELL,OR,97452,2025-08-19 15:56:20.000,BTAX-041426-08-2025,2026-07-31 15:56:20.000
"GUSTAVO HERNANDEZ             ",GUSTAVO  HERNANDEZ,Inside City Limits,561730,Yard Services,,2014-07-01 00:00:00.000,5AB83B12-F787-4E6A-9B60-0927F4AB929D,5418906832,900,GREEN BRIAR,,SE,LN,,#B,GRANTS PASS,OR,97526,2025-07-16 08:56:41.000,BTAX-040787-07-2025,2026-07-31 08:56:41.000
"H & S STATIONS, LLC #5008",SALAHEDDIN HASSAN,Inside City Limits,447190,Gas Station,,2003-05-05 00:00:00.000,EE79BA14-A50D-4E30-96C3-0F4158C81524,71476154265008,2860,SANTIAGO,,N,BLVD,,,ORANGE,CA,928671722,2025-09-17 10:47:12.000,BTAX-041787-09-2025,2026-09-30 10:47:12.000
"H & S STATIONS, LLC #5008"," ",Inside City Limits,447190,Gas Station,,2003-05-05 00:00:00.000,EE79BA14-A50D-4E30-96C3-0F4158C81524,71476154265008,2860,SANTIAGO,,N,BLVD,,,ORANGE,CA,928671722,2025-09-17 10:47:12.000,BTAX-041787-09-2025,2026-09-30 10:47:12.000
"H ST ANTIQUES & INTERIORS    ",JEFF & KAREN  MCGOWAN,Inside City Limits,453310,Retail-Thrift Store,,2005-06-20 00:00:00.000,EE9F1B7E-DF79-4746-8EF6-FF0DC2F4B96A,5419561200,138,H,,SE,ST,," ",GRANTS PASS,OR,97526,2025-09-02 12:09:41.000,BTAX-041598-09-2025,2026-09-30 12:09:41.000
H STREET BUSINESS & FINANCIAL SERVICES LLC,BRENDA  PATTON,Inside City Limits,541213,Tax Preparation Services,,1990-01-01 00:00:00.000,0FC3B51D-6484-41EE-9578-D284ED344153,5414742395,231,H,,SE,ST,,,GRANTS PASS,OR,97526,2025-07-11 11:13:05.000,BTAX-040676-07-2025,2026-07-31 11:13:05.000
H2 PRINTING AND GRAPHICS LLC,Geoffrey Hendrix,Outside City Limits,323111,Printing-Commercial,,2023-11-01 00:00:00.000,fb8fbd73-acd9-4a0e-b050-e7e426f0b9b7,7079535882,1457,GRANITE HILL,,,RD,,,GRANTS PASS,OR,97526,2025-11-20 16:09:48.000,BTAX-042214-11-2025,2026-11-30 16:09:48.000
H2 PRINTING AND GRAPHICS LLC,GEOFFREY HENDRIX,Outside City Limits,323111,Printing-Commercial,,2023-11-01 00:00:00.000,fb8fbd73-acd9-4a0e-b050-e7e426f0b9b7,7079535882,1457,GRANITE HILL,,,RD,,,GRANTS PASS,OR,97526,2025-11-20 16:09:48.000,BTAX-042214-11-2025,2026-11-30 16:09:48.000
HAIR & NAILS BY JUDITH RODRIGUEZ,JUDITH  RODRIGUEZ,Inside City Limits,812112,Beauty Salon,,1989-03-03 00:00:00.000,1070F2BA-D344-4E6C-87BF-FA501C562E11,5414768854,1901,COLORADO,,,LN,,,GRANTS PASS,OR,97527,2025-07-16 15:29:11.000,BTAX-040812-07-2025,2026-07-31 15:29:11.000
HAIR BY MIRANDA HYDE,MIRANDA HYDE,Inside City Limits,812112,Beauty Salon,HAIR REPUBLIC / REGISTRY # 172677990,2020-12-01 00:00:00.000,ac7ee2ae-c9d2-4a85-9846-2ec6c7cb3a73,5414411336,3488,UPPER RIVER,,,RD,,,GRANTS PASS,OR,97526,2023-11-06 14:00:00.000,BTAX-036358-11-2023,2024-11-30 14:00:00.000
HAIR BY MIRANDA HYDE," ",Inside City Limits,812112,Beauty Salon,HAIR REPUBLIC / REGISTRY # 172677990,2020-12-01 00:00:00.000,ac7ee2ae-c9d2-4a85-9846-2ec6c7cb3a73,5414411336,3488,UPPER RIVER,,,RD,,,GRANTS PASS,OR,97526,2023-11-06 14:00:00.000,BTAX-036358-11-2023,2024-11-30 14:00:00.000
HAIR CHANNEL,JOAN  PERRY-LORCH,Inside City Limits,812112,Beauty Salon,,2019-01-10 00:00:00.000,3b317c21-bd8f-4f3a-bbaa-267e9f71d560,5417611590,800,SUNNY VALLEY,,,LP,,,WOLF CREEK,OR,97497,2026-02-10 08:31:23.000,BTAX-042770-02-2026,2027-02-28 08:31:23.000
HAIR CHANNEL," ",Inside City Limits,812112,Beauty Salon,,2019-01-10 00:00:00.000,3b317c21-bd8f-4f3a-bbaa-267e9f71d560,5417611590,800,SUNNY VALLEY,,,LP,,,WOLF CREEK,OR,97497,2026-02-10 08:31:23.000,BTAX-042770-02-2026,2027-02-28 08:31:23.000
HALEY BERRY MASSAGE THERAPY," ",Inside City Limits,621399,Medical-Massage Therapy,,2012-08-30 00:00:00.000,2897AED4-DEE9-4631-B63D-788D2A4A84C8,5416609398,1145,LOUISE,,SW,CIR,,,GRANTS PASS,OR,97526,2025-11-18 12:11:47.000,BTAX-042307-11-2025,2026-11-30 12:11:47.000
HALEY BERRY MASSAGE THERAPY,HALEY BERRY,Inside City Limits,621399,Medical-Massage Therapy,,2012-08-30 00:00:00.000,2897AED4-DEE9-4631-B63D-788D2A4A84C8,5416609398,1145,LOUISE,,SW,CIR,,,GRANTS PASS,OR,97526,2025-11-18 12:11:47.000,BTAX-042307-11-2025,2026-11-30 12:11:47.000
HAMFAM INC,Karl Hamasu,Inside City Limits,561720,Cleaning Service,SERVICEMASTER OF THE ROGUE,2019-03-18 00:00:00.000,0991ec89-c5aa-4ee1-b291-327a80fd81ae,5414797266,531,PARSONS,,,DR,,,MEDFORD,OR,97501,2025-05-27 14:15:50.000,BTAX-040424-05-2025,2026-05-31 14:15:50.000
HAMFAM INC,Karl Hamasu,Inside City Limits,561720,Cleaning Service,SERVICEMASTER OF THE ROGUE,2019-03-18 00:00:00.000,0991ec89-c5aa-4ee1-b291-327a80fd81ae,5414797266,531,PARSONS,,,DR,,,MEDFORD,OR,97501,2025-05-27 14:15:50.000,BTAX-040424-05-2025,2026-05-31 14:15:50.000
"HAMLYN FAMILY, LLC"," ",Inside City Limits,531210,Real Estate Agents/Brokers,,2000-06-20 00:00:00.000,3fc5e830-25df-41a2-bb04-ab9778cd4a11,5414797204,966,6TH,,SW,ST,," ",GRANTS PASS,OR,97526,2025-09-17 10:11:49.000,BTAX-041782-09-2025,2026-08-31 10:11:49.000
"HAMLYN FAMILY, LLC",TRAVIS HAMLYN,Inside City Limits,531210,Real Estate Agents/Brokers,,2000-06-20 00:00:00.000,3fc5e830-25df-41a2-bb04-ab9778cd4a11,5414797204,966,6TH,,SW,ST,," ",GRANTS PASS,OR,97526,2025-09-17 10:11:49.000,BTAX-041782-09-2025,2026-08-31 10:11:49.000
"HAMLYN FAMILY, LLC",ROBERT HAMLYN,Inside City Limits,531210,Real Estate Agents/Brokers,,2000-06-20 00:00:00.000,3fc5e830-25df-41a2-bb04-ab9778cd4a11,5414797204,966,6TH,,SW,ST,," ",GRANTS PASS,OR,97526,2025-09-17 10:11:49.000,BTAX-041782-09-2025,2026-08-31 10:11:49.000
HANDPRINTS LLC," ",Inside City Limits,454390,Retail-Misc Direct Selling Establishment,HANDPRINTS,2023-06-11 00:00:00.000,a950ead7-19c1-489f-9f4f-2edaf0c33d59,5127748132,620,6TH,,SW,ST,,,GRANTS PASS,OR,97526,2025-05-13 15:50:58.000,BTAX-040357-05-2025,2026-05-31 15:50:58.000
HANDPRINTS LLC,JESSICA CUNNINGHAM,Inside City Limits,454390,Retail-Misc Direct Selling Establishment,HANDPRINTS,2023-06-11 00:00:00.000,a950ead7-19c1-489f-9f4f-2edaf0c33d59,5127748132,620,6TH,,SW,ST,,,GRANTS PASS,OR,97526,2025-05-13 15:50:58.000,BTAX-040357-05-2025,2026-05-31 15:50:58.000
HANNER CONSTRUCTION," ",Outside City Limits,238190,Contractor-General/Building Exterior,,2022-03-22 00:00:00.000,29083d2b-df38-44e5-877f-14d01ac10e4c,2083123910,"5821 ",AZALEA,,,DR,,,GRANTS PASS,OR,97526,2026-02-17 14:31:04.000,BTAX-042815-02-2026,2027-02-28 14:31:04.000
HANNER CONSTRUCTION,JUSTIN HANNER,Outside City Limits,238190,Contractor-General/Building Exterior,,2022-03-22 00:00:00.000,29083d2b-df38-44e5-877f-14d01ac10e4c,2083123910,"5821 ",AZALEA,,,DR,,,GRANTS PASS,OR,97526,2026-02-17 14:31:04.000,BTAX-042815-02-2026,2027-02-28 14:31:04.000
HANNIGAN ELECTRIC LLC,Thaddeus Hannigan,Outside City Limits,238210,Contractor-Electrical,,2021-12-06 00:00:00.000,dcec66cc-64b0-4c80-98ae-6f5f7f811b2f,5416702588,452,MAIN,,N,ST,,,CANYONVILLE,OR,97417,2025-12-08 12:54:56.000,BTAX-042416-12-2025,2026-12-31 12:54:56.000
HANNIGAN ELECTRIC LLC,REANNA MEISNER,Outside City Limits,238210,Contractor-Electrical,,2021-12-06 00:00:00.000,dcec66cc-64b0-4c80-98ae-6f5f7f811b2f,5416702588,452,MAIN,,N,ST,,,CANYONVILLE,OR,97417,2025-12-08 12:54:56.000,BTAX-042416-12-2025,2026-12-31 12:54:56.000
HANNIGAN ELECTRIC LLC,THADDEUS HANNIGAN,Outside City Limits,238210,Contractor-Electrical,,2021-12-06 00:00:00.000,dcec66cc-64b0-4c80-98ae-6f5f7f811b2f,5416702588,452,MAIN,,N,ST,,,CANYONVILLE,OR,97417,2025-12-08 12:54:56.000,BTAX-042416-12-2025,2026-12-31 12:54:56.000
"HANNUM CONSTRUCTION           ",KENNETH HANNUM,Inside City Limits,238190,Contractor-General/Building Exterior,,1997-08-22 00:00:00.000,07466052-CD25-4D96-85A0-F10DEBDA97DF,5416594579,1916,"GAFFNEY ",,,WAY,,,GRANTS PASS,OR,97527,2025-08-12 14:57:56.000,BTAX-041194-08-2025,2026-08-31 14:57:56.000
HAPA ADVANCED AESTHETICS,MADELINE SCHILTZ,Inside City Limits,812112,Beauty Salon,,2018-08-30 00:00:00.000,5e850dfa-3f52-4447-ba96-cbf0d519319e,5412182047,387,WAGNER MEADOWS,,SW,DR,,,GRANTS PASS,OR,97526,2026-03-10 14:43:31.000,BTAX-042940-03-2026,2027-03-31 14:43:31.000
HAPA ADVANCED AESTHETICS," ",Inside City Limits,812112,Beauty Salon,,2018-08-30 00:00:00.000,5e850dfa-3f52-4447-ba96-cbf0d519319e,5412182047,387,WAGNER MEADOWS,,SW,DR,,,GRANTS PASS,OR,97526,2026-03-10 14:43:31.000,BTAX-042940-03-2026,2027-03-31 14:43:31.000
HARBOR FREIGHT TOOLS #811," ",Inside City Limits,452990,"Retail-General Merchandise ",,2017-04-25 00:00:00.000,7e033ffd-1c9c-46bd-ace5-37e93358a953,8188365001,ATTN LEGAL COMPLIANCE HQE,,26677 AGOURA RD,,,,,CALABASAS,CA,913021959,2025-07-02 09:56:27.000,BTAX-040599-07-2025,2026-07-31 09:56:27.000
"HART JEWELERS                 ","TOM HART JR, TOM HART SR & CHERLE & RON HIX",Inside City Limits,448310,Retail-Jewelry Store,,2001-06-25 00:00:00.000,F7750D7D-9C9B-41BB-9D23-A329070ACDE7,5414765543,235,6TH,,SE,ST,,,GRANTS PASS,OR,97526,2025-09-03 11:44:40.000,BTAX-041626-09-2025,2026-08-31 11:44:40.000
HARTWELL FARMS," ",Inside City Limits,445230,Food-Fruits & Vegetables Market,HARTWELL FARMS MICROGREENS,2019-07-08 00:00:00.000,6ddc45c9-5e7f-4a1c-b3fa-10d725af7ab1,5412189065,1314,ISHAM,,SW,ST,,,GRANTS PASS,OR,97526,2025-10-24 15:05:08.000,BTAX-042126-10-2025,2026-09-30 15:05:08.000
HARTWELL FARMS,DAN HARTWELL,Inside City Limits,445230,Food-Fruits & Vegetables Market,HARTWELL FARMS MICROGREENS,2019-07-08 00:00:00.000,6ddc45c9-5e7f-4a1c-b3fa-10d725af7ab1,5412189065,1314,ISHAM,,SW,ST,,,GRANTS PASS,OR,97526,2025-10-24 15:05:08.000,BTAX-042126-10-2025,2026-09-30 15:05:08.000
"HARVEY & PRICE COMPANY        ","ED PORTZ &  MICHELLE CROSS ",Outside City Limits,238220,Contractor-HVAC Services,,1962-01-01 00:00:00.000,6C713167-1442-4A7C-9A75-21FE348F4FE5,5417461621,2015,"NUGGET ",,,WAY,,,EUGENE,OR,97403,2025-07-22 15:59:37.000,BTAX-040916-07-2025,2026-07-31 15:59:37.000
"HASCO STATIONS, LLC"," ",Inside City Limits,447190,Gas Station,,2024-01-23 00:00:00.000,c3d97769-0b86-4f5e-a4ed-e6ba55d0d647,7147615426241,2860,SANTIAGO,,N,BLVD,,,ORANGE,CA,928671722,2026-02-13 12:28:39.000,BTAX-042797-02-2026,2027-02-28 12:28:39.000
"HASCO STATIONS, LLC"," ",Inside City Limits,447190,Gas Station,,2024-01-25 00:00:00.000,fbb9a107-1158-47a5-b78b-73c7bd630975,7147615426241,2860,SANTIAGO,,N,BLVD,,,ORANGE,CA,928671722,2026-02-13 12:33:58.000,BTAX-042798-02-2026,2027-02-28 12:33:58.000
"HASCO STATIONS, LLC",SALAHEDDIN HASSAN,Inside City Limits,447190,Gas Station,,2024-01-23 00:00:00.000,c3d97769-0b86-4f5e-a4ed-e6ba55d0d647,7147615426241,2860,SANTIAGO,,N,BLVD,,,ORANGE,CA,928671722,2026-02-13 12:28:39.000,BTAX-042797-02-2026,2027-02-28 12:28:39.000
"HASCO STATIONS, LLC",SALAHEDDIN HASSAN,Inside City Limits,447190,Gas Station,,2024-01-25 00:00:00.000,fbb9a107-1158-47a5-b78b-73c7bd630975,7147615426241,2860,SANTIAGO,,N,BLVD,,,ORANGE,CA,928671722,2026-02-13 12:33:58.000,BTAX-042798-02-2026,2027-02-28 12:33:58.000
"HAVOC                         ",ETHAN KLINE,Inside City Limits,448150,Retail-Clothing & Accessories,,2006-08-15 00:00:00.000,61D5A2DC-4B25-4A65-A620-7B02C50DF2CD,5414794846,791,6TH,,SE,ST,,,GRANTS PASS,OR,97526,2025-07-30 12:00:45.000,BTAX-041037-07-2025,2026-07-31 12:00:45.000
"HAWKS INN               ",WENDY HAWKINS,Inside City Limits,531110,Rental Units/Landlord,,2008-01-04 00:00:00.000,32D63178-B165-4DD2-A96E-0032AA4983C7,5037847357,2536,STRINGER GAP,,,RD,,,GRANTS PASS,OR,97527,2025-08-28 14:49:58.000,BTAX-041578-08-2025,2026-08-31 14:49:58.000
"HAWKS INN               "," ",Inside City Limits,531110,Rental Units/Landlord,,2008-01-04 00:00:00.000,32D63178-B165-4DD2-A96E-0032AA4983C7,5037847357,2536,STRINGER GAP,,,RD,,,GRANTS PASS,OR,97527,2025-08-28 14:49:58.000,BTAX-041578-08-2025,2026-08-31 14:49:58.000
HAWLEY'S HAULING LLC,NICHOLAS HAWLEY,Outside City Limits,484110,Transportation-Trucking (Local),,2022-04-13 00:00:00.000,dbb24ba2-ba5b-476e-827d-c4354e923e06,5417875357,2713,APPLEGATE,,,AVE,,,GRANTS PASS,OR,97527,2025-07-07 11:39:33.000,BTAX-040613-07-2025,2026-07-31 11:39:33.000
HAWLEY'S HAULING LLC," ",Outside City Limits,484110,Transportation-Trucking (Local),,2022-04-13 00:00:00.000,dbb24ba2-ba5b-476e-827d-c4354e923e06,5417875357,2713,APPLEGATE,,,AVE,,,GRANTS PASS,OR,97527,2025-07-07 11:39:33.000,BTAX-040613-07-2025,2026-07-31 11:39:33.000
HD YORK INSURANCE & ASSOC.," ",Inside City Limits,524210,Insurance Agency & Brokerages,HD YORK INSURANCE & ASSOC.,2018-02-08 00:00:00.000,98fd2c57-3713-4584-9169-c2443d55f589,5414745635,302,4TH,,NW,ST,,,GRANTS PASS,OR,97526,2025-10-06 15:44:03.000,BTAX-041950-10-2025,2026-10-31 15:44:03.000
HD YORK INSURANCE & ASSOC.,NIKKI APLAND,Inside City Limits,524210,Insurance Agency & Brokerages,HD YORK INSURANCE & ASSOC.,2018-02-08 00:00:00.000,98fd2c57-3713-4584-9169-c2443d55f589,5414745635,302,4TH,,NW,ST,,,GRANTS PASS,OR,97526,2025-10-06 15:44:03.000,BTAX-041950-10-2025,2026-10-31 15:44:03.000
"HEADHUNTERS SALON & SPA       ",CONNIE PROUDFIT,Inside City Limits,812112,Beauty Salon,,2001-11-14 00:00:00.000,A63EB1CF-90B8-48E0-8CBD-99DA6513D6FC,5414714323,204,G,,SW,ST,,,GRANTS PASS,OR,97526,2025-12-08 12:01:30.000,BTAX-042407-12-2025,2026-12-31 12:01:30.000
"HEALING TOUCH MASSAGE         ",ELIZABETH  HALL,Inside City Limits,621399,Medical-Massage Therapy,,2013-07-01 00:00:00.000,3191C0CE-7578-4AD4-B109-4856E841D1DC,5416018939,1016,"FALL ",,NE,DR,,,GRANTS PASS,OR,97526,2025-08-14 15:14:56.000,BTAX-041273-08-2025,2026-08-31 15:14:56.000
"HEALTHY BODY MASSAGE THERAPY LLC "," ",Inside City Limits,621399,Medical-Massage Therapy,,2008-01-31 00:00:00.000,D1397ED7-A5E5-4EA9-A733-DA8C299A5A7D,5416599321,530,E,,NE,ST,,,GRANTS PASS,OR,97526,2025-06-04 15:11:45.000,BTAX-040465-06-2025,2026-06-30 15:11:45.000
"HEARTLAND ACADEMY OF DANCE & THEATRICS, LLC",LAUREL & BRENT KEHOE,Inside City Limits,711120,Dance Studio,,2023-07-20 00:00:00.000,ABD46C57-873B-467C-9AF7-DE8A3F0608E9,5414505283,321,JILLANA TER,,,,,,GRANTS PASS,OR,97527,2025-09-15 10:25:47.000,BTAX-041755-09-2025,2026-09-30 10:25:47.000
HEARTS WITH A MISSION," ",Inside City Limits,624221,Social Svcs-Temporary Shelter,,2016-07-01 00:00:00.000,981e8a87-7648-4eea-a9ef-5708a6238c50,5416467385,711,MEDFORD CENTER #334,,,,,,MEDFORD,OR,97504,2025-07-10 12:23:31.000,BTAX-040650-07-2025,2026-07-31 12:23:31.000
HEARTS WITH A MISSION,KEVIN LAMSON,Inside City Limits,624221,Social Svcs-Temporary Shelter,,2016-07-01 00:00:00.000,981e8a87-7648-4eea-a9ef-5708a6238c50,5416467385,711,MEDFORD CENTER #334,,,,,,MEDFORD,OR,97504,2025-07-10 12:23:31.000,BTAX-040650-07-2025,2026-07-31 12:23:31.000
"HEATHER L HOLT LAW OFFICE     ",HEATHER  HOLT,Inside City Limits,541110,Lawyer,,1994-07-01 00:00:00.000,8BD54667-E516-46DE-AFD8-C496ABCF75D4,5419551690,910,D,,NE,ST,,,GRANTS PASS,OR,97526,2025-09-23 11:08:34.000,BTAX-041860-09-2025,2026-09-30 11:08:34.000
"HEATHER LINNEMEYER LLC        ",HEATHER  LINNEMEYER,Inside City Limits,621399,Medical-Massage Therapy,,1997-07-10 00:00:00.000,733CE19A-10F8-4B6F-9EAB-F215F8F2DABC,5416608367,777,7TH,,NE,ST,,SUITE 211,GRANTS PASS,OR,97526,2025-07-25 15:31:12.000,BTAX-040998-07-2025,2026-07-31 15:31:12.000
"HEAVENLY SWEETS BAKERY        "," ",Inside City Limits,311811,Bakery,,2014-01-03 00:00:00.000,24D77FF5-73C8-43EB-A3F3-132D50723440,5419559485,539,EVANS CREEK,,W,RD,,,ROGUE RIVER,OR,97537,2025-08-28 16:21:22.000,BTAX-041587-08-2025,2026-08-31 16:21:22.000
"HEAVENLY SWEETS BAKERY        ",BRITTANY HOLCOMB,Inside City Limits,311811,Bakery,,2014-01-03 00:00:00.000,24D77FF5-73C8-43EB-A3F3-132D50723440,5419559485,539,EVANS CREEK,,W,RD,,,ROGUE RIVER,OR,97537,2025-08-28 16:21:22.000,BTAX-041587-08-2025,2026-08-31 16:21:22.000
"HEAVENLY SWEETS BAKERY        ",BRITTANY BROOKS YVETTE BARTHOLOMEW,Inside City Limits,311811,Bakery,,2014-01-03 00:00:00.000,24D77FF5-73C8-43EB-A3F3-132D50723440,5419559485,539,EVANS CREEK,,W,RD,,,ROGUE RIVER,OR,97537,2025-08-28 16:21:22.000,BTAX-041587-08-2025,2026-08-31 16:21:22.000
HEIRLOOM LIVING CENTERS LLC,"BAKER, MASTERS &  CHMELIR",Inside City Limits,623110,Medical-Nursing Care Facility,KINSINGTON PLACE,2011-01-14 00:00:00.000,FFB645B5-30C5-4392-AB1A-B7D3D5F5E34B,,1840,BARNET,,E,RD,,SUITE G,MEDFORD,OR,97504,2025-08-22 11:30:21.000,BTAX-041504-08-2025,2026-08-31 11:30:21.000
HEIRLOOM LIVING CENTERS LLC,JOHN  CHMELIR,Inside City Limits,623110,Medical-Nursing Care Facility,KINSINGTON AT REDWOOD PARK,2015-11-12 00:00:00.000,07115399-FA41-4944-A228-7FD9A42A37DC,5414762536,1840,BARNETT,,E,RD,,SUITE G,MEDFORD,OR,97504,2025-08-22 11:33:40.000,BTAX-041505-08-2025,2026-08-31 11:33:40.000
"HEIRLOOM ORGANICS LLC        ","MICHAEL & COLE, MARK  MORRIS",Inside City Limits,446191,Retail-Health Food & Supplements,,2009-09-15 00:00:00.000,EC3F41E8-9037-4D62-8188-79B611D3EF18,5413064278,2001,FOOTHILL,,NE,BLVD,,STE A9,GRANTS PASS,OR,97526,2025-08-20 12:46:59.000,BTAX-041455-08-2025,2026-08-31 12:46:59.000
"HELCO ELECTRIC LLC            ",LEE HELLER,Inside City Limits,238210,Contractor-Electrical,,1990-07-01 00:00:00.000,4611555D-AF2F-4C47-963A-D438A7F0092E,5414744626,503,H,,SE,ST,,,GRANTS PASS,OR,97526,2025-08-18 14:52:45.000,BTAX-041330-08-2025,2026-07-31 14:52:45.000
"HELLGATE JETBOAT EXCURSIONS   ",ROBERT  HAMLYN,Inside City Limits,561520,Tour Operator,,2010-10-18 00:00:00.000,E9CD1112-4F88-4E2B-9E49-4A00DD28A04F,5414797204,966,6TH,,SW,ST,,,GRANTS PASS,OR,97526,2025-10-29 12:42:52.000,BTAX-042151-10-2025,2026-10-31 12:42:52.000
HELPING SENIORS LLC,MARGARET BURKE,Inside City Limits,623312,Medical-Assisted Living Facility/Elderly,,2021-09-15 00:00:00.000,098eafc6-33d3-4fc0-a458-f815bc5a8e74,5412952002,1728,HIGHLAND,,NW,AVE,,,GRANTS PASS,OR,97526,2025-10-20 14:51:43.000,BTAX-042068-10-2025,2026-10-31 14:51:43.000
HELPING SENIORS LLC," ",Inside City Limits,623312,Medical-Assisted Living Facility/Elderly,,2021-09-15 00:00:00.000,098eafc6-33d3-4fc0-a458-f815bc5a8e74,5412952002,1728,HIGHLAND,,NW,AVE,,,GRANTS PASS,OR,97526,2025-10-20 14:51:43.000,BTAX-042068-10-2025,2026-10-31 14:51:43.000
HEN HOUSE TATTOO LLC," ",Inside City Limits,812199,Tattoo/Piercing Shop,,2023-08-01 00:00:00.000,d2fad920-cfb6-4429-a40c-eb649a964f35,5412441141,214,6TH,,NW,ST,,,GRANTS PASS,OR,97526,2025-08-15 16:15:18.000,BTAX-041300-08-2025,2026-08-31 16:15:18.000
HEN HOUSE TATTOO LLC,HALEY BARTOW,Inside City Limits,812199,Tattoo/Piercing Shop,,2023-08-01 00:00:00.000,d2fad920-cfb6-4429-a40c-eb649a964f35,5412441141,214,6TH,,NW,ST,,,GRANTS PASS,OR,97526,2025-08-15 16:15:18.000,BTAX-041300-08-2025,2026-08-31 16:15:18.000
HEN HOUSE TATTOO LLC,DANIEL BARTOW,Inside City Limits,812199,Tattoo/Piercing Shop,,2023-08-01 00:00:00.000,d2fad920-cfb6-4429-a40c-eb649a964f35,5412441141,214,6TH,,NW,ST,,,GRANTS PASS,OR,97526,2025-08-15 16:15:18.000,BTAX-041300-08-2025,2026-08-31 16:15:18.000
"HENDERSHOTT SCHOOL OF GUITAR  ",PAUL V  HENDERSHOTT,Inside City Limits,611699,Education-Misc Schools & Institutions,,1993-11-03 00:00:00.000,E1EBB1A6-F0F4-4346-AECD-FE27029A1C98,5414760631,126,H,,SW,ST,,,GRANTS PASS,OR,97526,2025-09-04 12:21:13.000,BTAX-041631-09-2025,2026-09-30 12:21:13.000
"HENDERSON'S LINE-UP BRAKE     ",ROBERT A  HENDERSON,Inside City Limits,811111,Auto-General Repair,,1961-01-01 00:00:00.000,1C9AF8E6-95D3-4C3A-B659-FC3B29679821,5414792882,417,HENDERSON,,SW,LN,,,GRANTS PASS,OR,97527,2025-08-20 12:25:38.000,BTAX-041451-08-2025,2026-08-31 12:25:38.000
HENRIS ROOFING & SUPPLY OF OREGON INC," ",Outside City Limits,238160,Roofing,,2017-09-14 00:00:00.000,f64bb0f5-d701-481a-8547-c2abdbd90c75,5418846161,410,ADAMS,,,ST,,,KLAMATH FALLS,OR,97601,2025-09-10 11:13:23.000,BTAX-041726-09-2025,2026-09-30 11:13:23.000
HENRIS ROOFING & SUPPLY OF OREGON INC,MIKE BRAY,Outside City Limits,238160,Roofing,,2017-09-14 00:00:00.000,f64bb0f5-d701-481a-8547-c2abdbd90c75,5418846161,410,ADAMS,,,ST,,,KLAMATH FALLS,OR,97601,2025-09-10 11:13:23.000,BTAX-041726-09-2025,2026-09-30 11:13:23.000
HENRIS ROOFING & SUPPLY OF OREGON INC,ERIC BAKER,Outside City Limits,238160,Roofing,,2017-09-14 00:00:00.000,f64bb0f5-d701-481a-8547-c2abdbd90c75,5418846161,410,ADAMS,,,ST,,,KLAMATH FALLS,OR,97601,2025-09-10 11:13:23.000,BTAX-041726-09-2025,2026-09-30 11:13:23.000
"HENRY GUERRERO DENTAL LAB     ",HENRY  GUERRERO,Inside City Limits,541380,Laboratory,,2001-07-01 00:00:00.000,FC401A4F-348E-42B8-84E2-A6615F35FFEB,5416604541,1317,"10TH ",,NE,ST,,,GRANTS PASS,OR,97526,2025-09-05 15:43:09.000,BTAX-041664-09-2025,2026-09-30 15:43:09.000
HERBERT E & VALERIE NEELUND REAL ESTATE,HERBERT & VALERIE  NEELUND,Outside City Limits,531110,Rental Units/Landlord,,1989-07-01 00:00:00.000,B8555DCC-2265-46C8-AB3E-5C8D0E37EC53,5416606872,PO BOX 1527,,,,,,,GRANTS PASS,OR,97528,2025-08-06 12:36:30.000,BTAX-041112-08-2025,2026-07-31 12:36:30.000
"HERITAGE PLUMBING             ",ERIC SAMUELSEN,Inside City Limits,238220,Plumber,,1997-09-05 00:00:00.000,3BCF76E7-721E-4BE9-8CD5-8F3BB0C84F6E,5414747749,678,ERIC,,,LP,,,GRANTS PASS,OR,97526,2025-10-20 15:59:38.000,BTAX-042080-10-2025,2026-10-31 15:59:38.000
HEX LAWN MAINTENANCE,HECTOR PINTO-PEREZ,Outside City Limits,561730,Yard Services,,2022-10-11 00:00:00.000,94fb98cd-c4ed-465c-aac7-ff5ed3aae90b,5412918955,2335,LEONARD,,,RD,,,GRANTS PASS,OR,97527,2026-01-02 14:41:16.000,BTAX-042542-01-2026,2027-01-31 14:41:16.000
"HICKEY FLOOR COVERING         ",ANTHONY HICKEY,Inside City Limits,442210,Retail-Floor Coverings,,1999-05-27 00:00:00.000,A80FFE95-B7E5-4BB1-8AE7-979ABE39A0D1,5414410938,1495,"FOUNDRY ",,SW,ST,,,GRANTS PASS,OR,97526,2025-07-14 09:40:30.000,BTAX-040702-07-2025,2026-07-31 09:40:30.000
HIGH COUNTRY LANDSCAPE MAINTENANCE,MELVIN STEWARD,Outside City Limits,541320,Landscaping Services,,2016-08-16 00:00:00.000,625f3f5a-fa46-4930-b481-e58180da8eaa,5417610682,PO BOX 678,,,,,,,WILDERVILLE,OR,97543,2025-08-19 11:39:05.000,BTAX-041390-08-2025,2026-08-31 11:39:05.000
HIGH COUNTRY LANDSCAPE MAINTENANCE," ",Outside City Limits,541320,Landscaping Services,,2016-08-16 00:00:00.000,625f3f5a-fa46-4930-b481-e58180da8eaa,5417610682,PO BOX 678,,,,,,,WILDERVILLE,OR,97543,2025-08-19 11:39:05.000,BTAX-041390-08-2025,2026-08-31 11:39:05.000
HIGHER SELF TATTOO,JOHN  GIAMMONA,Inside City Limits,812199,Tattoo/Piercing Shop,,2016-11-29 00:00:00.000,8d0b63c8-6fc1-416a-91f2-49a33c8fe93e,5417614296,709,MEMORIAL,,NE,DR,,,GRANTS PASS,OR,97526,2025-08-08 12:46:06.000,BTAX-041126-08-2025,2026-08-31 12:46:06.000
HIGHER SELF TATTOO," ",Inside City Limits,812199,Tattoo/Piercing Shop,,2016-11-29 00:00:00.000,8d0b63c8-6fc1-416a-91f2-49a33c8fe93e,5417614296,709,MEMORIAL,,NE,DR,,,GRANTS PASS,OR,97526,2025-08-08 12:46:06.000,BTAX-041126-08-2025,2026-08-31 12:46:06.000
HIGHLAND HEIGHTS MOBILE HOME PARK,ATRICK & JACQUELINE PATTERSON,Inside City Limits,721211,RV Parks & Campgrounds,,1990-11-01 00:00:00.000,45E86E34-0DB9-4EC4-B145-94F6CD7A1694,5416609866,PO BOX 1749,,,,,,,GRANTS PASS,OR,97528,2025-08-05 11:04:18.000,BTAX-041100-08-2025,2026-08-31 11:04:18.000
"HIGHLAND MARKET               ",DAN  VESTA CLAFLIN,Inside City Limits,452990,"Retail-General Merchandise ",,2024-05-23 00:00:00.000,3DD3A741-CC62-4D8A-B115-3B21619788EB,5414790044,1824,"HIGHLAND ",,NW,AVE,,,GRANTS PASS,OR,97526,2025-08-14 12:13:25.000,BTAX-041250-08-2025,2026-08-31 12:13:25.000
HIGHLAND NEIGHBORHOOD BARBER,BAYLOR VONDAUDT,Inside City Limits,812111,Barber Shop,,2023-06-01 00:00:00.000,f00d7630-0ac7-4047-b373-0405733a8509,5037298602,1608,HIGHLAND,,NW,AVE,,,GRANTS PASS,OR,97526,2025-07-24 14:46:26.000,BTAX-040961-07-2025,2026-06-30 14:46:26.000
HILARY'S HEALING HANDS,HILARY BOTTI,Inside City Limits,621399,Medical-Massage Therapy,,2019-08-12 00:00:00.000,debc885d-eb90-4492-870c-4de31369c380,5414505762,"199 ",PALOS VERDES,,,DR,,,GRANTS PASS,OR,97526,2025-08-14 15:15:50.000,BTAX-041274-08-2025,2026-08-31 15:15:50.000
HILARY'S HEALING HANDS," ",Inside City Limits,621399,Medical-Massage Therapy,,2019-08-12 00:00:00.000,debc885d-eb90-4492-870c-4de31369c380,5414505762,"199 ",PALOS VERDES,,,DR,,,GRANTS PASS,OR,97526,2025-08-14 15:15:50.000,BTAX-041274-08-2025,2026-08-31 15:15:50.000
Hippy Shake," ",Outside City Limits,452990,"Retail-General Merchandise ",,2023-04-01 00:00:00.000,77577b6a-e510-4833-a2c4-8d64f7b17bcd,5416590041,1204,COTTONWOOD,,SW,ST,,,GRANTS PASS,OR,97526,2025-04-14 12:55:58.000,BTAX-040201-04-2025,2026-04-30 12:55:58.000
Hippy Shake,JON IRELAND,Outside City Limits,452990,"Retail-General Merchandise ",,2023-04-01 00:00:00.000,77577b6a-e510-4833-a2c4-8d64f7b17bcd,5416590041,1204,COTTONWOOD,,SW,ST,,,GRANTS PASS,OR,97526,2025-04-14 12:55:58.000,BTAX-040201-04-2025,2026-04-30 12:55:58.000
HOBART TRUCKING AND EXCAVATION LLC,JUSTIN HOBART,Outside City Limits,484110,Transportation-Trucking (Local),,2022-10-17 00:00:00.000,6e295538-9210-4d34-9305-8159fe24699a,5412181123,2350,ABEGG,,,RD,,,MERLIN,OR,97532,2025-12-01 16:12:45.000,BTAX-042363-12-2025,2026-12-31 16:12:45.000
"HOFFBUHR & ASSOCIATES INC     ",DENNIS  HOFFBUHR,Outside City Limits,541370,Surveying/Mapping Services,,2001-09-12 00:00:00.000,5E4C097F-6D0B-4163-8AC9-82DDD225A574,5417794641,880,"GOLF VIEW DRIVE #201    ",,,DR,,,MEDFORD,OR,97504,2025-09-08 14:41:19.000,BTAX-041684-09-2025,2026-09-30 14:41:19.000
"HOLDER HOMES LLC             ",LANCE  HOLDER,Inside City Limits,238190,Contractor-General/Building Exterior,,2004-12-01 00:00:00.000,1A9575CA-3709-4EDB-8565-D0E7BCEA07D3,5414746828,PO BOX 2409,,,,,,,GRANTS PASS,OR,97528,2025-09-08 14:26:34.000,BTAX-041682-09-2025,2026-07-31 14:26:34.000
HOLIDAY GARDEN APARTMENTS LLC," ",Inside City Limits,531110,Rental Units/Landlord,HOLIDAY GARDEN APARTMENTS GRANTS PASS,2017-12-27 00:00:00.000,f79cba0f-627b-4978-9891-7439cf2f76be,5412635676,PO BOX 490,,,,,,,ENTERPRISE,OR,97828,2026-03-09 12:24:05.000,BTAX-042910-03-2026,2027-03-31 12:24:05.000
HOLIDAY INN EXPRESS GRANTS PASS,ROBERT & SHIRLEY  JENSEN,Inside City Limits,721110,Hotel/Motel,,1994-04-29 00:00:00.000,547ED227-218A-4546-B81A-E82EEB0DF4DF,5414716144,105,AGNESS,,NE,AVE,,,GRANTS PASS,OR,97526,2025-04-16 14:35:53.000,BTAX-040228-04-2025,2026-04-30 14:35:53.000
"HOLLAND CAPITAL MANAGEMENT    ",ROBERT  HOLLAND,Inside City Limits,523999,Finance-Investment Activities,,2006-04-01 00:00:00.000,163D7BF3-DF74-4565-9796-B9799B28D0DF,5419564200,315,7TH,,SE,ST,,,GRANTS PASS,OR,97526,2025-11-21 11:04:45.000,BTAX-042332-11-2025,2026-11-30 11:04:45.000
HOLLOW CLOSET ESTATE SALES," ",Outside City Limits,531320,Real Estate Appraisal & Sales,,2022-04-15 00:00:00.000,63e98aa7-62ef-41b7-9af8-c2af80f5b299,5414411353,1008,PEPPERWOOD,,NE,DR,,,GRANTS PASS,OR,97526,2025-06-18 14:48:22.000,BTAX-040531-06-2025,2026-06-30 14:48:22.000
HOLLOW CLOSET ESTATE SALES,QUINTYN & ROBIN ZILEMBO,Outside City Limits,531320,Real Estate Appraisal & Sales,,2022-04-15 00:00:00.000,63e98aa7-62ef-41b7-9af8-c2af80f5b299,5414411353,1008,PEPPERWOOD,,NE,DR,,,GRANTS PASS,OR,97526,2025-06-18 14:48:22.000,BTAX-040531-06-2025,2026-06-30 14:48:22.000
HOLLY A PRESLAR ATTORNEY AT LAW,HOLLY PRESLAR,Inside City Limits,541110,Lawyer,,1996-11-11 00:00:00.000,418B038C-96DE-4FA7-9168-BDB858C11B43,5414746200,620,4TH,,SW,ST,," ",GRANTS PASS,OR,97526,2025-08-01 14:56:05.000,BTAX-041072-08-2025,2026-07-31 14:56:05.000
HOLLY SPITZ,HOLLY SPITZ,Inside City Limits,524210,Insurance Agency & Brokerages,SPITZ INSURANCE AGENCY,2021-10-01 00:00:00.000,1869a65a-fa04-4788-83c7-225afa8a5e92,5414797312,111,MAIN,,E,ST,,,ROGUE RIVER,OR,97537,2025-08-18 16:07:51.000,BTAX-041346-08-2025,2026-08-31 16:07:51.000
HOLLY SPITZ," ",Inside City Limits,524210,Insurance Agency & Brokerages,SPITZ INSURANCE AGENCY,2021-10-01 00:00:00.000,1869a65a-fa04-4788-83c7-225afa8a5e92,5414797312,111,MAIN,,E,ST,,,ROGUE RIVER,OR,97537,2025-08-18 16:07:51.000,BTAX-041346-08-2025,2026-08-31 16:07:51.000
"HOLMBECK LAW LLC          ","  ",Inside City Limits,541110,Lawyer,,2006-01-01 00:00:00.000,05F09E09-11A5-4ED4-9971-BFC7DB1078B1,5414766677,PO BOX 1600,,,,,,,GRANTS PASS,OR,97528,2025-07-22 12:59:45.000,BTAX-040889-07-2025,2026-07-31 12:59:45.000
"HOLMBECK LAW LLC          ",KATHI  HOLMBECK,Inside City Limits,541110,Lawyer,,2006-01-01 00:00:00.000,05F09E09-11A5-4ED4-9971-BFC7DB1078B1,5414766677,PO BOX 1600,,,,,,,GRANTS PASS,OR,97528,2025-07-22 12:59:45.000,BTAX-040889-07-2025,2026-07-31 12:59:45.000
HOME AWAY FROM HOME FAMILY PRESCHOOL AND CHILDCARE LLC," ",Inside City Limits,624410,Child Day Care,,2019-12-26 00:00:00.000,2485eb4b-27c1-425d-a115-7590789882e6,5412269824,1460,GRABLE,,NE,DR,,,GRANTS PASS,OR,97526,2025-04-18 15:02:12.000,BTAX-040236-04-2025,2026-04-30 15:02:12.000
HOME AWAY FROM HOME FAMILY PRESCHOOL AND CHILDCARE LLC," ",Inside City Limits,624410,Child Day Care,,2019-12-26 00:00:00.000,2485eb4b-27c1-425d-a115-7590789882e6,5412269824,1460,GRABLE,,NE,DR,,,GRANTS PASS,OR,97526,2025-08-06 16:20:14.000,BTAX-041116-08-2025,2026-08-31 16:20:14.000
HOME AWAY FROM HOME FAMILY PRESCHOOL AND CHILDCARE LLC,AMBER OLDRIDGE,Inside City Limits,624410,Child Day Care,,2019-12-26 00:00:00.000,2485eb4b-27c1-425d-a115-7590789882e6,5412269824,1460,GRABLE,,NE,DR,,,GRANTS PASS,OR,97526,2025-04-18 15:02:12.000,BTAX-040236-04-2025,2026-04-30 15:02:12.000
HOME AWAY FROM HOME FAMILY PRESCHOOL AND CHILDCARE LLC,AMBER OLDRIDGE,Inside City Limits,624410,Child Day Care,,2019-12-26 00:00:00.000,2485eb4b-27c1-425d-a115-7590789882e6,5412269824,1460,GRABLE,,NE,DR,,,GRANTS PASS,OR,97526,2025-08-06 16:20:14.000,BTAX-041116-08-2025,2026-08-31 16:20:14.000
"HOME AWAY FROM HOME PET SPA   ",SANDRA M  MAZUREK,Inside City Limits,812910,Pet Care Services,,1997-12-13 00:00:00.000,B1744F35-837D-44E8-A86F-63B3B81EF2A3,5414718775,100,MILL,,NE,ST,,,GRANTS PASS,OR,97526,2025-11-14 09:48:09.000,BTAX-042284-11-2025,2026-11-30 09:48:09.000
HOMEBRIDGING GP INC," CHAD  HANSEN",Inside City Limits,238190,Contractor-General/Building Exterior,,2022-09-08 00:00:00.000,eb9b00eb-f71a-42d8-baa2-653f506b38c2,(541) 660-6895,101,ASSEMBLY,,,CIR,,,GRANTS PASS,OR,97526,2025-11-24 11:18:54.000,BTAX-042340-11-2025,2026-11-30 11:18:54.000
HONE BROTHERS RETAIL LLC," ",Inside City Limits,444220,Retail-Nursery & Garden Center,ENDLESS SUMMER GARDEN SUPPLY,2017-02-03 00:00:00.000,b93125d5-bc26-4d65-883e-dde2df59b675,5414746000,310,MORGAN,,NW,LN,,,GRANTS PASS,OR,97526,2025-07-11 15:50:04.000,BTAX-040694-07-2025,2026-07-31 15:50:04.000
HONE BROTHERS RETAIL LLC,GAVIN HONE,Inside City Limits,444220,Retail-Nursery & Garden Center,ENDLESS SUMMER GARDEN SUPPLY,2017-02-03 00:00:00.000,b93125d5-bc26-4d65-883e-dde2df59b675,5414746000,310,MORGAN,,NW,LN,,,GRANTS PASS,OR,97526,2025-07-11 15:50:04.000,BTAX-040694-07-2025,2026-07-31 15:50:04.000
HONE BROTHERS RETAIL LLC,BRIAN HONE,Inside City Limits,444220,Retail-Nursery & Garden Center,ENDLESS SUMMER GARDEN SUPPLY,2017-02-03 00:00:00.000,b93125d5-bc26-4d65-883e-dde2df59b675,5414746000,310,MORGAN,,NW,LN,,,GRANTS PASS,OR,97526,2025-07-11 15:50:04.000,BTAX-040694-07-2025,2026-07-31 15:50:04.000
"HONEA CONSTRUCTION            "," ",Outside City Limits,236118,Const-Residential Remodeler,,2006-12-07 00:00:00.000,47C38E13-05A4-4F90-BDD2-5B4971EAF68A,5416606493,1000,WARDS CREEK,,,RD,,,ROGUE RIVER,OR,97537,2026-01-15 10:44:45.000,BTAX-042639-01-2026,2027-01-31 10:44:45.000
"HONEA CONSTRUCTION            ",DALE HONEA,Outside City Limits,236118,Const-Residential Remodeler,,2006-12-07 00:00:00.000,47C38E13-05A4-4F90-BDD2-5B4971EAF68A,5416606493,1000,WARDS CREEK,,,RD,,,ROGUE RIVER,OR,97537,2026-01-15 10:44:45.000,BTAX-042639-01-2026,2027-01-31 10:44:45.000
"HONEST LANDSCAPE MAINTENANCE  ",KEVIN  BROWN,Inside City Limits,541320,Landscaping Services,,2007-12-12 00:00:00.000,6A51116F-1758-4165-8F42-B37FF20FB8F8,5414767932,1996,CLOVERLAWN,," ",DR,," ",GRANTS PASS,OR,97527,2025-08-01 08:51:57.000,BTAX-041051-08-2025,2026-07-31 08:51:57.000
HONG KONG RESTAURANT SOO LIP," ",Inside City Limits,722511,Restaurant,,2007-11-20 00:00:00.000,99FE5480-32E6-4D5B-B5F8-72AC29438359,5414764244,820,6TH,,NW,ST,,,GRANTS PASS,OR,97526,2025-11-19 09:13:50.000,BTAX-042317-11-2025,2026-11-30 09:13:50.000
HONG KONG RESTAURANT SOO LIP,RU ZHAO,Inside City Limits,722511,Restaurant,,2007-11-20 00:00:00.000,99FE5480-32E6-4D5B-B5F8-72AC29438359,5414764244,820,6TH,,NW,ST,,,GRANTS PASS,OR,97526,2025-11-19 09:13:50.000,BTAX-042317-11-2025,2026-11-30 09:13:50.000
"HOPE FAMILY GARDENS LLC           ",DUSTIN HOPE,Inside City Limits,541320,Landscaping Services,,2014-06-05 00:00:00.000,D9E5B9A0-4F10-412A-A70F-76E624C9D87B,5417614477,958,PARK,,W,ST,,,GRANTS PASS,OR,97527,2025-05-19 12:11:56.000,BTAX-040393-05-2025,2026-05-31 12:11:56.000
"HOPE FAMILY GARDENS LLC           "," ",Inside City Limits,541320,Landscaping Services,,2014-06-05 00:00:00.000,D9E5B9A0-4F10-412A-A70F-76E624C9D87B,5417614477,958,PARK,,W,ST,,,GRANTS PASS,OR,97527,2025-05-19 12:11:56.000,BTAX-040393-05-2025,2026-05-31 12:11:56.000
"HOPE FAMILY GARDENS LLC           ",KATELYN HOPE,Inside City Limits,541320,Landscaping Services,,2014-06-05 00:00:00.000,D9E5B9A0-4F10-412A-A70F-76E624C9D87B,5417614477,958,PARK,,W,ST,,,GRANTS PASS,OR,97527,2025-05-19 12:11:56.000,BTAX-040393-05-2025,2026-05-31 12:11:56.000
"HORIZON VILLAGE MANAGEMENT    ",SHIRLEY & DANIEL  BARKLIND,Inside City Limits,238190,Contractor-General/Building Exterior,CLASSIC CONSTRUCTION,2001-07-13 00:00:00.000,A6B026A7-4444-4BAF-8002-4E55055E8265,5414769026,PO BOX 5533,,,,,,,GRANTS PASS,OR,97527,2025-07-11 11:22:00.000,BTAX-040679-07-2025,2026-07-31 11:22:00.000
HORSEMAN'S RACING ASSOCIATION LLC,RODNEY LOWE,Outside City Limits,711212,Racetrack,,2022-07-01 00:00:00.000,d480427c-ee13-4308-8c42-52d6abcab586,5415822662,252,HIDDEN ACRES,,,DR,,,MERLIN,OR,97532,2025-11-14 09:28:29.000,BTAX-042282-11-2025,2026-11-30 09:28:29.000
HOWARDS HANDYMAN," ",Inside City Limits,236220,Handyman,,2019-11-25 00:00:00.000,28fdfa0c-162a-4abe-a8da-7226247521fc,5417611532,1123,"IRONWOOD ",,SW,DR,,,GRANTS PASS,OR,97526,2025-11-10 11:23:17.000,BTAX-042256-11-2025,2026-11-30 11:23:17.000
HOWARDS HANDYMAN,Howard  Van Cleave,Inside City Limits,236220,Handyman,,2019-11-25 00:00:00.000,28fdfa0c-162a-4abe-a8da-7226247521fc,5417611532,1123,"IRONWOOD ",,SW,DR,,,GRANTS PASS,OR,97526,2025-11-10 11:23:17.000,BTAX-042256-11-2025,2026-11-30 11:23:17.000
HP CIVIL INC," ",Outside City Limits,238190,Contractor-General/Building Exterior,,2014-03-01 00:00:00.000,7acb5e0e-143a-4ff0-a2cb-bfee41225427,5037692466,"8795 ",AUMSVILLE,,SE,HWY,,,SALEM,OR,97317,2025-04-23 14:48:21.000,BTAX-040264-04-2025,2026-04-30 14:48:21.000
HP CIVIL INC,JOSH SMITH,Outside City Limits,238190,Contractor-General/Building Exterior,,2014-03-01 00:00:00.000,7acb5e0e-143a-4ff0-a2cb-bfee41225427,5037692466,"8795 ",AUMSVILLE,,SE,HWY,,,SALEM,OR,97317,2025-04-23 14:48:21.000,BTAX-040264-04-2025,2026-04-30 14:48:21.000
HP CIVIL INC,LARRY GESCHER,Outside City Limits,238190,Contractor-General/Building Exterior,,2014-03-01 00:00:00.000,7acb5e0e-143a-4ff0-a2cb-bfee41225427,5037692466,"8795 ",AUMSVILLE,,SE,HWY,,,SALEM,OR,97317,2025-04-23 14:48:21.000,BTAX-040264-04-2025,2026-04-30 14:48:21.000
"HUGHES VACATION RENTALS       ",TINA & JON  HUGHES,Outside City Limits,532299,Rental-Misc Rentals,,2005-08-26 00:00:00.000,80B63BCA-F020-4232-9474-2A7E09C1C9D5,5416605673,899,GLADIOLA,,SE,DR,,,GRANTS PASS,OR,97526,2026-02-10 15:39:46.000,BTAX-042793-02-2026,2027-01-31 15:39:46.000
"HUKILLS INC                   ",RYAN  HUKILL,Outside City Limits,238220,Plumber,,2008-02-20 00:00:00.000,C60BAF94-A03C-436F-AA82-81C1E54D47C9,5417349000,3650,CRATER LAKE,,,AVE,,,"MEDFORD ",OR,97504,2025-08-19 12:16:44.000,BTAX-041397-08-2025,2026-08-31 12:16:44.000
"HULL CUMMINGS PROPERTIES LLC  ",MAX HULL & TIM CUMMINGS,Inside City Limits,531110,Rental Units/Landlord,,1997-07-01 00:00:00.000,0EB7E202-D3C7-4239-A35E-1D3744308BA6,5414728817,236,B,,NW,ST,,,GRANTS PASS,OR,97526,2025-08-14 11:55:06.000,BTAX-041244-08-2025,2026-08-31 11:55:06.000
HUMMINGBIRD LAWN CARE LLC," ",Inside City Limits,561730,Yard Services,,2019-03-11 00:00:00.000,73dd6f39-cbc1-4a53-bbbf-66e1835c6a61,5416604644,790,TAMI,,,RD,,,GRANTS PASS,OR,97526,2026-03-12 14:53:00.000,BTAX-042955-03-2026,2027-03-31 14:53:00.000
HUMMINGBIRD LAWN CARE LLC,DAWN HAYNIE,Inside City Limits,561730,Yard Services,,2019-03-11 00:00:00.000,73dd6f39-cbc1-4a53-bbbf-66e1835c6a61,5416604644,790,TAMI,,,RD,,,GRANTS PASS,OR,97526,2026-03-12 14:53:00.000,BTAX-042955-03-2026,2027-03-31 14:53:00.000
"HUNAN GARDENS                  "," ",Inside City Limits,722511,Restaurant,,1996-11-01 00:00:00.000,EE89A196-1DBE-49A4-8765-5B670801A288,5414747333,929,D,,NE,ST,,,GRANTS PASS,OR,97526,2025-08-27 12:17:19.000,BTAX-041575-08-2025,2026-08-31 12:17:19.000
"HUNAN GARDENS                  ",HE DAO KAI,Inside City Limits,722511,Restaurant,,1996-11-01 00:00:00.000,EE89A196-1DBE-49A4-8765-5B670801A288,5414747333,929,D,,NE,ST,,,GRANTS PASS,OR,97526,2025-08-27 12:17:19.000,BTAX-041575-08-2025,2026-08-31 12:17:19.000
"HUNAN GARDENS                  ",ZHOU SHITING,Inside City Limits,722511,Restaurant,,1996-11-01 00:00:00.000,EE89A196-1DBE-49A4-8765-5B670801A288,5414747333,929,D,,NE,ST,,,GRANTS PASS,OR,97526,2025-08-27 12:17:19.000,BTAX-041575-08-2025,2026-08-31 12:17:19.000
"HUNTER COMMUNICATIONS & TECHNOLOGIES, LLC        ",RICHARD RYAN,Inside City Limits,517110,Telecommunication-Wireless Carrier,,1997-07-18 00:00:00.000,789788C8-C6A4-44C3-8AC8-04E4D133DF91,5417729282,801,ENTERPRISE,,,DR,,,CENTRAL POINT,OR,97502,2026-01-23 10:11:24.000,BTAX-042680-01-2026,2027-01-31 10:11:24.000
"HURLEY ASSOCIATES, INC",JAMES B  HURLEY,Inside City Limits,525990,Finance-Misc Finance,,2006-01-01 00:00:00.000,C7608724-D25C-4133-AF0A-A9CB2016E42F,5414791934,831,7TH,,NE,ST,,,GRANTS PASS,OR,97526,2025-08-18 15:25:28.000,BTAX-041335-08-2025,2026-08-31 15:25:28.000
HYDROMAX USA LLC," ",Outside City Limits,238190,Contractor-General/Building Exterior,,2021-04-27 00:00:00.000,6885dc20-8732-4596-85d1-f2bdec7fb1ca,8127460119,6500,"URSULA ",,,PL,S,,SEATTLE,WA,98108,2025-06-04 12:40:44.000,BTAX-040460-06-2025,2026-06-30 12:40:44.000
HYDROMAX USA LLC,JON SMITH,Outside City Limits,238190,Contractor-General/Building Exterior,,2021-04-27 00:00:00.000,6885dc20-8732-4596-85d1-f2bdec7fb1ca,8127460119,6500,"URSULA ",,,PL,S,,SEATTLE,WA,98108,2025-06-04 12:40:44.000,BTAX-040460-06-2025,2026-06-30 12:40:44.000
"HY-TECH ELECTRIC INC         ",THOMAS  CERUTTI,Outside City Limits,238210,Contractor-Electrical,,1997-06-16 00:00:00.000,65E76BEB-596B-4E26-83C8-6B605C68837A,5412100327,PO BOX 615,,,,,,,ROGUE RIVER,OR,97537,2025-08-14 16:21:55.000,BTAX-041290-08-2025,2026-07-31 16:21:55.000
"IBM CORPORATION               "," I B M CORP                    ",Outside City Limits,541519,Computer Services,,2006-12-20 00:00:00.000,FD89CF2E-EF70-4AEC-914B-0E9FB667EB12,9147651915,1,CASTLE,,,DR,,MD 243,ARMONK,NY,10504,2025-08-19 10:21:51.000,BTAX-041371-08-2025,2026-08-31 10:21:51.000
ICCO," ",Inside City Limits,621498,Medical-Outpatient Care Center,BESTMED URGENT CARE,2023-07-25 00:00:00.000,9eaa9c45-5183-4054-9190-acf13f685306,5415070684,600,JEFFERSON,,,ST,,STE 600,LAFAYETTE,LA,70501,2025-04-10 12:01:02.000,BTAX-040181-04-2025,2026-04-30 12:01:02.000
"IDEAL BROKERS REAL ESTATE, LLC"," ",Inside City Limits,531210,Real Estate Agents/Brokers,,2022-01-10 00:00:00.000,920ada2e-c352-4eae-8fd8-f0bde3cb5ec8,5412184810,3080,EDEN,,,CT,,,MEDFORD,OR,975048364,2025-04-02 13:17:20.000,BTAX-040141-04-2025,2026-04-30 13:17:20.000
"IDEAL BROKERS REAL ESTATE, LLC",DANA GODLEY,Inside City Limits,531210,Real Estate Agents/Brokers,,2022-01-10 00:00:00.000,920ada2e-c352-4eae-8fd8-f0bde3cb5ec8,5412184810,3080,EDEN,,,CT,,,MEDFORD,OR,975048364,2025-04-02 13:17:20.000,BTAX-040141-04-2025,2026-04-30 13:17:20.000
"IDEAL SERVICES NW, LLC"," ",Outside City Limits,238190,Contractor-General/Building Exterior,,2016-08-30 00:00:00.000,dd8d8838-6e62-447b-9b73-e17c0214e323,2534758884,5113,PACIFIC,,,HWY,E,SUITE 13,FIFE,WA,98424,2025-09-16 10:53:31.000,BTAX-041766-09-2025,2026-09-30 10:53:31.000
"IDEAL SERVICES NW, LLC",RAY SALZER,Outside City Limits,238190,Contractor-General/Building Exterior,,2016-08-30 00:00:00.000,dd8d8838-6e62-447b-9b73-e17c0214e323,2534758884,5113,PACIFIC,,,HWY,E,SUITE 13,FIFE,WA,98424,2025-09-16 10:53:31.000,BTAX-041766-09-2025,2026-09-30 10:53:31.000
"IES COMMUNICATIONS, LLC"," ",Outside City Limits,238990,Contractor-Trade/Specialty,,2020-09-28 00:00:00.000,e74b2e7c-b856-4f5b-b77b-f2f4578a1e06,7138601561,2801,FAIR,,S,LN,,,TEMPE,AZ,85282,2025-10-24 14:21:02.000,BTAX-042125-10-2025,2026-10-31 14:21:02.000
"IES COMMUNICATIONS, LLC",MATTHEW SIMMES,Outside City Limits,238990,Contractor-Trade/Specialty,,2020-09-28 00:00:00.000,e74b2e7c-b856-4f5b-b77b-f2f4578a1e06,7138601561,2801,FAIR,,S,LN,,,TEMPE,AZ,85282,2025-10-24 14:21:02.000,BTAX-042125-10-2025,2026-10-31 14:21:02.000
IGT GLOBAL SOLUTIONS," ",Outside City Limits,425120,Wholesale Agent,,1987-07-01 00:00:00.000,0051FAEF-92D5-4C07-AE01-921F68796BD2,4013921000,10,MEMORIAL,,,BLVD,,,PROVIDENCE,RI,02903,2025-09-05 10:50:42.000,BTAX-041648-09-2025,2026-09-30 10:50:42.000
IGUDNOMOR,MATTHEW AND CHARITY HEVERLY,Inside City Limits,721199,All Other Traveler Accommodation,,2022-03-18 00:00:00.000,bbbf2e5b-baa2-473a-a131-4c42d92dd2a6,5414729543,1320,WALKER,,,RD,,,GRANTS PASS,OR,97526,2026-03-17 09:04:39.000,BTAX-042984-03-2026,2027-03-31 09:04:39.000
IGUDNOMOR," ",Inside City Limits,721199,All Other Traveler Accommodation,,2022-03-18 00:00:00.000,bbbf2e5b-baa2-473a-a131-4c42d92dd2a6,5414729543,1320,WALKER,,,RD,,,GRANTS PASS,OR,97526,2026-03-17 09:04:39.000,BTAX-042984-03-2026,2027-03-31 09:04:39.000
ILLINOIS VALLEY PLUMBING,DALE  GRANVILLE,Outside City Limits,238220,Plumber,,2002-08-21 00:00:00.000,DBFFEEDD-AC17-4DB5-B29D-494EDD63D4B6,5416598334,PO BOX 23,,,,,,,SELMA,OR,97538,2025-11-18 12:45:54.000,BTAX-042313-11-2025,2026-11-30 12:45:54.000
ILLUMINATE SKIN HEALTH LLC," ",Inside City Limits,812112,Beauty Salon,,2020-07-27 00:00:00.000,5b2e0e69-4266-42c3-8244-84ab0a7f0612,,PO BOX,1379,,,,,,MERLIN,OR,97532,2026-01-20 14:49:43.000,BTAX-042659-01-2026,2027-01-31 14:49:43.000
ILLUMINATE SKIN HEALTH LLC,MARY LAWSON,Inside City Limits,812112,Beauty Salon,,2020-07-27 00:00:00.000,5b2e0e69-4266-42c3-8244-84ab0a7f0612,,PO BOX,1379,,,,,,MERLIN,OR,97532,2026-01-20 14:49:43.000,BTAX-042659-01-2026,2027-01-31 14:49:43.000
IMAGINE THAT ... CREATIVE CHILDREN'S CENTER LLC," ",Inside City Limits,624410,Child Day Care,,2019-10-01 00:00:00.000,6361351c-be04-4a90-bb6a-2542e8a5e8ba,5414729688,741,4TH,,NW,ST,," ",GRANTS PASS,OR,97526,2025-12-02 14:16:05.000,BTAX-042379-12-2025,2026-11-30 14:16:05.000
IMAGINE THAT ... CREATIVE CHILDREN'S CENTER LLC,DIANE GALLAS,Inside City Limits,624410,Child Day Care,,2019-10-01 00:00:00.000,6361351c-be04-4a90-bb6a-2542e8a5e8ba,5414729688,741,4TH,,NW,ST,," ",GRANTS PASS,OR,97526,2025-12-02 14:16:05.000,BTAX-042379-12-2025,2026-11-30 14:16:05.000
IMAGINE THAT ... CREATIVE CHILDREN'S CENTER LLC," ",Inside City Limits,611699,Education-Misc Schools & Institutions,,2010-07-01 00:00:00.000,9FE9E944-E0A5-4954-85B9-F6C2D4F3646C,5414729688,1209,MEIER,,NE,DR,,,GRANTS PASS,OR,97526,2025-09-15 15:15:34.000,BTAX-041762-09-2025,2026-09-30 15:15:34.000
IMPACT REHABILITATION PARTNERS LLC," ",Inside City Limits,621111,Medical-Physician,BENCHMARK PHYSICAL THERAPY,1999-11-01 00:00:00.000,7A0C5B3E-6B7F-4D37-A158-78A0980F56D9,4238034816,1200,CORPORATE,,,DR,,SUITE 400,BIRMINGHAM,AL,35242,2025-09-22 12:54:38.000,BTAX-041841-09-2025,2026-09-30 12:54:38.000
IMPACT REHABILITATION PARTNERS LLC," ",Inside City Limits,621111,Medical-Physician,BENCHMARK PHYSICAL THERAPY,2008-11-01 00:00:00.000,F096DE3E-17CB-46BF-8BA0-776348853167,4232388921,1200,CORPORATE,,,DR,,SUITE 400,BIRMINGHAM,AL,35242,2025-11-24 10:40:17.000,BTAX-042339-11-2025,2026-11-30 10:40:17.000
IMPACT REHABILITATION PARTNERS LLC,BRYAN BARGANIER,Inside City Limits,621111,Medical-Physician,BENCHMARK PHYSICAL THERAPY,1999-11-01 00:00:00.000,7A0C5B3E-6B7F-4D37-A158-78A0980F56D9,4238034816,1200,CORPORATE,,,DR,,SUITE 400,BIRMINGHAM,AL,35242,2025-09-22 12:54:38.000,BTAX-041841-09-2025,2026-09-30 12:54:38.000
IMPACT REHABILITATION PARTNERS LLC,DAVID VANNAME,Inside City Limits,621111,Medical-Physician,BENCHMARK PHYSICAL THERAPY,2008-11-01 00:00:00.000,F096DE3E-17CB-46BF-8BA0-776348853167,4232388921,1200,CORPORATE,,,DR,,SUITE 400,BIRMINGHAM,AL,35242,2025-11-24 10:40:17.000,BTAX-042339-11-2025,2026-11-30 10:40:17.000
IMPACT REHABILITATION PARTNERS LLC,DAVID VANNAME,Inside City Limits,621111,Medical-Physician,BENCHMARK PHYSICAL THERAPY,1999-11-01 00:00:00.000,7A0C5B3E-6B7F-4D37-A158-78A0980F56D9,4238034816,1200,CORPORATE,,,DR,,SUITE 400,BIRMINGHAM,AL,35242,2025-09-22 12:54:38.000,BTAX-041841-09-2025,2026-09-30 12:54:38.000
IMPACT REHABILITATION PARTNERS LLC,BRYAN BARGANIER,Inside City Limits,621111,Medical-Physician,BENCHMARK PHYSICAL THERAPY,2008-11-01 00:00:00.000,F096DE3E-17CB-46BF-8BA0-776348853167,4232388921,1200,CORPORATE,,,DR,,SUITE 400,BIRMINGHAM,AL,35242,2025-11-24 10:40:17.000,BTAX-042339-11-2025,2026-11-30 10:40:17.000
IMPACT REHABILITATION PARTNERS LLC,DAVID VANNAME,Inside City Limits,621111,Medical-Physician,BENCHMARK PHYSICAL THERAPY,2005-07-01 00:00:00.000,21234E1E-8100-43B5-9AAB-46271D3B8CCE,4232388921,1200,CORPORATE,,,DR,,SUITE 400,BIRMINGHAM,AL,35242,2025-09-22 12:52:07.000,BTAX-041840-09-2025,2026-08-31 12:52:07.000
"IMPACT REHABILITATION PARTNERS LLC  ",BRYAN BARGANIER,Inside City Limits,621111,Medical-Physician,BENCHMARK PHYSICAL THERAPY,2005-07-01 00:00:00.000,17DEB544-729F-440A-A39F-AEBC7DD8681B,4232388921,1200,CORPORATE,,,DR,,SUITE 300,BIRMINGHAM,AL,35242,2025-12-08 11:53:10.000,BTAX-042405-12-2025,2026-11-30 11:53:10.000
IMPACT REHABILITATION PARTNERS LLC,BRYAN BARGANIER,Inside City Limits,621111,Medical-Physician,BENCHMARK PHYSICAL THERAPY,2005-07-01 00:00:00.000,21234E1E-8100-43B5-9AAB-46271D3B8CCE,4232388921,1200,CORPORATE,,,DR,,SUITE 400,BIRMINGHAM,AL,35242,2025-09-22 12:52:07.000,BTAX-041840-09-2025,2026-08-31 12:52:07.000
"IMPACT REHABILITATION PARTNERS LLC  ",DAVID VANNAME,Inside City Limits,621111,Medical-Physician,BENCHMARK PHYSICAL THERAPY,2005-07-01 00:00:00.000,17DEB544-729F-440A-A39F-AEBC7DD8681B,4232388921,1200,CORPORATE,,,DR,,SUITE 300,BIRMINGHAM,AL,35242,2025-12-08 11:53:10.000,BTAX-042405-12-2025,2026-11-30 11:53:10.000
IMPACT REHABILITATION PARTNERS LLC," ",Inside City Limits,621111,Medical-Physician,BENCHMARK PHYSICAL THERAPY,2005-07-01 00:00:00.000,21234E1E-8100-43B5-9AAB-46271D3B8CCE,4232388921,1200,CORPORATE,,,DR,,SUITE 400,BIRMINGHAM,AL,35242,2025-09-22 12:52:07.000,BTAX-041840-09-2025,2026-08-31 12:52:07.000
"IMPACT REHABILITATION PARTNERS LLC  "," ",Inside City Limits,621111,Medical-Physician,BENCHMARK PHYSICAL THERAPY,2005-07-01 00:00:00.000,17DEB544-729F-440A-A39F-AEBC7DD8681B,4232388921,1200,CORPORATE,,,DR,,SUITE 300,BIRMINGHAM,AL,35242,2025-12-08 11:53:10.000,BTAX-042405-12-2025,2026-11-30 11:53:10.000
"IMPERIAL HOMES                ",ROBERT WATTS,Inside City Limits,238190,Contractor-General/Building Exterior,,1994-01-04 00:00:00.000,39CD924F-880F-4792-8D09-9FFDE0BD4896,5414797793,PO BOX 1824,,,,,,,GRANTS PASS,OR,97528,2025-08-19 15:50:16.000,BTAX-041423-08-2025,2026-08-31 15:50:16.000
IMPRINTS DESIGN & SCREEN PRINT,SHARON  RYDELL,Inside City Limits,541430,Graphic Design,,1991-07-01 00:00:00.000,06AAFC6C-3BE9-48D0-9AFF-EC8DE81B68CD,5414768176,65,FRUITDALE,,,DR,,,GRANTS PASS,OR,97527,2025-07-23 09:12:32.000,BTAX-040923-07-2025,2026-07-31 09:12:32.000
"IN HIS TIMEFRAME              ","DEBORAH & JAMES MCSHANE       ",Inside City Limits,541990,Professional-Misc,,2010-04-13 00:00:00.000,A5203B8C-9577-4DF9-BFC9-7E0754092D40,5414791541,139,G,,SW,ST,,,GRANTS PASS,OR,97526,2025-08-19 14:27:50.000,BTAX-041411-08-2025,2026-08-31 14:27:50.000
INDEPENDENT MANUFACTURING GROUP LLC," ",Inside City Limits,451110,Retail-Sporting Goods,,2021-05-10 00:00:00.000,020aae58-ddf8-426a-9997-4fcc3323864f,5416593201,714,KINNEY,,NW,ST,,,GANTS PASS,OR,97526,2025-06-16 10:02:41.000,BTAX-040518-06-2025,2026-06-30 10:02:41.000
INDEPENDENT MANUFACTURING GROUP LLC,AARON TIERNEY,Inside City Limits,451110,Retail-Sporting Goods,,2021-05-10 00:00:00.000,020aae58-ddf8-426a-9997-4fcc3323864f,5416593201,714,KINNEY,,NW,ST,,,GANTS PASS,OR,97526,2025-06-16 10:02:41.000,BTAX-040518-06-2025,2026-06-30 10:02:41.000
INDIAN CREEK DISMANTLERS," ",Inside City Limits,441110,Auto-New Car Dealer,,2020-01-01 00:00:00.000,e4956606-bcd3-45a5-b433-66798aac1b2f,5414797203,575,ASHLEY,,,PL,,,GRANTS PASS,OR,97526,2026-02-06 12:25:58.000,BTAX-042754-02-2026,2027-01-31 12:25:58.000
INDIAN CREEK DISMANTLERS,JOE SALEH,Inside City Limits,441110,Auto-New Car Dealer,,2020-01-01 00:00:00.000,e4956606-bcd3-45a5-b433-66798aac1b2f,5414797203,575,ASHLEY,,,PL,,,GRANTS PASS,OR,97526,2026-02-06 12:25:58.000,BTAX-042754-02-2026,2027-01-31 12:25:58.000
INDIAN CREEK DISMANTLERS,BENJAMIN SHAPIRO,Inside City Limits,441110,Auto-New Car Dealer,,2020-01-01 00:00:00.000,e4956606-bcd3-45a5-b433-66798aac1b2f,5414797203,575,ASHLEY,,,PL,,,GRANTS PASS,OR,97526,2026-02-06 12:25:58.000,BTAX-042754-02-2026,2027-01-31 12:25:58.000
INDIAN CREEK MANAGEMENT INC,BEN SHAPIRO  JOE SALEH,Inside City Limits,541990,Professional-Misc,INDIAN CREEK DISMANTLERS,1986-11-18 00:00:00.000,B9E44D7E-B4D7-422C-BE53-B170DB612CA4,5414797203,1098,M,,SE,ST,,,GRANTS PASS,OR,97526,2025-08-19 10:09:56.000,BTAX-041367-08-2025,2026-08-31 10:09:56.000
INDOOR AIRMAN HOME PERFORMANCE ENERGY CONSERVATION SPECIALISTS,"JEFF GILL                     ",Outside City Limits,238220,Contractor-HVAC Services,,2010-05-11 00:00:00.000,BF8431D5-FDA8-4CCD-9CE3-F5FB3032D24F,5412953204,2959,NEW HOPE,,NE,RD,,,GRANTS PASS,OR,97527,2025-11-10 11:02:46.000,BTAX-042252-11-2025,2026-11-30 11:02:46.000
INDRA'S ICE CREAM INC," ",Inside City Limits,722511,Restaurant,UDDERS,2019-04-04 00:00:00.000,9a97eee9-934c-4761-a096-e499e19fe5b7,5414417047,1893,7TH,,NE,ST,,,GRANTS PASS,OR,97526,2025-06-24 08:37:16.000,BTAX-040553-06-2025,2026-06-30 08:37:16.000
INDRA'S ICE CREAM INC,INDRA NICHOLAS,Inside City Limits,722511,Restaurant,UDDERS,2019-04-04 00:00:00.000,9a97eee9-934c-4761-a096-e499e19fe5b7,5414417047,1893,7TH,,NE,ST,,,GRANTS PASS,OR,97526,2025-06-24 08:37:16.000,BTAX-040553-06-2025,2026-06-30 08:37:16.000
INDUSTRIAL BOLT AND SUPPLY INC," ",Inside City Limits,444130,Retail-Hardware,,2016-02-02 00:00:00.000,7f6671f7-d92e-4bef-bb97-c07c2bb50616,5414742212,7111,COOPER,,S,ST,,SUITE 175,ARLINGTON,TX,76001,2026-01-20 14:30:04.000,BTAX-042654-01-2026,2027-01-31 14:30:04.000
INDUSTRIAL BOLT AND SUPPLY INC,CLAY ROARK,Inside City Limits,444130,Retail-Hardware,,2016-02-02 00:00:00.000,7f6671f7-d92e-4bef-bb97-c07c2bb50616,5414742212,7111,COOPER,,S,ST,,SUITE 175,ARLINGTON,TX,76001,2026-01-20 14:30:04.000,BTAX-042654-01-2026,2027-01-31 14:30:04.000
"INDUSTRIAL GENERATOR SERVICE  ",ROBERT THOMASSON JR,Inside City Limits,811111,Auto-General Repair,,1997-05-23 00:00:00.000,FC9BD679-F1CA-4B7F-8CD5-F075B1FB3650,5414503028,105A,"MILL ",,SE,ST,,,GRANTS PASS,OR,97526,2025-12-01 12:47:43.000,BTAX-042358-12-2025,2026-11-30 12:47:43.000
INDUSTRIAL SOURCE / NATIONAL EXTINGUISHER SERVICE,ROBERT & BRENT LAING,Inside City Limits,454390,Retail-Misc Direct Selling Establishment,,2001-10-26 00:00:00.000,B191F8DF-DCA1-4710-ACE4-B997EC18278E,5414765486,PO BOX 7577,,,,,,,SPRINGFIELD,OR,97475,2025-08-22 14:45:05.000,BTAX-041517-08-2025,2026-08-31 14:45:05.000
INFINITY ELECTRICAL CONTRACTORS INC,CINDY ZEPPETELLO,Outside City Limits,238210,Contractor-Electrical,,2016-02-11 00:00:00.000,79661221-ef3c-4cdc-927d-76ef1d819d9a,5418262430,PO BOX 2575,,,,,,,WHITE CITY,OR,97502,2025-08-20 10:27:14.000,BTAX-041443-08-2025,2026-08-31 10:27:14.000
INFINITY ELECTRICAL CONTRACTORS INC,MARTIN DANIELS,Outside City Limits,238210,Contractor-Electrical,,2016-02-11 00:00:00.000,79661221-ef3c-4cdc-927d-76ef1d819d9a,5418262430,PO BOX 2575,,,,,,,WHITE CITY,OR,97502,2025-08-20 10:27:14.000,BTAX-041443-08-2025,2026-08-31 10:27:14.000
INK AND LACE," ",Inside City Limits,812199,Tattoo/Piercing Shop,,2020-09-13 00:00:00.000,b68ed5b9-42a3-43e6-b812-84121a7971a1,5412188420,1124,GRANDVIEW,,SE,AVE,,,GRANTS PASS,OR,97527,2026-01-12 14:22:06.000,BTAX-042606-01-2026,2027-01-31 14:22:06.000
INK AND LACE,LACY PROSE,Inside City Limits,812199,Tattoo/Piercing Shop,,2020-09-13 00:00:00.000,b68ed5b9-42a3-43e6-b812-84121a7971a1,5412188420,1124,GRANDVIEW,,SE,AVE,,,GRANTS PASS,OR,97527,2026-01-12 14:22:06.000,BTAX-042606-01-2026,2027-01-31 14:22:06.000
INNER WORKS WAY LLC,ANDREA KREMKO,Inside City Limits,624190,Social Svcs-Individual & Family Svcs,,2008-02-01 00:00:00.000,52C6AF0E-A4C5-479C-9406-D4885D0B6659,5417615478,2034,HAVILAND,,,DR,,,GRANTS PASS,OR,97527,2025-07-18 12:36:58.000,BTAX-040825-07-2025,2026-07-31 12:36:58.000
IN-N-OUT BURGERS #328," ",Inside City Limits,722513,Limited-Service Restaurant,,2017-09-07 00:00:00.000,2cc69602-5196-4f47-9be6-d6ab604c4b8e,9495096200,ATTN: TAX,,4199 CAMPUS DR,,,,9TH FLOOR,IRVINE,CA,92612,2025-10-31 10:51:34.000,BTAX-042176-10-2025,2026-10-31 10:51:34.000
INNOVATIVE AIR INC," ",Outside City Limits,238220,Contractor-HVAC Services,,2016-11-03 00:00:00.000,4ef4db55-d160-4121-a1f3-535f81555fcf,5417461040,5120,FRANKLIN,,,BLVD,,STE 7,EUGENE,OR,97403,2026-01-13 11:52:32.000,BTAX-042623-01-2026,2027-01-31 11:52:32.000
INNOVATIVE AIR INC,CHRISTOPHER O'SHEEDY,Outside City Limits,238220,Contractor-HVAC Services,,2016-11-03 00:00:00.000,4ef4db55-d160-4121-a1f3-535f81555fcf,5417461040,5120,FRANKLIN,,,BLVD,,STE 7,EUGENE,OR,97403,2026-01-13 11:52:32.000,BTAX-042623-01-2026,2027-01-31 11:52:32.000
"INSEASON IRRIGATION, LLC",TYLER  VAN BUSKIRK,Outside City Limits,541320,Landscaping Services,,2007-02-21 00:00:00.000,91CC9AB0-5664-45C1-9DA2-F340DA51659A,5414150735,1238,POWELL CREEK,,,RD,,,"WILLIAMS ",OR,97544,2025-12-08 15:09:17.000,BTAX-042420-12-2025,2026-12-31 15:09:17.000
"INSURANCE LOUNGE LLC ",MICHAEL  DELAGRANGE,Inside City Limits,52411,"Direct Life, Health, and Insurance",,2012-01-01 00:00:00.000,19183E31-1493-4F8F-A673-F89C171E417C,5412002222,1221,7TH,,NE,ST,," ",GRANTS PASS,OR,97526,2025-11-10 13:01:33.000,BTAX-042272-11-2025,2026-11-30 13:01:33.000
"INSURANCE SERVICES OF SOUTHERN OR, LLC"," ",Inside City Limits,524210,Insurance Agency & Brokerages,,2018-02-08 00:00:00.000,559a0969-e53c-4bc6-9dcb-257071ae2ff1,5414763527,1309,7TH,,NE,ST,,C,GRANTS PASS,OR,97526,2026-03-10 11:41:44.000,BTAX-042936-03-2026,2027-03-31 11:41:44.000
"INSURANCE SERVICES OF SOUTHERN OR, LLC",JAN NORBY,Inside City Limits,524210,Insurance Agency & Brokerages,,2018-02-08 00:00:00.000,559a0969-e53c-4bc6-9dcb-257071ae2ff1,5414763527,1309,7TH,,NE,ST,,C,GRANTS PASS,OR,97526,2026-03-10 11:41:44.000,BTAX-042936-03-2026,2027-03-31 11:41:44.000
INTEGRATED ELECTRONIC SYSTEMS INC,AARON  CROWLEY,Outside City Limits,238210,Contractor-Electrical,,2011-04-01 00:00:00.000,4EBD9A82-CDC4-49F6-8FA4-6DD2D7BE925F,5414854456,PO BOX 700,,,,,,,JUNCTION CITY,OR,97448,2025-12-12 14:49:08.000,BTAX-042454-12-2025,2026-12-31 14:49:08.000
"INTEGRITY LIQUIDATION SERVICES  ",BRAD & TAMARA  MARTIN,Inside City Limits,453310,Retail-Thrift Store,F ST. COTTAGE,2012-03-01 00:00:00.000,BCF78514-6F44-4A34-A917-498B04969E50,5412267897,1588,MOUNT BALDY,,,RD,,,GRANTS PASS,OR,97527,2025-12-09 11:09:15.000,BTAX-042433-12-2025,2026-11-30 11:09:15.000
INTEGRITY SIGNS OREGON LLC," ",Outside City Limits,238990,Sign Installation/Painting,,2021-02-10 00:00:00.000,19e626bf-672f-43e1-8734-874f5593e6db,5039813743,3224,PRINGLE,,,RD,SE,SUITE # 120,SALEM,OR,97302,2025-06-11 11:14:04.000,BTAX-040481-06-2025,2026-06-30 11:14:04.000
INTELECTRIC," ",Inside City Limits,238210,Contractor-Electrical,,2018-09-28 00:00:00.000,b867772a-5025-4c64-b17d-87808d362a58,5417272593,PO BOX 3176,,,,,,,CENTRAL POINT,OR,97502,2025-06-13 15:40:23.000,BTAX-040514-06-2025,2026-06-30 15:40:23.000
INTELECTRIC,RANDY DAVIS,Inside City Limits,238210,Contractor-Electrical,,2018-09-28 00:00:00.000,b867772a-5025-4c64-b17d-87808d362a58,5417272593,PO BOX 3176,,,,,,,CENTRAL POINT,OR,97502,2025-06-13 15:40:23.000,BTAX-040514-06-2025,2026-06-30 15:40:23.000
"INTERPATH LABORATORY INC     "," ",Inside City Limits,621511,Medical-Laboratory,,2022-01-13 00:00:00.000,3b8c4ef8-acd8-4d44-83ee-ad8606b35079,5412784329,PO BOX 1208,,,,,,,PENDLETON,OR,97801,2026-02-06 12:21:03.000,BTAX-042753-02-2026,2027-02-28 12:21:03.000
"INTERPATH LABORATORY INC     ",TOM KENNEDY,Inside City Limits,621511,Medical-Laboratory,,2022-01-13 00:00:00.000,3b8c4ef8-acd8-4d44-83ee-ad8606b35079,5412784329,PO BOX 1208,,,,,,,PENDLETON,OR,97801,2026-02-06 12:21:03.000,BTAX-042753-02-2026,2027-02-28 12:21:03.000
"INTERPATH LABORATORY INC     "," ",Inside City Limits,621511,Medical-Laboratory,,2006-01-01 00:00:00.000,C9A2E6A5-095C-4941-8C2D-84EED71B6EAE,5412784329,PO BOX 1208,,,,,,,PENDLETON,OR,97801,2025-07-31 11:59:27.000,BTAX-041046-07-2025,2026-07-31 11:59:27.000
"IRS ENVIRONMENTAL OF PORTLAND, INC",NANCY NGUYEN PATRICK FEYANT,Outside City Limits,238190,Contractor-General/Building Exterior,,2022-11-15 00:00:00.000,e0214467-2725-45ff-b489-dd5ec3ff7bce,5036936388,"777 ",ARMCO,,SW,AVE,,,HILLSBORO,OR,97123,2025-11-07 11:12:16.000,BTAX-042240-11-2025,2026-11-30 11:12:16.000
"I-SECURE INC                  ",CHRIS  ISABELL,Inside City Limits,541990,Professional-Misc,,2005-09-12 00:00:00.000,98490EC2-A098-4818-9F11-2029DF2FA6EC,5414791425,114,ASSEMBLY,,,CIRCLE,,,GRANTS PASS,OR,97528,2025-08-25 10:25:37.000,BTAX-041525-08-2025,2026-07-31 10:25:37.000
IT IS FINISHED INC,Aaron Johnson,Outside City Limits,238190,Contractor-General/Building Exterior,,2021-12-14 00:00:00.000,657ff37a-e297-47ea-b6b3-0c33adb114dc,5412183429,"7071 ",MONUMENT,,,DR,,,GRANTS PASS,OR,97526,2025-05-20 10:32:43.000,BTAX-040396-05-2025,2026-05-31 10:32:43.000
IT IS FINISHED INC,AARON  JOHNSON,Outside City Limits,238190,Contractor-General/Building Exterior,,2021-12-14 00:00:00.000,657ff37a-e297-47ea-b6b3-0c33adb114dc,5412183429,"7071 ",MONUMENT,,,DR,,,GRANTS PASS,OR,97526,2025-05-20 10:32:43.000,BTAX-040396-05-2025,2026-05-31 10:32:43.000
IT'S A WRAP!," ",Outside City Limits,561910,Packaging and Labeling Services,,2021-08-18 00:00:00.000,d36d264c-ef0f-4e52-99cb-294002ba1f29,5417617193,641,PLUMTREE,,,LN,,,GRANTS PASS,OR,97526,2025-11-14 14:01:15.000,BTAX-042285-11-2025,2026-11-30 14:01:15.000
IT'S A WRAP!,MARLA GOLDSBY,Outside City Limits,561910,Packaging and Labeling Services,,2021-08-18 00:00:00.000,d36d264c-ef0f-4e52-99cb-294002ba1f29,5417617193,641,PLUMTREE,,,LN,,,GRANTS PASS,OR,97526,2025-11-14 14:01:15.000,BTAX-042285-11-2025,2026-11-30 14:01:15.000
"ITZANEE LLC   ",ELVIA  MARTINEZ,Inside City Limits,722511,Restaurant,MUCHAS GRACIAS GP,2001-01-09 00:00:00.000,5868EC2F-F275-47C4-B87D-5E2A6F6935C8,5414729423,1999,"7TH ",,NE,ST,,,GRANTS PASS,OR,97526,2025-12-02 11:37:07.000,BTAX-042369-12-2025,2026-11-30 11:37:07.000
IWELD,RON & KATHY DRAPER,Inside City Limits,238190,Welding/Fabrication,,2019-07-19 00:00:00.000,a158323b-20da-4ee8-ba8f-f3a028369513,5305244013,560,F,,NE,ST,,STE A #235,GRANTS PASS,OR,97526,2025-08-01 09:49:54.000,BTAX-041056-08-2025,2026-08-31 09:49:54.000
IWELD," ",Inside City Limits,238190,Welding/Fabrication,,2019-07-19 00:00:00.000,a158323b-20da-4ee8-ba8f-f3a028369513,5305244013,560,F,,NE,ST,,STE A #235,GRANTS PASS,OR,97526,2025-08-01 09:49:54.000,BTAX-041056-08-2025,2026-08-31 09:49:54.000
J & D DRAKE INVESTMENTS INC.,JOHN DRAKE,Inside City Limits,238320,Painting & Wall Covering,DRAKE'S PAINT & SUPPLY,2020-10-28 00:00:00.000,3662015e-e5a0-4362-80c9-127516ec9cf2,5417733335,PO BOX 4337,,,,,,,MEDFORD,OR,97501,2025-06-13 14:52:00.000,BTAX-040507-06-2025,2026-06-30 14:52:00.000
J & D DRAKE INVESTMENTS INC.,DAN DRAKE,Inside City Limits,238320,Painting & Wall Covering,DRAKE'S PAINT & SUPPLY,2020-10-28 00:00:00.000,3662015e-e5a0-4362-80c9-127516ec9cf2,5417733335,PO BOX 4337,,,,,,,MEDFORD,OR,97501,2025-06-13 14:52:00.000,BTAX-040507-06-2025,2026-06-30 14:52:00.000
J & D DRAKE INVESTMENTS INC.," ",Inside City Limits,238320,Painting & Wall Covering,DRAKE'S PAINT & SUPPLY,2020-10-28 00:00:00.000,3662015e-e5a0-4362-80c9-127516ec9cf2,5417733335,PO BOX 4337,,,,,,,MEDFORD,OR,97501,2025-06-13 14:52:00.000,BTAX-040507-06-2025,2026-06-30 14:52:00.000
J & L MOORE PROPERTY MANAGEMENT LLC,LAWRENCE & JOYCE  MOORE,Outside City Limits,531311,Property Management,,2013-06-01 00:00:00.000,EAC26FE5-206D-4C2B-8D26-763DFED36E6B,5416643187,5247,"TERESA ",,,WAY,,,CENTRAL POINT,OR,97502,2025-07-11 11:15:57.000,BTAX-040677-07-2025,2026-07-31 11:15:57.000
J & S HOMES,JAY WATTS,Inside City Limits,238190,Contractor-General/Building Exterior,,2017-11-01 00:00:00.000,849fd04f-8df9-4d9e-aa52-eff957a70cb7,5417611166,936,PRINCETON,,SW,PL,,,GRANTS PASS,OR,97527,2025-11-17 16:10:49.000,BTAX-042300-11-2025,2026-11-30 16:10:49.000
J & S HOMES,JERRY WATTS,Inside City Limits,238190,Contractor-General/Building Exterior,,2017-11-01 00:00:00.000,849fd04f-8df9-4d9e-aa52-eff957a70cb7,5417611166,936,PRINCETON,,SW,PL,,,GRANTS PASS,OR,97527,2025-11-17 16:10:49.000,BTAX-042300-11-2025,2026-11-30 16:10:49.000
J AND J THOMAS INC,MARK MERCER,Inside City Limits,541611,Consulting Service,,2009-10-01 00:00:00.000,D65234B6-B365-4AE2-B759-96B881CDAAC4,5412189672,897,ROYAL,,,AVE,,STE B,MEDFORD,OR,97504,2025-11-24 11:23:32.000,BTAX-042337-11-2025,2026-11-30 11:23:32.000
"J AUSTIN & COMPANY           ",MARK  HUTTO,Inside City Limits,448310,Retail-Jewelry Store,,2013-03-01 00:00:00.000,25A0A789-95F5-4EAC-ACFA-5CA695F27792,5414884312,1632,"ASHLAND ",,,ST,,,ASHLAND,OR,97520,2025-11-10 11:09:05.000,BTAX-042253-11-2025,2026-11-30 11:09:05.000
J. KOLBY ROBINSON DMD PC,JAMES ROBINSON,Inside City Limits,621210,Medical-Dentist,TIMBER KIDS DENTISTRY,2018-06-21 00:00:00.000,5c2126fb-dd0b-4f59-a8f3-04e388d66662,5419168484,3200,CAMELBACK,,E,RD,,# 245,PHOENIX,AZ,85018,2025-12-29 10:50:04.000,BTAX-042524-12-2025,2026-12-31 10:50:04.000
J. KOLBY ROBINSON DMD PC," ",Inside City Limits,621210,Medical-Dentist,TIMBER KIDS DENTISTRY,2018-06-21 00:00:00.000,5c2126fb-dd0b-4f59-a8f3-04e388d66662,5419168484,3200,CAMELBACK,,E,RD,,# 245,PHOENIX,AZ,85018,2025-12-29 10:50:04.000,BTAX-042524-12-2025,2026-12-31 10:50:04.000
J.A LAND BEAUTIFICATION,JOSEPH  ADAME,Outside City Limits,541320,Landscaping Services,,2022-09-22 00:00:00.000,2080cf04-2c82-4908-81ed-18b0c3a1fa14,5412379786,1850 1/2,"WILLIAMS ",,,HWY,,,GRANTS PASS,OR,97527,2025-10-09 14:50:34.000,BTAX-041981-10-2025,2026-10-31 14:50:34.000
"J.A. SUTHERLAND INC           "," J.A. SUTHERLAND SHANK & BURRIS",Inside City Limits,722511,Restaurant,TACO BELL #19978,1998-09-08 00:00:00.000,FD72DFB2-B175-4A98-B6CF-8513AA9D8426,7074621147,1199,STATE,,N,ST,,,UKIAH,CA,95482,2025-06-11 15:11:28.000,BTAX-040491-06-2025,2026-06-30 15:11:28.000
"J.A.M. INDUSTRIES             ",JEFF  MUNDELL,Outside City Limits,236220,Handyman,,2001-07-23 00:00:00.000,61A90F8C-6A3C-48B9-88B3-D4B264BD82AB,5416603820,PO BOX 706,,,,,,,MURPHY,OR,97533,2025-08-04 11:05:30.000,BTAX-041083-08-2025,2026-07-31 11:05:30.000
JABURG DETAILING LLC," ",Inside City Limits,811192,Car Wash & Detailing,,2019-09-13 00:00:00.000,6a3105d5-4ca0-4d89-93f0-0824764e2897,9512193725,316,SAVAGE,,NW,ST,,,GRANTS PASS,OR,97526,2025-12-16 16:17:34.000,BTAX-042479-12-2025,2026-12-31 16:17:34.000
JABURG DETAILING LLC,DAVID JABURG,Inside City Limits,811192,Car Wash & Detailing,,2019-09-13 00:00:00.000,6a3105d5-4ca0-4d89-93f0-0824764e2897,9512193725,316,SAVAGE,,NW,ST,,,GRANTS PASS,OR,97526,2025-12-16 16:17:34.000,BTAX-042479-12-2025,2026-12-31 16:17:34.000
JAC LLC,CHRIS BIXLER,Inside City Limits,811191,Auto-Oil Change/Lubrication Shop,,1997-04-03 00:00:00.000,EC849794-35BF-4ECB-AFA8-D569C5C40225,5419565241,2900,VINE,,NW,ST,,SUITE L,GRANTS PASS,OR,97526,2025-09-23 11:12:37.000,BTAX-041861-09-2025,2026-09-30 11:12:37.000
"JACK'S LANDING RV RESORT     ",YUN CHANG,Inside City Limits,721211,RV Parks & Campgrounds,,2002-02-01 00:00:00.000,99B1263D-9B09-4F84-8586-9834F69DCBBF,5414721144,247,MORGAN,,NE,LN,,OFFICE SPACE 60,GRANTS PASS,OR,97526,2025-07-01 10:24:36.000,BTAX-040589-07-2025,2026-07-31 10:24:36.000
"JACK'S LANDING RV RESORT     "," ",Inside City Limits,721211,RV Parks & Campgrounds,,2002-02-01 00:00:00.000,99B1263D-9B09-4F84-8586-9834F69DCBBF,5414721144,247,MORGAN,,NE,LN,,OFFICE SPACE 60,GRANTS PASS,OR,97526,2025-07-01 10:24:36.000,BTAX-040589-07-2025,2026-07-31 10:24:36.000
"JACOBY PROPERTIES LLC        ","HAROLD, GREG & DAVID  JACOBY",Inside City Limits,493110,Storage & General Warehousing,PARKWAY MINI STORAGE,1996-07-23 00:00:00.000,3F9F38BC-1304-4A44-90B1-2DA3E4945CC2,5414721988,1110,MILBANK,,SE,RD,,,GRANTS PASS,OR,97526,2025-07-16 11:06:23.000,BTAX-040801-07-2025,2026-07-31 11:06:23.000
"JADE EAST APARTMENTS  ",W LEHMAN,Inside City Limits,531110,Rental Units/Landlord,,1993-06-25 00:00:00.000,1984A196-BC9C-405E-8D12-4E797D30A1FA,5417795785,2251,TABLE ROCK,,,RD,,,MEDFORD,OR,97501,2025-07-23 14:30:15.000,BTAX-040956-07-2025,2026-07-31 14:30:15.000
JAHNKE HEATING & AIR CONDITIONING INC,JEREMY RICHEY,Outside City Limits,238220,Contractor-HVAC Services,,2002-05-01 00:00:00.000,DE62B6B7-EF0D-4F25-AD0D-F798CB8A1A2E,5415354470,PO BOX 660,,,,,,,TALENT,OR,97540,2025-08-19 15:05:01.000,BTAX-041416-08-2025,2026-07-31 15:05:01.000
"JAKE L WARDLE ELECTRIC        ",JAKE  WARDLE,Outside City Limits,238210,Contractor-Electrical,,2014-07-01 00:00:00.000,3B51B2D7-4040-499E-A65F-FC6D279F9758,5416597300,5450,EVANS CREEK,,E,RD,,,ROGUE RIVER,OR,97537,2025-10-02 10:13:43.000,BTAX-041916-10-2025,2026-09-30 10:13:43.000
"JALAN CO                      ",JAMES  WILLIAMS,Inside City Limits,531110,Rental Units/Landlord,,1979-09-04 00:00:00.000,BE7E0126-CC46-4379-854D-E7A7AEDF7DD3,5416010851,410,G,,SE,ST,,,GRANTS PASS,OR,97526,2025-08-01 14:30:41.000,BTAX-041071-08-2025,2026-07-31 14:30:41.000
JAM CONSTRUCTION INC," ",Outside City Limits,238160,Roofing,JAM ROOFING,2018-07-26 00:00:00.000,eb827328-7196-42f0-825a-f4c5a13d581f,5417767663,920,CHEVY,,,WAY,,,MEDFORD,OR,97504,2025-07-22 15:36:56.000,BTAX-040912-07-2025,2026-07-31 15:36:56.000
JAM CONSTRUCTION INC,KYLE KERN,Outside City Limits,238160,Roofing,JAM ROOFING,2018-07-26 00:00:00.000,eb827328-7196-42f0-825a-f4c5a13d581f,5417767663,920,CHEVY,,,WAY,,,MEDFORD,OR,97504,2025-07-22 15:36:56.000,BTAX-040912-07-2025,2026-07-31 15:36:56.000
"JAMES & LYNN O'GRADY RENTALS  ",JAMES & LYNN  O'GRADY,Outside City Limits,531311,Property Management,,2002-09-30 00:00:00.000,80668CDE-28AD-4AB7-976D-1D49B47C5D29,5415924995,PO BOX 2491,,,,,,,CAVE JUNCTION,OR,97523,2025-07-28 08:43:42.000,BTAX-041006-07-2025,2026-07-31 08:43:42.000
JAMES & SANDRA ALLEN FAMILY TRUST," JAMES & SANDRA ALLEN FAM TST  ",Inside City Limits,531110,Rental Units/Landlord,,1990-11-01 00:00:00.000,4FD94B21-2A4B-4D93-A423-8935B214D304,5414742881,C/O REALWISE PROPERTY MANAGEMENT,,141 NW C ST,,,,,GRANTS PASS,OR,97526,2025-09-19 12:06:49.000,BTAX-041833-09-2025,2026-09-30 12:06:49.000
JAMES M CORNISH LIV TRUST,JAMES CORNISH,Inside City Limits,531110,Rental Units/Landlord,,2016-05-05 00:00:00.000,e3291e10-d22e-43f6-85bc-cda92a945cc8,5412182979,7808,QUINAULT,,NW,ST,," ",CAMAS,WA,98607,2026-03-10 10:40:47.000,BTAX-042930-03-2026,2027-03-31 10:40:47.000
JAMES M CORNISH LIV TRUST,CECELIA CORNISH,Inside City Limits,531110,Rental Units/Landlord,,2016-05-05 00:00:00.000,e3291e10-d22e-43f6-85bc-cda92a945cc8,5412182979,7808,QUINAULT,,NW,ST,," ",CAMAS,WA,98607,2026-03-10 10:40:47.000,BTAX-042930-03-2026,2027-03-31 10:40:47.000
JAMES O'GRADY,JAMES O'GRADY,Outside City Limits,238190,Contractor-General/Building Exterior,,2017-11-20 00:00:00.000,71c92bd3-bb2f-4264-b1ff-f0ea83a6fbd5,5416592159,PO BOX 2491,,,,,,,CAVE JUNCTION,OR,97523,2025-12-08 12:52:17.000,BTAX-042415-12-2025,2026-12-31 12:52:17.000
JAMES SHERMAN FLOORING," ",Inside City Limits,238330,Flooring,,2016-01-12 00:00:00.000,ce22ef95-a124-45e8-a1fe-5d4624a5b1f7,5414156162,1651,VIRGINIA,,,LN,,,GRANTS PASS,OR,97527,2025-07-22 09:24:30.000,BTAX-040849-07-2025,2026-07-31 09:24:30.000
JAMES SHERMAN FLOORING,JAMES SHERMAN,Inside City Limits,238330,Flooring,,2016-01-12 00:00:00.000,ce22ef95-a124-45e8-a1fe-5d4624a5b1f7,5414156162,1651,VIRGINIA,,,LN,,,GRANTS PASS,OR,97527,2025-07-22 09:24:30.000,BTAX-040849-07-2025,2026-07-31 09:24:30.000
"JAMES W AYLING                ",JAMES AYLING,Outside City Limits,531110,Rental Units/Landlord,,2007-05-03 00:00:00.000,C588C227-6D19-46AE-B98C-0BA576EB86E4,5416596674,PO BOX 2155,,,,,,,GRANTS PASS,OR,97528,2025-07-16 09:58:34.000,BTAX-040792-07-2025,2026-07-31 09:58:34.000
"JAMES WRIGHT ROOFING          ",JAMES  WRIGHT,Outside City Limits,238160,Roofing,,2002-03-12 00:00:00.000,B3AD6EAD-CAAF-47A1-9CC5-7D9CE0BF122D,5412950204,308,CEDAR,,,ST,,,ROGUE RIVER,OR,97537,2026-01-27 14:15:52.000,BTAX-042696-01-2026,2027-01-31 14:15:52.000
JANTZER ENTERPRISES INC,GARY  JANTZER,Inside City Limits,531110,Rental Units/Landlord,,1997-01-01 00:00:00.000,9F45DB68-0649-4D36-A98C-C9ABEF24431C,5414721100,PO BOX 1586,,,,,,,GRANTS PASS,OR,97528,2025-08-18 10:15:24.000,BTAX-041304-08-2025,2026-08-31 10:15:24.000
JASMINE PARK," JASMINE PARK I LTD PARTNERSHIP",Inside City Limits,531110,Rental Units/Landlord,JASMINE PARK #1,2007-12-19 00:00:00.000,D5E1A346-4C1A-4798-AAA9-2C066A07C511,5414792112,910,D,,NE,ST,,SUITE 103,GRANTS PASS,OR,97526,2025-08-11 16:27:48.000,BTAX-041157-08-2025,2026-08-31 16:27:48.000
"JASON DEAN CONSTRUCTION LLC  ",JASON  DEAN,Inside City Limits,238190,Contractor-General/Building Exterior,,1996-04-29 00:00:00.000,047D40D5-9784-44D8-B63A-BCA5D3C6155F,5416602271,965,9TH,,NE,ST,,,GRANTS PASS,OR,97526,2025-11-10 10:25:56.000,BTAX-042244-11-2025,2026-10-31 10:25:56.000
"JAVELIN UTILITY SERVICES, INC"," ",Outside City Limits,517110,Telecommunication-Wireless Carrier,,2017-02-02 00:00:00.000,be033b88-f659-4196-becd-20947f209e99,9169901325,483,SHELLEY,,,ST,,,SPRINGFIELD,OR,97477,2025-04-23 12:59:07.000,BTAX-040257-04-2025,2026-04-30 12:59:07.000
"JAVELIN UTILITY SERVICES, INC",JOSEPH PEDERSEN,Outside City Limits,517110,Telecommunication-Wireless Carrier,,2017-02-02 00:00:00.000,be033b88-f659-4196-becd-20947f209e99,9169901325,483,SHELLEY,,,ST,,,SPRINGFIELD,OR,97477,2025-04-23 12:59:07.000,BTAX-040257-04-2025,2026-04-30 12:59:07.000
"JAVELONA CORPORATION          ",ROSE & JEFFREY JAVELONA,Inside City Limits,561431,Mail Center-Private,"OLD TOWN MAIL HOUSE ",2014-01-01 00:00:00.000,2BF11AE3-04C7-4F82-B0B6-15C04E42AE49,5414798489,106,F,,NW,ST,,,GRANTS PASS,OR,97526,2025-09-05 12:16:04.000,BTAX-041654-09-2025,2026-09-30 12:16:04.000
JAVIER OROZCO TREE SERVICE,JAVIER OROZCO,Inside City Limits,561730,Tree Services,JOTS TREE SERVICE,1999-01-01 00:00:00.000,be1be2a6-ce1a-499f-9a34-1617c4f40ae9,5419569936,PO BOX 429,,,,,,,MURPHY,OR,97533,2025-09-23 10:19:44.000,BTAX-041852-09-2025,2026-09-30 10:19:44.000
JAXMETAL," ",Inside City Limits,238190,Contractor-General/Building Exterior,,2023-12-18 00:00:00.000,d07eafd5-b661-45fc-a1e6-9a660038e913,5413241727,1330,OJAI,,,DR,,,GRANTS PASS,OR,97527,2026-03-05 12:44:34.000,BTAX-042893-03-2026,2027-02-28 12:44:34.000
JAXMETAL,JACK SMITH,Inside City Limits,238190,Contractor-General/Building Exterior,,2023-12-18 00:00:00.000,d07eafd5-b661-45fc-a1e6-9a660038e913,5413241727,1330,OJAI,,,DR,,,GRANTS PASS,OR,97527,2026-03-05 12:44:34.000,BTAX-042893-03-2026,2027-02-28 12:44:34.000
"JAY AND JAY, LLC              ",JILL  DINI,Inside City Limits,722511,Restaurant,BOHEMIAN BAR AND BISTRO,2012-08-01 00:00:00.000,A7772F71-04AD-4AA1-9584-0C48732461DE,5414717158,221,G,,SW,,,,GRANTS PASS,OR,97526,2025-08-14 12:04:51.000,BTAX-041247-08-2025,2026-08-31 12:04:51.000
JAY-C INC,"ROGER AND ALICE SMITH ",Outside City Limits,562991,Waste-Septic Tank & Related Services,JIMS SEPTIC SERVICE,1987-07-01 00:00:00.000,BF49511D-ACDC-491F-8465-E3EEFD631CE7,5414769726,PO BOX 384,,,,,,,MERLIN,OR,97532,2026-03-23 11:01:02.000,BTAX-043010-03-2026,2027-03-31 11:01:02.000
JB CREATIVE,JUSTIN BRIGGS,Inside City Limits,541921,Photography,JUST B CREATIVE,2018-06-14 00:00:00.000,3a7b82ba-f4c0-4048-a955-5b86acf58888,7073543474,1435,STURGEON,,SW,CT,,,GRANTS PASS,OR,97527,2025-07-25 16:37:41.000,BTAX-041004-07-2025,2026-07-31 16:37:41.000
JB CREATIVE," ",Inside City Limits,541921,Photography,JUST B CREATIVE,2018-06-14 00:00:00.000,3a7b82ba-f4c0-4048-a955-5b86acf58888,7073543474,1435,STURGEON,,SW,CT,,,GRANTS PASS,OR,97527,2025-07-25 16:37:41.000,BTAX-041004-07-2025,2026-07-31 16:37:41.000
JB STEEL LLC,ROBERT BATZER,Outside City Limits,238190,Contractor-General/Building Exterior,,2016-09-07 00:00:00.000,ab77d08f-a0bd-4f9c-b7f2-d72c89c3c610,5417737553,PO BOX 4460,,,,,,,MEDFORD,OR,97504,2025-07-23 10:28:11.000,BTAX-040937-07-2025,2026-07-31 10:28:11.000
JB STEEL LLC," ",Outside City Limits,238190,Contractor-General/Building Exterior,,2016-09-07 00:00:00.000,ab77d08f-a0bd-4f9c-b7f2-d72c89c3c610,5417737553,PO BOX 4460,,,,,,,MEDFORD,OR,97504,2025-07-23 10:28:11.000,BTAX-040937-07-2025,2026-07-31 10:28:11.000
"JBNB INC                      ",ROBERT WILSON &  NICK WATT,Inside City Limits,454390,Retail-Misc Direct Selling Establishment,ROLEY'S PACIFIC SUPPLY,1999-01-01 00:00:00.000,966B359B-29AD-420E-80A7-A82313BEF93B,5414797578,PO BOX 323,,,,,,,GRANTS PASS,OR,97528,2025-05-27 15:13:03.000,BTAX-040431-05-2025,2026-05-31 15:13:03.000
JC BRADLEY PROPERTIES LLC," ",Inside City Limits,721199,All Other Traveler Accommodation,,2023-04-11 00:00:00.000,c46b7da2-dbe0-448a-8d56-b7164862a980,5419737811,PO BOX 69,,,,,,,MURPHY,OR,97533,2025-04-07 15:37:59.000,BTAX-040173-04-2025,2026-04-30 15:37:59.000
JC BRADLEY PROPERTIES LLC,JASON & CONSTANCE BRADLEY,Inside City Limits,721199,All Other Traveler Accommodation,,2023-04-11 00:00:00.000,c46b7da2-dbe0-448a-8d56-b7164862a980,5419737811,PO BOX 69,,,,,,,MURPHY,OR,97533,2025-04-07 15:37:59.000,BTAX-040173-04-2025,2026-04-30 15:37:59.000
JC JONES REALTY INC,JOHN C  JONES,Inside City Limits,531210,Real Estate Agents/Brokers,CENTURY 21 JC JONES AMERICAN DREAM,2010-07-06 00:00:00.000,CEA521A5-9932-440B-B805-5D7647B909FA,5414766502,858,6TH,,NW,,,,GRANTS PASS,OR,97526,2025-08-19 10:07:18.000,BTAX-041366-08-2025,2026-08-31 10:07:18.000
JC SKINNER CONSTRUCTION," ",Inside City Limits,238190,Contractor-General/Building Exterior,,2020-10-16 00:00:00.000,b24a899d-b380-4711-8366-acd1cc90a56d,5416598883,503,BUTLER,,NW,AVE,,,GRANTS PASS,OR,97526,2026-02-11 14:19:43.000,BTAX-042796-02-2026,2027-02-28 14:19:43.000
"JCK ENTERPRISES LLC          "," ",Inside City Limits,722513,Limited-Service Restaurant,CARL'S JR #8185,2011-06-24 00:00:00.000,661A30F2-B326-4D4C-8364-F5331D172732,5413426557,875,COUNTRY CLU,,,,,,EUGENE,OR,97401,2025-08-19 11:30:38.000,BTAX-041387-08-2025,2026-08-31 11:30:38.000
"JCK RESTAURANTS INC          ",INC  JCK RESTAURANTS,Inside City Limits,722513,Limited-Service Restaurant,"CARL'S JR #8532 ",2014-08-26 00:00:00.000,C6CE09B1-FDE7-4365-B0CF-C13A11F87891,5413426557,875,COUNTRY CLU,,,,,,EUGENE,OR,97401,2025-08-19 11:34:25.000,BTAX-041388-08-2025,2026-08-31 11:34:25.000
"JCK SUBS, INC",JOSEPH KARCHER,Inside City Limits,722511,Restaurant,JERSEY MIKES,2018-12-19 00:00:00.000,13c6ca32-36f4-4bac-a9db-cab1e39b21f3,5419160250,875,COUNTRY CLUB,,,RD,,,EUGENE,OR,97401,2025-08-19 11:38:23.000,BTAX-041389-08-2025,2026-08-31 11:38:23.000
"JCK SUBS, INC"," ",Inside City Limits,722511,Restaurant,JERSEY MIKES,2018-12-19 00:00:00.000,13c6ca32-36f4-4bac-a9db-cab1e39b21f3,5419160250,875,COUNTRY CLUB,,,RD,,,EUGENE,OR,97401,2025-08-19 11:38:23.000,BTAX-041389-08-2025,2026-08-31 11:38:23.000
JC'S TAXI LLC,ANDREA  LEMASTER MADAMBA,Inside City Limits,485310,Transportation-Taxi,,2009-06-01 00:00:00.000,2CC939EA-9F99-49B5-8A97-D6D0F7BD5A14,5417617433,607,A,,NW,ST,,,GRANTS PASS,OR,97526,2025-08-20 12:52:19.000,TAXICO-041458-08-2025,2026-08-31 12:52:19.000
"JCS-OREGON LLC               ",JOHN CHMELIR,Outside City Limits,238190,Contractor-General/Building Exterior,,2012-07-01 00:00:00.000,73C2AC6A-E96D-4669-BA74-ECD1F9A5832B,5414767373,1840,BARNETT,,E,RD,,SUITE 6,MEDFORD,OR,97504,2025-07-23 11:09:47.000,BTAX-040943-07-2025,2026-07-31 11:09:47.000
"JD'S SPORTS PUB LLC           ",JACK & GABRIELLE  DIMATTEO,Inside City Limits,722511,Restaurant,,1992-12-15 00:00:00.000,C33C51DB-FBDD-4B5B-ADD2-7FCD978CD1D4,5414710383,690,REDWOOD,,,HWY,,,GRANTS PASS,OR,97527,2025-11-10 12:20:43.000,BTAX-042268-11-2025,2026-11-30 12:20:43.000
"JEFF VOIGT & ASSOCIATES       ",JEFF  VOIGT,Inside City Limits,523999,Finance-Investment Activities,,2004-10-04 00:00:00.000,0B161957-A004-4831-8303-9EF8DB10390C,5414419060,403,E,,NE,ST,,,GRANTS PASS,OR,97526,2025-09-12 15:05:43.000,BTAX-041749-09-2025,2026-09-30 15:05:43.000
JEFFERSON STATE MORTGAGE COMPANY,FAYE F & ROBERT  DAWSON,Inside City Limits,522310,Finance-Loan Broker(Mortg/Nonmortg),,1989-02-06 00:00:00.000,AE7B6FA6-D448-4433-8541-DC907444506A,5414790967,122,SAVAGE,,NE,ST,,,GRANTS PASS,OR,97526,2025-08-20 12:55:31.000,BTAX-041460-08-2025,2026-08-31 12:55:31.000
JENNIFER BUSHARD LICENSED MARRIAGE AND FAMILY THERAPIST,"JENNIFER BUSHARD, LMFT#T1507",Inside City Limits,624190,Social Svcs-Individual & Family Svcs,HOLISTIC HEALING THERAPY,2019-04-04 00:00:00.000,b9885d64-daf7-4cea-9bf1-67588d831302,5412269088,777,7TH,,NE,ST,,SUITE 216,GRANTS PASS,OR,97526,2025-06-23 16:09:59.000,BTAX-040550-06-2025,2026-06-30 16:09:59.000
JENNIFER BUSHARD LICENSED MARRIAGE AND FAMILY THERAPIST," ",Inside City Limits,624190,Social Svcs-Individual & Family Svcs,HOLISTIC HEALING THERAPY,2019-04-04 00:00:00.000,b9885d64-daf7-4cea-9bf1-67588d831302,5412269088,777,7TH,,NE,ST,,SUITE 216,GRANTS PASS,OR,97526,2025-06-23 16:09:59.000,BTAX-040550-06-2025,2026-06-30 16:09:59.000
JEREMIAH FEAR CONSTRUCTION LLC," ",Inside City Limits,238190,Contractor-General/Building Exterior,,2014-07-17 00:00:00.000,37F7995D-CB1A-4CD3-97B1-B166170F691A,5412183170,123,ROGUE RIFFLE,,,DR,,,GRANTS PASS,OR,97526,2026-02-23 11:36:07.000,BTAX-042832-02-2026,2026-07-31 11:36:07.000
JEREMIAH FEAR CONSTRUCTION LLC,JEREMIAH FEAR,Inside City Limits,238190,Contractor-General/Building Exterior,,2014-07-17 00:00:00.000,37F7995D-CB1A-4CD3-97B1-B166170F691A,5412183170,123,ROGUE RIFFLE,,,DR,,,GRANTS PASS,OR,97526,2026-02-23 11:36:07.000,BTAX-042832-02-2026,2026-07-31 11:36:07.000
JERRY DIETRICK CONSTRUCTION INC,JERRY DIETRICK,Outside City Limits,238190,Contractor-General/Building Exterior,,2002-08-09 00:00:00.000,5E827CD1-D885-4F82-866E-E5B8B95FA4BB,5418460343,9491,THOMPSON CREEK,,,RD,,,APPLEGATE,OR,97530,2025-10-23 10:17:17.000,BTAX-042112-10-2025,2026-10-31 10:17:17.000
"JESSE'S SUPERIOR PAINTING     ",JESSE  LEE,Inside City Limits,238320,Painting & Wall Covering,,2007-11-20 00:00:00.000,82E43407-AB9A-46C8-873D-6B5B049D0680,5412267782,300,ELKHORN,,,DR,,,GRANTS PASS,OR,97527,2025-05-27 13:02:54.000,BTAX-040422-05-2025,2026-05-31 13:02:54.000
"JESSICA HULL LMT              ",JESSICA  HULL,Inside City Limits,621399,Medical-Massage Therapy,,2009-08-17 00:00:00.000,EA197DD1-C4BD-4424-9803-050053A599CC,5416598405,4626,LEONARD,,,RD,,,GRANTS PASS,OR,97527,2025-10-03 12:40:01.000,BTAX-041927-10-2025,2026-09-30 12:40:01.000
JESSIE'S MOBILE SHRED,Jessie Woodward,Inside City Limits,561499,Business Support Services-Misc,,2019-06-12 00:00:00.000,fd6bec15-f3e2-4c63-86b0-b145d7a1ecd0,5416594832,1276,"STURGEON ",,SW,CT,,,GRANTS PASS,OR,97527,2025-10-23 10:14:39.000,BTAX-042111-10-2025,2026-10-31 10:14:39.000
JESSIE'S MOBILE SHRED,JESSIE MICHELLE BANKS WOODWARD,Inside City Limits,561499,Business Support Services-Misc,,2019-06-12 00:00:00.000,fd6bec15-f3e2-4c63-86b0-b145d7a1ecd0,5416594832,1276,"STURGEON ",,SW,CT,,,GRANTS PASS,OR,97527,2025-10-23 10:14:39.000,BTAX-042111-10-2025,2026-10-31 10:14:39.000
JEWEL SKINCARE," ",Inside City Limits,541990,Professional-Misc,,2019-02-21 00:00:00.000,11c7b903-2b6c-4c17-8f04-b51f88c2c2fb,5419416855,405,LIBERTY,,SE,DR,,,GRANTS PASS,OR,97527,2025-11-18 12:14:28.000,BTAX-042308-11-2025,2026-11-30 12:14:28.000
JEWEL SKINCARE,JAMIE ROBERTSON,Inside City Limits,541990,Professional-Misc,,2019-02-21 00:00:00.000,11c7b903-2b6c-4c17-8f04-b51f88c2c2fb,5419416855,405,LIBERTY,,SE,DR,,,GRANTS PASS,OR,97527,2025-11-18 12:14:28.000,BTAX-042308-11-2025,2026-11-30 12:14:28.000
"JH KELLY, LLC"," ",Outside City Limits,238210,Contractor-Electrical,,2021-09-10 00:00:00.000,7518fdd0-4b77-4930-80f8-e2caff7ccdbe,3604235510,PO BOX 2038,,,,,,,LONGVIEW,WA,98632,2025-12-04 11:49:06.000,BTAX-042388-12-2025,2026-12-31 11:49:06.000
"JIFFY JOANNE LLC              ",DALE  FARMER,Inside City Limits,811191,Auto-Oil Change/Lubrication Shop,JIFFY LUBE,1998-02-06 00:00:00.000,032A697F-5E0E-4FC2-B24D-BE4632BE3685,5414794890,305,G,,SE,ST,,,GRANTS PASS,OR,97526,2025-08-26 10:00:28.000,BTAX-041551-08-2025,2026-08-31 10:00:28.000
JIM CLARK'S CONSIGNMENT COUNTRY,JIM  CLARK,Inside City Limits,441120,Auto-Used Car Dealer,,1982-12-04 00:00:00.000,9A31864E-1D62-4D58-A6F9-38214E2A5BAF,5414760818,1630,ROGUE RIVER,,,HWY,,,GRANTS PASS,OR,97527,2025-08-20 11:28:17.000,BTAX-041448-08-2025,2026-08-31 11:28:17.000
JIMMY'S CLASSIC DRIVE IN,TERALL & RUTH BLALOCK,Inside City Limits,722511,Restaurant,,2021-11-17 00:00:00.000,3f3c2236-87d6-4d89-9cf2-1e40c5f88d7c,5414793850,531,E,,NE,ST,,SUITE E,GRANTS PASS,OR,97526,2025-11-07 10:03:44.000,BTAX-042235-11-2025,2026-11-30 10:03:44.000
JIMMY'S CLASSIC DRIVE IN," ",Inside City Limits,722511,Restaurant,,2021-11-17 00:00:00.000,3f3c2236-87d6-4d89-9cf2-1e40c5f88d7c,5414793850,531,E,,NE,ST,,SUITE E,GRANTS PASS,OR,97526,2025-11-07 10:03:44.000,BTAX-042235-11-2025,2026-11-30 10:03:44.000
JK PROPERTY," ",Inside City Limits,531110,Rental Units/Landlord,,2022-08-30 00:00:00.000,3491b4c0-8284-4716-8856-e82ccba01d2c,5416011420,1020,STARLITE,,NW,PL,,,GRANTS PASS,OR,97527,2025-09-29 12:10:47.000,BTAX-041895-09-2025,2026-09-30 12:10:47.000
"JL INSURANCE, LLC",JEFF FOGELQUIST,Inside City Limits,524210,Insurance Agency & Brokerages,,2019-12-15 00:00:00.000,7331564c-a2af-4e26-9b65-15de2b136cd6,5412958880,796,MORGAN,,NW,LN,,,GRANTS PASS,OR,97526,2025-12-02 12:12:03.000,BTAX-042373-12-2025,2026-12-31 12:12:03.000
"JL INSURANCE, LLC"," ",Inside City Limits,524210,Insurance Agency & Brokerages,,2019-12-15 00:00:00.000,7331564c-a2af-4e26-9b65-15de2b136cd6,5412958880,796,MORGAN,,NW,LN,,,GRANTS PASS,OR,97526,2025-12-02 12:12:03.000,BTAX-042373-12-2025,2026-12-31 12:12:03.000
JM CONSTRUCTION INC,JASON MYERS,Outside City Limits,238910,Excavation - Site Preparation,,2022-08-31 00:00:00.000,814066a0-d379-4408-8ef0-c3e2783e489d,5418787810,PO BOX 1637,,,,,,,SHADY COVE,OR,97539,2025-08-14 15:09:06.000,BTAX-041270-08-2025,2026-08-31 15:09:06.000
JNP CONSTRUCTION SERVICES LLC,RICK BRADSHAW,Outside City Limits,236118,Const-Residential Remodeler,,2019-11-07 00:00:00.000,739d27e2-5d8b-40ea-ada6-0cee3f91c090,5412990624,7201,ROGUE RIVER,,,HWY,,,GRANTS PASS,OR,97527,2025-12-11 11:13:08.000,BTAX-042442-12-2025,2026-12-31 11:13:08.000
JNP CONSTRUCTION SERVICES LLC,Rick Bradshaw,Outside City Limits,236118,Const-Residential Remodeler,,2019-11-07 00:00:00.000,739d27e2-5d8b-40ea-ada6-0cee3f91c090,5412990624,7201,ROGUE RIVER,,,HWY,,,GRANTS PASS,OR,97527,2025-12-11 11:13:08.000,BTAX-042442-12-2025,2026-12-31 11:13:08.000
"JOCELYN'S MAGIC TOUCH MASSAGE ",JOCELYN  SCHMIDT,Inside City Limits,621399,Medical-Massage Therapy,,2006-09-01 00:00:00.000,A7737AF1-B352-4BB6-9699-BE9DD8E3FF0E,5414412652,1107,PINNON,,N,RD,,,GRANTS PASS,OR,97526,2025-09-02 14:54:01.000,BTAX-041603-09-2025,2026-09-30 14:54:01.000
JOCO PROPERTY MANAGEMENT SERVICES LLC," ",Inside City Limits,531311,Property Management,,2022-03-01 00:00:00.000,f20231f9-a703-4e31-a0d9-8c09594e43c7,5416595828,209,SKY CREST,,,DR,,,GRANTS PASS,OR,97527,2026-03-13 14:25:22.000,BTAX-042962-03-2026,2027-03-31 14:25:22.000
JOCO PROPERTY MANAGEMENT SERVICES LLC,STACY WIGGINS,Inside City Limits,531311,Property Management,,2022-03-01 00:00:00.000,f20231f9-a703-4e31-a0d9-8c09594e43c7,5416595828,209,SKY CREST,,,DR,,,GRANTS PASS,OR,97527,2026-03-13 14:25:22.000,BTAX-042962-03-2026,2027-03-31 14:25:22.000
JODY STEPHENS REMODELING & RESTORATION,JODY STEPHENS,Inside City Limits,238190,Contractor-General/Building Exterior,,2020-01-29 00:00:00.000,50eb2c97-ccdd-43fa-b709-56508246c7e6,5412955699,225,HILLCREST,,NE,DR,,9,GRANTS PASS,OR,97526,2025-08-08 16:07:02.000,BTAX-041141-08-2025,2026-08-31 16:07:02.000
JODY STEPHENS REMODELING & RESTORATION,JODY STEPHENS,Inside City Limits,238190,Contractor-General/Building Exterior,,2020-01-29 00:00:00.000,50eb2c97-ccdd-43fa-b709-56508246c7e6,5412955699,225,HILLCREST,,NE,DR,,9,GRANTS PASS,OR,97526,2025-08-08 16:07:02.000,BTAX-041141-08-2025,2026-08-31 16:07:02.000
"JOE AND FRIENDS SALON             "," ",Inside City Limits,812112,Beauty Salon,,1996-07-01 00:00:00.000,8DF27190-A197-4FC7-93D8-3A8214FEE806,5414741732,284,BROOKE,,,LN,,,GRANTS PASS,OR,97526,2026-02-27 11:13:48.000,BTAX-042866-02-2026,2027-02-28 11:13:48.000
"JOE AND FRIENDS SALON             ",JOE GOMEZ III,Inside City Limits,812112,Beauty Salon,,1996-07-01 00:00:00.000,8DF27190-A197-4FC7-93D8-3A8214FEE806,5414741732,284,BROOKE,,,LN,,,GRANTS PASS,OR,97526,2026-02-27 11:13:48.000,BTAX-042866-02-2026,2027-02-28 11:13:48.000
"JOE AND FRIENDS SALON             ",ELIZABETH GOMEZ,Inside City Limits,812112,Beauty Salon,,1996-07-01 00:00:00.000,8DF27190-A197-4FC7-93D8-3A8214FEE806,5414741732,284,BROOKE,,,LN,,,GRANTS PASS,OR,97526,2026-02-27 11:13:48.000,BTAX-042866-02-2026,2027-02-28 11:13:48.000
JOE'S BALANCE SHOP,COLLIN HEBERT,Inside City Limits,811111,Auto-General Repair,,2023-07-01 00:00:00.000,9573f242-1fe3-402f-b59f-74c7964e07b6,5417617509,1339,FOUNDRY,,SW,ST,,,GRANTS PASS,OR,97526,2025-07-29 14:29:17.000,BTAX-041035-07-2025,2026-07-31 14:29:17.000
JOE'S BALANCE SHOP,Collin Hebert,Inside City Limits,811111,Auto-General Repair,,2023-07-01 00:00:00.000,9573f242-1fe3-402f-b59f-74c7964e07b6,5417617509,1339,FOUNDRY,,SW,ST,,,GRANTS PASS,OR,97526,2025-07-29 14:29:17.000,BTAX-041035-07-2025,2026-07-31 14:29:17.000
"JOHN A DILLINGHAM RENTALS     ",JOHN DILLINGHAM,Inside City Limits,531110,Rental Units/Landlord,,1991-07-01 00:00:00.000,9FB61741-03FD-4026-ACFD-1F335629AFD6,5414797205,1080,"BELLE AIRE ",,SE,DR,,,GRANTS PASS,OR,97526,2025-07-22 12:44:27.000,BTAX-040883-07-2025,2026-07-31 12:44:27.000
JOHN B NELSON CONSTRUCTION,JOHN NELSON,Inside City Limits,238190,Contractor-General/Building Exterior,,2019-06-18 00:00:00.000,67f0de88-5ed0-485a-8b3b-5289b61ea2b0,5412181189,907,HEWITT,,NW,LN,,,GRANTS PASS,OR,97526,2026-02-10 15:34:54.000,BTAX-042792-02-2026,2027-02-28 15:34:54.000
JOHN B NELSON CONSTRUCTION,JOHN B NELSON,Inside City Limits,238190,Contractor-General/Building Exterior,,2019-06-18 00:00:00.000,67f0de88-5ed0-485a-8b3b-5289b61ea2b0,5412181189,907,HEWITT,,NW,LN,,,GRANTS PASS,OR,97526,2026-02-10 15:34:54.000,BTAX-042792-02-2026,2027-02-28 15:34:54.000
JOHN J & CLETA ANN GALLO RENTAL,JOHN J & CLETA ANN  GALLO,Inside City Limits,531110,Rental Units/Landlord,,1993-06-15 00:00:00.000,509CD603-BED0-4661-B8FE-C2EC8FC8ABB2,5414768236,1412,GILBERT,,NW,WAY,,,GRANTS PASS,OR,97526,2025-07-23 11:39:04.000,BTAX-040948-07-2025,2026-07-31 11:39:04.000
"JOHN L SCOTT REAL ESTATE      "," GRANTS PASS ASSOCIATED BROKERS",Inside City Limits,531210,Real Estate Agents/Brokers,,2002-01-18 00:00:00.000,2D3128D3-D751-4703-9D79-A8193B6F0A87,5414761299,705,7TH,,NE,ST,,,GRANTS PASS,OR,97526,2025-08-05 10:39:26.000,BTAX-041098-08-2025,2026-07-31 10:39:26.000
"JOHN P WASCHAK DDS, MS, PC"," ",Inside City Limits,621210,Medical-Dentist,DR WASCHAK PEDIATRIC DENTISTRY AND ORTHODONTICS,2010-01-01 00:00:00.000,F51B31FA-0269-4ACE-A11A-4061A7249112,5414768383,1501,6TH,,NE,ST,,,GRANTS PASS,OR,97526,2025-07-09 10:15:52.000,BTAX-040632-07-2025,2026-07-31 10:15:52.000
"JOHN P WASCHAK DDS, MS, PC",JOHN WASCHAK,Inside City Limits,621210,Medical-Dentist,DR WASCHAK PEDIATRIC DENTISTRY AND ORTHODONTICS,2010-01-01 00:00:00.000,F51B31FA-0269-4ACE-A11A-4061A7249112,5414768383,1501,6TH,,NE,ST,,,GRANTS PASS,OR,97526,2025-07-09 10:15:52.000,BTAX-040632-07-2025,2026-07-31 10:15:52.000
"JOHN R MORRIS & SON           ",JOHN & JONATHON  MORRIS,Inside City Limits,484220,Transportation-Trucking (Freight),,1986-01-01 00:00:00.000,A469C2D1-F29B-44B9-97F4-BAB5055DB65A,,1199,"HARVEY ",,SE,DR,,,GRANTS PASS,OR,97526,2025-07-25 11:05:11.000,BTAX-040982-07-2025,2026-07-31 11:05:11.000
"JOHNNY CAT, INC               ",JOHN  HOLMES,Outside City Limits,238190,Contractor-General/Building Exterior,,2003-02-25 00:00:00.000,92F07830-FE97-4998-B299-B381621CBF2A,5418994494,PO BOX 89,,,,,,,JACKSONVILLE,OR,97530,2025-09-18 11:06:11.000,BTAX-041804-09-2025,2026-09-30 11:06:11.000
JOHNSON BUILDERS  CORP,MIKE JOHNSON MIKE EVANS,Inside City Limits,238190,Contractor-General/Building Exterior,,2006-08-01 00:00:00.000,884E315E-5043-41AE-9AF1-EC0E049BA527,5414791465,1300,ROGUE RIVER,,,HWY,,,GRANTS PASS,OR,97527,2025-07-23 11:04:14.000,BTAX-040941-07-2025,2026-07-31 11:04:14.000
"JOHNSON CONTROLS FIRE PROTECTION LP      "," ",Outside City Limits,561621,Security System Services,,1993-11-15 00:00:00.000,A09FD8DF-1B38-41EB-9B34-26D797D1E03A,5619126108,ATTN: LICENSING,,PO BOX 3042,,,,,BOCA RATON,FL,33431,2025-09-08 12:59:04.000,BTAX-041680-09-2025,2026-09-30 12:59:04.000
"JOHNSON CONTROLS INC         ","             ",Outside City Limits,238990,Contractor-Trade/Specialty,,2005-06-22 00:00:00.000,D9B6FD33-FA03-4C11-B1B4-495D9860DBA3,5033052000,4011,INTERNATIONAL,,SE,WAY,,SUITE 605,PORTLAND,OR,97222,2025-10-10 08:34:22.000,BTAX-041925-10-2025,2026-10-31 08:34:22.000
JOHNSON CONTROLS SECURITY SOLUTIONS LLC," ",Outside City Limits,561621,Security System Services,,1992-07-25 00:00:00.000,40DAC232-F992-4FCE-A246-50633A9F25B6,4075483622,ATTN: LICENSING DEPT,,PO BOX 3042,,,,,BOCA RATON,FL,334310942,2025-10-06 14:55:48.000,BTAX-041943-10-2025,2026-09-30 14:55:48.000
"JOHNSTON DENTAL CARE, LLC",MATTHEW JOHNSTON DMD PC,Inside City Limits,621210,Medical-Dentist,,2007-12-03 00:00:00.000,55F4253D-113B-4D57-9356-4EEC1B23D6E8,5414796623,1825,HAWTHORNE,,NW,AVE,,,GRANTS PASS,OR,97526,2025-07-28 09:06:14.000,BTAX-041012-07-2025,2026-07-31 09:06:14.000
"JOHNSTON DENTAL CARE, LLC"," ",Inside City Limits,621210,Medical-Dentist,,2007-12-03 00:00:00.000,55F4253D-113B-4D57-9356-4EEC1B23D6E8,5414796623,1825,HAWTHORNE,,NW,AVE,,,GRANTS PASS,OR,97526,2025-07-28 09:06:14.000,BTAX-041012-07-2025,2026-07-31 09:06:14.000
JON CHAMBERS CHIROPRACTIC LLC,JON  CHAMBERS,Inside City Limits,621310,Medical-Chiropractor,THE NEURO CLINIC,2014-07-01 00:00:00.000,057229EB-6F28-450E-966A-8F849DFDA30F,5414791289,"1663 ",WILLIAMS,,,HWY,,,GRANTS PASS,OR,97527,2026-01-09 15:58:01.000,BTAX-042593-01-2026,2027-01-31 15:58:01.000
"JON HUGHES CONSTRUCTION       "," ",Inside City Limits,238190,Contractor-General/Building Exterior,,1992-06-11 00:00:00.000,E2E892A7-8A94-426C-9B16-2E1172DA2340,5416607805,899,GLADIOLA,,SE,DR,,,GRANTS PASS,OR,97526,2025-11-10 11:39:27.000,BTAX-042260-11-2025,2026-10-31 11:39:27.000
JORDAN POWER PLUS LLC," ",Outside City Limits,238190,Contractor-General/Building Exterior,,2017-11-07 00:00:00.000,9826b779-276a-49d7-8ef7-1c3de6427d2f,5412184580,PO BOX 1512,,,,,,,BROOKINGS,OR,97527,2025-04-23 12:52:47.000,BTAX-040255-04-2025,2026-04-30 12:52:47.000
JORDAN POWER PLUS LLC,BONNIE JORDAN,Outside City Limits,238190,Contractor-General/Building Exterior,,2017-11-07 00:00:00.000,9826b779-276a-49d7-8ef7-1c3de6427d2f,5412184580,PO BOX 1512,,,,,,,BROOKINGS,OR,97527,2025-04-23 12:52:47.000,BTAX-040255-04-2025,2026-04-30 12:52:47.000
JORGE ALVARADO'S CLEANING,JORGE ARMENTA ALVARADO,Inside City Limits,561720,Cleaning Service,,2023-12-20 00:00:00.000,a559c13e-7061-4d89-94b4-0c9623d8ca82,7074078951,PO BOX 786,,,,,,,GRANTS PASS,OR,97528,2026-02-12 14:54:44.000,BTAX-042800-02-2026,2027-02-28 14:54:44.000
JORGE ALVARADO'S CLEANING," ",Inside City Limits,561720,Cleaning Service,,2023-12-20 00:00:00.000,a559c13e-7061-4d89-94b4-0c9623d8ca82,7074078951,PO BOX 786,,,,,,,GRANTS PASS,OR,97528,2026-02-12 14:54:44.000,BTAX-042800-02-2026,2027-02-28 14:54:44.000
JORNA TAYLOR PROPERTY SERVICES LLC,JORNA R TAYLOR,Inside City Limits,531311,Property Management,,2019-07-31 00:00:00.000,08b1d92f-2409-48ab-b009-f113936f7d19,5412187169,PO BOX,85,,,,,,GRANTS PASS,OR,97528,2025-08-01 10:38:27.000,BTAX-041062-08-2025,2026-07-31 10:38:27.000
JORNA TAYLOR PROPERTY SERVICES LLC," ",Inside City Limits,531311,Property Management,,2019-07-31 00:00:00.000,08b1d92f-2409-48ab-b009-f113936f7d19,5412187169,PO BOX,85,,,,,,GRANTS PASS,OR,97528,2025-08-01 10:38:27.000,BTAX-041062-08-2025,2026-07-31 10:38:27.000
"JOSE MARROQUIN RENTALS        ",JOSE MARROQUIN DORANNE LONG,Outside City Limits,531110,Rental Units/Landlord,,1998-07-13 00:00:00.000,A601F8A5-F644-43E6-869C-1E56F518B06E,5414743527,1005,SHARON,,,DR,,,GRANTS PASS,OR,97527,2025-07-07 15:50:43.000,BTAX-040625-07-2025,2026-07-31 15:50:43.000
"JOSEPH SPEELMAN RENTALS       ",JOSEPH  SPEELMA,Inside City Limits,531110,Rental Units/Landlord,,2004-09-17 00:00:00.000,229498DD-A1B5-46EB-AECB-754C253586A0,5414766838,PO BOX 866,,,,,,,GRANTS PASS,OR,97528,2025-07-23 10:18:45.000,BTAX-040934-07-2025,2026-07-31 10:18:45.000
JOSEPHINE COMMUNITY LIBRARY DISTRICT," JOSEPHINE COUNTY              ",Inside City Limits,519120,Library,,2011-10-19 00:00:00.000,106807C7-C3A6-4C84-98F9-BBAD7971FC89,5414760571,200,C,,NW,ST,,,GRANTS PASS,OR,97526,2025-10-23 10:07:05.000,BTAX-042110-10-2025,2026-10-31 10:07:05.000
JOSEPHINE COUNTY HABITAT FOR HUMANITY,"JOSEPHINE COUNTY HABITAT FOR HUMANITY ",Inside City Limits,624190,Social Svcs-Individual & Family Svcs,,1993-01-01 00:00:00.000,76A2533B-E880-4862-B59D-D9A7362218E1,5414742884,PO BOX 2667,,,,,,,GRANTS PASS,OR,97528,2025-10-15 10:59:30.000,BTAX-042033-10-2025,2026-10-31 10:59:30.000
"JOSEPHINE COUNTY HISTORICAL SOCIETY      "," JO CO HISTORICAL SOCIETY BOARD",Inside City Limits,712110,Museum,,2007-04-18 00:00:00.000,E926F2EC-EF6E-45EC-904A-9CF61DEBEB04,5414797827,512,5TH,,SW,ST,,,GRANTS PASS,OR,97526,2025-07-25 15:36:05.000,BTAX-040999-07-2025,2026-07-31 15:36:05.000
JOSEPHINE COUNTY PUBLIC DEFENDERS,"DOUGLAS ENGLE               ",Inside City Limits,541110,Lawyer,,1992-01-01 00:00:00.000,F81EA7EB-F6F6-46BE-9270-385BEE6AD33E,5417795636,211,6TH,,SE,ST,,FORTH FLOOR,GRANTS PASS,OR,97526,2025-07-23 11:32:25.000,BTAX-040946-07-2025,2026-07-31 11:32:25.000
JOSHUA K BABB CONSTRUCTION,JOSHUA  BABB,Outside City Limits,238190,Contractor-General/Building Exterior,,2019-07-19 00:00:00.000,c1e3e857-d889-4b7c-954e-f261a21e40d1,5416606963,2235,SARDINE CREEK,,,RD,,,GOLD HILL,OR,97525,2026-01-14 12:44:56.000,BTAX-042635-01-2026,2027-01-31 12:44:56.000
JOSHUA K BABB CONSTRUCTION," ",Outside City Limits,238190,Contractor-General/Building Exterior,,2019-07-19 00:00:00.000,c1e3e857-d889-4b7c-954e-f261a21e40d1,5416606963,2235,SARDINE CREEK,,,RD,,,GOLD HILL,OR,97525,2026-01-14 12:44:56.000,BTAX-042635-01-2026,2027-01-31 12:44:56.000
JOSHUA NICHOLAS REULE BURDEN,JOSHUA NICHOLAS REULE BURDEN,Inside City Limits,238190,Contractor-General/Building Exterior,,2017-04-12 00:00:00.000,dee362b7-d9d7-4624-9124-edc1e69d7b0e,5416599050,1931,REGINA,,,WAY,,,GRANTS PASS,OR,97527,2025-08-12 14:41:08.000,BTAX-041187-08-2025,2026-08-31 14:41:08.000
JOSHUA NICHOLAS REULE BURDEN,JOSHUA BURDEN,Inside City Limits,238190,Contractor-General/Building Exterior,,2017-04-12 00:00:00.000,dee362b7-d9d7-4624-9124-edc1e69d7b0e,5416599050,1931,REGINA,,,WAY,,,GRANTS PASS,OR,97527,2025-08-12 14:41:08.000,BTAX-041187-08-2025,2026-08-31 14:41:08.000
"JPMORGAN CHASE BANK, N.A.        "," JPMORGAN CHASE BANK NA        ",Inside City Limits,522110,Finance-Commercial Bank,,1992-06-08 00:00:00.000,2516593E-5ADC-4A29-A660-976A67005D92,5414793802,1111,POLARIS,ATTN. ANGELA MORGAN,,PKWY,,FLOOR 2A,COLUMBUS,OH,43240,2026-02-03 12:54:35.000,BTAX-042710-02-2026,2027-02-28 12:54:35.000
"JT ELECTRIC INC               ",JEREMY RICHMOND TOM CHAVEZ,Outside City Limits,238210,Contractor-Electrical,,2001-07-01 00:00:00.000,80C72371-B48A-405E-86EE-405FB7EF30B2,5417345714,4849,AIRWAY,,,DR,,SUITE 105,CENTRAL POINT,OR,97502,2025-08-25 10:22:57.000,BTAX-041524-08-2025,2026-08-31 10:22:57.000
"JUAN VELAZQUEZ CONSTRUCTION   ",JUAN VELAZQUEZ SR,Inside City Limits,238190,Contractor-General/Building Exterior,,2006-04-12 00:00:00.000,E203E413-9A14-46CE-9EAB-76F58A4F9DFD,5416606538,1108,ROGUE RIVER,,SW,AVE,,,GRANTS PASS,OR,97526,2025-08-14 14:37:47.000,BTAX-041262-08-2025,2026-08-31 14:37:47.000
JULIA ANNE RYDEN LIVING TRUST," ",Outside City Limits,531110,Rental Units/Landlord,,2016-04-04 00:00:00.000,bb14664b-e1a2-48a4-936c-3b4f65d031cb,5412185863,PO BOX 3663,,,,,,,CENTRAL POINT,OR,97502,2025-08-12 10:15:35.000,BTAX-041170-08-2025,2026-08-31 10:15:35.000
JULIA ANNE RYDEN LIVING TRUST,JULIA RYDEN,Outside City Limits,531110,Rental Units/Landlord,,2016-04-04 00:00:00.000,bb14664b-e1a2-48a4-936c-3b4f65d031cb,5412185863,PO BOX 3663,,,,,,,CENTRAL POINT,OR,97502,2025-08-12 10:15:35.000,BTAX-041170-08-2025,2026-08-31 10:15:35.000
JULIE'S UPTOWN BAR & GRILL LLC,JULIE  HOFFMAN,Inside City Limits,722410,Bar/Tavern,,2015-04-04 00:00:00.000,9D4B31D2-F024-4CAF-BEFB-7538CBFED754,5414729375,2030,"VINE ",,NW,ST,,,GRANTS PASS,OR,97526,2025-08-14 11:03:04.000,BTAX-041238-08-2025,2026-08-31 11:03:04.000
JUNK YARD JOE'S BBQ SMOKER,JOE SALEH,Inside City Limits,722330,Food-Mobile/Ice Cream Truck,,2017-04-19 00:00:00.000,f86beb68-a55f-4f9e-8373-f584ac720bfd,8188223376,1098,M,,SE,ST,,,GRANTS PASS,OR,97526,2026-03-02 12:59:01.000,BTAX-042874-03-2026,2027-01-31 12:59:01.000
JUNK YARD JOE'S BBQ SMOKER," ",Inside City Limits,722330,Food-Mobile/Ice Cream Truck,,2017-04-19 00:00:00.000,f86beb68-a55f-4f9e-8373-f584ac720bfd,8188223376,1098,M,,SE,ST,,,GRANTS PASS,OR,97526,2026-03-02 12:59:01.000,BTAX-042874-03-2026,2027-01-31 12:59:01.000
JUPITER WELLNESS LLC," ",Inside City Limits,621399,Medical-Massage Therapy,,2021-02-18 00:00:00.000,091f8478-050a-4549-939b-4f60d82bc15d,5305984316,777,7TH,,NE,ST,,# 101,GRANTS PASS,OR,97526,2026-02-20 14:11:57.000,BTAX-042829-02-2026,2027-02-28 14:11:57.000
JUPITER WELLNESS LLC,BRANDI LYNCH,Inside City Limits,621399,Medical-Massage Therapy,,2021-02-18 00:00:00.000,091f8478-050a-4549-939b-4f60d82bc15d,5305984316,777,7TH,,NE,ST,,# 101,GRANTS PASS,OR,97526,2026-02-20 14:11:57.000,BTAX-042829-02-2026,2027-02-28 14:11:57.000
JUST BE BODYWORKS LLC,TONI SKAGGS,Inside City Limits,621399,Medical-Massage Therapy,,2022-06-14 00:00:00.000,6fb151fb-0518-44ef-be1e-caa84e5ec262,5417612247,225,5TH,,NW,ST,,,GRANTS PASS,OR,97526,2025-06-27 12:55:48.000,BTAX-040572-06-2025,2026-06-30 12:55:48.000
JUST BE BODYWORKS LLC," ",Inside City Limits,621399,Medical-Massage Therapy,,2022-06-14 00:00:00.000,6fb151fb-0518-44ef-be1e-caa84e5ec262,5417612247,225,5TH,,NW,ST,,,GRANTS PASS,OR,97526,2025-06-27 12:55:48.000,BTAX-040572-06-2025,2026-06-30 12:55:48.000
"JUST IN TIME DOG GROOMING     ",ANDREA  FELBER,Inside City Limits,812910,Pet Care Services,,2008-01-18 00:00:00.000,C815C9E1-C94A-4266-A807-87418D5D83C2,5414763529,2482,WILLIAMS,,,HWY,,#C,GRANTS PASS,OR,97527,2025-05-29 10:11:20.000,BTAX-040442-05-2025,2026-05-31 10:11:20.000
"JW COMPUTER SERVICE           ",JAMES WARRINER,Inside City Limits,811212,Computer/Office Machine Maint,,2007-10-05 00:00:00.000,C9C4BEA6-CF90-4EEF-B8D9-75E40331386D,5414720300,536,MANZANITA,,NW,AVE,,,GRANTS PASS,OR,97526,2025-08-19 15:55:58.000,BTAX-041425-08-2025,2026-08-31 15:55:58.000
JWF CONSTRUCTION SERVICES LLC," ",Inside City Limits,238190,Contractor-General/Building Exterior,,2018-04-05 00:00:00.000,fb5ed921-d3d5-4a41-b0ed-b1eb5be4487a,5412268161,1129,SPRUCE,,SW,ST,,,GRANTS PASS,OR,97526,2025-04-28 14:59:52.000,BTAX-040281-04-2025,2026-04-30 14:59:52.000
JWF CONSTRUCTION SERVICES LLC,JEFF FREEMAN,Inside City Limits,238190,Contractor-General/Building Exterior,,2018-04-05 00:00:00.000,fb5ed921-d3d5-4a41-b0ed-b1eb5be4487a,5412268161,1129,SPRUCE,,SW,ST,,,GRANTS PASS,OR,97526,2025-04-28 14:59:52.000,BTAX-040281-04-2025,2026-04-30 14:59:52.000
K & M DELIVERY SERVICES LLC," ",Inside City Limits,484210,Moving Company,,2018-03-19 00:00:00.000,7138813d-abeb-4652-83a5-2f8d0d790556,5417871822,1727,BROOKHURST,,,WAY,,,GRANTS PASS,OR,97527,2025-05-27 15:50:59.000,BTAX-040435-05-2025,2026-05-31 15:50:59.000
K & M DELIVERY SERVICES LLC,KHALED KISHAWI,Inside City Limits,484210,Moving Company,,2018-03-19 00:00:00.000,7138813d-abeb-4652-83a5-2f8d0d790556,5417871822,1727,BROOKHURST,,,WAY,,,GRANTS PASS,OR,97527,2025-05-27 15:50:59.000,BTAX-040435-05-2025,2026-05-31 15:50:59.000
"K C DESIGNS GRANTS PASS       ",KAREN & RICHARD  CROWLEY,Inside City Limits,811490,Tailor,,2007-10-26 00:00:00.000,4AC909B8-F638-4F82-9337-1DA955049C24,5414792249,1145,ANNABELLE,,,LN,,,GRANTS PASS,OR,97527,2025-08-04 10:38:10.000,BTAX-041079-08-2025,2026-08-31 10:38:10.000
"KA DESIGNS LLC               ",KENNETH  AGUILAR,Inside City Limits,238190,Contractor-General/Building Exterior,,2014-10-01 00:00:00.000,E2AA24E5-3592-4771-B8C0-E8AF332B5E5B,5412181752,1470,"M ",,SE,ST,,BLDG #2-E,GRANTS PASS,OR,97526,2025-08-12 15:34:31.000,BTAX-041202-08-2025,2026-08-31 15:34:31.000
"KAIROS/KAIROS NORTHWEST       "," KAIROS NORTHWEST              ",Inside City Limits,621420,Medical-Mental Health/Substance Abuse Center,,1978-01-01 00:00:00.000,69407C52-74BD-4AF8-B4DA-21F0171CC142,5419564943,1750,NEBRASKA,,,AVE,,BLDG. A,GRANTS PASS,OR,97527,2025-07-22 14:41:54.000,BTAX-040897-07-2025,2026-07-31 14:41:54.000
"KAIROS/KAIROS NORTHWEST       "," KAIROS NORTHWEST              ",Inside City Limits,621420,Medical-Mental Health/Substance Abuse Center,,1978-01-01 00:00:00.000,69407C52-74BD-4AF8-B4DA-21F0171CC142,5419564943,1750,NEBRASKA,,,AVE,,BLDG. A,GRANTS PASS,OR,97527,2025-08-18 09:03:08.000,BTAX-041302-08-2025,2026-08-31 09:03:08.000
KALIKAT CREATIONS," ",Inside City Limits,541890,Advertising Services,,2020-09-09 00:00:00.000,f943aea4-cd91-4d46-9caf-8f5f89b88739,7074992334,606,WESTHOLM,,SW,AVE,,,GRANTS PASS,OR,97526,2025-04-16 14:38:54.000,BTAX-040229-04-2025,2026-04-30 14:38:54.000
KALIKAT CREATIONS,KALI BARNHART,Inside City Limits,541890,Advertising Services,,2020-09-09 00:00:00.000,f943aea4-cd91-4d46-9caf-8f5f89b88739,7074992334,606,WESTHOLM,,SW,AVE,,,GRANTS PASS,OR,97526,2025-04-16 14:38:54.000,BTAX-040229-04-2025,2026-04-30 14:38:54.000
KALMAN CONSTRUCTION," ",Outside City Limits,238190,Contractor-General/Building Exterior,,2023-03-07 00:00:00.000,c21c8da5-8051-49a4-be97-a82db20b8a4f,5414503350,1173,PLUMTREE,,,LN,,,GRANTS PASS,OR,97526,2025-05-23 10:52:42.000,BTAX-040413-05-2025,2026-05-31 10:52:42.000
KALMAN CONSTRUCTION,MARK KALMAN,Outside City Limits,238190,Contractor-General/Building Exterior,,2023-03-07 00:00:00.000,c21c8da5-8051-49a4-be97-a82db20b8a4f,5414503350,1173,PLUMTREE,,,LN,,,GRANTS PASS,OR,97526,2025-05-23 10:52:42.000,BTAX-040413-05-2025,2026-05-31 10:52:42.000
KALON," ",Inside City Limits,812112,Esthetician Services,,2021-11-01 00:00:00.000,c9e8ef09-1061-4081-bb82-ecc2883395ff,5416602573,300,LINDA VISTA,,E,RD,,,GRANTS PASS,OR,97527,2025-10-14 16:28:41.000,BTAX-042012-10-2025,2026-10-31 16:28:41.000
KALON,NATALIE BESLER,Inside City Limits,812112,Esthetician Services,,2021-11-01 00:00:00.000,c9e8ef09-1061-4081-bb82-ecc2883395ff,5416602573,300,LINDA VISTA,,E,RD,,,GRANTS PASS,OR,97527,2025-10-14 16:28:41.000,BTAX-042012-10-2025,2026-10-31 16:28:41.000
KAMBOJ MARKET LLC," ",Inside City Limits,445120,Convenience Store,TOWN AND COUNTRY MARKET 1,2017-11-21 00:00:00.000,75a770cf-0701-475c-aba6-2626d58548d5,5414768186,2482,WILLIAMS,," ",HWY,,A,GRANTS PASS,OR,97527,2025-06-26 15:36:42.000,BTAX-040567-06-2025,2026-06-30 15:36:42.000
KAMBOJ MARKET LLC,SATPAL SHAMA,Inside City Limits,445120,Convenience Store,TOWN AND COUNTRY MARKET 1,2017-11-21 00:00:00.000,75a770cf-0701-475c-aba6-2626d58548d5,5414768186,2482,WILLIAMS,," ",HWY,,A,GRANTS PASS,OR,97527,2025-06-26 15:36:42.000,BTAX-040567-06-2025,2026-06-30 15:36:42.000
KAMBOJ MARKET LLC,JASBIR MEHROK,Inside City Limits,445120,Convenience Store,TOWN AND COUNTRY MARKET 1,2017-11-21 00:00:00.000,75a770cf-0701-475c-aba6-2626d58548d5,5414768186,2482,WILLIAMS,," ",HWY,,A,GRANTS PASS,OR,97527,2025-06-26 15:36:42.000,BTAX-040567-06-2025,2026-06-30 15:36:42.000
KAMBOJ RETAIL LLC,gurmeet mehrok,Inside City Limits,445120,Convenience Store,TOWN & COUNTRY MARKET 2,2007-12-05 00:00:00.000,62164486-7FED-47DA-B8AD-B5861BBCC0BE,5414769512,1910,REDWOOD,,,AVE,,,GRANTS PASS,OR,97527,2025-10-02 09:45:09.000,BTAX-041915-10-2025,2026-10-31 09:45:09.000
KAMBOJ RETAIL LLC,GURMEET MEHROK,Inside City Limits,445120,Convenience Store,TOWN & COUNTRY MARKET 2,2007-12-05 00:00:00.000,62164486-7FED-47DA-B8AD-B5861BBCC0BE,5414769512,1910,REDWOOD,,,AVE,,,GRANTS PASS,OR,97527,2025-10-02 09:45:09.000,BTAX-041915-10-2025,2026-10-31 09:45:09.000
"KAR-GLO                       ",MITCHELL JOHNSON,Inside City Limits,452990,"Retail-General Merchandise ",,1991-10-21 00:00:00.000,83BE48AC-3F18-48E1-AD01-5196C678B188,5414768962,233,ROGUE RIVER,,,HWY,,#1125,GRANTS PASS,OR,97527,2025-11-17 11:49:29.000,BTAX-042289-11-2025,2026-11-30 11:49:29.000
"KAS & ASSOCIATES INC          ",SCOTT PINGLE PE SE,Inside City Limits,541330,Engineering Services,,2002-08-05 00:00:00.000,2B31CFC3-CF3F-4C6C-8063-52E2246839FF,5414795801,304,SOUTH HOLLY,,,ST,,,MEDFORD,OR,97501,2025-07-14 10:06:15.000,BTAX-040705-07-2025,2026-07-31 10:06:15.000
KASDORF AND ASSOCIATES LLC,MARLA KASDORF,Inside City Limits,524210,Insurance Agency & Brokerages,,2019-03-27 00:00:00.000,3b13db6f-1f96-46d1-9328-6e7f4a22a1a5,5412950777,336,SHETLAND,,,DR,,,GRANTS PASS,OR,97526,2025-04-23 11:49:06.000,BTAX-040248-04-2025,2026-04-30 11:49:06.000
KASDORF AND ASSOCIATES LLC," ",Inside City Limits,524210,Insurance Agency & Brokerages,,2019-03-27 00:00:00.000,3b13db6f-1f96-46d1-9328-6e7f4a22a1a5,5412950777,336,SHETLAND,,,DR,,,GRANTS PASS,OR,97526,2025-04-23 11:49:06.000,BTAX-040248-04-2025,2026-04-30 11:49:06.000
KASIAH CONSULTING,SCOTT KASIAH,Inside City Limits,541611,Consulting Service,,2017-04-11 00:00:00.000,6049ba73-370e-4bc8-ba00-3281fb9c018a,5414150166,1060,WOODCREST,,NW,CIR,,,GRANTS PASS,OR,97526,2025-07-15 11:22:19.000,BTAX-040749-07-2025,2026-07-31 11:22:19.000
KASIAH CONSULTING," ",Inside City Limits,541611,Consulting Service,,2017-04-11 00:00:00.000,6049ba73-370e-4bc8-ba00-3281fb9c018a,5414150166,1060,WOODCREST,,NW,CIR,,,GRANTS PASS,OR,97526,2025-07-15 11:22:19.000,BTAX-040749-07-2025,2026-07-31 11:22:19.000
"KATANACRAFT, LLC",TRAVIS HAMLYN,Inside City Limits,339999,Manufacturing-Misc Manufacturing,,2011-08-31 00:00:00.000,cfdb9eb8-4a03-4923-ad8b-4af6b8e25333,5414797204,966,6TH,,SW,ST,,,GRANTS PASS,OR,97526,2025-06-30 14:49:31.000,BTAX-040577-06-2025,2026-06-30 14:49:31.000
"KATANACRAFT, LLC"," ",Inside City Limits,339999,Manufacturing-Misc Manufacturing,,2011-08-31 00:00:00.000,cfdb9eb8-4a03-4923-ad8b-4af6b8e25333,5414797204,966,6TH,,SW,ST,,,GRANTS PASS,OR,97526,2025-06-30 14:49:31.000,BTAX-040577-06-2025,2026-06-30 14:49:31.000
"KATANACRAFT, LLC",KELLY HACKER,Inside City Limits,339999,Manufacturing-Misc Manufacturing,,2011-08-31 00:00:00.000,cfdb9eb8-4a03-4923-ad8b-4af6b8e25333,5414797204,966,6TH,,SW,ST,,,GRANTS PASS,OR,97526,2025-06-30 14:49:31.000,BTAX-040577-06-2025,2026-06-30 14:49:31.000
"KATHLEEN M KELLY CPA         ",KATHLEEN KELLY,Inside City Limits,541211,Accountant-CPA,,1999-01-01 00:00:00.000,2B6ACA85-F40B-478C-ACAC-E33F0E31D367,5414712487,717,5TH,,NW,ST,,,GRANTS PASS,OR,97526,2025-08-19 14:36:35.000,BTAX-041412-08-2025,2026-08-31 14:36:35.000
KATRINA K HOLDINGS LLC,Katrina Krauss,Inside City Limits,238190,Contractor-General/Building Exterior,,2018-01-18 00:00:00.000,549c6a01-0491-40ce-9618-2377b67fd746,5412181799,106,F,,NW,ST,,PMB 418,GRANTS PASS,OR,97526,2025-11-17 15:35:37.000,BTAX-042293-11-2025,2026-11-30 15:35:37.000
KATRINA K HOLDINGS LLC,"KATRINA KRAUSS ",Inside City Limits,238190,Contractor-General/Building Exterior,,2018-01-18 00:00:00.000,549c6a01-0491-40ce-9618-2377b67fd746,5412181799,106,F,,NW,ST,,PMB 418,GRANTS PASS,OR,97526,2025-11-17 15:35:37.000,BTAX-042293-11-2025,2026-11-30 15:35:37.000
"KAYLOR ELECTRIC LLC           ",JOHN WILEY,Outside City Limits,238210,Contractor-Electrical,,1997-10-19 00:00:00.000,BEA12F4B-4029-4145-9900-1652A99494F3,5415352600,PO BOX 639,,,,,,,PHOENIX,OR,975350639,2025-11-24 12:23:30.000,BTAX-042347-11-2025,2026-10-31 12:23:30.000
KBP LAKE OF THE WOODS LLC," TIM/JAY STEINER (KLAMATH INVES",Inside City Limits,238190,Contractor-General/Building Exterior,DIAMOND HOME IMPROVEMENT,1997-12-01 00:00:00.000,FA7F3F21-C4C4-4A6C-BB71-54DCD8872DEF,5418853535,2380,6TH,,S,ST,,,KLAMATH FALLS,OR,97601,2025-08-28 16:14:53.000,BTAX-041585-08-2025,2026-07-31 16:14:53.000
KCI USA INC DBA SOLVENTUM ADVANCED WOUND CARE," KCI USA INC                   ",Outside City Limits,532299,Rental-Misc Rentals,SOLVENTUM ADVANCED WOUND CARE,2003-11-17 00:00:00.000,0D0D0349-8E28-4040-8BBE-B2ACA7CCF24D,7323645623,C/O Avalara Inc,PO BOX 3824,,,,,,DURHAM,NC,27702,2025-12-22 09:54:46.000,BTAX-042491-12-2025,2026-12-31 09:54:46.000
KEITH L & SANDRA G MARTIN RENTALS,KEITH L & SANDRA G  MARTIN,Outside City Limits,531110,Rental Units/Landlord,,1998-07-13 00:00:00.000,345C738F-B864-48FA-931C-3B0B00D46007,5033936204,879,GREENWOOD,,,DR,,,KEIZER,OR,97303,2025-07-25 10:41:26.000,BTAX-040975-07-2025,2026-07-31 10:41:26.000
"KEITH'S GASOLINE ALLEY        ",KEITH  POTTS,Inside City Limits,447190,Gas Station,,2008-10-15 00:00:00.000,8ACD7C1E-37C8-48CF-9EAE-B7684CB2CC4E,5412185154,838,FRUITDALE,,,DR,,,GRANTS PASS,OR,97527,2025-07-09 14:49:24.000,BTAX-040644-07-2025,2026-07-31 14:49:24.000
"KELLEY STUDIOS                ",BRENDA  KELLEY,Outside City Limits,711510,Artist,,2006-06-02 00:00:00.000,8F1E2BF2-F2D3-4D35-9537-B9EA79E68668,5414742138,4855,REDWOOD,,,HWY,,,GRANTS PASS,OR,97527,2025-05-13 13:11:58.000,BTAX-040342-05-2025,2026-05-31 13:11:58.000
"KELLY'S AUTOMOTIVE SERVICE    ",DAVE & LISA  KELLY,Inside City Limits,811111,Auto-General Repair,,1986-07-01 00:00:00.000,66987760-B14F-46F1-ABDA-35A672676A8A,5414766964,1661,"6TH ",,NE,ST,,,GRANTS PASS,OR,97526,2025-10-20 14:40:34.000,BTAX-042066-10-2025,2026-10-31 14:40:34.000
KELSEY REINHART - THERAPEUTIC MASSAGE,KELSEY  REINHART,Inside City Limits,621399,Medical-Massage Therapy,,2007-09-26 00:00:00.000,4C709848-5550-4BB5-8649-E90ED253BB2D,5414152344,141,AZALEA,,,DR,,,GRANTS PASS,OR,97526,2026-01-13 12:07:13.000,BTAX-042625-01-2026,2027-01-31 12:07:13.000
"KENDALL CONSTRUCTION INC     ",Marty Sykes,Outside City Limits,238190,Contractor-General/Building Exterior,,2003-01-01 00:00:00.000,93D663CE-07FD-4A9B-B8A0-8769EF666726,5036655047,PO BOX 550,,,,,,,TROUTDALE,OR,97060,2025-08-06 11:42:04.000,BTAX-041109-08-2025,2026-07-31 11:42:04.000
"KENNEDY FUEL CO               ",BARRY BLOOMBERG,Outside City Limits,238220,Contractor-HVAC Services,,1992-06-08 00:00:00.000,9577E0FE-B01A-4AE5-AC97-09A32442AD46,5417791515,6868,CRATER LAKE,,,HWY,,,WHITE CITY,OR,97503,2025-12-02 10:35:00.000,BTAX-042364-12-2025,2026-10-31 10:35:00.000
KENNETH M & CHRISTINE ZIMMER RENTALS,KENNETH M & CHRISTINE  ZIMMER,Outside City Limits,531110,Rental Units/Landlord,,1991-02-05 00:00:00.000,48D49E0B-427A-4A1E-A03B-B1C51D23B71C,5414795016,3920,JUMPOFF JOE CREEK,,,RD,,,GRANTS PASS,OR,97526,2025-07-16 15:04:57.000,BTAX-040811-07-2025,2026-07-31 15:04:57.000
"KERBY ELECTRIC                ",ROBERT & MIKE  NOLAN,Outside City Limits,238210,Contractor-Electrical,,1998-11-01 00:00:00.000,6835A8D8-7335-4529-8D92-0C4300ED40B2,5415924200,PO BOX 3288,,,,,,,KERBY,OR,97531,2025-04-11 12:35:25.000,BTAX-040195-04-2025,2026-04-30 12:35:25.000
KEVIN QUIST,KEVIN QUIST,Outside City Limits,541350,Building Inspection Services,,2022-12-22 00:00:00.000,2cb851cc-24cf-4d35-95fc-928f91083aba,5593313539,890,PO BOX 262,,,,,,WOLF CREEK,OR,97497,2025-12-26 12:02:49.000,BTAX-042513-12-2025,2026-12-31 12:02:49.000
"KEY BANK                      "," KEYBANK NATIONAL ASSOCIATION  ",Inside City Limits,522110,Finance-Commercial Bank,,1993-12-07 00:00:00.000,9D088F71-F51D-4CD1-8D36-C14A4AB180FD,5414792299,PO BOX 1865,,,,,,,ALBANY,NY,122011865,2025-07-25 12:46:19.000,BTAX-040989-07-2025,2026-07-31 12:46:19.000
"KEY LINE CONSTRUCTION INC     ",TANK  PARRISH,Outside City Limits,238190,Contractor-General/Building Exterior,,2008-03-24 00:00:00.000,0A8349A5-0C2C-4E93-9C8C-70D7EB0616D8,5416655415,725,ASH,,,ST,,,MYRTLE POINT,OR,97458,2025-08-18 12:49:35.000,BTAX-041319-08-2025,2026-08-31 12:49:35.000
KEY MECHANICAL COMPANY OF WASHINGTON,FRANK  LEONARD,Outside City Limits,238220,Contractor-HVAC Services,,1977-07-18 00:00:00.000,5B863A9E-A5E5-4966-8C44-585E61DE0327,5032310731,19430,"68TH ",,,AVE,,SUITE B,KENT,WA,98032,2025-08-18 14:40:27.000,BTAX-041327-08-2025,2026-08-31 14:40:27.000
KIDDIE COVE EARLY LEARNING CENTER,CHERYL SHEEHAN,Inside City Limits,624410,Child Day Care,,2020-02-20 00:00:00.000,90ba8710-dcff-40eb-ade9-d016cd47b435,5412958104,119,PINTAIL,,SW,CT,," ",GRANTS PASS,OR,97527,2025-06-04 12:19:34.000,BTAX-040462-06-2025,2026-06-30 12:19:34.000
KIDDIE COVE EARLY LEARNING CENTER," ",Inside City Limits,624410,Child Day Care,,2020-02-20 00:00:00.000,90ba8710-dcff-40eb-ade9-d016cd47b435,5412958104,119,PINTAIL,,SW,CT,," ",GRANTS PASS,OR,97527,2025-06-04 12:19:34.000,BTAX-040462-06-2025,2026-06-30 12:19:34.000
KIMBERLY FIEN,KIMBERLY FIEN,Inside City Limits,561720,Cleaning Service,,2017-02-15 00:00:00.000,16661e63-852c-430e-833e-e5fcaa3172e4,6199178199,312,PARKHILL,,,PL,,,GRANTS PASS,OR,97527,2025-07-25 12:12:38.000,BTAX-040986-07-2025,2026-07-31 12:12:38.000
KIM'S HAIRCUTTING STUDIO," ",Inside City Limits,812112,Beauty Salon,,2020-09-20 00:00:00.000,31b81cb6-93c7-4c5d-b87c-9a1c3fecdacb,5414973296,424,6TH,,NW,ST,,STE 213,GRANTS PASS,OR,97526,2025-09-08 13:46:41.000,BTAX-041681-09-2025,2026-09-30 13:46:41.000
KIM'S HAIRCUTTING STUDIO,KIMBERLY WILLIAMS,Inside City Limits,812112,Beauty Salon,,2020-09-20 00:00:00.000,31b81cb6-93c7-4c5d-b87c-9a1c3fecdacb,5414973296,424,6TH,,NW,ST,,STE 213,GRANTS PASS,OR,97526,2025-09-08 13:46:41.000,BTAX-041681-09-2025,2026-09-30 13:46:41.000
"KINDY'S ELECTRIC              ",JEFF  KINDY,Outside City Limits,238210,Contractor-Electrical,,2005-07-01 00:00:00.000,4937FA0E-06C9-449D-BC16-BA347038D6D6,5414761793,735,HIXSON,,,DR,,,GRANTS PASS,OR,97526,2025-09-05 14:22:17.000,BTAX-041659-09-2025,2026-09-30 14:22:17.000
KINGS LANDSCAPE MAINTENANCE AND PROPERTY SERVICES," ",Inside City Limits,541320,Landscaping Services,,2019-05-15 00:00:00.000,343b14d0-8f17-41a0-9df7-dfca3c31be45,5414416700,1731,MEDART,,,LN,,,GRANTS PASS,OR,97527,2025-10-29 10:50:08.000,BTAX-042134-10-2025,2026-10-31 10:50:08.000
KINGS LANDSCAPE MAINTENANCE AND PROPERTY SERVICES,JAMES MONTGOMERY,Inside City Limits,541320,Landscaping Services,,2019-05-15 00:00:00.000,343b14d0-8f17-41a0-9df7-dfca3c31be45,5414416700,1731,MEDART,,,LN,,,GRANTS PASS,OR,97527,2025-10-29 10:50:08.000,BTAX-042134-10-2025,2026-10-31 10:50:08.000
"KINGSVIEW WEALTH MANAGEMENT, LLC",SEAN MCGILLIVRAY,Inside City Limits,523999,Finance-Investment Activities,,2017-01-31 00:00:00.000,4ecba793-5851-4f1d-b39d-e03548aea10b,5412914405,509,7TH,,SE,ST,,2ND FLOOR #2,GRANTS PASS,OR,97526,2025-09-18 11:40:45.000,BTAX-041811-09-2025,2026-09-30 11:40:45.000
"KINGSVIEW WEALTH MANAGEMENT, LLC"," ",Inside City Limits,523999,Finance-Investment Activities,,2017-01-31 00:00:00.000,4ecba793-5851-4f1d-b39d-e03548aea10b,5412914405,509,7TH,,SE,ST,,2ND FLOOR #2,GRANTS PASS,OR,97526,2025-09-18 11:40:45.000,BTAX-041811-09-2025,2026-09-30 11:40:45.000
KINZLER & CO INSURANCE & FINANCIAL,KENNETH KINZLER,Inside City Limits,524210,Insurance Agency & Brokerages,,2012-06-08 00:00:00.000,F622D046-6BBC-431F-84E6-ACBE0F979F37,5414721644,400,G,,SE,ST,,,GRANTS PASS,OR,97526,2025-12-15 12:44:38.000,BTAX-042467-12-2025,2026-12-31 12:44:38.000
KINZLER & CO INSURANCE & FINANCIAL,"         ",Inside City Limits,524210,Insurance Agency & Brokerages,,2012-06-08 00:00:00.000,F622D046-6BBC-431F-84E6-ACBE0F979F37,5414721644,400,G,,SE,ST,,,GRANTS PASS,OR,97526,2025-12-15 12:44:38.000,BTAX-042467-12-2025,2026-12-31 12:44:38.000
"KIRKLAND CONTRACTING          ",KERRY  KIRKLAND,Outside City Limits,238190,Contractor-General/Building Exterior,,1997-11-12 00:00:00.000,365CEDDA-ABFE-4384-AF6C-FF62A98219E2,5416604358,PO BOX 391,,,,,,,GLENDALE,OR,97442,2025-09-30 11:28:43.000,BTAX-041905-09-2025,2026-09-30 11:28:43.000
"KNIFE RIVER MATERIALS  "," ",Outside City Limits,238110,Contractor-Concrete/Found/Structural,,1997-02-25 00:00:00.000,25727688-E704-4A8D-B679-CFA5B7963CB5,5417702960,PO BOX 1145,,,,,,,MEDFORD,OR,97501,2025-07-01 11:41:46.000,BTAX-040593-07-2025,2026-07-31 11:41:46.000
"KNIGHTS INN MOTEL             ",M G  PATEL,Inside City Limits,721110,Hotel/Motel,,1994-12-01 00:00:00.000,6E151652-6BFA-4592-8153-BB037075C53A,5414795595,104,7TH,,SE,ST,,,GRANTS PASS,OR,97526,2025-08-05 10:18:45.000,BTAX-041097-08-2025,2026-08-31 10:18:45.000
KOI SUSHI BAR AND ASIAN BISTRO LLC," ",Inside City Limits,722511,Restaurant,,2019-07-18 00:00:00.000,ca09afbc-c222-4d78-9f59-1f8a667565e7,,111,HILLCREST,,NE,DR,,,GRANTS PASS,OR,97526,2025-09-30 15:53:14.000,BTAX-041906-09-2025,2026-09-30 15:53:14.000
KOI SUSHI BAR AND ASIAN BISTRO LLC,DJOKO HANDOJO,Inside City Limits,722511,Restaurant,,2019-07-18 00:00:00.000,ca09afbc-c222-4d78-9f59-1f8a667565e7,,111,HILLCREST,,NE,DR,,,GRANTS PASS,OR,97526,2025-09-30 15:53:14.000,BTAX-041906-09-2025,2026-09-30 15:53:14.000
KOI SUSHI BAR AND ASIAN BISTRO LLC,DEWI TULUS,Inside City Limits,722511,Restaurant,,2019-07-18 00:00:00.000,ca09afbc-c222-4d78-9f59-1f8a667565e7,,111,HILLCREST,,NE,DR,,,GRANTS PASS,OR,97526,2025-09-30 15:53:14.000,BTAX-041906-09-2025,2026-09-30 15:53:14.000
KR PLUMBING,KYLE REYNOLDS,Inside City Limits,238220,Plumber,,2024-01-29 00:00:00.000,f153c5c0-1eb7-48d3-9cc8-76a5eba90986,5417617729,1002,BELLE AIRE,,SE,DR,,,GRANTS PASS,OR,97526,2026-01-13 16:08:47.000,BTAX-042630-01-2026,2027-01-31 16:08:47.000
KR PLUMBING," ",Inside City Limits,238220,Plumber,,2024-01-29 00:00:00.000,f153c5c0-1eb7-48d3-9cc8-76a5eba90986,5417617729,1002,BELLE AIRE,,SE,DR,,,GRANTS PASS,OR,97526,2026-01-13 16:08:47.000,BTAX-042630-01-2026,2027-01-31 16:08:47.000
KRC COMPANY INC,KLAY ROBINSON,Inside City Limits,238190,Contractor-General/Building Exterior,,1997-07-26 00:00:00.000,BE82E8A4-F4EA-40CF-B48A-44C4E68774D6,5414741586,1650 1/2,TERRACE,,NE,DR,,,GRANTS PASS,OR,97526,2025-09-18 14:32:57.000,BTAX-041827-09-2025,2026-08-31 14:32:57.000
KRC COMPANY INC," ",Inside City Limits,238190,Contractor-General/Building Exterior,,1997-07-26 00:00:00.000,BE82E8A4-F4EA-40CF-B48A-44C4E68774D6,5414741586,1650 1/2,TERRACE,,NE,DR,,,GRANTS PASS,OR,97526,2025-09-18 14:32:57.000,BTAX-041827-09-2025,2026-08-31 14:32:57.000
"KRISTI'S ALL NATURAL PET FOOD ","HIGGS, CRAMER, ALVIS ALLEN",Inside City Limits,453910,Retail-Pets & Pet Supplies,,2003-10-01 00:00:00.000,65FFDB54-79CE-4CF3-A926-2E60F705C3C5,5412958095,356,K,,SW,ST,,,GRANTS PASS,OR,97526,2025-08-19 10:36:34.000,BTAX-041374-08-2025,2026-08-31 10:36:34.000
KUMPUNNY'S LLC,DANIEL WOOD,Inside City Limits,311999,Manufacturing-Misc Food,,2019-02-14 00:00:00.000,b52e0d5c-9bd8-4026-a54c-42aba39484df,5418620452,1753,DARRELL,,,CIR,,,GRANTS PASS,OR,97527,2025-05-05 16:11:25.000,BTAX-040312-05-2025,2026-05-31 16:11:25.000
KUMPUNNY'S LLC," ",Inside City Limits,311999,Manufacturing-Misc Food,,2019-02-14 00:00:00.000,b52e0d5c-9bd8-4026-a54c-42aba39484df,5418620452,1753,DARRELL,,,CIR,,,GRANTS PASS,OR,97527,2025-05-05 16:11:25.000,BTAX-040312-05-2025,2026-05-31 16:11:25.000
KUMPUNNY'S LLC,CYNTHIA KUMPUNNY HOWELL,Inside City Limits,311999,Manufacturing-Misc Food,,2019-02-14 00:00:00.000,b52e0d5c-9bd8-4026-a54c-42aba39484df,5418620452,1753,DARRELL,,,CIR,,,GRANTS PASS,OR,97527,2025-05-05 16:11:25.000,BTAX-040312-05-2025,2026-05-31 16:11:25.000
KUNERT ELECTRIC LLC," ",Outside City Limits,238210,Contractor-Electrical,,1999-07-01 00:00:00.000,31E75450-CDF8-461E-AC48-125622FC00E5,5416723333,200,CHANNON,,NE,AVE,,,ROSEBURG,OR,97470,2025-07-22 12:53:51.000,BTAX-040887-07-2025,2026-07-31 12:53:51.000
KUNERT ELECTRIC LLC," ",Outside City Limits,238210,Contractor-Electrical,,1999-07-01 00:00:00.000,31E75450-CDF8-461E-AC48-125622FC00E5,5416723333,200,CHANNON,,NE,AVE,,,ROSEBURG,OR,97470,2025-07-22 12:53:51.000,BTAX-040887-07-2025,2026-07-31 12:53:51.000
"KURL UP & DYE                 ",LISA ARIAS,Inside City Limits,812112,Beauty Salon,,2001-01-01 00:00:00.000,E49DB14F-6188-48A2-8C76-B921871B8C97,5416606646,1370,ROGUE RIVER,,,HWY,,STE 1,GRANTS PASS,OR,97527,2025-12-08 15:12:40.000,BTAX-042421-12-2025,2026-12-31 15:12:40.000
KURT & MARIANNE HEATER RENTALS,KURT & MARIANNE  HEATER,Inside City Limits,531110,Rental Units/Landlord,,2005-10-01 00:00:00.000,229AF80E-BB0E-4E5D-BF29-2A02509D574C,5414794073,1454,PINECREST,,,DR,,,GRANTS PASS,OR,97526,2025-08-20 10:19:15.000,BTAX-041441-08-2025,2026-08-31 10:19:15.000
KYNDRA & DANIEL BURDIS RENTALS,KYNDRA & DANIEL  BURDIS,Inside City Limits,531110,Rental Units/Landlord,,2004-02-05 00:00:00.000,F40C498A-8E16-4921-9592-6EE8AFD1E90E,5414728179,1051,6TH,,NE,ST,,PMB 900,GRANTS PASS,OR,97526,2025-08-22 14:41:31.000,BTAX-041516-08-2025,2026-08-31 14:41:31.000
L & L CONSTRUCTION LLC,CARL LACY,Inside City Limits,238190,Contractor-General/Building Exterior,,2019-04-15 00:00:00.000,84f7a8fe-cf2a-4907-af60-cbc9067b903d,5418907080,PO BOX 1367,,,,,,,SHADY COVE,OR,97539,2025-06-19 15:52:15.000,BTAX-040534-06-2025,2026-06-30 15:52:15.000
L & L CONSTRUCTION LLC,CARL LACY,Inside City Limits,238190,Contractor-General/Building Exterior,,2019-04-15 00:00:00.000,84f7a8fe-cf2a-4907-af60-cbc9067b903d,5418907080,PO BOX 1367,,,,,,,SHADY COVE,OR,97539,2025-06-19 15:52:15.000,BTAX-040534-06-2025,2026-06-30 15:52:15.000
"L HYDE TRUCKING LLC           ",LUCAS IAN & AUDREA JEAN  HYDE,Outside City Limits,484220,Transportation-Trucking (Freight),,2007-06-01 00:00:00.000,BE211106-6685-4C77-9B1D-674185E6BC66,5414768989,2472,LOWER RIVER,,,RD,,,GRANTS PASS,OR,97526,2025-08-19 16:11:17.000,BTAX-041429-08-2025,2026-08-31 16:11:17.000
L. LOUISE DAVIES," ",Inside City Limits,813110,Religious Organization,,2023-09-18 00:00:00.000,4475f606-8ab5-493c-9a6a-3b290e1c342e,5414763600,106 NW F ST,,,,,,245,GRANTS PASS,OR,97526,2025-09-23 09:29:46.000,BTAX-041848-09-2025,2026-09-30 09:29:46.000
L. LOUISE DAVIES,L. DAVIES,Inside City Limits,813110,Religious Organization,,2023-09-18 00:00:00.000,4475f606-8ab5-493c-9a6a-3b290e1c342e,5414763600,106 NW F ST,,,,,,245,GRANTS PASS,OR,97526,2025-09-23 09:29:46.000,BTAX-041848-09-2025,2026-09-30 09:29:46.000
"LA BELLA FACCIA               ",ROBNETTE BUCKLEY,Inside City Limits,812112,Beauty Salon,THE SPHERE,2002-06-01 00:00:00.000,100E8E0C-F1BC-496C-B002-E7F53ABB0AC3,5414714405,1034,"6TH ",,NW,ST,,,GRANTS PASS,OR,97526,2026-01-14 10:45:52.000,BTAX-042633-01-2026,2027-01-31 10:45:52.000
LA HACIENDA MEXICAN GRILL,LEOBARDO BEDOLLA,Inside City Limits,722511,Restaurant,,2020-02-01 00:00:00.000,27522ca0-5161-4d44-96fe-f65e31f91648,5412267471,775,6TH,,SE,ST,,,GRANTS PASS,OR,97526,2025-04-02 12:40:49.000,BTAX-040136-04-2025,2026-04-30 12:40:49.000
LA HACIENDA MEXICAN GRILL," ",Inside City Limits,722511,Restaurant,,2020-02-01 00:00:00.000,27522ca0-5161-4d44-96fe-f65e31f91648,5412267471,775,6TH,,SE,ST,,,GRANTS PASS,OR,97526,2025-04-02 12:40:49.000,BTAX-040136-04-2025,2026-04-30 12:40:49.000
"LA QUINTA INN & SUITES        "," GRANTS INVESTMENTS INC        ",Inside City Limits,721110,Hotel/Motel,,1998-07-29 00:00:00.000,F5BDD054-DF3C-4146-BCD1-190AA340A17A,5414720152,243,MORGAN,,NE,LN,,,GRANTS PASS,OR,97526,2025-08-21 15:10:41.000,BTAX-041486-08-2025,2026-08-31 15:10:41.000
"LAHORGUE METAL FABRICATING    ",CHARLES  LAHORGUE,Inside City Limits,238190,Welding/Fabrication,,2014-11-01 00:00:00.000,E2C0B6C6-1BE3-4581-ABF7-7DC477364466,5414795050,1470,"M ",,SE,ST,,UNIT 2C,GRANTS PASS,OR,97526,2025-07-25 14:19:41.000,BTAX-040990-07-2025,2026-07-31 14:19:41.000
"LAM AIR HEATING & COOLING     ",DAVID LAMBERT,Outside City Limits,238220,Contractor-HVAC Services,,1995-04-05 00:00:00.000,279B3752-AA45-4B6C-A412-8ACF5466BCCC,5414766978,PO BOX 405,,,,,,,MERLIN,OR,97532,2025-08-05 09:53:03.000,BTAX-041091-08-2025,2026-07-31 09:53:03.000
LANDERS ELECTRIC,JOSEPHINE  LANDERS,Outside City Limits,238210,Contractor-Electrical,,2010-08-24 00:00:00.000,2051EA97-525F-4DB5-A491-30C39492C502,5419519094,PO BOX 717,,,,,,,JACKSONVILLE,OR,97530,2025-08-20 10:34:56.000,BTAX-041444-08-2025,2026-08-31 10:34:56.000
LANDERS ELECTRIC," ",Outside City Limits,238210,Contractor-Electrical,,2010-08-24 00:00:00.000,2051EA97-525F-4DB5-A491-30C39492C502,5419519094,PO BOX 717,,,,,,,JACKSONVILLE,OR,97530,2025-08-20 10:34:56.000,BTAX-041444-08-2025,2026-08-31 10:34:56.000
LARRY BROWN CONSTRUCTION,LARRY BROWN,Inside City Limits,238190,Contractor-General/Building Exterior,,2016-08-04 00:00:00.000,d6035272-a91d-4a83-b7f6-ebe8253447e4,5417877915,1460,D,,NE,ST,,,GRANTS PASS,OR,97526,2025-09-09 12:28:54.000,BTAX-041704-09-2025,2026-09-30 12:28:54.000
LARRY BROWN CONSTRUCTION,LAWRENCE BROWN,Inside City Limits,238190,Contractor-General/Building Exterior,,2016-08-04 00:00:00.000,d6035272-a91d-4a83-b7f6-ebe8253447e4,5417877915,1460,D,,NE,ST,,,GRANTS PASS,OR,97526,2025-09-09 12:28:54.000,BTAX-041704-09-2025,2026-09-30 12:28:54.000
"LAURA ERKENEFF, LMFT"," ",Inside City Limits,624190,Social Svcs-Individual & Family Svcs,,2018-11-15 00:00:00.000,33e37174-31e5-4624-9c87-4b7868554e44,5412958722,215,6TH,,SE,ST,,#210,GRANTS PASS,OR,97526,2025-06-26 15:29:25.000,BTAX-040565-06-2025,2026-06-30 15:29:25.000
LAURA M JOHNSON DDS PC," ",Inside City Limits,621210,Medical-Dentist,ALLEN CREEK DENTAL,2003-09-01 00:00:00.000,8ab13d0a-e30c-4260-83ec-50e5b1b44133,5414762200,1630,WILLIAMS,,,HWY,,PMB 79,GRANTS PASS,OR,97527,2025-09-17 08:53:53.000,BTAX-041777-09-2025,2026-09-30 08:53:53.000
LAURA M JOHNSON DDS PC,LAURA JOHNSON,Inside City Limits,621210,Medical-Dentist,ALLEN CREEK DENTAL,2003-09-01 00:00:00.000,8ab13d0a-e30c-4260-83ec-50e5b1b44133,5414762200,1630,WILLIAMS,,,HWY,,PMB 79,GRANTS PASS,OR,97527,2025-09-17 08:53:53.000,BTAX-041777-09-2025,2026-09-30 08:53:53.000
"LAURENCE J SMITH RENTALS      ",STEPHANIE SMITH,Inside City Limits,531110,Rental Units/Landlord,,1992-04-13 00:00:00.000,2A5B31E1-5F91-4131-8026-BF969E9DC76A,5414760449,350,GLENWOOD,,E,ST,,,GRANTS PASS,OR,97527,2026-01-02 16:48:09.000,BTAX-042553-01-2026,2027-01-31 16:48:09.000
"LAURENCE J SMITH RENTALS      "," ",Inside City Limits,531110,Rental Units/Landlord,,1992-04-13 00:00:00.000,2A5B31E1-5F91-4131-8026-BF969E9DC76A,5414760449,350,GLENWOOD,,E,ST,,,GRANTS PASS,OR,97527,2026-01-02 16:48:09.000,BTAX-042553-01-2026,2027-01-31 16:48:09.000
LAVENDER LANE ESSENTIALS," ",Inside City Limits,453220,Retail-Gift & Novelty Store,,2019-01-22 00:00:00.000,76cb69ed-d19e-4641-88c4-50c36c9fddef,5419375784,543,E,,NE,ST,,UNIT 102,GRANTS PASS,OR,97526,2026-02-03 14:26:54.000,BTAX-042722-02-2026,2027-01-31 14:26:54.000
LAVENDER LANE ESSENTIALS,DEANNA & TIMOTHY BYERS,Inside City Limits,453220,Retail-Gift & Novelty Store,,2019-01-22 00:00:00.000,76cb69ed-d19e-4641-88c4-50c36c9fddef,5419375784,543,E,,NE,ST,,UNIT 102,GRANTS PASS,OR,97526,2026-02-03 14:26:54.000,BTAX-042722-02-2026,2027-01-31 14:26:54.000
"LAWCO FIRE PROTECTION LLC    ","SHAWN COX                    ",Outside City Limits,238990,Contractor-Trade/Specialty,,2009-07-21 00:00:00.000,22D995EB-482A-40E0-8A31-B73A7234FF6A,5416901631,5350,BOUNTY,,,LN,,,CENTRAL POINT,OR,97502,2025-10-21 09:20:33.000,BTAX-042086-10-2025,2026-10-31 09:20:33.000
"LAWLESS ROOFING & SHEET METAL ",LEWIS LAWLESS,Inside City Limits,238160,Roofing,,1999-07-01 00:00:00.000,3E42B073-351A-4082-A2E9-8309F70B20E6,5414791839,501,LAWLESS,,NE,LN,," ",GRANTS PASS,OR,97526,2025-09-09 12:32:43.000,BTAX-041705-09-2025,2026-08-31 12:32:43.000
LAWN BARBER,JOHN BURDEN,Outside City Limits,561730,Yard Services,,2022-12-20 00:00:00.000,f93d63de-2915-4b09-9d8d-cad28a1d1a3d,5414412907,291,GLEN,,,DR,,,GRANTS PASS,OR,97526,2026-03-06 13:54:07.000,BTAX-042906-03-2026,2027-02-28 13:54:07.000
"LEAH K'S SPECIALTY DETAILING  ",LEAH  KEENEY,Inside City Limits,811192,Car Wash & Detailing,,2003-07-01 00:00:00.000,E9D1E9CD-A789-4C5F-9848-AFF79B507C18,5414762332,1271,TOBIN,,SE,CT,,,GRANTS PASS,OR,97527,2025-09-03 10:09:56.000,BTAX-041612-09-2025,2026-08-31 10:09:56.000
LEANING PINE GENERAL CONTRACTING,COLBY DAVIS,Inside City Limits,238190,Contractor-General/Building Exterior,,2023-06-01 00:00:00.000,102dc835-a1d0-4ae8-af29-704c7e7ac85d,5416601767,7400,MONUMENT,,,DR,,,GRANTS PASS,OR,97526,2025-11-07 09:52:23.000,BTAX-042234-11-2025,2026-11-30 09:52:23.000
LEANING PINE GENERAL CONTRACTING,COLBY DAVIS,Inside City Limits,238190,Contractor-General/Building Exterior,,2023-06-01 00:00:00.000,102dc835-a1d0-4ae8-af29-704c7e7ac85d,5416601767,7400,MONUMENT,,,DR,,,GRANTS PASS,OR,97526,2025-11-07 09:52:23.000,BTAX-042234-11-2025,2026-11-30 09:52:23.000
"LEE H HOPKINS RENTALS         ",LEE HOPKINS,Inside City Limits,531110,Rental Units/Landlord,,2005-11-28 00:00:00.000,D3802F33-2AB4-4E9C-B709-A2489AED5C73,5419412221,C/O CENTURY 21 JC JONES,,858 NW 6TH ST,,,,,GRANTS PASS,OR,97526,2025-08-22 11:06:08.000,BTAX-041500-08-2025,2026-08-31 11:06:08.000
"LEE-BUILT CROSS BROTHERS INC  ",BOB & TROY  CROSS,Outside City Limits,238190,Contractor-General/Building Exterior,,2007-01-23 00:00:00.000,A4E1B185-AEBB-47AB-9768-8E859DD64AC3,5416882042,PO BOX 25557,,,,,,,EUGENE,OR,974020457,2025-09-26 14:43:21.000,BTAX-041890-09-2025,2026-09-30 14:43:21.000
"LEE'S MINI STORAGE            "," RV'S MOBILE WORLD INC         ",Inside City Limits,493110,Storage & General Warehousing,,2007-12-19 00:00:00.000,6A065782-AB7A-4C35-BBFD-E63B07A37265,5414762772,PO BOX 877,,,,,,,GRANTS PASS,OR,97528,2025-07-23 10:11:02.000,BTAX-040932-07-2025,2026-07-31 10:11:02.000
"LEGACY MUSIC ENTERTAINMENT    ",PAMELA  DULONG,Inside City Limits,451140,Retail-Music/Instruments & Supplies,,1986-08-01 00:00:00.000,E3DDB731-8588-4A08-AA83-14689A011A98,5416599126,730,SAVAGE,,NE,ST,,,GRANTS PASS,OR,97526,2025-09-18 13:12:59.000,BTAX-041819-09-2025,2026-08-31 13:12:59.000
LEMOSS ENTERPRISES INC," ",Inside City Limits,531110,Rental Units/Landlord,,2016-03-16 00:00:00.000,27199ebc-9f27-4d12-b431-16a150c58226,5414795074,1132,STARLITE,,NW,PL,," ",GRANTS PASS,OR,97526,2025-10-10 11:25:44.000,BTAX-041994-10-2025,2026-10-31 11:25:44.000
LEMOSS ENTERPRISES INC,SHARON EMFINGER,Inside City Limits,531110,Rental Units/Landlord,,2016-03-16 00:00:00.000,27199ebc-9f27-4d12-b431-16a150c58226,5414795074,1132,STARLITE,,NW,PL,," ",GRANTS PASS,OR,97526,2025-10-10 11:25:44.000,BTAX-041994-10-2025,2026-10-31 11:25:44.000
LENA D. BENDER,LENA BENDER,Inside City Limits,541214,Payroll Services,DARLENE BENDER PAYROLL SERVICE LLC,2021-07-01 00:00:00.000,4a0a4096-b6ff-41e8-bb32-28f295d55999,5412185184,560,F,,NE,ST,,"STE A, PMB 727",GRANTS PASS,OR,97526,2025-05-19 11:19:28.000,BTAX-040384-05-2025,2026-05-31 11:19:28.000
LENA D. BENDER," ",Inside City Limits,541214,Payroll Services,DARLENE BENDER PAYROLL SERVICE LLC,2021-07-01 00:00:00.000,4a0a4096-b6ff-41e8-bb32-28f295d55999,5412185184,560,F,,NE,ST,,"STE A, PMB 727",GRANTS PASS,OR,97526,2025-05-19 11:19:28.000,BTAX-040384-05-2025,2026-05-31 11:19:28.000
"LES SCHWAB TIRE CENTER        "," CORPORATION (LES SCHWAB)      ",Inside City Limits,441320,Retail-Tire Dealer,,2006-04-06 00:00:00.000,E4DB973C-67C0-44DF-A30E-CD1751EB0794,5414792671,ATTN: STORE ACCOUNTING,PO BOX 5350,,,,,,BEND,OR,97708,2025-10-01 11:22:53.000,BTAX-041908-10-2025,2026-10-31 11:22:53.000
"LES SCHWAB TIRE CENTER #263   "," LES SCHWAB TIRE CORPORATION   ",Inside City Limits,441320,Retail-Tire Dealer,,2004-09-13 00:00:00.000,4A8F4981-F6E6-4C59-9CA1-F4A0D29B9407,5419555200,PO BOX 5350,,,,,,,BEND,OR,977085540,2025-07-11 15:09:49.000,BTAX-040687-07-2025,2026-07-31 15:09:49.000
LESHER LOGISTICS LLC," ",Outside City Limits,492210,Delivery Service-Local,,2022-04-12 00:00:00.000,eeacf59d-bd4f-4bd2-a5c9-455f7f391b9c,2092627121,"916 ",STARLITE,,NW,PL,,,GRANTS PASS,OR,97526,2025-05-27 15:56:09.000,BTAX-040436-05-2025,2026-05-31 15:56:09.000
LESHER LOGISTICS LLC,DALTON LESHER,Outside City Limits,492210,Delivery Service-Local,,2022-04-12 00:00:00.000,eeacf59d-bd4f-4bd2-a5c9-455f7f391b9c,2092627121,"916 ",STARLITE,,NW,PL,,,GRANTS PASS,OR,97526,2025-05-27 15:56:09.000,BTAX-040436-05-2025,2026-05-31 15:56:09.000
"LET IT FLY GOLF LLC           ",LINDA  EDWARDS,Inside City Limits,451110,Retail-Sporting Goods,LET IT FLY SPORTS,2008-07-01 00:00:00.000,16FB78C8-2DB2-4598-A73B-4AD74FB30D96,5416602044,959,BUENA VISTA,,,LN,,,GRANTS PASS,OR,97527,2025-08-14 15:17:42.000,BTAX-041275-08-2025,2026-08-31 15:17:42.000
LET THERE BE LIGHT ELECTRIC,KEVIN GAMBUCCI,Inside City Limits,238210,Contractor-Electrical,,2016-11-01 00:00:00.000,42f9e447-63c0-4e36-aa26-bc72bce46e91,8009207573,2312,WYNDHAM,,SE,WAY,,,GRANTS PASS,OR,97527,2025-07-14 09:19:47.000,BTAX-040701-07-2025,2026-07-31 09:19:47.000
LET THERE BE LIGHT ELECTRIC," ",Inside City Limits,238210,Contractor-Electrical,,2016-11-01 00:00:00.000,42f9e447-63c0-4e36-aa26-bc72bce46e91,8009207573,2312,WYNDHAM,,SE,WAY,,,GRANTS PASS,OR,97527,2025-07-14 09:19:47.000,BTAX-040701-07-2025,2026-07-31 09:19:47.000
"LEVEL 3 COMMUNICATIONS LLC    ",DOUGLAS  RICHARDS,Outside City Limits,517110,Telecommunication-Wireless Carrier,,2014-01-01 00:00:00.000,DC657D57-4A56-4973-8682-0008D42022C1,7208880117,931,14TH,,,ST,,,DENVER,CO,80202,2025-12-09 09:55:53.000,BTAX-042431-12-2025,2026-12-31 09:55:53.000
"LIBERTY AUTOMOTIVE LLC        ",WILLIAM COX,Inside City Limits,811111,Auto-General Repair,,2014-02-24 00:00:00.000,AC062FAD-951F-47B4-80DE-EAEF0B91ECE5,5419563003,260,WOODSIDE,,W,ST,,,GRANTS PASS,OR,97527,2026-03-12 09:31:01.000,BTAX-042951-03-2026,2027-02-28 09:31:01.000
LIEBERMAN GROUP INC,ROBERT LIEBERMAN,Inside City Limits,541611,Consulting Service,,2017-08-31 00:00:00.000,17044c9a-38f5-4853-beb8-9c8161f01fc5,5417610551,3775,REDWOOD,,,HWY,,,GRANTS PASS,OR,97527,2025-09-16 11:22:06.000,BTAX-041769-09-2025,2026-09-30 11:22:06.000
LIEBERMAN GROUP INC," ",Inside City Limits,541611,Consulting Service,,2017-08-31 00:00:00.000,17044c9a-38f5-4853-beb8-9c8161f01fc5,5417610551,3775,REDWOOD,,,HWY,,,GRANTS PASS,OR,97527,2025-09-16 11:22:06.000,BTAX-041769-09-2025,2026-09-30 11:22:06.000
LIGHTSPEED NETWORKS INC.,Brandon Hutchinson,Outside City Limits,517919,Telecommunications,LS NETWORKS,2005-05-10 00:00:00.000,97112151-34d6-4d94-8403-2c47e6a0e2b0,5032945300,921,WASHINGTON,,SW,ST,,SUITE 370,PORTLAND,OR,97205,2021-06-14 10:43:08.920,WOY-028300-06-2021,2026-06-30 00:00:00.000
LIGHTSPEED NETWORKS INC.," ",Outside City Limits,517919,Telecommunications,LS NETWORKS,2005-05-10 00:00:00.000,97112151-34d6-4d94-8403-2c47e6a0e2b0,5032945300,921,WASHINGTON,,SW,ST,,SUITE 370,PORTLAND,OR,97205,2021-06-14 10:43:08.920,WOY-028300-06-2021,2026-06-30 00:00:00.000
LIMITLESS AUTO SALES LLC,JONATHAN LEONARD,Inside City Limits,441120,Auto-Used Car Dealer,,2023-09-26 00:00:00.000,66b0fede-2d76-4b84-84f4-676be8af43e7,5417611130,317,G,,SE,ST,,,GRANTS PASS,OR,97526,2026-01-20 14:13:16.000,BTAX-042652-01-2026,2027-01-31 14:13:16.000
LIMITLESS AUTO SALES LLC,KALEB FISHER,Inside City Limits,441120,Auto-Used Car Dealer,,2023-09-26 00:00:00.000,66b0fede-2d76-4b84-84f4-676be8af43e7,5417611130,317,G,,SE,ST,,,GRANTS PASS,OR,97526,2026-01-20 14:13:16.000,BTAX-042652-01-2026,2027-01-31 14:13:16.000
LIMITLESS AUTO SALES LLC,JONATHAN LEONARD,Inside City Limits,441120,Auto-Used Car Dealer,,2023-09-26 00:00:00.000,66b0fede-2d76-4b84-84f4-676be8af43e7,5417611130,317,G,,SE,ST,,,GRANTS PASS,OR,97526,2026-01-20 14:13:16.000,BTAX-042652-01-2026,2027-01-31 14:13:16.000
LIN R ROGERS ELECTRICAL CONTRACTORS INC,LIN ROGERS,Outside City Limits,238210,Contractor-Electrical,,2014-11-03 00:00:00.000,BEC4C764-60F2-4C87-8088-802E3DE96710,7707723400,2050,MARCONI,,,DR,,SUITE 100,ALPHARETTA,GA,30005,2025-07-28 15:19:51.000,BTAX-041020-07-2025,2026-07-31 15:19:51.000
"LINCARE INC                   "," CORPORATION-LINCARE INC       ",Inside City Limits,423450,Medical Equipment and Supplies Merchant,,1998-05-27 00:00:00.000,A5F78010-A016-43C3-998B-AA65489DABE9,5417732211,ATTN: TAX DEPT,,PO BOX 9004,,,,,CLEARWATER,FL,33758,2025-07-28 10:59:49.000,BTAX-041027-07-2025,2026-07-31 10:59:49.000
LINCOLN ROAD VETERINARY CLINIC," ",Inside City Limits,541940,Veterinary,LINCOLN ROAD VETERINARY LLC,2021-10-01 00:00:00.000,2169e836-c326-4170-85ef-6ad14e8b9d2d,5414767769,C/O AVALARA BUSINESS LICENSE,PO BOX 3824,,,,,,DURHAM,NC,27702,2025-11-24 08:58:18.000,BTAX-042338-11-2025,2026-11-30 08:58:18.000
LINCOLN ROAD VETERINARY CLINIC," ",Inside City Limits,541940,Veterinary,LINCOLN ROAD VETERINARY LLC,2021-10-01 00:00:00.000,2169e836-c326-4170-85ef-6ad14e8b9d2d,5414767769,C/O AVALARA BUSINESS LICENSE,PO BOX 3824,,,,,,DURHAM,NC,27702,2025-11-24 08:58:18.000,BTAX-042338-11-2025,2026-11-30 08:58:18.000
LINDA FUIDGE RENTALS,LINDA  FUIDGE,Inside City Limits,531110,Rental Units/Landlord,,2004-05-20 00:00:00.000,BD79CAF6-6964-431F-B76A-77CAF7C558D5,5414795398,245,ERIC,,,WAY,,,GRANTS PASS,OR,97526,2025-07-15 16:15:42.000,BTAX-040782-07-2025,2026-07-31 16:15:42.000
"LINDA HOLLINGSWORTH           ",LINDA  HOLLINGSWORTH,Inside City Limits,541211,Accountant-CPA,,1998-09-01 00:00:00.000,63D586E7-1B84-46FC-B9C9-13CA6EA8D6A7,5414741372,109,PARK,,E,ST,,,GRANTS PASS,OR,97527,2026-01-02 14:06:37.000,BTAX-042539-01-2026,2026-12-31 14:06:37.000
"LIPPARELLI RENTALS            ",DON & DONNA  LIPPARELLI,Inside City Limits,531110,Rental Units/Landlord,,2012-03-27 00:00:00.000,0819F7A6-3AAA-403E-96A1-C40CAAD9ECDE,5414799872,130,TROLLVIEW,,,RD,,,GRANTS PASS,OR,97527,2025-08-12 14:44:59.000,BTAX-041188-08-2025,2026-08-31 14:44:59.000
"LIPPERT'S CARPET ONE          ",WESLEY  LIPPERT,Inside City Limits,442210,Retail-Floor Coverings,,1986-07-01 00:00:00.000,B34D9C85-A35D-408B-89D2-5B07C76EFF79,5414767641,PO BOX 580,,,,,,,GRANTS PASS,OR,97528,2025-08-20 16:10:16.000,BTAX-041483-08-2025,2026-08-31 16:10:16.000
LIQUID SUNSHINE FLY FISHING,PATRICK LOOKABAUGH,Outside City Limits,114119,Fishing,,2023-01-06 00:00:00.000,4d9205fc-fa7e-4cf3-a50e-74f7e3bc4c91,5309498497,1895,HUNGRY HILL,,SW,DR,,,GRANTS PASS,OR,97527,2026-01-12 12:21:00.000,BTAX-042601-01-2026,2027-01-31 12:21:00.000
"LIQUID TECHNOLOGIES LLC      ",ROBERT WHITE,Inside City Limits,339999,Manufacturing-Misc Manufacturing,RIVER WILD BOATS,1998-12-07 00:00:00.000,0EAE5986-80EE-49E4-954C-861307AE807D,5419551970,1450,M,,SE,ST,,,GRANTS PASS,OR,97526,2025-11-17 15:47:22.000,BTAX-042295-11-2025,2026-11-30 15:47:22.000
"LISA CALLAHAN CPNP            ",LISA  CALLAHAN,Inside City Limits,621111,Medical-Physician,,2000-03-01 00:00:00.000,5C8F762A-4632-4EF6-B2EF-7422DBA02B9B,5414720021,1601,"6TH ",,NE,ST,,,GRANTS PASS,OR,97526,2025-11-10 12:14:02.000,BTAX-042266-11-2025,2026-10-31 12:14:02.000
"LISA DIONNE LLC               "," CLARK & HORBAN                ",Inside City Limits,812112,Beauty Salon,,2013-12-02 00:00:00.000,26287BD6-F87F-4D22-A2AD-33B7349E4590,5412269828,223,HILLCREST,,NE,DR,,,GRANTS PASS,OR,97526,2026-02-24 14:51:40.000,BTAX-042840-02-2026,2027-02-28 14:51:40.000
LITHIA'S GRANTS PASS AUTO CENT,R BRAD  GRAY,Inside City Limits,441110,Auto-New Car Dealer,,1991-10-18 00:00:00.000,A2B5DEDE-FF5D-4944-AB86-709A17941DC5,5414766684,1421,6TH,,NE,ST,,,GRANTS PASS,OR,97526,2025-11-19 14:23:49.000,BTAX-042324-11-2025,2026-11-30 14:23:49.000
"LITTLE SPROUTS PRESCHOOL      ",TERRESA  MUSSER,Inside City Limits,624410,Child Day Care,,2004-07-19 00:00:00.000,4D98D7D9-8AAB-410C-8FC8-207E5BDB5697,5414711628,736,8TH,,NE,ST,,,GRANTS PASS,OR,97526,2025-07-16 15:56:30.000,BTAX-040816-07-2025,2026-07-31 15:56:30.000
LIVING RUBBER CO,PAUL  BOKMAN,Outside City Limits,311999,Manufacturing-Misc Food,,2005-01-11 00:00:00.000,2A9A5533-8FFE-484D-8950-23F5CA68072F,5414711248,PO BOX 245,,,,,,,MERLIN,OR,97532,2025-08-20 12:33:13.000,BTAX-041453-08-2025,2026-08-31 12:33:13.000
LIVINGSTON GENERAL CONTRACTING LLC," ",Outside City Limits,238190,Contractor-General/Building Exterior,,2022-06-13 00:00:00.000,5055cc6a-cdfa-4c63-b621-217ce2313570,5414419959,2104,PINE GROVE,,,RD,,,ROGUE RIVER,OR,97537,2023-11-28 14:46:39.000,BTAX-036499-11-2023,2024-11-30 14:46:39.000
LIVINGSTON GENERAL CONTRACTING LLC,MICHAEL LIVINGSTON,Outside City Limits,238190,Contractor-General/Building Exterior,,2022-06-13 00:00:00.000,5055cc6a-cdfa-4c63-b621-217ce2313570,5414419959,2104,PINE GROVE,,,RD,,,ROGUE RIVER,OR,97537,2023-11-28 14:46:39.000,BTAX-036499-11-2023,2024-11-30 14:46:39.000
LLOYD'S QUALITY LANDSCAPE & MAINTENANCE,LLOYD  GEURIN,Inside City Limits,561730,Yard Services,,2009-01-30 00:00:00.000,50EC68F2-6CA1-49E2-BA0E-30C1DB3A8078,5414745656,233,ROGUE RIVER,,,HWY,,#1254,GRANTS PASS,OR,97527,2025-10-29 14:52:47.000,BTAX-042157-10-2025,2026-10-31 14:52:47.000
"LMW LANDSCAPE MANAGEMENT      ",LUCAS & BETH  WERTZ,Outside City Limits,541320,Landscaping Services,,2013-02-18 00:00:00.000,A0885C2E-9F94-4D13-BAC1-02E9D27D18F8,5416604121,135,STONE CANYON,,,DR,,,GRANTS PASS,OR,97527,2025-08-19 14:18:12.000,BTAX-041409-08-2025,2026-08-31 14:18:12.000
"LOCAL BOYS AUTO SALES LLC     ",LUKE FRANKEL,Inside City Limits,441120,Auto-Used Car Dealer,,2015-04-06 00:00:00.000,23C46E2E-B602-4E92-A7EF-13C4EDC1D373,5417616168,PO BOX 1618,,,,,,,GRANTS PASS,OR,97528,2025-10-24 10:12:29.000,BTAX-042122-10-2025,2026-10-31 10:12:29.000
"LOGAN DESIGN INC              ",LISA  WOODRUFF,Inside City Limits,238990,Sign Installation/Painting,,1995-04-01 00:00:00.000,B6737FAF-8B61-4565-8872-51B958FCD545,5414747127,707,7TH,,SE,ST,,,GRANTS PASS,OR,97526,2025-11-10 11:12:23.000,BTAX-042254-11-2025,2026-11-30 11:12:23.000
LOOK SHARP,PARKER PASTRELL,Inside City Limits,561720,Window Cleaning Service,,2022-06-13 00:00:00.000,4816f9da-1243-4a27-adf3-be44d4b0d270,,309,KENNEDY,,SW,WAY,,,GRANTS PASS,OR,97526,2025-05-22 14:59:01.000,BTAX-040412-05-2025,2026-05-31 14:59:01.000
"LOPER INCOME PROPERTIES LLC   ",ROBERT LOPER BRETT & MELISSA HOBBS,Outside City Limits,531110,Rental Units/Landlord,,1989-07-01 00:00:00.000,6DECF0E3-B489-49DF-B869-5409D66DC862,5416600923,271,SERENITY,,,LN,,,GRANTS PASS,OR,97526,2025-07-15 15:04:01.000,BTAX-040767-07-2025,2026-07-31 15:04:01.000
LOPEZ MAINTENANCE,PEDRO MARTINEZ,Inside City Limits,541320,Landscaping Services,,2020-03-20 00:00:00.000,81063c56-a4d4-4e90-b477-de959375959b,5412265815,1202,K,,SW,ST,,,GRANTS PASS,OR,97526,2025-10-24 16:18:35.000,BTAX-042127-10-2025,2026-10-31 16:18:35.000
LOPEZ MAINTENANCE," ",Inside City Limits,541320,Landscaping Services,,2020-03-20 00:00:00.000,81063c56-a4d4-4e90-b477-de959375959b,5412265815,1202,K,,SW,ST,,,GRANTS PASS,OR,97526,2025-10-24 16:18:35.000,BTAX-042127-10-2025,2026-10-31 16:18:35.000
LOREN W & CONNIE D KING RENTAL,LOREN W & CONNIE D  KING,Outside City Limits,531110,Rental Units/Landlord,,1989-07-01 00:00:00.000,579D5F58-E8BD-4C21-92A9-0E6801D1EC93,5418466534,PO BOX 125,,,,,,,MURPHY,OR,97533,2025-07-14 11:10:10.000,BTAX-040714-07-2025,2026-07-31 11:10:10.000
LORENTZ CONSTRUCTION LLC," ",Outside City Limits,238190,Contractor-General/Building Exterior,,2021-06-21 00:00:00.000,520bc11a-4416-4cc3-afe2-8dcdb5fd4831,4845549408,PO BOX 2624,,,,,,,CAVE JUNCTION,OR,97523,2025-11-18 12:42:45.000,BTAX-042312-11-2025,2026-07-31 12:42:45.000
LORENTZ CONSTRUCTION LLC,CHAD LORENTZ,Outside City Limits,238190,Contractor-General/Building Exterior,,2021-06-21 00:00:00.000,520bc11a-4416-4cc3-afe2-8dcdb5fd4831,4845549408,PO BOX 2624,,,,,,,CAVE JUNCTION,OR,97523,2025-11-18 12:42:45.000,BTAX-042312-11-2025,2026-07-31 12:42:45.000
LORI KILBORN FARMER,DOROTHY F  KILBORN,Outside City Limits,531110,Rental Units/Landlord,,2019-10-01 00:00:00.000,E5E36980-893E-47D6-B6CE-AFD5802C9FE9,5416608352,400,PALOMINO,,,DR,,,GRANTS PASS,OR,97526,2025-09-09 12:04:04.000,BTAX-041698-09-2025,2026-09-30 12:04:04.000
LOS POSTRES ICE CREAM AND MORE," ",Inside City Limits,722515,Snack and Nonalcoholic Beverage Shop,,2021-06-09 00:00:00.000,354416aa-31da-478d-a62b-2d8c11cc316a,7023368795,1472,KOKANEE,,,LN,,,GRANTS PASS,OR,97527,2025-07-24 12:51:27.000,BTAX-040960-07-2025,2026-07-31 12:51:27.000
LOS POSTRES ICE CREAM AND MORE,GABRIELA GUIZAR,Inside City Limits,722515,Snack and Nonalcoholic Beverage Shop,,2021-06-09 00:00:00.000,354416aa-31da-478d-a62b-2d8c11cc316a,7023368795,1472,KOKANEE,,,LN,,,GRANTS PASS,OR,97527,2025-07-24 12:51:27.000,BTAX-040960-07-2025,2026-07-31 12:51:27.000
LOS TAQUITOS," ",Inside City Limits,722511,Restaurant,,2018-08-20 00:00:00.000,5d1ccc07-7308-43d1-9269-f06f7875ab28,4582129931,304,AGNESS,,NE,AVE,,SUITE C,GRANTS PASS,OR,97526,2025-09-02 14:06:01.000,BTAX-041602-09-2025,2026-09-30 14:06:01.000
LOS TAQUITOS,JORGE AGUILAR,Inside City Limits,722511,Restaurant,,2018-08-20 00:00:00.000,5d1ccc07-7308-43d1-9269-f06f7875ab28,4582129931,304,AGNESS,,NE,AVE,,SUITE C,GRANTS PASS,OR,97526,2025-09-02 14:06:01.000,BTAX-041602-09-2025,2026-09-30 14:06:01.000
LOST CREEK LLC,"    ",Inside City Limits,722513,Limited-Service Restaurant,PURPLE PARROT #4,NULL,297e6659-3ad2-4ee0-ac84-a0fc46ad16e6,5414653966,"363 ",HIGH,,,ST,,,EUGENE,OR,97401,2025-12-26 11:29:54.000,BTAX-042510-12-2025,2026-12-31 11:29:54.000
LOST CREEK LLC,"    ",Inside City Limits,722513,Limited-Service Restaurant,RIVER CITY,NULL,4df32530-7b4f-4a45-bfed-262d7db2fc97,5414653966,"363 ",HIGH,,,ST,,,EUGENE,OR,97401,2025-12-26 11:27:15.000,BTAX-042509-12-2025,2026-12-31 11:27:15.000
LOST CREEK LLC,"    ",Inside City Limits,722513,Limited-Service Restaurant,MARIO'S 2,NULL,8bee6ec7-5f5f-4a7d-a2ef-d86107e93b86,5414653966,"363 ",HIGH,,,ST,,,EUGENE,OR,97401,2025-12-26 11:22:31.000,BTAX-042507-12-2025,2026-12-31 11:22:31.000
LOST CREEK LLC,"    ",Inside City Limits,722513,Limited-Service Restaurant,LUCKY LIZARD 2,2022-10-06 00:00:00.000,a12b69fa-02c0-4a96-8cde-0dfe03fcd174,5414653966,"363 ",HIGH,,,ST,,,EUGENE,OR,97401,2025-12-26 11:25:06.000,BTAX-042508-12-2025,2026-12-31 11:25:06.000
"LOST RIVER HAY CO, LLC","TIM PARKS, CHANDLER O'GRADY ANGELA BENNETT",Inside City Limits,111940,Farming-Hay,,2022-11-02 00:00:00.000,1220d526-1d58-4e8b-b1a9-2a4f68a27c4c,5418913324,PO BOX  812,,,,,,,MERRILL,OR,97633,2025-12-08 11:33:40.000,BTAX-042403-12-2025,2026-12-31 11:33:40.000
LOUIE MARTIN CONSTRUCTION LLC,LOUIS MARTIN CHERYL MARTIN,Inside City Limits,238190,Contractor-General/Building Exterior,,2022-12-09 00:00:00.000,b41471ee-5916-459b-b0b1-a0bf07f00194,5416608847,1630,WILLIAMS,,,HWY,,198,GRANTS PASS,OR,97527,2026-02-24 15:05:21.000,BTAX-042841-02-2026,2027-02-28 15:05:21.000
"LOVELACE PROPERTIES, LLC",WILLIAM LOVELACE,Inside City Limits,238190,Contractor-General/Building Exterior,"LOVELACE PROPERTIES, LLC",1986-10-12 00:00:00.000,2D83D95E-0FF0-487C-936E-DF6C5DF94A35,5414792112,910,D,,NE,ST,,SUITE 103,GRANTS PASS,OR,97526,2025-07-14 10:34:26.000,BTAX-040710-07-2025,2026-07-31 10:34:26.000
LOVELACE PROPERTIES/HARBECK VILLAGE," ",Inside City Limits,531311,Property Management,HARBECK VILLAGE APARTMENTS,1999-07-01 00:00:00.000,461B9376-675A-4797-BA87-1315704E99C7,5414795520,910,D,,NE,ST,,SUITE 103,GRANTS PASS,OR,97526,2025-08-11 16:15:51.000,BTAX-041156-08-2025,2026-08-31 16:15:51.000
LOW VOLTAGE SOLUTIONS OF OREGON,TRICIA COOPER,Outside City Limits,238990,Contractor-Trade/Specialty,,2016-03-16 00:00:00.000,854dcc63-26bf-4a88-9842-db161aadf512,5412268333,PO BOX 883,,,,,,,GLENDALE,OR,97442,2025-04-28 12:56:38.000,BTAX-040276-04-2025,2026-04-30 12:56:38.000
LOW VOLTAGE SOLUTIONS OF OREGON,TRICIA COOPER,Outside City Limits,238990,Contractor-Trade/Specialty,,2016-03-16 00:00:00.000,854dcc63-26bf-4a88-9842-db161aadf512,5412268333,PO BOX 883,,,,,,,GLENDALE,OR,97442,2025-04-28 12:56:38.000,BTAX-040276-04-2025,2026-04-30 12:56:38.000
"LOWE FAMILY ENTERPRISES LLC  ",JAMES  LOWE,Inside City Limits,561499,Business Support Services-Misc,,2005-05-12 00:00:00.000,D55CE392-4EC6-4F3C-A59A-0FA3DE4ACD6B,5416605035,3149,"SOUTH RIVER ",,,RD,,,GRANTS PASS,OR,97527,2026-01-12 12:01:22.000,BTAX-042599-01-2026,2027-01-31 12:01:22.000
LRB CONSTRUCTION LLC,RICKY BROWN,Outside City Limits,238190,Contractor-General/Building Exterior,,2021-08-06 00:00:00.000,efbdc285-cd96-4580-b6e6-f95119c07740,5416592947,1201,BOARD SHANTY,,,RD,,,GRANTS PASS,OR,97527,2025-12-08 14:32:31.000,BTAX-042419-12-2025,2026-12-31 14:32:31.000
LRB CONSTRUCTION LLC,RICKY BROWN,Outside City Limits,238190,Contractor-General/Building Exterior,,2021-08-06 00:00:00.000,efbdc285-cd96-4580-b6e6-f95119c07740,5416592947,1201,BOARD SHANTY,,,RD,,,GRANTS PASS,OR,97527,2025-12-08 14:32:31.000,BTAX-042419-12-2025,2026-12-31 14:32:31.000
LRB CONSTRUCTION LLC,BRYANNA BROWN,Outside City Limits,238190,Contractor-General/Building Exterior,,2021-08-06 00:00:00.000,efbdc285-cd96-4580-b6e6-f95119c07740,5416592947,1201,BOARD SHANTY,,,RD,,,GRANTS PASS,OR,97527,2025-12-08 14:32:31.000,BTAX-042419-12-2025,2026-12-31 14:32:31.000
"LRG RESTAURANT GROUP, LLC"," ",Inside City Limits,722511,Restaurant,KENTUCKY FRIED CHICKEN,2021-12-29 00:00:00.000,7fa9836c-ca23-4d7d-9280-06d7de151552,5412734639,PO BOX 2650,,,,,,,KLAMATH FALLS,OR,97601,2025-12-26 12:10:52.000,BTAX-042516-12-2025,2026-12-31 12:10:52.000
"LRG RESTAURANT GROUP, LLC"," ",Inside City Limits,722511,Restaurant,KENTUCKY FRIED CHICKEN,2021-12-29 00:00:00.000,7fa9836c-ca23-4d7d-9280-06d7de151552,5412734639,PO BOX 2650,,,,,,,KLAMATH FALLS,OR,97601,2025-12-26 12:10:52.000,BTAX-042516-12-2025,2026-12-31 12:10:52.000
LUCKY FEET SPA,YUPENG SUN,Inside City Limits,621399,Medical-Massage Therapy,,2022-01-05 00:00:00.000,0c7492d0-a8c3-4a9d-909c-04f422528850,5417586996,1618,WILLIAMS,,,HWY,,,GRANTS PASS,OR,97527,2025-04-14 14:13:35.000,BTAX-040203-04-2025,2026-04-30 14:13:35.000
LUCKY FEET SPA," ",Inside City Limits,621399,Medical-Massage Therapy,,2022-01-05 00:00:00.000,0c7492d0-a8c3-4a9d-909c-04f422528850,5417586996,1618,WILLIAMS,,,HWY,,,GRANTS PASS,OR,97527,2025-04-14 14:13:35.000,BTAX-040203-04-2025,2026-04-30 14:13:35.000
LUKE HOWARD CONST LLC," ",Outside City Limits,238190,Contractor-General/Building Exterior,,2016-11-04 00:00:00.000,8ef12328-abd8-469c-bc1f-773578f2ea57,5414508521,390,DAILY,,,LN,,,GRANTS PASS,OR,97527,2025-09-09 15:52:11.000,BTAX-041714-09-2025,2026-09-30 15:52:11.000
LUKE HOWARD CONST LLC,LUKE HOWARD,Outside City Limits,238190,Contractor-General/Building Exterior,,2016-11-04 00:00:00.000,8ef12328-abd8-469c-bc1f-773578f2ea57,5414508521,390,DAILY,,,LN,,,GRANTS PASS,OR,97527,2025-09-09 15:52:11.000,BTAX-041714-09-2025,2026-09-30 15:52:11.000
LUMEN TECHNOLOGIES,LUMEN/CENTURY LINK TECHNOLOGIES,Outside City Limits,517110,Telecommunication-Wireless Carrier,CENTURYLINK,1992-05-01 00:00:00.000,5665E7CE-99CD-4419-9223-6E7CAC1D03F2,7208881000,931,14TH,,,ST,,,DENVER,CO,80202,2025-11-04 10:38:02.000,BTAX-042201-11-2025,2026-11-30 10:38:02.000
LUNG CLINIC - CENTER FOR SLEEP MEDICINE INC,CARLOS & CLAUDIA  MARCHINI,Inside City Limits,621111,Medical-Physician,,1992-08-10 00:00:00.000,3F92F42D-E417-4886-9B5A-1E1BDDCD7393,5414716026,874,7TH,,NE,ST,,,GRANTS PASS,OR,97526,2025-07-11 15:41:20.000,BTAX-040693-07-2025,2026-07-31 15:41:20.000
LYFT INC," ",Outside City Limits,485310,Transportation-Taxi,,2019-04-24 00:00:00.000,c55e08d7-af4f-4098-88d8-554e30e8fbca,4154758459,185,BERRY,,,ST,,SUITE 400,SAN FRANCISCO,CA,94107,2025-08-22 10:45:32.000,TAXICO-041497-08-2025,2026-08-31 10:45:32.000
"LYLE'S BARBER SHOP            ",BRIAN  MAZE,Inside City Limits,812111,Barber Shop,,1991-01-01 00:00:00.000,BF9C11B3-8590-4075-AEDC-3BB996BD5DF4,,916,6TH,,SW,ST,,,GRANTS PASS,OR,97526,2025-07-14 09:48:27.000,BTAX-040703-07-2025,2026-07-31 09:48:27.000
"LYNN'S TRANSCRIPTION SERVICE  ",LYNN  VAN COUVERING,Inside City Limits,541990,Professional-Misc,,2002-04-23 00:00:00.000,44320D5A-C105-44A2-B29F-139C1FE124DB,5419556661,1303,MARCY LOOP,,,RD,,,GRANTS PASS,OR,97527,2026-01-13 11:12:04.000,BTAX-042618-01-2026,2027-01-31 11:12:04.000
M & M SERVICES LLC,TODD  MARTHOSKI,Outside City Limits,238990,Contractor-Trade/Specialty,,2016-01-25 00:00:00.000,6D5DC855-9F1C-4561-9FA9-78DDE4500940,5416188536,PO BOX 1093,,,,,,,MEDFORD,OR,97501,2025-04-02 13:22:21.000,BTAX-040142-04-2025,2026-04-30 13:22:21.000
M STAR LLC * THE GROUNDS GUYS OF THE ROGUE VALLEY," ",Outside City Limits,541320,Landscaping Services,THE GROUNDS GUYS OF THE ROGUE VALLEY,2021-03-09 00:00:00.000,f121345b-53ad-4ec4-9967-042f67c608ef,5416598130,2803,UPPER RIVER,,,RD,,,GRANTS PASS,OR,97526,2025-07-25 14:37:17.000,BTAX-040993-07-2025,2026-07-31 14:37:17.000
M STAR LLC * THE GROUNDS GUYS OF THE ROGUE VALLEY,DANIEL & JANNA E  REID,Outside City Limits,541320,Landscaping Services,THE GROUNDS GUYS OF THE ROGUE VALLEY,2021-03-09 00:00:00.000,f121345b-53ad-4ec4-9967-042f67c608ef,5416598130,2803,UPPER RIVER,,,RD,,,GRANTS PASS,OR,97526,2025-07-25 14:37:17.000,BTAX-040993-07-2025,2026-07-31 14:37:17.000
"M STREET MARKET               ",DAVID  WILLIAMS,Inside City Limits,452990,"Retail-General Merchandise ",,1986-07-01 00:00:00.000,F87F6D6C-1F60-466E-94A4-739C42B46D79,5414797506,1024,"M ",,SE,ST,,A,GRANTS PASS,OR,97526,2025-09-09 12:20:30.000,BTAX-041703-09-2025,2026-09-30 12:20:30.000
M V L ENTERPRISES INC,JEDEDIAH JESTER & CHRISTIN BRYK,Outside City Limits,541320,Landscaping Services,MOUNTAIN VIEW LANDSCAPING,1997-01-01 00:00:00.000,DED1FDEB-C3A3-46E3-B22C-2372EF11DD16,5414740224,PO BOX 404,,,,,,,GRANTS PASS,OR,97528,2025-07-15 11:41:07.000,BTAX-040754-07-2025,2026-07-31 11:41:07.000
"MA MOSA'S LLC                 ",JODI  HAINES,Inside City Limits,722511,Restaurant,MA MOSA'S,2012-04-14 00:00:00.000,DF23CE78-031F-4EA5-B44B-0E8CC50AFFC5,5414790236,118,E,,NW,ST,,,GRANTS PASS,OR,97526,2025-10-29 11:24:28.000,BTAX-042139-10-2025,2026-10-31 11:24:28.000
"MAC GRAPHICALLY YOURS LLC    ",RENAE  MEDINA,Inside City Limits,541430,Graphic Design,,1994-09-30 00:00:00.000,12758E09-0773-496B-9F97-470024142480,5414716310,PO BOX 1270,,,,,,,GRANTS PASS,OR,97528,2026-01-16 14:48:23.000,BTAX-042647-01-2026,2026-12-31 14:48:23.000
MACDONALD MILLER FACILITY SOLUTIONS,GUS  SIMMONDS,Outside City Limits,541990,Professional-Misc,,2014-07-17 00:00:00.000,6D717001-F4D6-4343-892A-C1439D761EF5,5034754300,PO BOX 47983,,,,,,,SEATTLE,WA,98146,2025-12-24 09:16:24.000,BTAX-042503-12-2025,2026-12-31 09:16:24.000
"MADHOUSE DESIGN LLC           ","MICHAEL, DAVID & ALAN ANDERSON",Inside City Limits,454390,Retail-Misc Direct Selling Establishment,,2012-12-10 00:00:00.000,0814EEC3-0706-441F-B9FE-9FFBF1078B55,5416609887,2143,"SPALDING ",,NE,AVE,,,GRANTS PASS,OR,97526,2025-09-05 10:08:55.000,BTAX-041640-09-2025,2026-09-30 10:08:55.000
MADJAK ARMS," ",Inside City Limits,451110,Retail-Gun Dealer,,2017-10-17 00:00:00.000,56e30b29-b100-4d21-a64d-3396b631cf33,5414508646,1411,RIDGE,,NE,RD,,,GRANTS PASS,OR,97526,2025-10-20 16:01:40.000,BTAX-042081-10-2025,2026-10-31 16:01:40.000
MADJAK ARMS,CHRISTOPHER MEYER,Inside City Limits,451110,Retail-Gun Dealer,,2017-10-17 00:00:00.000,56e30b29-b100-4d21-a64d-3396b631cf33,5414508646,1411,RIDGE,,NE,RD,,,GRANTS PASS,OR,97526,2025-10-20 16:01:40.000,BTAX-042081-10-2025,2026-10-31 16:01:40.000
"MAG IV INC                    ",TIM & ANDY  MAGERLE,Inside City Limits,541213,Tax Preparation Services,LIBERTY TAX SERVICE,2009-01-09 00:00:00.000,31A31609-BEE3-4AA1-8BC4-EC4B0B80DAB4,5419564415,110,K,,SE,ST,,,GRANTS PASS,OR,97526,2025-09-18 11:21:17.000,BTAX-041807-09-2025,2026-09-30 11:21:17.000
"MAG IV INC                    ","ANDY MAGERLE, TIM & JEN  KIM BALL",Inside City Limits,541213,Tax Preparation Services,LIBERTY TAX,2008-01-02 00:00:00.000,4EE6A8B9-5F02-480D-946B-5FC704F550AE,5419550122,110,K,,SE,ST,,,GRANTS PASS,OR,97526,2025-09-18 11:26:17.000,BTAX-041808-09-2025,2026-09-30 11:26:17.000
MAGAZINE EXCHANGE INC,ROGER BARRY,Inside City Limits,425120,Wholesale Agent,,1976-11-01 00:00:00.000,5624BA24-050E-4559-8EF6-BDB61457D75F,5414797389,2165,INDUSTRY,,NE,DR,," ",GRANTS PASS,OR,97526,2025-07-14 14:54:23.000,BTAX-040723-07-2025,2026-07-31 14:54:23.000
MAGIC DONUTS AND COFFEE,ABEL QUIROZ CORTEZ,Inside City Limits,722513,Limited-Service Restaurant,,2018-01-02 00:00:00.000,0cdedd4c-13db-4870-a3fd-4a25994ea94d,5035699550,945,D,,NE,ST,,,GRANTS PASS,OR,97526,2026-01-06 11:15:49.000,BTAX-042567-01-2026,2027-01-31 11:15:49.000
MAGIC DONUTS AND COFFEE," ",Inside City Limits,722513,Limited-Service Restaurant,,2018-01-02 00:00:00.000,0cdedd4c-13db-4870-a3fd-4a25994ea94d,5035699550,945,D,,NE,ST,,,GRANTS PASS,OR,97526,2026-01-06 11:15:49.000,BTAX-042567-01-2026,2027-01-31 11:15:49.000
"MAGIC MAN COSTUME & FUN SHOP  ",JOHN  HOPF,Inside City Limits,448150,Retail-Clothing & Accessories,,2009-09-21 00:00:00.000,6844B5C6-637E-4A92-AB0E-AAAD76B4245A,5419564420,880,BIDDLE,,,RD,,,MEDFORD,OR,97504,2025-07-11 14:48:10.000,BTAX-040690-07-2025,2026-07-31 14:48:10.000
"MAGIC MAN COSTUME & FUN SHOP  ",JOHN  HOPF,Inside City Limits,448150,Retail-Clothing & Accessories,,2009-09-21 00:00:00.000,6844B5C6-637E-4A92-AB0E-AAAD76B4245A,5419564420,880,BIDDLE,,,RD,,,MEDFORD,OR,97504,2025-07-11 14:48:10.000,BTAX-040690-07-2025,2026-07-31 14:48:10.000
MAIL CALL," ",Inside City Limits,561431,Mail Center-Private,,2009-09-21 00:00:00.000,931F07F3-BC45-4FBC-A3A6-8C7D5B680DEA,5414741748,233,ROGUE RIVER,,,HWY,,,GRANTS PASS,OR,97527,2025-07-28 08:52:15.000,BTAX-041009-07-2025,2026-07-31 08:52:15.000
MAIL CALL,LORI GEURIN,Inside City Limits,561431,Mail Center-Private,,2009-09-21 00:00:00.000,931F07F3-BC45-4FBC-A3A6-8C7D5B680DEA,5414741748,233,ROGUE RIVER,,,HWY,,,GRANTS PASS,OR,97527,2025-07-28 08:52:15.000,BTAX-041009-07-2025,2026-07-31 08:52:15.000
"MAILBOX PLUS, LLC"," ",Inside City Limits,491110,Postal Service,,2016-11-01 00:00:00.000,df9e7609-2663-4729-baa6-a63cfb85ea50,5414794957,1051,6TH,,NE,ST,,STE C,GRANTS PASS,OR,97526,2025-07-14 11:42:43.000,BTAX-040717-07-2025,2026-07-31 11:42:43.000
"MAILBOX PLUS, LLC",CHELSEA MILNER,Inside City Limits,491110,Postal Service,,2016-11-01 00:00:00.000,df9e7609-2663-4729-baa6-a63cfb85ea50,5414794957,1051,6TH,,NE,ST,,STE C,GRANTS PASS,OR,97526,2025-07-14 11:42:43.000,BTAX-040717-07-2025,2026-07-31 11:42:43.000
"MAINTENANCE MATTERS           ",RANDY  LEGLER,Outside City Limits,561730,Yard Services,,2013-03-11 00:00:00.000,2B8614B4-1317-4B12-BCE0-D1C55BF53860,5416599239,5860,FISH HATCHERY,,,RD,,,GRANTS PASS,OR,97527,2025-08-08 15:33:12.000,BTAX-041138-08-2025,2026-08-31 15:33:12.000
MAJOR CARPET CLEANING SERVICES,LARRY MARTIN,Outside City Limits,561740,Carpet & Upholstery Cleaning,,2004-03-12 00:00:00.000,1A1863FD-9FDD-404E-9485-BD3A8BC61DDD,5419550832,6274,WILLIAMS,,,HWY,,,GRANTS PASS,OR,97527,2025-12-30 14:06:46.000,BTAX-042533-12-2025,2026-12-31 14:06:46.000
MALECON GRILL AND CANTINA LLC,PEDRO PEREZ ALVAREZ SUSANA RODRIGUEZ,Inside City Limits,722511,Restaurant,MALECON GRILL AND CANTINA,2023-02-23 00:00:00.000,58589af4-dde7-4865-a828-893f9574e64a,5419555292,1305,6TH,,NE,ST,,,GRANTS PASS,OR,97526,2025-04-07 14:25:33.000,BTAX-040166-04-2025,2026-04-30 14:25:33.000
"MARANTHA PAINTING             ",BOB EMERY,Outside City Limits,444120,Retail-Paint & Wallpaper,,2002-11-06 00:00:00.000,4501E2FD-F297-4A80-8561-B0F4240974DC,5414769010,1007,VANNOY CREEK,,S,RD,,,GRANTS PASS,OR,97526,2025-08-19 10:04:14.000,BTAX-041365-08-2025,2026-08-31 10:04:14.000
"MARC BOUSSAT PICTURES         ",MARC  BOUSSAT,Inside City Limits,541921,Photography,,2009-02-04 00:00:00.000,313EB50D-AF77-4C8C-B807-8F449BC68804,5414766245,1910,"SARATOGA ",,,WAY,,,GRANTS PASS,OR,97526,2025-10-28 14:20:14.000,BTAX-042131-10-2025,2026-10-31 14:20:14.000
MARCOS MEIJA YARD MAINTENANCE," ",Inside City Limits,561730,Yard Services,,2018-06-04 00:00:00.000,9f97dfed-2d04-43ac-bb4f-457a250d0ad2,5416602558,1229,KOKANEE,,,LN,,,GRANTS PASS,OR,97527,2025-10-21 10:52:25.000,BTAX-042096-10-2025,2026-10-31 10:52:25.000
MARCOS MEIJA YARD MAINTENANCE,MARCOS MEIJA,Inside City Limits,561730,Yard Services,,2018-06-04 00:00:00.000,9f97dfed-2d04-43ac-bb4f-457a250d0ad2,5416602558,1229,KOKANEE,,,LN,,,GRANTS PASS,OR,97527,2025-10-21 10:52:25.000,BTAX-042096-10-2025,2026-10-31 10:52:25.000
"MARIA CARMEN LINDEMOOD        ",MARIA LINDEMOOD,Inside City Limits,561720,Cleaning Service,SUPER STAR CLEANING,2006-06-13 00:00:00.000,0425398A-98AD-4B89-A4E2-AC5E5298F6E3,5416592665,233,ROGUE RIVER,,,HWY,,#954,GRANTS PASS,OR,97527,2025-04-08 14:23:43.000,BTAX-040178-04-2025,2026-04-30 14:23:43.000
MARILYN IRVING INCOME TAX SERVICE,MARILYN IRVING,Inside City Limits,541213,Tax Preparation Services,,1995-02-23 00:00:00.000,2CC0D5C1-DFAC-4C9E-8CBB-5E980E12A38C,5414791780,326,PLEASANT VIEW,,NW,DR,,,GRANTS PASS,OR,97526,2025-07-18 14:37:54.000,BTAX-040832-07-2025,2026-07-31 14:37:54.000
"MARK TOWNES RENTALS           ",MARK  TOWNES,Inside City Limits,531110,Rental Units/Landlord,,2008-07-01 00:00:00.000,B359301E-229B-4686-8648-071A1B1B8D8D,5416592871,97981,HAZY,,,LN,,,BROOKINGS,OR,97415,2026-03-09 08:44:50.000,BTAX-042908-03-2026,2027-03-31 08:44:50.000
"MARKLAN LINNEMEYER LMT       ",MARKLAN  LINNEMEYER,Inside City Limits,621111,Medical-Physician,,2004-01-01 00:00:00.000,F5F75430-A3FD-4768-9D73-441F7F03EECF,5416595362,1829,NEBRASKA,,NE,AVE,,,GRANTS PASS,OR,97527,2025-07-11 12:08:23.000,BTAX-040683-07-2025,2026-07-31 12:08:23.000
"MARQUESS & ASSOCIATES         ","RANDY CLEVELAND               ",Outside City Limits,541611,Consulting Service,,2006-09-01 00:00:00.000,17D93FA3-F550-4D68-BB69-872B7C2FD8CD,5417727115,PO BOX 490,,,,,,,MEDFORD,OR,97501,2025-08-19 09:21:21.000,BTAX-041355-08-2025,2026-08-31 09:21:21.000
MARRIAH BERMEA,MARRIAH  BERMEA,Outside City Limits,561720,Janitorial Services,,2018-06-14 00:00:00.000,9ba07e25-9148-4bc9-bc4a-d0bac6ded71e,5413140557,1799,SUMMIT LOOP,,,,,,GRANTS PASS,OR,97527,2025-04-22 12:01:32.000,BTAX-040241-04-2025,2026-04-30 12:01:32.000
MARRIAH BERMEA,ALEJANDRO BERMEA,Outside City Limits,561720,Janitorial Services,,2018-06-14 00:00:00.000,9ba07e25-9148-4bc9-bc4a-d0bac6ded71e,5413140557,1799,SUMMIT LOOP,,,,,,GRANTS PASS,OR,97527,2025-04-22 12:01:32.000,BTAX-040241-04-2025,2026-04-30 12:01:32.000
"MARTY'S TREE SERVICE          ",MARTIN  HERTLER,Outside City Limits,238990,Contractor-Trade/Specialty,,1996-01-01 00:00:00.000,CF3C91AC-C616-4587-890A-52B0D2EDD654,5415974610,PO BOX 67,,,,,,,SELMA,OR,97538,2025-09-26 14:53:53.000,BTAX-041891-09-2025,2026-09-30 14:53:53.000
MARY'S CLEANING SERVICE," ",Inside City Limits,561720,Cleaning Service,,2018-04-11 00:00:00.000,f26455d5-0884-45e0-a7e9-f168f2b9a8e7,5414500244,1200,MARCUS,," ",WAY,," ",GRANTS PASS,OR,97527,2025-08-19 12:26:37.000,BTAX-041399-08-2025,2026-08-31 12:26:37.000
MARY'S CLEANING SERVICE,MARY GARESE,Inside City Limits,561720,Cleaning Service,,2018-04-11 00:00:00.000,f26455d5-0884-45e0-a7e9-f168f2b9a8e7,5414500244,1200,MARCUS,," ",WAY,," ",GRANTS PASS,OR,97527,2025-08-19 12:26:37.000,BTAX-041399-08-2025,2026-08-31 12:26:37.000
"MARZI, INC                    ",DUANE & BELINDA  MARZI,Inside City Limits,339999,Manufacturing-Misc Manufacturing,MARZI SINK FACTORY,2005-01-17 00:00:00.000,F023BCC1-2CBA-4511-82FA-0750D6F73153,5414745030,2207,"SPALDING ",,NE,AVE,,,GRANTS PASS,OR,97526,2025-08-18 14:23:00.000,BTAX-041324-08-2025,2026-07-31 14:23:00.000
MAS QUE CHIMI," ",Inside City Limits,722511,Restaurant,,2023-08-30 00:00:00.000,058aaae3-97e4-4235-99da-2fba718f0bd0,5414256020,1561,F,,NE,ST,,,GRANTS PASS,OR,97526,2025-08-12 16:54:37.000,BTAX-041210-08-2025,2026-08-31 16:54:37.000
MAS QUE CHIMI,TERANGY PENA,Inside City Limits,722511,Restaurant,,2023-08-30 00:00:00.000,058aaae3-97e4-4235-99da-2fba718f0bd0,5414256020,1561,F,,NE,ST,,,GRANTS PASS,OR,97526,2025-08-12 16:54:37.000,BTAX-041210-08-2025,2026-08-31 16:54:37.000
MASSAGE BY RUE,RUE LYON,Inside City Limits,621399,Medical-Massage Therapy,,2017-09-07 00:00:00.000,fa6e2772-2199-4424-9095-a9815847120b,5414764616,"560 ",F,SUITE A PMB 459,NE,ST,,,GRANTS PASS,OR,97526,2026-01-26 14:57:29.000,BTAX-042691-01-2026,2027-01-31 14:57:29.000
MASSAGE BY RUE," ",Inside City Limits,621399,Medical-Massage Therapy,,2017-09-07 00:00:00.000,fa6e2772-2199-4424-9095-a9815847120b,5414764616,"560 ",F,SUITE A PMB 459,NE,ST,,,GRANTS PASS,OR,97526,2026-01-26 14:57:29.000,BTAX-042691-01-2026,2027-01-31 14:57:29.000
MASSAGE ON F STREET," ",Inside City Limits,621399,Medical-Massage Therapy,,2016-01-25 00:00:00.000,3036d6fd-b2be-4e44-89d0-18e193d6ac52,5419723568,226,F,,NW,ST,," ",GRANTS PASS,OR,97526,2026-02-24 09:25:17.000,BTAX-042833-02-2026,2027-02-28 09:25:17.000
MASSAGE ON F STREET,GRAEME CLARK,Inside City Limits,621399,Medical-Massage Therapy,,2016-01-25 00:00:00.000,3036d6fd-b2be-4e44-89d0-18e193d6ac52,5419723568,226,F,,NW,ST,," ",GRANTS PASS,OR,97526,2026-02-24 09:25:17.000,BTAX-042833-02-2026,2027-02-28 09:25:17.000
MASTER CLEANING SERVICES INC,KARL & CYNTHIA  HAMASU,Outside City Limits,238190,Contractor-General/Building Exterior,SERVICEMASTER OF MEDFORD,1983-01-01 00:00:00.000,D6F6BFDE-FBCA-42D2-A53E-E2D0D9436857,5417739559,531,PARSONS,,,DR,,,MEDFORD,OR,97501,2025-08-19 11:19:05.000,BTAX-041384-08-2025,2026-08-31 11:19:05.000
"MASTERBRAND CABINETS INC     "," FORTUNE BRANDS HOME & SECURITY",Inside City Limits,321999,Manufacturing-Wood Products,,2004-03-11 00:00:00.000,7CCD7230-658A-472C-9C00-8A32D3446EE0,5419568200,251,LITTLE FALLS,,,DR,,,WILMINGTON,DE,19808,2025-11-04 10:04:15.000,BTAX-042197-11-2025,2026-11-30 10:04:15.000
"MATHEW TIBBITS PLUMBING       ",MATHEW TIBBITS,Outside City Limits,238220,Plumber,,2008-01-22 00:00:00.000,9248DC06-5979-4893-ADB2-CF20149EAE3B,5416602293,2366,"DOWELL ",,,RD,,,GRANTS PASS,OR,97527,2026-02-24 12:08:24.000,BTAX-042836-02-2026,2026-10-31 12:08:24.000
"MATICHAK HEATING & COOLING    ",DOUGLAS  MATICHAK,Outside City Limits,238220,Contractor-HVAC Services,,2011-07-01 00:00:00.000,FFA4AF75-E32E-4646-9575-B2E4409CE76E,5417724910,265,QUEENS BRANC,,,RD,,,ROGUE RIVER,OR,97537,2025-08-14 15:35:32.000,BTAX-041283-08-2025,2026-08-31 15:35:32.000
"MATSUKAZE                     ","GRACE, JON & ANTHONY TAMASHIRO",Inside City Limits,722511,Restaurant,,1984-08-01 00:00:00.000,03C9252A-AF88-408B-AED4-E5C5D7E8AC56,5414792961,1675,"7TH ",,NE,ST,,,GRANTS PASS,OR,97526,2025-07-31 11:56:26.000,BTAX-041045-07-2025,2026-07-31 11:56:26.000
"MATTHEW M HILL DMD       ",MATTHEW HILL,Inside City Limits,621210,Medical-Dentist,,1997-01-01 00:00:00.000,2B26A640-3178-4376-8B0B-D9DA1BEE3557,5414767725,114,JACKSON,,NE,ST,,,GRANTS PASS,OR,97526,2025-07-16 10:07:36.000,BTAX-040795-07-2025,2026-07-31 10:07:36.000
MATTRESS FIRM INC,MAARTEN JAGER,Inside City Limits,442299,"Retail-Home Furnishings ",MATTRESS FIRM #510029,2016-05-17 00:00:00.000,674eb162-1c47-4851-a72e-4cbb88e1b855,5414790461,ATTE: BILLING,,3250 BRIARPARK DR ST 400,,,,,HOUSTON,TX,77042,2025-07-24 15:51:56.000,BTAX-040963-07-2025,2026-07-31 15:51:56.000
MATTRESS FIRM INC,"SCOTT THOMPSON, DOUG MANKO",Inside City Limits,442299,"Retail-Home Furnishings ",MATTRESS FIRM #510029,2016-05-17 00:00:00.000,674eb162-1c47-4851-a72e-4cbb88e1b855,5414790461,ATTE: BILLING,,3250 BRIARPARK DR ST 400,,,,,HOUSTON,TX,77042,2025-07-24 15:51:56.000,BTAX-040963-07-2025,2026-07-31 15:51:56.000
MATTRESS FIRM INC,Twila Downing,Inside City Limits,442299,"Retail-Home Furnishings ",MATTRESS FIRM #510029,2016-05-17 00:00:00.000,674eb162-1c47-4851-a72e-4cbb88e1b855,5414790461,ATTE: BILLING,,3250 BRIARPARK DR ST 400,,,,,HOUSTON,TX,77042,2025-07-24 15:51:56.000,BTAX-040963-07-2025,2026-07-31 15:51:56.000
"MAURICES INCORPORATED #2084   "," MAURICES INCORPORATED         ",Inside City Limits,448150,Retail-Clothing & Accessories,,2011-11-02 00:00:00.000,182D0BA3-8757-401A-87C9-81AFA587DE7B,5414794587,425,SUPERIOR,,W,ST,,,DULUTH,MN,55802,2025-08-26 12:41:37.000,BTAX-041570-08-2025,2026-08-31 12:41:37.000
MAYJAH FLAYVAH FOOD TRUCK,DAWN RILVERIA,Inside City Limits,722330,Food-Mobile/Ice Cream Truck,,2021-05-19 00:00:00.000,7c82d4f9-911b-493c-adb7-0244aa75e9fd,5417870410,640,D,,NE,ST,,,GRANTS PASS,OR,97526,2025-06-23 12:46:30.000,MBLFDTRK-040546-06-2025,2026-06-30 12:46:30.000
MAYJAH FLAYVAH FOOD TRUCK," ",Inside City Limits,722330,Food-Mobile/Ice Cream Truck,,2021-05-19 00:00:00.000,7c82d4f9-911b-493c-adb7-0244aa75e9fd,5417870410,640,D,,NE,ST,,,GRANTS PASS,OR,97526,2025-06-23 12:46:30.000,MBLFDTRK-040546-06-2025,2026-06-30 12:46:30.000
MCDONALD'S OF GRANTS PASS #3318,GENE  HILL,Inside City Limits,722513,Limited-Service Restaurant,,2009-09-23 00:00:00.000,D0B9ADDA-AEAB-4B2F-8893-FC6320DB9370,5414796333,49,4TH,,S,ST,,,CENTRAL POINT,OR,97502,2025-02-11 10:34:56.000,BTAX-039870-02-2025,2026-02-28 10:34:56.000
"MCINTYRE CONSTRUCTION INC    ",WILLIAM & KRISTY MCINTYRE,Outside City Limits,238190,Contractor-General/Building Exterior,,2003-12-22 00:00:00.000,DAA1FAE8-F87B-4945-9385-FFB57E92E540,5416872841,91,DANEBO,,S,AVE,,,EUGENE,OR,97402,2025-08-18 16:10:46.000,BTAX-041348-08-2025,2026-08-31 16:10:46.000
"MCKENNA HOMES LLC            ",MARTIN MCKENNA,Outside City Limits,531110,Rental Units/Landlord,,2003-03-01 00:00:00.000,114BF36B-6323-4B1A-B28D-15AF2718F071,5414767030,PO BOX 5642,,,,,,,GRANTS PASS,OR,97527,2025-09-18 13:46:40.000,BTAX-041824-09-2025,2026-08-31 13:46:40.000
"MCLANE PROPERTIES             ",DONNA  MCLANE,Outside City Limits,531110,Rental Units/Landlord,,2008-01-08 00:00:00.000,60A19054-CE04-400E-B850-B4173BF01331,5416650950,PO BOX 936,,,,,,,GOLD HILL,OR,97525,2025-11-10 10:37:17.000,BTAX-042247-11-2025,2026-09-30 10:37:17.000
MCNAMARA'S PAINTING,GERALD MCNAMARA,Outside City Limits,238320,Painting & Wall Covering,,2022-10-18 00:00:00.000,1bfce4dc-848d-47a3-8833-149551c8dfbf,7607171938,PO BOX 854,,,,,,,ROGUE RIVER,OR,97537,2025-09-16 15:44:23.000,BTAX-041773-09-2025,2026-09-30 15:44:23.000
MDS CONTRACTING LLC,JAIME SNYDER,Outside City Limits,238190,Contractor-General/Building Exterior,,2017-12-29 00:00:00.000,72042441-2fc3-4f3a-8736-a610f6237564,5416603359,4824,GLEN ECHO,,,WAY,,,CENTRAL POINT,OR,97502,2025-08-22 11:38:18.000,BTAX-041506-08-2025,2026-08-31 11:38:18.000
MDS CONTRACTING LLC,MATTHEW SNYDER,Outside City Limits,238190,Contractor-General/Building Exterior,,2017-12-29 00:00:00.000,72042441-2fc3-4f3a-8736-a610f6237564,5416603359,4824,GLEN ECHO,,,WAY,,,CENTRAL POINT,OR,97502,2025-08-22 11:38:18.000,BTAX-041506-08-2025,2026-08-31 11:38:18.000
MDS CONTRACTING LLC," ",Outside City Limits,238190,Contractor-General/Building Exterior,,2017-12-29 00:00:00.000,72042441-2fc3-4f3a-8736-a610f6237564,5416603359,4824,GLEN ECHO,,,WAY,,,CENTRAL POINT,OR,97502,2025-08-22 11:38:18.000,BTAX-041506-08-2025,2026-08-31 11:38:18.000
MEADE SURVEYING LLC," ",Inside City Limits,541370,Surveying/Mapping Services,,2021-08-14 00:00:00.000,8dc1b3d1-c7d9-4d3f-8978-f4f84b8a0903,5412441871,233,B,,NE,ST,,200,GRANTS PASS,OR,97526,2025-10-20 15:38:21.000,BTAX-042076-10-2025,2026-10-31 15:38:21.000
MEADE SURVEYING LLC,DANE MEADE,Inside City Limits,541370,Surveying/Mapping Services,,2021-08-14 00:00:00.000,8dc1b3d1-c7d9-4d3f-8978-f4f84b8a0903,5412441871,233,B,,NE,ST,,200,GRANTS PASS,OR,97526,2025-10-20 15:38:21.000,BTAX-042076-10-2025,2026-10-31 15:38:21.000
"MEADOW OUTDOOR ADVERTISING    ","CHRIS, JOE & JOHN  ZUKIN",Outside City Limits,238990,Sign Installation/Painting,,2003-05-21 00:00:00.000,3ED90792-09E9-4157-BC76-700F695FA635,5412969684,PO BOX 331,,,,,,,THE DALLES,OR,97058,2025-07-18 16:32:10.000,BTAX-040840-07-2025,2026-07-31 16:32:10.000
MEC DISABILITIES,NIKKI SANGER,Inside City Limits,813990,Organization-Misc,,2022-08-01 00:00:00.000,7e6f472c-68de-4944-80a1-712da01a3ad7,5417871200,PO BOX 463,,,,,,,"GRANTS PASS ",OR,97528,2025-08-28 16:29:02.000,BTAX-041590-08-2025,2026-08-31 16:29:02.000
"MEDICAL EYE CENTER            ","JORIZZO, IMPERIA, OLIVIA & LEMLEY",Inside City Limits,621320,Medical-Optometrist,,1994-01-18 00:00:00.000,B310E012-39BD-45A8-AB6E-88E4C35492AA,5416181421,881,7TH,,NE,ST,,,GRANTS PASS,OR,97526,2025-10-10 11:20:34.000,BTAX-041993-10-2025,2026-10-31 11:20:34.000
"MEDICAL OFFICE MAINTENANCE    ",LEONARD ARIAS,Inside City Limits,561720,Janitorial Services,,2002-10-30 00:00:00.000,D2CEC891-189E-480C-A28D-D9107442C529,5419557167,366,INTERVAL,,W,RD,,,GRANTS PASS,OR,97527,2026-01-02 15:14:13.000,BTAX-042544-01-2026,2026-12-31 15:14:13.000
"MEL ATKINS RENTALS       ",MEL  ATKINS,Inside City Limits,531110,Rental Units/Landlord,,2005-10-13 00:00:00.000,16FB20C3-E57F-425F-82B5-EEF9947EA342,5416595577,757,"KINNEY ",,NW,ST,,,GRANTS PASS,OR,97526,2025-09-05 11:49:06.000,BTAX-041651-09-2025,2026-09-30 11:49:06.000
MELISSA RINGER," ",Outside City Limits,541990,Professional-Misc,,2018-07-24 00:00:00.000,991122b9-1f49-4404-af7e-4248e7d10106,5415077778,5788,RIVERBANKS,,,RD,,,GRANTS PASS,OR,97527,2025-10-01 15:32:46.000,BTAX-041675-09-2025,2026-09-30 15:32:46.000
MELISSA RINGER,LEIDY MELISSA RINGER,Outside City Limits,541990,Professional-Misc,,2018-07-24 00:00:00.000,991122b9-1f49-4404-af7e-4248e7d10106,5415077778,5788,RIVERBANKS,,,RD,,,GRANTS PASS,OR,97527,2025-10-01 15:32:46.000,BTAX-041675-09-2025,2026-09-30 15:32:46.000
MERAKI TRANSPORT CORP," ",Outside City Limits,485310,Transportation-Taxi,,2017-07-17 00:00:00.000,228b9c0b-30d6-45f1-bdd6-0a61260386a6,5419162520,305,ENTERPRISE,,,AVE,,,MERLIN,OR,97532,2025-08-12 12:47:03.000,TAXICO-041178-08-2025,2026-07-31 12:47:03.000
MERAKI TRANSPORT CORP,RANDY NICHOLSON,Outside City Limits,485310,Transportation-Taxi,,2017-07-17 00:00:00.000,228b9c0b-30d6-45f1-bdd6-0a61260386a6,5419162520,305,ENTERPRISE,,,AVE,,,MERLIN,OR,97532,2025-08-12 12:47:03.000,TAXICO-041178-08-2025,2026-07-31 12:47:03.000
MERAKI TRANSPORT CORP,RONALD NICHOLSON,Outside City Limits,485310,Transportation-Taxi,,2017-07-17 00:00:00.000,228b9c0b-30d6-45f1-bdd6-0a61260386a6,5419162520,305,ENTERPRISE,,,AVE,,,MERLIN,OR,97532,2025-08-12 12:47:03.000,TAXICO-041178-08-2025,2026-07-31 12:47:03.000
MERISSA BURDEN," ",Inside City Limits,812112,Beauty Salon,,2020-05-19 00:00:00.000,ee799435-6968-4a1a-acca-6e854fa259de,5416596363,1931,REGINA,,,WAY,,,GRANTS PASS,OR,97527,2025-08-12 14:51:13.000,BTAX-041192-08-2025,2026-08-31 14:51:13.000
MERISSA BURDEN,MERISSA BURDEN,Inside City Limits,812112,Beauty Salon,,2020-05-19 00:00:00.000,ee799435-6968-4a1a-acca-6e854fa259de,5416596363,1931,REGINA,,,WAY,,,GRANTS PASS,OR,97527,2025-08-12 14:51:13.000,BTAX-041192-08-2025,2026-08-31 14:51:13.000
"MERLE SMITH RENTALS           ",MERLE  SMITH,Outside City Limits,531110,Rental Units/Landlord,,1990-04-01 00:00:00.000,011D7170-1BD7-4446-B50F-88E0F8169F50,5413016996,C/O CENTURY 21 JC JONES AMERICAN DREAM,,858 NW 6TH ST,,,,,GRANTS PASS,OR,97526,2025-08-19 11:10:51.000,BTAX-041380-08-2025,2026-08-31 11:10:51.000
"MET ONE INSTRUMENTS INC       ",THOMAS  POTTBERG,Inside City Limits,339999,Manufacturing-Misc Manufacturing,,1989-06-22 00:00:00.000,39B8FCF7-CE00-426C-9BE0-825211DF48AF,3108490022,1600,WASHINGTON,,NW,BLVD,,,GRANTS PASS,OR,97526,2025-08-14 14:50:36.000,BTAX-041264-08-2025,2026-08-31 14:50:36.000
"META PHYSICAL THERAPY & PILATES, LLC"," ",Inside City Limits,621340,Physical Therapy,,2022-05-01 00:00:00.000,4502b7c9-51f1-4b5d-97f9-2c568881d08a,5414502724,714,5TH,,NW,ST,,,GRANTS PASS,OR,97526,2025-05-19 11:14:44.000,BTAX-040382-05-2025,2026-05-31 11:14:44.000
"META PHYSICAL THERAPY & PILATES, LLC",HEATHER HUCKERT,Inside City Limits,621340,Physical Therapy,,2022-05-01 00:00:00.000,4502b7c9-51f1-4b5d-97f9-2c568881d08a,5414502724,714,5TH,,NW,ST,,,GRANTS PASS,OR,97526,2025-05-19 11:14:44.000,BTAX-040382-05-2025,2026-05-31 11:14:44.000
METAL AIR LLC," ",Outside City Limits,238220,Contractor-HVAC Services,,2016-09-21 00:00:00.000,f4c0b9c3-37ab-452e-aa92-3a8781361e79,5419559335,7350,NEW HOPE,,,RD,,,GRANTS PASS,OR,97527,2025-07-14 09:10:49.000,BTAX-040699-07-2025,2026-07-31 09:10:49.000
METAL AIR LLC,PATRICK BERNARD,Outside City Limits,238220,Contractor-HVAC Services,,2016-09-21 00:00:00.000,f4c0b9c3-37ab-452e-aa92-3a8781361e79,5419559335,7350,NEW HOPE,,,RD,,,GRANTS PASS,OR,97527,2025-07-14 09:10:49.000,BTAX-040699-07-2025,2026-07-31 09:10:49.000
METAL AIR LLC,LEAH BERNARD,Outside City Limits,238220,Contractor-HVAC Services,,2016-09-21 00:00:00.000,f4c0b9c3-37ab-452e-aa92-3a8781361e79,5419559335,7350,NEW HOPE,,,RD,,,GRANTS PASS,OR,97527,2025-07-14 09:10:49.000,BTAX-040699-07-2025,2026-07-31 09:10:49.000
METAL FINISHER'S INC," ",Inside City Limits,339999,Manufacturing-Misc Manufacturing,,2016-07-14 00:00:00.000,1a0a4538-cc51-418b-9f5f-3b91268abdbc,5414791334,110,BOOTH,,SW,ST,,,GRANTS PASS,OR,97526,2025-07-11 11:46:28.000,BTAX-040682-07-2025,2026-07-31 11:46:28.000
METAL FINISHER'S INC,WILLIAM HODGE,Inside City Limits,339999,Manufacturing-Misc Manufacturing,,2016-07-14 00:00:00.000,1a0a4538-cc51-418b-9f5f-3b91268abdbc,5414791334,110,BOOTH,,SW,ST,,,GRANTS PASS,OR,97526,2025-07-11 11:46:28.000,BTAX-040682-07-2025,2026-07-31 11:46:28.000
METAL FINISHER'S INC,ROBERT HODGE,Inside City Limits,339999,Manufacturing-Misc Manufacturing,,2016-07-14 00:00:00.000,1a0a4538-cc51-418b-9f5f-3b91268abdbc,5414791334,110,BOOTH,,SW,ST,,,GRANTS PASS,OR,97526,2025-07-11 11:46:28.000,BTAX-040682-07-2025,2026-07-31 11:46:28.000
"METAL MASTERS INC            "," ",Outside City Limits,238220,Contractor-HVAC Services,,1996-11-12 00:00:00.000,BF4480C8-AEC3-4D1A-8CEB-28BDE0E79CAC,5417791049,PO BOX 503129,,,,,,,WHITE CITY,OR,97503,2026-01-05 14:09:57.000,BTAX-042559-01-2026,2026-12-31 14:09:57.000
MEYER SIGN COMPANY OF OREGON INC,DENNIS  MEYER,Outside City Limits,238990,Sign Installation/Painting,,2008-09-29 00:00:00.000,269D9F65-C3A8-436C-981F-A050BFE244BA,5036208200,15205,"74TH ",,SW,AVE,,,PORTLAND,OR,97224,2026-02-03 16:30:51.000,BTAX-042731-02-2026,2027-02-28 16:30:51.000
MICELANEA NEZA," ",Inside City Limits,445110,Food-Grocery Store,,2019-03-08 00:00:00.000,0d7145e8-16ad-404b-bc3f-8771196cd8be,5415071238,558,F,,NE,ST,,#1,GRANTS PASS,OR,97526,2026-03-16 12:09:59.000,BTAX-042973-03-2026,2027-03-31 12:09:59.000
MICELANEA NEZA,ALBA RAMIREZ ESLAMA,Inside City Limits,445110,Food-Grocery Store,,2019-03-08 00:00:00.000,0d7145e8-16ad-404b-bc3f-8771196cd8be,5415071238,558,F,,NE,ST,,#1,GRANTS PASS,OR,97526,2026-03-16 12:09:59.000,BTAX-042973-03-2026,2027-03-31 12:09:59.000
"MICHAEL BYRNE RENTALS         ",MICHAEL  BYRNE,Inside City Limits,531110,Rental Units/Landlord,,1992-05-01 00:00:00.000,6C7EA0EC-2FB0-4119-8D6B-76581961322E,5416590897,PO BOX 595,,,,,,,GRANTS PASS,OR,97528,2025-11-13 12:12:18.000,BTAX-042280-11-2025,2026-11-30 12:12:18.000
MICHAEL JAMES SUTHANN CONSTRUCTION," ",Inside City Limits,238190,Contractor-General/Building Exterior,,2020-06-15 00:00:00.000,b2caaa36-2eac-434d-a06e-4708225ac469,,2897,WALNUT,,,AVE,,,GRANTS PASS,OR,97527,2025-08-12 09:50:23.000,BTAX-041167-08-2025,2026-07-31 09:50:23.000
MICHAEL JAMES SUTHANN CONSTRUCTION,MICHAEL JAMES SUTHANN,Inside City Limits,238190,Contractor-General/Building Exterior,,2020-06-15 00:00:00.000,b2caaa36-2eac-434d-a06e-4708225ac469,,2897,WALNUT,,,AVE,,,GRANTS PASS,OR,97527,2025-08-12 09:50:23.000,BTAX-041167-08-2025,2026-07-31 09:50:23.000
"MICHAEL LIAM REYNOLDS, DDS, LLC"," ",Inside City Limits,621210,Medical-Dentist,REYNOLDS FAMILY DENTISTRY,2019-08-08 00:00:00.000,4025ed36-6c6c-4290-8eee-38df9ebdfdc2,5414717062,2954,SISKIYOU,,,BLVD,,,MEDFORD,OR,97504,2025-08-19 11:43:18.000,BTAX-041391-08-2025,2026-08-31 11:43:18.000
"MICHAEL LIAM REYNOLDS, DDS, LLC",MICHAEL L. REYNOLDS,Inside City Limits,621210,Medical-Dentist,REYNOLDS FAMILY DENTISTRY,2019-08-08 00:00:00.000,4025ed36-6c6c-4290-8eee-38df9ebdfdc2,5414717062,2954,SISKIYOU,,,BLVD,,,MEDFORD,OR,97504,2025-08-19 11:43:18.000,BTAX-041391-08-2025,2026-08-31 11:43:18.000
MICHAEL S SAFKO PSY D,MICHAEL SAFKO,Inside City Limits,621112,Medical-Mental Health Specialist,,2003-06-06 00:00:00.000,A1B2FF55-DA3D-4E96-8589-E5289F9ED0FF,5414718840,777,7TH,,NE,ST,,SUITE 108,GRANTS PASS,OR,97526,2025-09-09 12:18:09.000,BTAX-041702-09-2025,2026-09-30 12:18:09.000
"MICHAEL'S PLUMBING NW INC     ",MICHAEL & MEGAN  TOCH,Inside City Limits,238220,Plumber,,1993-03-01 00:00:00.000,E2190A0C-CFEB-40DC-878D-6643D31FD60B,5416607490,1285,OJAI,,,AVE,,,GRANTS PASS,OR,97527,2025-07-14 16:20:03.000,BTAX-040730-07-2025,2026-07-31 16:20:03.000
"MICHELLE TORREZ LMT           ",MICHELLE  TORREZ,Inside City Limits,621399,Medical-Massage Therapy,,2010-10-18 00:00:00.000,04E1223C-DBB3-471D-AB57-0573674D9289,5412615027,2848,PLEASANT CREEK,,,RD,,,ROGUE RIVER,OR,97537,2025-07-01 14:21:30.000,BTAX-040594-07-2025,2026-07-31 14:21:30.000
"MICHELS CONSTRUCTION, INC."," ",Outside City Limits,238190,Contractor-General/Building Exterior,,2021-11-01 00:00:00.000,1889d997-2831-42e1-9bd0-6d8975c8ccc4,9205833132,PO BOX 128,,,,,,,BROWNSVILLE,WI,53006,2026-01-02 16:06:39.000,BTAX-042547-01-2026,2026-11-30 16:06:39.000
"MICHELS CONSTRUCTION, INC."," ",Outside City Limits,238190,Contractor-General/Building Exterior,,2021-11-01 00:00:00.000,1889d997-2831-42e1-9bd0-6d8975c8ccc4,9205833132,PO BOX 128,,,,,,,BROWNSVILLE,WI,53006,2026-01-02 16:06:39.000,BTAX-042547-01-2026,2026-11-30 16:06:39.000
"MICHELS PIPELINE, INC."," ",Outside City Limits,238190,Contractor-General/Building Exterior,,2021-06-28 00:00:00.000,1edd6753-2956-41b6-a2bc-5ec2f92032d7,9205833132,PO BOX 128,,,,,,,BROWSVILLE,WI,53006,2025-07-25 09:49:04.000,BTAX-040969-07-2025,2026-07-31 09:49:04.000
"MICHELS PIPELINE, INC."," ",Outside City Limits,238190,Contractor-General/Building Exterior,,2021-06-28 00:00:00.000,1edd6753-2956-41b6-a2bc-5ec2f92032d7,9205833132,PO BOX 128,,,,,,,BROWSVILLE,WI,53006,2025-07-25 09:49:04.000,BTAX-040969-07-2025,2026-07-31 09:49:04.000
"MICHELS UTILITY SERVICES, INC"," ",Outside City Limits,238190,Contractor-General/Building Exterior,,2021-06-28 00:00:00.000,74bc527a-48d2-4cc1-b2a8-3054f015910a,9205833132,817,MAIN,,,ST,,,BROWNSVILLE,WI,53006,2025-05-19 10:05:24.000,BTAX-040373-05-2025,2026-05-31 10:05:24.000
"MICHELS UTILITY SERVICES, INC"," ",Outside City Limits,238190,Contractor-General/Building Exterior,,2021-06-28 00:00:00.000,74bc527a-48d2-4cc1-b2a8-3054f015910a,9205833132,817,MAIN,,,ST,,,BROWNSVILLE,WI,53006,2025-05-19 10:05:24.000,BTAX-040373-05-2025,2026-05-31 10:05:24.000
MICK HALL EXCAVATION & CONSTRUCTION LLC," ",Outside City Limits,238190,Contractor-General/Building Exterior,,2021-01-05 00:00:00.000,69ce5c0f-4fd5-4796-b03d-808612a99921,5413243635,6897,EVANS CREEK,,W,RD,,,ROGUE RIVER,OR,97537,2026-01-27 11:23:57.000,BTAX-042695-01-2026,2027-01-31 11:23:57.000
MICK HALL EXCAVATION & CONSTRUCTION LLC,MICKEY HALL,Outside City Limits,238190,Contractor-General/Building Exterior,,2021-01-05 00:00:00.000,69ce5c0f-4fd5-4796-b03d-808612a99921,5413243635,6897,EVANS CREEK,,W,RD,,,ROGUE RIVER,OR,97537,2026-01-27 11:23:57.000,BTAX-042695-01-2026,2027-01-31 11:23:57.000
"MICK'S SCOOTERS LLC           "," ",Outside City Limits,811219,Medical Equipment Repair,,2001-03-01 00:00:00.000,ABA9D805-F313-43CA-8CDE-6B4490C37D86,5414744922,1651,CROW,,,RD,,,MERLIN,OR,97532,2025-07-07 12:49:53.000,BTAX-040618-07-2025,2026-07-31 12:49:53.000
"MID ROGUE IMAGING CENTER      "," MID ROGUE IMAGING CENTER      ",Inside City Limits,621512,Medical-Diagnostic Imaging Center,,2014-01-01 00:00:00.000,67F1F39B-AD9D-47C7-864C-8CA07AAB1135,5414725154,1619,"HAWTHORNE ",,NW,AVE,,SUITE 102,GRANTS PASS,OR,97526,2025-08-19 16:14:24.000,BTAX-041430-08-2025,2026-08-31 16:14:24.000
MIDLAND EMPIRE INSURANCE AGENCY INC," ",Inside City Limits,524210,Insurance Agency & Brokerages,,2017-02-15 00:00:00.000,ac2d4088-aa90-464a-bfa5-9ba0b56ff2ae,5414767715,814,4TH,,SW,ST,,,GRANTS PASS,OR,97526,2025-08-26 11:26:12.000,BTAX-041562-08-2025,2026-08-31 11:26:12.000
MIDLAND EMPIRE INSURANCE AGENCY INC,LAWTON LESUEUR,Inside City Limits,524210,Insurance Agency & Brokerages,,2017-02-15 00:00:00.000,ac2d4088-aa90-464a-bfa5-9ba0b56ff2ae,5414767715,814,4TH,,SW,ST,,,GRANTS PASS,OR,97526,2025-08-26 11:26:12.000,BTAX-041562-08-2025,2026-08-31 11:26:12.000
MIDLAND EMPIRE INSURANCE AGENCY INC,LANCE LESUEUR,Inside City Limits,524210,Insurance Agency & Brokerages,,2017-02-15 00:00:00.000,ac2d4088-aa90-464a-bfa5-9ba0b56ff2ae,5414767715,814,4TH,,SW,ST,,,GRANTS PASS,OR,97526,2025-08-26 11:26:12.000,BTAX-041562-08-2025,2026-08-31 11:26:12.000
MIGHTY BITES,SHANNON BIFANO,Inside City Limits,812910,Pet Care Services,,2016-07-19 00:00:00.000,8f94f320-e4dd-4e7a-8dd2-2ea8d2ac6884,2097699794,PO BOX 1043,,,,,,,MERLIN,OR,97532,2025-09-18 11:29:33.000,BTAX-041809-09-2025,2026-09-30 11:29:33.000
MIGHTY BITES," ",Inside City Limits,812910,Pet Care Services,,2016-07-19 00:00:00.000,8f94f320-e4dd-4e7a-8dd2-2ea8d2ac6884,2097699794,PO BOX 1043,,,,,,,MERLIN,OR,97532,2025-09-18 11:29:33.000,BTAX-041809-09-2025,2026-09-30 11:29:33.000
MIKAYLA GATT LMT," ",Inside City Limits,621399,Medical-Massage Therapy,,2021-01-15 00:00:00.000,2d36f2b1-1fed-4382-88c0-0fa1e1bad30c,5416593275,740,RANCHO VISTA,,,DR,,,GRANTS PASS,OR,97526,2026-03-11 14:38:08.000,BTAX-042946-03-2026,2027-03-31 14:38:08.000
MIKAYLA GATT LMT,MIKAYLA GATT,Inside City Limits,621399,Medical-Massage Therapy,,2021-01-15 00:00:00.000,2d36f2b1-1fed-4382-88c0-0fa1e1bad30c,5416593275,740,RANCHO VISTA,,,DR,,,GRANTS PASS,OR,97526,2026-03-11 14:38:08.000,BTAX-042946-03-2026,2027-03-31 14:38:08.000
"MIKE'S CUSTOM TOYS            ",MICHAEL  CARRERA,Inside City Limits,811111,Auto-General Repair,,2015-08-01 00:00:00.000,D40C72BB-C481-4155-B172-DB986E184E1B,5412958012,2751,"HIGHLAND ",,NW,AVE,,,GRANTS PASS,OR,97526,2025-07-10 12:54:18.000,BTAX-040656-07-2025,2026-07-31 12:54:18.000
MILESTONE LANDSCAPE GROUP LLC," ",Outside City Limits,541320,Landscaping Services,,2019-09-09 00:00:00.000,5c6941e9-b2b2-4f93-be8a-0e18ea32c8b1,541-664-6453,PO BOX 394,,,,,,,EAGLE POINT,OR,97524,2025-10-10 10:38:16.000,BTAX-041987-10-2025,2026-10-31 10:38:16.000
MILESTONE LANDSCAPE GROUP LLC,JEREMY GIESELMAN,Outside City Limits,541320,Landscaping Services,,2019-09-09 00:00:00.000,5c6941e9-b2b2-4f93-be8a-0e18ea32c8b1,541-664-6453,PO BOX 394,,,,,,,EAGLE POINT,OR,97524,2025-10-10 10:38:16.000,BTAX-041987-10-2025,2026-10-31 10:38:16.000
"MILL STREET CAR WASH          ",SHIRLEY  SAMMIS,Inside City Limits,811192,Car Wash & Detailing,,2004-02-10 00:00:00.000,94E74ECC-DB7A-46EF-B487-26D503656E0D,5414795354,PO BOX 1064,,,,,,,GRANTS PASS,OR,97528,2025-08-18 10:21:18.000,BTAX-041306-08-2025,2026-08-31 10:21:18.000
"MILL STREET MINI STORAGE      ",JIM & JODI  SALYER,Inside City Limits,493110,Storage & General Warehousing,,1997-01-14 00:00:00.000,6F9E62C3-5E08-4023-A290-3C34D5341983,5414792361,PO BOX 5420,,,,,,,CENTRAL POINT,OR,97502,2025-07-16 15:50:19.000,BTAX-040814-07-2025,2026-07-31 15:50:19.000
MILLER'S SHADY OAKS INC," MILLER'S SHADY OAKS INC       ",Inside City Limits,722511,Restaurant,WILD RIVER BREWING & PIZZA,1994-09-01 00:00:00.000,6914124E-8B9D-4FCF-AF57-9256F9AB6D63,5414717487,595,E,,NE,ST,,,GRANTS PASS,OR,97526,2025-07-25 10:59:49.000,BTAX-040980-07-2025,2026-07-31 10:59:49.000
"MILLER'S SHADY OAKS INC       "," MILLER'S SHADY OAKS INC       ",Inside City Limits,722511,Restaurant,WILD RIVER PUB,1997-01-15 00:00:00.000,01D4E168-ABD1-481A-8611-B0B13F24D837,5414744456,595,F,,NE,ST,,,GRANTS PASS,OR,97526,2025-07-25 11:02:15.000,BTAX-040981-07-2025,2026-07-31 11:02:15.000
MINDSET MASSAGE," ",Inside City Limits,621399,Medical-Massage Therapy,,2021-02-23 00:00:00.000,be46f5c3-6607-45c6-94a0-736e14ab0636,5412267962,720,PIONEER,,NE,WAY,,,GRANTS PASS,OR,97526,2026-03-17 09:27:41.000,BTAX-042987-03-2026,2027-03-31 09:27:41.000
MINDSET MASSAGE,AMBER TIMME,Inside City Limits,621399,Medical-Massage Therapy,,2021-02-23 00:00:00.000,be46f5c3-6607-45c6-94a0-736e14ab0636,5412267962,720,PIONEER,,NE,WAY,,,GRANTS PASS,OR,97526,2026-03-17 09:27:41.000,BTAX-042987-03-2026,2027-03-31 09:27:41.000
MINDY'S CLEANING SOLUTIONS,MINDY DORMAN,Outside City Limits,561720,Cleaning Service,,2016-01-11 00:00:00.000,56de6c62-3027-4cbb-a127-c9d1f7e62245,5412448120,PO BOX 1051,,," ",,," ",MERLIN,OR,97532,2025-11-04 09:43:44.000,BTAX-042195-11-2025,2026-11-30 09:43:44.000
MINDY'S CLEANING SOLUTIONS," ",Outside City Limits,561720,Cleaning Service,,2016-01-11 00:00:00.000,56de6c62-3027-4cbb-a127-c9d1f7e62245,5412448120,PO BOX 1051,,," ",,," ",MERLIN,OR,97532,2025-11-04 09:43:44.000,BTAX-042195-11-2025,2026-11-30 09:43:44.000
"MINI PET MART                 ",DAVID  WILLIAMS,Inside City Limits,453910,Retail-Pets & Pet Supplies,,1990-01-01 00:00:00.000,7C363014-08E9-4B14-9FFE-014FF036DC2E,5414797506,1072,ROGUE RIVER,,SE,HWY,,,GRANTS PASS,OR,97527,2025-08-19 15:11:28.000,BTAX-041417-08-2025,2026-08-31 15:11:28.000
"MINI PET MART                 ",DAVID  WILLIAMS,Inside City Limits,453910,Retail-Pets & Pet Supplies,,1997-01-01 00:00:00.000,72D5C5B8-2369-490C-A8B4-45E1C80F07B9,5414797506,876,6TH,,NW,ST,,,GRANTS PASS,OR,97526,2025-07-14 10:30:00.000,BTAX-040709-07-2025,2026-07-31 10:30:00.000
"MINI PET MART INC             ",DAVID  WILLIAMS,Inside City Limits,453910,Retail-Pets & Pet Supplies,NEWS & SMOKES,2007-12-17 00:00:00.000,0F15BE64-E34B-415C-B7E4-251119746146,5414797506,1060,M,,SE,ST,,,GRANTS PASS,OR,97526,2025-07-14 15:37:00.000,BTAX-040727-07-2025,2026-07-31 15:37:00.000
"MIRROR IMAGE                  ",VALENTINA VELEA,Inside City Limits,812112,Beauty Salon,,2003-04-01 00:00:00.000,8DC89F29-F30C-4A1F-84AD-B2C35C3E6A1D,5417612939,233,ROGUE RIVER,,,HWY,,#377,GRANTS PASS,OR,97527,2025-07-15 09:03:10.000,BTAX-040733-07-2025,2026-07-31 09:03:10.000
"MISS ANGEL PHOTOGRAPHY        ",ANGELA  SABIN-VEEK,Inside City Limits,541921,Photography,,2013-01-25 00:00:00.000,7F03EA9F-9130-448E-A99A-3D4F188D8D73,5416601521,208,"STONE FLY ",,NW,CT,,,GRANTS PASS,OR,97526,2025-08-14 15:28:01.000,BTAX-041280-08-2025,2026-07-31 15:28:01.000
MISS ANN'S KIDDIE KORNER LLC,ANNE-MARIE HOLLOWAY,Inside City Limits,624410,Child Day Care,,2020-11-03 00:00:00.000,a0ad2030-7f35-4daf-bbf9-09c64d18c5af,54187430153,1432,WILDFLOWER,,,DR,,,MERLIN,OR,97532,2025-05-13 14:13:18.000,BTAX-040347-05-2025,2026-05-31 14:13:18.000
MISS ANN'S KIDDIE KORNER LLC," ",Inside City Limits,624410,Child Day Care,,2020-11-03 00:00:00.000,a0ad2030-7f35-4daf-bbf9-09c64d18c5af,54187430153,1432,WILDFLOWER,,,DR,,,MERLIN,OR,97532,2025-05-13 14:13:18.000,BTAX-040347-05-2025,2026-05-31 14:13:18.000
MISS CASSIDEY'S DAYCARE," ",Inside City Limits,624410,Child Day Care,,2018-06-27 00:00:00.000,912c54a3-41f8-488b-ba0c-b936943a2712,5416595052,952,CENTRAL,,SW,AVE,,,GRANTS PASS,OR,97527,2025-08-05 16:16:20.000,BTAX-041107-08-2025,2026-08-31 16:16:20.000
MISS CASSIDEY'S DAYCARE,CASSIDEY  WILLIAMS,Inside City Limits,624410,Child Day Care,,2018-06-27 00:00:00.000,912c54a3-41f8-488b-ba0c-b936943a2712,5416595052,952,CENTRAL,,SW,AVE,,,GRANTS PASS,OR,97527,2025-08-05 16:16:20.000,BTAX-041107-08-2025,2026-08-31 16:16:20.000
"MISS HEATHERS PRESCHOOL, DAYCARE & AFTER SCHOOL CARE",HEATHER  MARTIN,Inside City Limits,624410,Child Day Care,,2012-03-20 00:00:00.000,08FE47CA-8AA1-4F68-853C-D232CAF808A3,5414790240,1720,REDWOOD,,,AVE,,,GRANTS PASS,OR,97527,2025-04-15 15:32:08.000,BTAX-040218-04-2025,2026-04-30 15:32:08.000
MITCH ARNOLD CONSTRUCTION INC,MITCH  ARNOLD,Inside City Limits,238190,Contractor-General/Building Exterior,,1994-12-20 00:00:00.000,6301DAAA-E205-48A8-B7A7-E9E0A9BE8062,5414714301,199,BLACK OAK,,,DR,,,GRANTS PASS,OR,97527,2025-08-12 14:50:08.000,BTAX-041191-08-2025,2026-08-31 14:50:08.000
MITCH ARNOLD CONSTRUCTION INC,MITCH ARNOLD,Inside City Limits,238190,Contractor-General/Building Exterior,,1994-12-20 00:00:00.000,6301DAAA-E205-48A8-B7A7-E9E0A9BE8062,5414714301,199,BLACK OAK,,,DR,,,GRANTS PASS,OR,97527,2025-08-12 14:50:08.000,BTAX-041191-08-2025,2026-08-31 14:50:08.000
"MOBILE WASH OF AMERICA        ",MELTON K & MARY  BECK,Inside City Limits,811192,Car Wash & Detailing,,1993-06-01 00:00:00.000,1F483B02-A5DD-4876-A3CE-ED1AA193F86C,5414741245,PO BOX 594,,,,,,,GRANTS PASS,OR,97528,2025-08-12 09:46:09.000,BTAX-041166-08-2025,2026-08-31 09:46:09.000
MOBRO SOIL LLC," ",Inside City Limits,444220,Retail-Farm Supplies,,2016-01-15 00:00:00.000,26fe6518-b860-4737-9cf8-94854492c7d9,5414794862,3104,WALNUT,," ",AVE,," ",GRANTS PASS,OR,97527,2025-10-15 09:51:48.000,BTAX-042025-10-2025,2026-10-31 09:51:48.000
MOBRO SOIL LLC,BRIDGET STUTZMAN,Inside City Limits,444220,Retail-Farm Supplies,,2016-01-15 00:00:00.000,26fe6518-b860-4737-9cf8-94854492c7d9,5414794862,3104,WALNUT,," ",AVE,," ",GRANTS PASS,OR,97527,2025-10-15 09:51:48.000,BTAX-042025-10-2025,2026-10-31 09:51:48.000
MOBRO SOIL LLC,DUSTIN STUTZMAN,Inside City Limits,444220,Retail-Farm Supplies,,2016-01-15 00:00:00.000,26fe6518-b860-4737-9cf8-94854492c7d9,5414794862,3104,WALNUT,," ",AVE,," ",GRANTS PASS,OR,97527,2025-10-15 09:51:48.000,BTAX-042025-10-2025,2026-10-31 09:51:48.000
"MOCK'S FORD SALES INC         "," CARR/MOCK/MOCK/MOCK/MOCK      ",Inside City Limits,811111,Auto-General Repair,MOCK'S FORD BODY SHOP,2003-03-10 00:00:00.000,0E60B9DB-476E-4C6A-B864-34746786E794,5414766656,PO BOX 68,,,,,,,GRANTS PASS,OR,97528,2025-08-04 13:06:58.000,BTAX-041087-08-2025,2026-08-31 13:06:58.000
MOCK'S FORD SALES INC,"GENE CARR,  GENE, BARBARA, DON & GAILMOCK",Inside City Limits,441310,Retail-Automotive Parts & Accessories,,1994-07-01 00:00:00.000,176D2EC4-B0F3-43A9-B02A-92F3025BD4BA,5414766656,PO BOX 68,,,,,,,GRANTS PASS,OR,97528,2025-08-04 13:04:52.000,BTAX-041086-08-2025,2026-08-31 13:04:52.000
MOD PIZZA," ",Inside City Limits,722513,Limited-Service Restaurant,,2018-09-13 00:00:00.000,c070972f-b634-4404-b786-1b7cc2393607,8887706637,4185,FIGARDEN,,W,DR,,,FRESNO,CA,93722,2025-04-11 10:47:03.000,BTAX-040190-04-2025,2026-04-30 10:47:03.000
MOD PIZZA," ",Inside City Limits,722513,Limited-Service Restaurant,,2018-09-13 00:00:00.000,c070972f-b634-4404-b786-1b7cc2393607,8887706637,4185,FIGARDEN,,W,DR,,,FRESNO,CA,93722,2025-04-11 10:47:03.000,BTAX-040190-04-2025,2026-04-30 10:47:03.000
MODERN ELECTRIC INC,DANIEL PARRISH,Outside City Limits,238210,Contractor-Electrical,,2019-03-07 00:00:00.000,008b1b00-9423-4bb5-b2a0-2689202012e5,5417787999,PO BOX 4068,,,,,,,MEDFORD,OR,97501,2026-03-13 14:54:14.000,BTAX-042966-03-2026,2027-03-31 14:54:14.000
MODERN ELECTRIC INC,DANIEL PARRISH,Outside City Limits,238210,Contractor-Electrical,,2019-03-07 00:00:00.000,008b1b00-9423-4bb5-b2a0-2689202012e5,5417787999,PO BOX 4068,,,,,,,MEDFORD,OR,97501,2026-03-13 14:54:14.000,BTAX-042966-03-2026,2027-03-31 14:54:14.000
"MOHUN INC                     ",KEVIN MICHAEL  KISSLING,Inside City Limits,561510,Travel Agency,BAYAREA TRAVEL,2012-01-09 00:00:00.000,3E363AFA-D35D-4871-ACC6-9C8E5602F8BF,6506971570,970,"DONEEN LN    ",,SW,,,,GRANTS PASS,OR,97526,2025-07-10 12:20:03.000,BTAX-040649-07-2025,2026-07-31 12:20:03.000
"MONICA BROERMAN               ",MONICA  BROERMAN,Inside City Limits,541611,Consulting Service,ML BROERMAN,2010-01-01 00:00:00.000,21CBCD0E-04DB-4098-BFAA-C46E7C7E378A,5414747657,1376,MOON GLO,,,,,,GRANTS PASS,OR,97527,2025-06-16 14:52:33.000,BTAX-040528-06-2025,2026-06-30 14:52:33.000
MONTAGE ORIENTAL MEDICINE LLC,SANG MONTAGE,Inside City Limits,621111,Medical-Physician,,2018-04-06 00:00:00.000,e80aac36-bd2a-47e5-a021-0d79c4827336,5417083953,PO BOX 704,,,,,,,MURPHY,OR,97533,2025-05-07 15:19:44.000,BTAX-040323-05-2025,2026-05-31 15:19:44.000
MONTAGE ORIENTAL MEDICINE LLC," ",Inside City Limits,621111,Medical-Physician,,2018-04-06 00:00:00.000,e80aac36-bd2a-47e5-a021-0d79c4827336,5417083953,PO BOX 704,,,,,,,MURPHY,OR,97533,2025-05-07 15:19:44.000,BTAX-040323-05-2025,2026-05-31 15:19:44.000
MOORE MANOR APARTMENTS," ",Inside City Limits,531110,Rental Units/Landlord,,2016-09-13 00:00:00.000,dd553f2c-add9-447c-a50b-aa8f5cb65025,5032225550,121,B,,NE,ST,,,GRANTS PASS,OR,97526,2025-12-05 14:55:25.000,BTAX-042400-12-2025,2026-12-31 14:55:25.000
MOORE MANOR APARTMENTS," ",Inside City Limits,531110,Rental Units/Landlord,,2016-09-13 00:00:00.000,dd553f2c-add9-447c-a50b-aa8f5cb65025,5032225550,121,B,,NE,ST,,,GRANTS PASS,OR,97526,2025-12-05 14:55:25.000,BTAX-042400-12-2025,2026-12-31 14:55:25.000
MORA'S LANDSCAPE MAINTENANCE,PABLO & ANGELICA MORA,Inside City Limits,541320,Landscaping Services,,2016-11-22 00:00:00.000,71a7d278-baa0-4bb8-8be9-e55c32d923b2,5414411007,1125,STURGEON,,SW,CT,," ",GRANTS PASS,OR,97527,2025-06-16 14:54:44.000,BTAX-040529-06-2025,2026-06-30 14:54:44.000
MORA'S LANDSCAPE MAINTENANCE,PABLO MORA & ANGELICA MORA,Inside City Limits,541320,Landscaping Services,,2016-11-22 00:00:00.000,71a7d278-baa0-4bb8-8be9-e55c32d923b2,5414411007,1125,STURGEON,,SW,CT,," ",GRANTS PASS,OR,97527,2025-06-16 14:54:44.000,BTAX-040529-06-2025,2026-06-30 14:54:44.000
MORELLO CONSTRUCTION LLC,ANTHONY MORELLO,Outside City Limits,238190,Contractor-General/Building Exterior,,2022-09-23 00:00:00.000,c0019500-2d59-43e7-be2f-8225c6b1c239,5418872285,"2637 ","OLD MIDLAND ",,,RD,,,KLAMATH FALLS,OR,97603,2025-09-05 16:23:37.000,BTAX-041670-09-2025,2026-09-30 16:23:37.000
MORGAN LANE MOBILE #124," ",Inside City Limits,447190,Gas Station,,2017-07-05 00:00:00.000,13fdd8c2-a239-484d-b096-68ea078631d9,5414790207,2860,SANTIAGO,,N,BLVD,,,ORANGE,CA,928671722,2025-08-22 11:58:41.000,BTAX-041488-08-2025,2026-08-31 11:58:41.000
MORGAN LANE MOBILE #124,SALAHEDDIN HASSAN,Inside City Limits,447190,Gas Station,,2017-07-05 00:00:00.000,13fdd8c2-a239-484d-b096-68ea078631d9,5414790207,2860,SANTIAGO,,N,BLVD,,,ORANGE,CA,928671722,2025-08-22 11:58:41.000,BTAX-041488-08-2025,2026-08-31 11:58:41.000
MORGAN LODGING LLC,TOM BECKER & BILL BAGLEY,Inside City Limits,721110,Hotel/Motel,HAMPTON INN & SUITES,2018-11-06 00:00:00.000,120d0a16-1fa2-442e-bbe4-47b2fa3e4d6f,5414745690,110,MORGAN,,,LN,,,GRANTS PASS,OR,97526,2026-01-12 16:10:56.000,BTAX-042612-01-2026,2027-01-31 16:10:56.000
MORGAN LODGING LLC," ",Inside City Limits,721110,Hotel/Motel,HAMPTON INN & SUITES,2018-11-06 00:00:00.000,120d0a16-1fa2-442e-bbe4-47b2fa3e4d6f,5414745690,110,MORGAN,,,LN,,,GRANTS PASS,OR,97526,2026-01-12 16:10:56.000,BTAX-042612-01-2026,2027-01-31 16:10:56.000
MORGAN TAX & ACCOUNTING PC," ",Inside City Limits,541200,Other Accounting Services,,2024-01-01 00:00:00.000,5c3f73f2-a9b2-4be0-b7a5-b9028edacf1b,5414745617,221,D,,NE,ST,,,GRANTS PASS,OR,97526,2026-01-13 11:06:14.000,BTAX-042617-01-2026,2027-01-31 11:06:14.000
MORGAN TAX & ACCOUNTING PC,MIKAH MORGAN,Inside City Limits,541200,Other Accounting Services,,2024-01-01 00:00:00.000,5c3f73f2-a9b2-4be0-b7a5-b9028edacf1b,5414745617,221,D,,NE,ST,,,GRANTS PASS,OR,97526,2026-01-13 11:06:14.000,BTAX-042617-01-2026,2027-01-31 11:06:14.000
MORGAN WINEGARDEN LMT," ",Inside City Limits,621399,Medical-Massage Therapy,,2022-03-17 00:00:00.000,15b920bd-e916-423e-a358-5e39cb1cf48e,5416611938,1718,FOOTHILL,,NE,BLVD,,,GRANTS PASS,OR,97526,2025-04-10 16:29:44.000,BTAX-040188-04-2025,2026-04-30 16:29:44.000
MORGAN WINEGARDEN LMT,MORGAN WINEGARDEN,Inside City Limits,621399,Medical-Massage Therapy,,2022-03-17 00:00:00.000,15b920bd-e916-423e-a358-5e39cb1cf48e,5416611938,1718,FOOTHILL,,NE,BLVD,,,GRANTS PASS,OR,97526,2025-04-10 16:29:44.000,BTAX-040188-04-2025,2026-04-30 16:29:44.000
MORRISON FAMILY LLC,PAMELA MORRISON,Inside City Limits,531110,Rental Units/Landlord,MORRISON RENTALS,1997-01-01 00:00:00.000,6E711AFB-28FC-47A8-97F2-167F67C386BA,5414799761,816,E,,NE,ST,,,GRANTS PASS,OR,97526,2025-09-08 16:21:49.000,BTAX-041694-09-2025,2026-09-30 16:21:49.000
"MORROW'S VINTAGE HOUSE PARTS  ",JOEL  MORROW,Inside City Limits,453310,Retail-Thrift Store,,2014-09-01 00:00:00.000,7AB5B373-AC64-47BE-B44D-619F17142C84,,835,SHAN CREEK,,,RD,,,GRANTS PASS,OR,97527,2025-07-09 15:47:05.000,BTAX-040648-07-2025,2026-07-31 15:47:05.000
MOSE & PARIS WAHLSTROM RENTALS," ",Outside City Limits,531110,Rental Units/Landlord,,2018-08-10 00:00:00.000,94baf608-9602-4693-b20d-9c331ace43d9,5033498559,19075,MADELINE,,SW,ST,,,ALOHA,OR,97078,2025-09-23 10:56:46.000,BTAX-041858-09-2025,2026-09-30 10:56:46.000
MOSE & PARIS WAHLSTROM RENTALS,MOSE WAHLSTROM,Outside City Limits,531110,Rental Units/Landlord,,2018-08-10 00:00:00.000,94baf608-9602-4693-b20d-9c331ace43d9,5033498559,19075,MADELINE,,SW,ST,,,ALOHA,OR,97078,2025-09-23 10:56:46.000,BTAX-041858-09-2025,2026-09-30 10:56:46.000
MOSE & PARIS WAHLSTROM RENTALS,PARIS WAHLSTROM,Outside City Limits,531110,Rental Units/Landlord,,2018-08-10 00:00:00.000,94baf608-9602-4693-b20d-9c331ace43d9,5033498559,19075,MADELINE,,SW,ST,,,ALOHA,OR,97078,2025-09-23 10:56:46.000,BTAX-041858-09-2025,2026-09-30 10:56:46.000
"MOSER PAVING INC              ",C J  MOSER III,Inside City Limits,237310,"Const-Highway, Street & Bridge",,1992-06-08 00:00:00.000,7CEBEB1F-66C3-4681-8364-882B9CEA393D,5414792424,650,REDWOOD,,,HWY,,,GRANTS PASS,OR,97527,2025-08-18 16:13:03.000,BTAX-041349-08-2025,2026-08-31 16:13:03.000
MOTEL 6 GRANTS PASS,KUMAR KONERU,Inside City Limits,721110,Hotel/Motel,MOTEL 6,2020-03-12 00:00:00.000,10729ddb-d0d8-469f-bfd9-2fe8edcbeda7,9095254040,675,CLIFFSIDE,,,DR,,,SAN DIMAS,CA,91773,2026-02-10 09:30:05.000,BTAX-042775-02-2026,2027-02-28 09:30:05.000
MOTEL 6 GRANTS PASS," ",Inside City Limits,721110,Hotel/Motel,MOTEL 6,2020-03-12 00:00:00.000,10729ddb-d0d8-469f-bfd9-2fe8edcbeda7,9095254040,675,CLIFFSIDE,,,DR,,,SAN DIMAS,CA,91773,2026-02-10 09:30:05.000,BTAX-042775-02-2026,2027-02-28 09:30:05.000
"MOTION MATRIX                 ",LISA & MARK  AUSTIN,Inside City Limits,713940,Fitness Center,,2013-01-02 00:00:00.000,4B83CD80-F88E-43BC-BBA5-670410D6DA80,5419564985,1630,WILLIAMS,,,HWY,,PMB 50,GRANTS PASS,OR,97527,2025-10-23 10:19:56.000,BTAX-042113-10-2025,2026-10-31 10:19:56.000
MOTIVE ENERGY LLC," ",Outside City Limits,454390,Retail-Misc Direct Selling Establishment,,2022-09-14 00:00:00.000,496853b3-43c5-4e8e-aa88-6b9cc9b72312,5414999778,4642,TABLE ROCK RD,,,,,1,CENTRAL POINT,OR,97502,2025-10-09 12:47:31.000,BTAX-041975-10-2025,2026-10-31 12:47:31.000
MOTIVE ENERGY LLC,BOB ISTWAN,Outside City Limits,454390,Retail-Misc Direct Selling Establishment,,2022-09-14 00:00:00.000,496853b3-43c5-4e8e-aa88-6b9cc9b72312,5414999778,4642,TABLE ROCK RD,,,,,1,CENTRAL POINT,OR,97502,2025-10-09 12:47:31.000,BTAX-041975-10-2025,2026-10-31 12:47:31.000
"MOUNTAIN ALLOYS CORPORATION   ",RONALD  CRUME,Inside City Limits,339999,Manufacturing-Misc Manufacturing,,1989-04-01 00:00:00.000,DAE328D0-52A4-4F13-8B29-ADAB54A1EAFC,5414799755,201,10TH,,SE,ST,,,GRANTS PASS,OR,97526,2025-08-19 14:51:48.000,BTAX-041414-08-2025,2026-08-31 14:51:48.000
"MOUNTAIN IRON WORKS LLC      ",ROGER E & LOREEN L  EVENSEN,Outside City Limits,238990,Contractor-Trade/Specialty,,1996-05-20 00:00:00.000,5A519CB7-706A-4E93-8B43-E04C92485576,5418622228,PO BOX 113,,,,,,,MURPHY,OR,97533,2025-11-19 10:39:24.000,BTAX-042321-11-2025,2026-11-30 10:39:24.000
"MOUNTAIN SPRING BOTTLED WATER ",JEFFREY P  CAMPBELL,Inside City Limits,424490,Soft Drink Merchant Wholesaler,,1987-07-01 00:00:00.000,5803B573-534D-4F6B-97E4-AFE27F7F38AA,5414767384,135,CAMBRIDGE,,,DR,,,GRANTS PASS,OR,97526,2025-07-15 15:55:21.000,BTAX-040775-07-2025,2026-07-31 15:55:21.000
MOUNTAIN VIEW CLEANING,TRACIC SHAW,Outside City Limits,561720,Cleaning Service,,2022-10-25 00:00:00.000,44bdd811-7af6-4b28-8bde-aad5eeba61a4,5416904724,3351,ROGUE RIVER,,,HWY,,SPACE 32,GRANTS PASS,OR,97527,2025-12-08 15:22:54.000,BTAX-042423-12-2025,2026-12-31 15:22:54.000
"MOUNTAIN VIEW PAVING INC     ",PAUL  MEYER,Outside City Limits,237990,Const-Heavy & Civil Engineering,,1999-01-13 00:00:00.000,0C3A0360-4256-4F00-A750-8EDCB2B098FC,5415353840,PO BOX 508,,,,,,,TALENT,OR,97540,2025-07-28 09:42:36.000,BTAX-041016-07-2025,2026-07-31 09:42:36.000
MOUNTAIN VIEW RENTALS LLC," ",Inside City Limits,531110,Rental Units/Landlord,TREE MOUNTAIN RENTALS LLC,2009-03-17 00:00:00.000,C515E00C-ED93-4DAE-B2C2-2CFC96D2D89E,5414743086,1037,N,,SE,ST,,,GRANTS PASS,OR,97526,2025-08-08 15:14:50.000,BTAX-041134-08-2025,2026-08-31 15:14:50.000
MOUNTAIN VIEW RENTALS LLC,BARBARA CHANDLER,Inside City Limits,531110,Rental Units/Landlord,TREE MOUNTAIN RENTALS LLC,2009-03-17 00:00:00.000,C515E00C-ED93-4DAE-B2C2-2CFC96D2D89E,5414743086,1037,N,,SE,ST,,,GRANTS PASS,OR,97526,2025-08-08 15:14:50.000,BTAX-041134-08-2025,2026-08-31 15:14:50.000
MS. SHELLEY'S PRESCHOOL AND AFTERSCHOOL PROGRAM,SHELLEY & STANLEY  SCHRADIN,Inside City Limits,624410,Child Day Care,,2004-09-01 00:00:00.000,DFE749E4-2A55-4F97-8C0A-F7AAD587450C,5414749652,1394,DAVID,,SW,DR,,,GRANTS PASS,OR,97527,2025-07-23 10:53:41.000,BTAX-040939-07-2025,2026-07-31 10:53:41.000
MUCHAS GRACIAS WM,ELVIA RAMIREZ,Inside City Limits,722511,Restaurant,,2022-08-15 00:00:00.000,7ca32501-1e57-4f07-ba57-44413e2a8457,5208201707,1999,7TH,,NE,ST,,,GRANTS PASS,OR,97526,2025-12-02 11:25:19.000,BTAX-042368-12-2025,2026-11-30 11:25:19.000
MUCHAS GRACIAS WM,JOSE RAMIREZ AGUILAR,Inside City Limits,722511,Restaurant,,2022-08-15 00:00:00.000,7ca32501-1e57-4f07-ba57-44413e2a8457,5208201707,1999,7TH,,NE,ST,,,GRANTS PASS,OR,97526,2025-12-02 11:25:19.000,BTAX-042368-12-2025,2026-11-30 11:25:19.000
MUCHAS GRACIAS WM," ",Inside City Limits,722511,Restaurant,,2022-08-15 00:00:00.000,7ca32501-1e57-4f07-ba57-44413e2a8457,5208201707,1999,7TH,,NE,ST,,,GRANTS PASS,OR,97526,2025-12-02 11:25:19.000,BTAX-042368-12-2025,2026-11-30 11:25:19.000
MULDER ONE INC,DARRIN & CAPRI MULDER,Outside City Limits,561720,Janitorial Services,CASTLE CLEANING CO.,2002-11-04 00:00:00.000,6E512EE0-3E67-44B9-83EA-BADB085D101E,5417271300,2240,RUSSELL,,,RD,,,MERLIN,OR,97532,2025-12-04 12:17:24.000,BTAX-042389-12-2025,2026-12-31 12:17:24.000
"MULTI-SITE MANAGEMENT, LLC"," ",Inside City Limits,447190,Gas Station,MSM 532,2014-10-08 00:00:00.000,6CCB6AA3-00AC-4FF5-A094-B148FEA7CDC8,7606074511,2385,CAMINO VIDA ROBLE,,,RD,,102,CARLSBAD,CA,92011,2026-01-13 10:57:32.000,BTAX-042615-01-2026,2027-01-31 10:57:32.000
MURF'S MARVELOUS PANCAKES,SHERI  MURPHY,Inside City Limits,722511,Restaurant,,2013-11-25 00:00:00.000,F997505D-9DD7-4483-B97C-B8F078895BC5,5416604261,1086,IRONWOOD,," ",DR,," ",GRANTS PASS,OR,97526,2025-08-26 10:47:46.000,BTAX-041559-08-2025,2026-08-31 10:47:46.000
MURPHY MADE INC DBA MURPHY ELECTRIC," ",Outside City Limits,238210,Contractor-Electrical,MURPHY ELECTRIC,2022-04-08 00:00:00.000,74a470c7-e6fa-48cc-9e16-cee7726a159b,5415824186,193,CARLOS,,,AVE,,,ROGUE RIVER,OR,97537,2025-04-23 11:30:18.000,BTAX-040246-04-2025,2026-04-30 11:30:18.000
MURPHY MADE INC DBA MURPHY ELECTRIC,PATRICK & BRIAN MUPRHY,Outside City Limits,238210,Contractor-Electrical,MURPHY ELECTRIC,2022-04-08 00:00:00.000,74a470c7-e6fa-48cc-9e16-cee7726a159b,5415824186,193,CARLOS,,,AVE,,,ROGUE RIVER,OR,97537,2025-04-23 11:30:18.000,BTAX-040246-04-2025,2026-04-30 11:30:18.000
MURPHY PLUMBING LLC,MIKE & CONNIE  MURPHY,Inside City Limits,238220,Plumber,,1996-05-20 00:00:00.000,76E36CD5-61E8-47DB-AAB6-4C342DC2BEEE,5414761974,7020,NEW HOPE,,NE,RD,,,GRANTS PASS,OR,97527,2025-07-28 10:50:52.000,BTAX-041025-07-2025,2026-07-31 10:50:52.000
"MUSASHI                       ",RICHARD  HOWARD,Inside City Limits,722511,Restaurant,,1999-03-19 00:00:00.000,4274DA53-7289-4059-B911-C294BF36A83F,5419558848,1135,SLEEPY HOLLOW,,,LP,,,GRANTS PASS,OR,97527,2025-08-12 09:41:30.000,BTAX-041164-08-2025,2026-08-31 09:41:30.000
"MUSTARD PRESS INC            ",KATHY  MUSTARD,Outside City Limits,323111,Printing-Commercial,,1984-07-01 00:00:00.000,C52E7480-ECB9-42C5-B95C-922A79198004,5417732939,679,BRIAN,,,WAY,,,MEDFORD,OR,97501,2025-07-15 10:32:39.000,BTAX-040741-07-2025,2026-07-31 10:32:39.000
MV MUAU THAI AND PERSONAL TRAINING,MARC VITALI,Inside City Limits,713940,Fitness Center,,2017-12-29 00:00:00.000,dea76b0e-1ff8-43cc-aa02-0a8b2d7b092c,5412269257,2871,GALAXY,,,WAY,,,GRANTS PASS,OR,97527,2026-01-13 11:47:28.000,BTAX-042622-01-2026,2027-01-31 11:47:28.000
MV MUAU THAI AND PERSONAL TRAINING," ",Inside City Limits,713940,Fitness Center,,2017-12-29 00:00:00.000,dea76b0e-1ff8-43cc-aa02-0a8b2d7b092c,5412269257,2871,GALAXY,,,WAY,,,GRANTS PASS,OR,97527,2026-01-13 11:47:28.000,BTAX-042622-01-2026,2027-01-31 11:47:28.000
MWIEGAND INC," ",Inside City Limits,811490,Personal & Household Goods Repair/Maint,MR MINIBLIND OF SOUTHERN OREGON,1991-01-01 00:00:00.000,bbbdcf9b-dd91-4c08-90d6-d0d1ba8f226a,5417733359,PO BOX 94,,,,,,,MEDFORD,OR,97501,2026-01-13 11:44:07.000,BTAX-042621-01-2026,2026-12-31 11:44:07.000
MWIEGAND INC,MATTHEW WIEGAND,Inside City Limits,811490,Personal & Household Goods Repair/Maint,MR MINIBLIND OF SOUTHERN OREGON,1991-01-01 00:00:00.000,bbbdcf9b-dd91-4c08-90d6-d0d1ba8f226a,5417733359,PO BOX 94,,,,,,,MEDFORD,OR,97501,2026-01-13 11:44:07.000,BTAX-042621-01-2026,2026-12-31 11:44:07.000
"MY HEARING CENTERS, LLC",DAVID LARSEN,Inside City Limits,453998,All Other Miscellaneous Store Retailers (Except Tobacco Stores),,2021-08-05 00:00:00.000,bd2e6c3d-9f22-4434-a21c-1c8c155592a7,8014466380,1833,NEBRASKA,,,AVE,,D,GRANTS PASS,OR,97527,2025-08-22 11:23:08.000,BTAX-041503-08-2025,2026-08-31 11:23:08.000
"MY PLUMBER! LLC              ",ROBERT MURPHY,Outside City Limits,238220,Plumber,,2004-05-01 00:00:00.000,74B8353A-8BA3-4FF5-8DD5-66056CDE3539,5416010000,PO BOX 1259,,,,,,,ROGUE RIVER,OR,97537,2025-07-15 11:36:11.000,BTAX-040753-07-2025,2026-07-31 11:36:11.000
N & D HANDYMAN LABOR LLC," ",Outside City Limits,541320,Landscaping Services,,2018-05-22 00:00:00.000,08a1df9a-704a-4993-8372-20a2c3fbf99d,5416134943,1027,PITVIEW,,,AVE,,,CENTRAL POINT,OR,97502,2025-08-12 12:16:04.000,BTAX-041176-08-2025,2026-08-31 12:16:04.000
N & D HANDYMAN LABOR LLC,NOE CORTES HERRERA,Outside City Limits,541320,Landscaping Services,,2018-05-22 00:00:00.000,08a1df9a-704a-4993-8372-20a2c3fbf99d,5416134943,1027,PITVIEW,,,AVE,,,CENTRAL POINT,OR,97502,2025-08-12 12:16:04.000,BTAX-041176-08-2025,2026-08-31 12:16:04.000
"N STREET APARTMENTS           ",MARGARET  MARTIN,Inside City Limits,531110,Rental Units/Landlord,,2008-02-12 00:00:00.000,705A983D-BBF3-4758-B3FC-80349444A9C1,7023282353,1414,N,,SE,ST,,A,GRANTS PASS,OR,97526,2025-08-18 15:49:53.000,BTAX-041339-08-2025,2026-08-31 15:49:53.000
"N.C. ELLIS CONSTRUCTION, LLC"," ",Inside City Limits,238190,Contractor-General/Building Exterior,,2016-05-03 00:00:00.000,ac202c49-2b33-4197-a542-71e6271ee5d3,5417875775,1954,SUN VIEW,,NW,PL,," ",GRANTS PASS,OR,97526,2025-10-16 14:11:30.000,BTAX-042041-10-2025,2026-10-31 14:11:30.000
"N.C. ELLIS CONSTRUCTION, LLC",NORMAN ELLIS,Inside City Limits,238190,Contractor-General/Building Exterior,,2016-05-03 00:00:00.000,ac202c49-2b33-4197-a542-71e6271ee5d3,5417875775,1954,SUN VIEW,,NW,PL,," ",GRANTS PASS,OR,97526,2025-10-16 14:11:30.000,BTAX-042041-10-2025,2026-10-31 14:11:30.000
"N-A PERFORMANCE, LLC               ",DURHAM  ALLEN,Outside City Limits,811111,Auto-General Repair,,2015-09-18 00:00:00.000,ED71A696-4B9F-48EB-912C-317512C39327,5416601392,540,CALIFORNIA,,,AVE,,,GRANTS PASS,OR,97526,2026-02-02 16:18:25.000,BTAX-042712-02-2026,2027-01-31 16:18:25.000
"NANCY A HUEBSCH LMT          ",NANCY HUEBSCH,Inside City Limits,621399,Medical-Massage Therapy,,2006-07-01 00:00:00.000,DEAB22C1-6408-49C2-99EC-34DF7D9EE9F1,5414747827,595,WEST HARBECK,,,RD,,,GRANTS PASS,OR,97527,2025-07-15 15:56:40.000,BTAX-040776-07-2025,2026-07-31 15:56:40.000
"NANCY OSTER-COURTNEY, AUDIT & ACCOUNTING CONSULTING",NANCY  OSTER-COURTNEY,Inside City Limits,541211,Accountant-CPA,,2012-07-25 00:00:00.000,BFD20FF8-6CA3-47E6-9447-5C47D6AAE142,5418520444,1630,WILLIAMS,,,HWY,,PMB 59,GRANTS PASS,OR,97527,2025-07-22 16:28:27.000,BTAX-040922-07-2025,2026-07-31 16:28:27.000
NANCY RANDOLPH," ",Inside City Limits,623990,Medical-Residential Care Facility,,2022-01-19 00:00:00.000,f044c9ec-0966-4d1c-818b-9f3b8febed75,5416136986,2713,ELMBER NELSON,,SW,LN,,,GRANTS PASS,OR,97527,2026-01-13 12:04:11.000,BTAX-042624-01-2026,2027-01-31 12:04:11.000
NANCY RANDOLPH,NANCY RANDOLPH,Inside City Limits,623990,Medical-Residential Care Facility,,2022-01-19 00:00:00.000,f044c9ec-0966-4d1c-818b-9f3b8febed75,5416136986,2713,ELMBER NELSON,,SW,LN,,,GRANTS PASS,OR,97527,2026-01-13 12:04:11.000,BTAX-042624-01-2026,2027-01-31 12:04:11.000
NAPIER & NAPIER P.C.,BARRETT NAPIER,Inside City Limits,621320,Medical-Optometrist,CENTRAL EYES OPTOMETRY,2022-01-07 00:00:00.000,d3b12630-8fbc-44cd-952f-a77eae8ca2d9,5412370030,1891,7TH,,NE,ST,,,GRANTS PASS,OR,97526,2026-01-08 15:19:04.000,BTAX-042583-01-2026,2027-01-31 15:19:04.000
NAPIER & NAPIER P.C.," ",Inside City Limits,621320,Medical-Optometrist,CENTRAL EYES OPTOMETRY,2022-01-07 00:00:00.000,d3b12630-8fbc-44cd-952f-a77eae8ca2d9,5412370030,1891,7TH,,NE,ST,,,GRANTS PASS,OR,97526,2026-01-08 15:19:04.000,BTAX-042583-01-2026,2027-01-31 15:19:04.000
NAPIER & NAPIER P.C.,APRIL NAPIER,Inside City Limits,621320,Medical-Optometrist,CENTRAL EYES OPTOMETRY,2022-01-07 00:00:00.000,d3b12630-8fbc-44cd-952f-a77eae8ca2d9,5412370030,1891,7TH,,NE,ST,,,GRANTS PASS,OR,97526,2026-01-08 15:19:04.000,BTAX-042583-01-2026,2027-01-31 15:19:04.000
NATALIE AND BILL GLADBACH,NATALIE AND BILL GLADBACH,Inside City Limits,531110,Rental Units/Landlord,,2020-05-01 00:00:00.000,ba36920f-f886-4d2e-ac8e-843a37307795,5412448100,1147,LEE,,SW,LN,,,GRANTS PASS,OR,97526,2025-06-13 16:14:54.000,BTAX-040516-06-2025,2026-06-30 16:14:54.000
NATALIE AND BILL GLADBACH," ",Inside City Limits,531110,Rental Units/Landlord,,2020-05-01 00:00:00.000,ba36920f-f886-4d2e-ac8e-843a37307795,5412448100,1147,LEE,,SW,LN,,,GRANTS PASS,OR,97526,2025-06-13 16:14:54.000,BTAX-040516-06-2025,2026-06-30 16:14:54.000
NATE BEALE PAINTING," ",Outside City Limits,238320,Painting & Wall Covering,,2018-09-28 00:00:00.000,8d3a7818-a157-42af-a1a7-debad8eebedb,5417870496,413,D,,NW,ST,,,GRANTS PASS,OR,97526,2025-09-12 10:54:23.000,BTAX-041739-09-2025,2026-09-30 10:54:23.000
NATE BEALE PAINTING,NATHAN BEALE,Outside City Limits,238320,Painting & Wall Covering,,2018-09-28 00:00:00.000,8d3a7818-a157-42af-a1a7-debad8eebedb,5417870496,413,D,,NW,ST,,,GRANTS PASS,OR,97526,2025-09-12 10:54:23.000,BTAX-041739-09-2025,2026-09-30 10:54:23.000
"NATHAN PERRY HEATING & AIR    ",NATHAN  PERRY,Outside City Limits,238220,Contractor-HVAC Services,,2005-01-21 00:00:00.000,9E2B9E05-2FD7-48D7-8FC9-7D29F14DD585,5418262194,972,ROSS,,N,LN,,,MEDFORD,OR,97501,2026-03-04 09:07:40.000,BTAX-042889-03-2026,2027-02-28 09:07:40.000
NATIONAL HEATING & AIR CONDITIONING INC,CARL OST,Outside City Limits,238220,Contractor-HVAC Services,,2008-07-01 00:00:00.000,0EE0F565-B7F5-4ABE-AEF4-FF4D0118047E,5415354687,821,PACIFIC,,S,HWY,,,TALENT,OR,97540,2025-07-25 09:38:21.000,BTAX-040967-07-2025,2026-07-31 09:38:21.000
NATIONS LENDING," ",Inside City Limits,522291,Finance-Consumer Lending,,2022-01-21 00:00:00.000,17cec5be-f20f-463e-a8e2-d5f5f6a211dc,2165031811,4,SUMMIT PARK,,,DR,,SUITE 200,INDEPENDENCE,OH,44131,2026-03-24 11:02:27.000,BTAX-043019-03-2026,2027-03-31 11:02:27.000
NATIONS LENDING,JEREMY SOPKO,Inside City Limits,522291,Finance-Consumer Lending,,2022-01-21 00:00:00.000,17cec5be-f20f-463e-a8e2-d5f5f6a211dc,2165031811,4,SUMMIT PARK,,,DR,,SUITE 200,INDEPENDENCE,OH,44131,2026-03-24 11:02:27.000,BTAX-043019-03-2026,2027-03-31 11:02:27.000
"NATURAL CREATIONS LLC        ",JOSEPH  JOHNSON,Inside City Limits,238140,Contractor-Masonry,,2006-05-11 00:00:00.000,36FE7CCC-594E-4F06-B15D-F951686CDBEF,5416605832,506A,F,,NE,ST,,SUITE 111,GRANTS PASS,OR,97526,2026-03-19 14:30:51.000,BTAX-042997-03-2026,2027-03-31 14:30:51.000
NATUROPATHIC MEDICAL CLINIC PC,KRISTEN  PLUNKETT,Inside City Limits,621111,Medical-Physician,,2007-10-15 00:00:00.000,9F6B5861-DCE6-4AB1-AE6D-AE6F84E7591C,5414762916,1200,"7TH ",,NE,ST,,,GRANTS PASS,OR,97526,2025-07-22 16:07:53.000,BTAX-040919-07-2025,2026-07-31 16:07:53.000
"NAUTILUS SHELL, LLC",DAVID WILLHITE,Inside City Limits,999999,Crafts & Hobbies,POTTERY CANVAS & STONE,2018-04-20 00:00:00.000,06f4d806-4fc9-4458-9358-3c2c4e097558,5416604772,130,F,,NE,ST,,,GRANTS PASS,OR,97526,2025-08-06 11:31:15.000,BTAX-041108-08-2025,2026-08-31 11:31:15.000
"NAUTILUS SHELL, LLC"," ",Inside City Limits,999999,Crafts & Hobbies,POTTERY CANVAS & STONE,2018-04-20 00:00:00.000,06f4d806-4fc9-4458-9358-3c2c4e097558,5416604772,130,F,,NE,ST,,,GRANTS PASS,OR,97526,2025-08-06 11:31:15.000,BTAX-041108-08-2025,2026-08-31 11:31:15.000
NCR VOYIX CORPORATION," ",Outside City Limits,425120,Wholesale Agent,,2014-09-03 00:00:00.000,30334c8b-860c-4520-9025-1abfe8b7086a,6788087909,ATTN: TAX DEPARTMENT,,864 SPRING ST NW,,,,,ATLANTA,GA,30308,2025-12-02 11:08:06.000,BTAX-042366-12-2025,2026-11-30 11:08:06.000
NCR VOYIX CORPORATION,MICHAEL HAYFORD,Outside City Limits,425120,Wholesale Agent,,2014-09-03 00:00:00.000,30334c8b-860c-4520-9025-1abfe8b7086a,6788087909,ATTN: TAX DEPARTMENT,,864 SPRING ST NW,,,,,ATLANTA,GA,30308,2025-12-02 11:08:06.000,BTAX-042366-12-2025,2026-11-30 11:08:06.000
"NEATHAMER SURVEYING INC      ",ROBERT & CAEL  NEATHAMER,Outside City Limits,541370,Surveying/Mapping Services,,2005-07-01 00:00:00.000,6D6D0134-5E1F-4BFA-9A0B-C61F5DC5AACF,5417322869,PO BOX 1584,,,,,,,MEDFORD,OR,97501,2025-10-20 15:23:33.000,BTAX-042074-10-2025,2026-10-31 15:23:33.000
"NEILSON RESEARCH CORPORATION  ",JOHN  NEILSON,Inside City Limits,541380,Laboratory,,2014-04-14 00:00:00.000,B838F86C-D934-4FAD-B504-4903AD368CD4,5417705678,245,SOUTH GRAPE,,,ST,,,MEDFORD,OR,97501,2025-07-22 14:55:00.000,BTAX-040899-07-2025,2026-07-31 14:55:00.000
NEKO SUSHI LLC,HANDY & JENNY CIAMI HANDOKO CUACA,Inside City Limits,722511,Restaurant,,2022-12-23 00:00:00.000,76b63d3e-ab5b-4687-a406-94d78b9a059a,5415075230,1198,LAFAYETTE,,SW,DR,,,GRANTS PASS,OR,97527,2025-12-16 16:22:29.000,BTAX-042480-12-2025,2026-12-31 16:22:29.000
"NELSON R MALER                ",NELSON MALER,Inside City Limits,523999,Finance-Investment Activities,,2015-12-08 00:00:00.000,B326B722-61AF-4CC4-8721-C61AB6745702,5416186425,1111,STARLITE,,NW,PL,,,GRANTS PASS,OR,97526,2025-07-11 10:52:57.000,BTAX-040672-07-2025,2026-07-31 10:52:57.000
NERAK CO," ",Outside City Limits,453910,Retail-Pets & Pet Supplies,,2022-01-01 00:00:00.000,75a2bd6a-c08f-4cce-9d2d-75dd02ac13f7,5417617941,7611,REDWOOD,,,HWY,,,GRANTS PASS,OR,97527,2026-01-08 16:28:36.000,BTAX-042585-01-2026,2027-01-31 16:28:36.000
NERAK CO,JIM  KEARNEY,Outside City Limits,453910,Retail-Pets & Pet Supplies,,2022-01-01 00:00:00.000,75a2bd6a-c08f-4cce-9d2d-75dd02ac13f7,5417617941,7611,REDWOOD,,,HWY,,,GRANTS PASS,OR,97527,2026-01-08 16:28:36.000,BTAX-042585-01-2026,2027-01-31 16:28:36.000
NEW FOUNDATIONS PROPERTY MANAGEMENT," ",Outside City Limits,531311,Property Management,,2016-01-04 00:00:00.000,ac81031b-82d7-4410-8fee-c592d7a96391,5415201576,PO BOX 231,,,,,,,MEDFORD,OR,97501,2025-07-09 14:38:25.000,BTAX-040643-07-2025,2026-07-31 14:38:25.000
NEW FOUNDATIONS PROPERTY MANAGEMENT,MICHELLE ROGERS,Outside City Limits,531311,Property Management,,2016-01-04 00:00:00.000,ac81031b-82d7-4410-8fee-c592d7a96391,5415201576,PO BOX 231,,,,,,,MEDFORD,OR,97501,2025-07-09 14:38:25.000,BTAX-040643-07-2025,2026-07-31 14:38:25.000
"NEW HORIZONS IN WELLNESS      ",DAWN  HILLMAN,Inside City Limits,621112,Medical-Mental Health Specialist,,2009-12-01 00:00:00.000,057089D7-CAFE-448C-9654-E9855C4BF3EE,5416592129,216,TROLLVIEW,,,RD,,,GRANTS PASS,OR,97527,2025-07-15 14:59:04.000,BTAX-040766-07-2025,2026-07-31 14:59:04.000
"NEW LIEF PHOTOGRAPHY, LLC",AMBER KERRICK,Inside City Limits,541921,Photography,,2022-07-01 00:00:00.000,db47976a-0fd3-49c3-b45a-554e393e593e,5416739865,PO BOX 986,,,,,,,ROSEBURG,OR,97470,2025-06-16 14:17:08.000,BTAX-040522-06-2025,2026-06-30 14:17:08.000
"NEW LIEF PHOTOGRAPHY, LLC",AMBER KERRICK,Inside City Limits,541921,Photography,,2022-07-01 00:00:00.000,db47976a-0fd3-49c3-b45a-554e393e593e,5416739865,PO BOX 986,,,,,,,ROSEBURG,OR,97470,2025-06-16 14:17:08.000,BTAX-040522-06-2025,2026-06-30 14:17:08.000
NEW MEDICINE COLLABORATIVE LLC," ",Inside City Limits,621111,Medical-Physician,,2020-01-27 00:00:00.000,4a087e16-764e-436c-94a1-7cad97d8e2f2,5416553870,1100,7TH,,NE,ST,,C,GRANTS PASS,OR,97526,2025-04-11 12:32:46.000,BTAX-040194-04-2025,2026-04-30 12:32:46.000
NEW MEDICINE COLLABORATIVE LLC,DR. MIRANDA COSTA,Inside City Limits,621111,Medical-Physician,,2020-01-27 00:00:00.000,4a087e16-764e-436c-94a1-7cad97d8e2f2,5416553870,1100,7TH,,NE,ST,,C,GRANTS PASS,OR,97526,2025-04-11 12:32:46.000,BTAX-040194-04-2025,2026-04-30 12:32:46.000
NEXCOM LLC,ROBERT MILLER,Outside City Limits,238190,Contractor-General/Building Exterior,,2018-11-29 00:00:00.000,a35fbda6-7b22-44ed-abf6-08af383f53b2,5414644000,1224,WALNUT,,NE,ST,,# 249,ROSEBURG,OR,97470,2025-11-10 11:26:22.000,BTAX-042257-11-2025,2026-11-30 11:26:22.000
NEXCOM LLC,ROBERT & JACKIE MILLER,Outside City Limits,238190,Contractor-General/Building Exterior,,2018-11-29 00:00:00.000,a35fbda6-7b22-44ed-abf6-08af383f53b2,5414644000,1224,WALNUT,,NE,ST,,# 249,ROSEBURG,OR,97470,2025-11-10 11:26:22.000,BTAX-042257-11-2025,2026-11-30 11:26:22.000
NEXGEN PROPANE LLC," ",Outside City Limits,453998,All Other Miscellaneous Store Retailers (Except Tobacco Stores),UNIVERSAL PROPANE,2018-11-15 00:00:00.000,8d0bad25-411c-4e82-a1b3-5a97cf83bef5,5419561863,3125,35TH,,NW,AVE,,,PORTLAND,OR,97210,2026-01-20 14:26:07.000,BTAX-042653-01-2026,2027-01-31 14:26:07.000
NEXGEN PROPANE LLC," ",Outside City Limits,453998,All Other Miscellaneous Store Retailers (Except Tobacco Stores),UNIVERSAL PROPANE,2018-11-15 00:00:00.000,8d0bad25-411c-4e82-a1b3-5a97cf83bef5,5419561863,3125,35TH,,NW,AVE,,,PORTLAND,OR,97210,2026-01-20 14:26:07.000,BTAX-042653-01-2026,2027-01-31 14:26:07.000
"NEXT CENTURY PROPERTIES LLC   ",ANTHONY  JAVORIC,Outside City Limits,531311,Property Management,,1994-08-01 00:00:00.000,BEAAB8DD-C441-46B3-AFEF-C0E94FBFF8D1,5412185100,411,WALNUT,,,ST,,# 14647,GREEN COVE SPRINGS,FL,320433443,2025-09-12 12:39:06.000,BTAX-041746-09-2025,2026-06-30 12:39:06.000
NEXT TOWN LLC," ",Inside City Limits,453991,Retail-Tobacco Store,ACE SMOKE PLANET,2022-05-15 00:00:00.000,780225cb-cd2e-4679-948e-a2d53b9d6d79,5419168018,1576,7TH,,NE,ST,,,GRANTS PASS,OR,97526,2025-04-23 12:38:27.000,BTAX-040253-04-2025,2026-04-30 12:38:27.000
NEXT TOWN LLC,GULSHANDEEP SALUTA,Inside City Limits,453991,Retail-Tobacco Store,ACE SMOKE PLANET,2022-05-15 00:00:00.000,780225cb-cd2e-4679-948e-a2d53b9d6d79,5419168018,1576,7TH,,NE,ST,,,GRANTS PASS,OR,97526,2025-04-23 12:38:27.000,BTAX-040253-04-2025,2026-04-30 12:38:27.000
NEXT TOWN LLC,RAVINDER SINGH,Inside City Limits,453991,Retail-Tobacco Store,ACE SMOKE PLANET,2022-05-15 00:00:00.000,780225cb-cd2e-4679-948e-a2d53b9d6d79,5419168018,1576,7TH,,NE,ST,,,GRANTS PASS,OR,97526,2025-04-23 12:38:27.000,BTAX-040253-04-2025,2026-04-30 12:38:27.000
NIC LEBRUN ART LLC," ",Inside City Limits,812199,Tattoo/Piercing Shop,SUB ROSA TATTOO,2017-05-11 00:00:00.000,b84394f5-f9d8-4302-bce1-1cbbcf6513b4,5414507001,111,A,,NE,ST,,,GRANTS PASS,OR,97526,2025-10-21 09:23:28.000,BTAX-042087-10-2025,2026-10-31 09:23:28.000
NIC LEBRUN ART LLC,NICOLAS LEBRUN,Inside City Limits,812199,Tattoo/Piercing Shop,SUB ROSA TATTOO,2017-05-11 00:00:00.000,b84394f5-f9d8-4302-bce1-1cbbcf6513b4,5414507001,111,A,,NE,ST,,,GRANTS PASS,OR,97526,2025-10-21 09:23:28.000,BTAX-042087-10-2025,2026-10-31 09:23:28.000
"NICE DATA, LLC"," ",Inside City Limits,541519,Computer Services,NICE DATA,2019-10-31 00:00:00.000,5b9d771b-3c33-4289-9fc3-1aa1c819998c,6178352212,9450,GEMINI,,SW,DR,,PMB 696538,BEAVERTON,OR,970087105,2026-03-02 13:43:46.000,BTAX-042876-03-2026,2027-02-28 13:43:46.000
"NICE DATA, LLC",KAREN JACKSON,Inside City Limits,541519,Computer Services,NICE DATA,2019-10-31 00:00:00.000,5b9d771b-3c33-4289-9fc3-1aa1c819998c,6178352212,9450,GEMINI,,SW,DR,,PMB 696538,BEAVERTON,OR,970087105,2026-03-02 13:43:46.000,BTAX-042876-03-2026,2027-02-28 13:43:46.000
"NICK TAYLOR CONSTRUCTION      ",NICK  TAYLOR,Outside City Limits,238190,Contractor-General/Building Exterior,,2006-08-10 00:00:00.000,445B2547-8304-4743-8E59-CA61BA69E57F,5416216116,384,OAKMONT,,,DR,,,GRANTS PASS,OR,97526,2026-03-23 12:16:03.000,BTAX-043016-03-2026,2027-03-31 12:16:03.000
NIGHTSHADE TATTOO," ",Inside City Limits,812199,Tattoo/Piercing Shop,,2023-09-14 00:00:00.000,f46d185e-daac-448c-9b2f-c4b65a99a411,5415905741,6800,PLEASANT CREEK,,,RD,,,ROGUE RIVER,OR,97537,2025-10-31 10:43:37.000,BTAX-042174-10-2025,2026-10-31 10:43:37.000
NIGHTSHADE TATTOO,ANNICK LOCKSHAW,Inside City Limits,812199,Tattoo/Piercing Shop,,2023-09-14 00:00:00.000,f46d185e-daac-448c-9b2f-c4b65a99a411,5415905741,6800,PLEASANT CREEK,,,RD,,,ROGUE RIVER,OR,97537,2025-10-31 10:43:37.000,BTAX-042174-10-2025,2026-10-31 10:43:37.000
NOBLE HEIGHTS ADULT RESIDENTIAL CARE HOME,STEPHEN GREEN,Inside City Limits,623990,Medical-Residential Care Facility,,2016-01-11 00:00:00.000,70e264b5-0dfc-4833-bbe7-0fd7af624675,5419555171,1562,NOBLE HEIGHTS,,NE,Dr,," ",GRANTS PASS,OR,97526,2023-01-11 10:44:22.893,BTAX-033725-01-2023,2024-01-31 00:00:00.000
NOBLE HEIGHTS ADULT RESIDENTIAL CARE HOME," ",Inside City Limits,623990,Medical-Residential Care Facility,,2016-01-11 00:00:00.000,70e264b5-0dfc-4833-bbe7-0fd7af624675,5419555171,1562,NOBLE HEIGHTS,,NE,Dr,," ",GRANTS PASS,OR,97526,2023-01-11 10:44:22.893,BTAX-033725-01-2023,2024-01-31 00:00:00.000
NOBLE HEIGHTS ADULT RESIDENTIAL CARE HOME,STEPHEN GREEN,Inside City Limits,623990,Medical-Residential Care Facility,,2016-01-11 00:00:00.000,70e264b5-0dfc-4833-bbe7-0fd7af624675,5419555171,1562,NOBLE HEIGHTS,,NE,Dr,," ",GRANTS PASS,OR,97526,2026-03-10 11:25:09.000,BTAX-042935-03-2026,2027-03-31 11:25:09.000
NOBLE HEIGHTS ADULT RESIDENTIAL CARE HOME," ",Inside City Limits,623990,Medical-Residential Care Facility,,2016-01-11 00:00:00.000,70e264b5-0dfc-4833-bbe7-0fd7af624675,5419555171,1562,NOBLE HEIGHTS,,NE,Dr,," ",GRANTS PASS,OR,97526,2026-03-10 11:25:09.000,BTAX-042935-03-2026,2027-03-31 11:25:09.000
"NOR CAL OIL INC               ","M. WEBB, J DAHL &  B HICKS",Inside City Limits,811191,Auto-Oil Change/Lubrication Shop,PREMIER OIL CHANGE,2015-09-19 00:00:00.000,DD94B9EE-D1FB-42F8-882F-B784BCB86982,5414762520,9402,DESCHUTES,,,RD,,,PALO CEDRO,CA,96073,2025-08-19 16:20:12.000,BTAX-041433-08-2025,2026-08-31 16:20:12.000
NORTH CASCADE CONSTRUCTION," ",Inside City Limits,238190,Contractor-General/Building Exterior,,2019-07-15 00:00:00.000,46ece53b-7edd-4633-80bf-6f304ce61774,5417870933,133,BRANDY,," ",LN,," ",GRANTS PASS,OR,97527,2025-05-05 15:04:55.000,BTAX-040309-05-2025,2026-05-31 15:04:55.000
NORTH CASCADE CONSTRUCTION,STEVEN  ABBOTT,Inside City Limits,238190,Contractor-General/Building Exterior,,2019-07-15 00:00:00.000,46ece53b-7edd-4633-80bf-6f304ce61774,5417870933,133,BRANDY,," ",LN,," ",GRANTS PASS,OR,97527,2025-05-05 15:04:55.000,BTAX-040309-05-2025,2026-05-31 15:04:55.000
"NORTH COAST ELECTRIC COMPANY  "," CORPORATION                   ",Inside City Limits,221122,Electric Company,,1998-07-01 00:00:00.000,547E09BF-34DE-4E16-B776-88AC201120E0,2064429898,2450,8TH,,,AVE,S,,SEATTLE,WA,98134,2025-12-05 14:15:45.000,BTAX-042399-12-2025,2026-11-30 14:15:45.000
NORTH VALLEY HOME & YARD SERVICE,ALFONSO & CASSIE  BANUELOS,Outside City Limits,541320,Landscaping Services,,2005-03-07 00:00:00.000,44B82B4D-1B0C-4D1B-A239-42416F3264E0,5414418127,185,STARFLOWER,,,WAY,,,MERLIN,OR,97532,2025-12-15 13:01:08.000,BTAX-042469-12-2025,2026-12-31 13:01:08.000
NORTH VALLEY SCRAP AND SALVAGE LLC,"JESSICA RIVERA ",Outside City Limits,488410,Towing,,2022-03-01 00:00:00.000,e6cb7a9d-cf71-43d4-aa5c-2cc2efd911ca,5419735686,PO BOX 2794,,,,,,,WHITE CITY,OR,97503,2025-04-14 12:35:57.000,BTAX-040199-04-2025,2026-04-30 12:35:57.000
NORTHERN LIGHTS ELECTRICAL CONTRACTOR INC,KAREN  HUGHES,Outside City Limits,238210,Contractor-Electrical,,2005-03-01 00:00:00.000,AD9824CF-1D1C-4678-8614-A79257780748,5413268664,3800,PIONEER,,,RD,,,MEDFORD,OR,97501,2025-08-25 15:55:44.000,BTAX-041542-08-2025,2026-07-31 15:55:44.000
"NORTHRIDGE ENTERPRISES LLC   ",GARY JANTZER,Inside City Limits,238190,Contractor-General/Building Exterior,,1996-10-01 00:00:00.000,86F7A78B-776E-439B-A04A-F818BFF8FC64,5414721100,PO BOX 891,,,,,,,GRANTS PASS,OR,97528,2025-07-22 12:09:13.000,BTAX-040864-07-2025,2026-07-31 12:09:13.000
"NORTHWEST DENTAL ASSOCIATES PC     "," ",Inside City Limits,621210,Medical-Dentist,BRIGHT NOW! DENTAL,2008-02-12 00:00:00.000,DBF15AFA-EA20-431E-BAA5-F1D5B1B8C163,5414796696,675,ANTON,,,BLVD,,SUITE 500,COSTA MESA,CA,92618,2026-03-23 11:31:32.000,BTAX-043014-03-2026,2027-03-31 11:31:32.000
NORTHWEST FAMILY PRACTICE LLC," ",Inside City Limits,621111,Medical-Physician,,2019-08-06 00:00:00.000,732531b8-3d19-47ea-af9d-2992b12fd24d,5419165500,1600,6TH,,NW,ST,,,GRANTS PASS,OR,97526,2025-08-22 12:17:29.000,BTAX-041509-08-2025,2026-08-31 12:17:29.000
NORTHWEST FAMILY PRACTICE LLC,"GAIL GILTNER, FNP-C",Inside City Limits,621111,Medical-Physician,,2019-08-06 00:00:00.000,732531b8-3d19-47ea-af9d-2992b12fd24d,5419165500,1600,6TH,,NW,ST,,,GRANTS PASS,OR,97526,2025-08-22 12:17:29.000,BTAX-041509-08-2025,2026-08-31 12:17:29.000
NORTHWEST MECHANICAL GROUP LLC," ",Outside City Limits,238220,Contractor-HVAC Services,,2001-01-17 00:00:00.000,3EDE9790-FF74-4018-AE97-C691B8AF2A98,5036524444,1250,3RD,,NW,AVE,,,CANBY,OR,97013,2025-09-10 14:20:19.000,BTAX-041712-09-2025,2026-09-30 14:20:19.000
NORTHWEST WASH PROS LLC," ",Inside City Limits,561790,Pressure Washing,,2023-06-12 00:00:00.000,b43b72cb-05dc-44e3-92c3-e6e498072048,5412000630,695,J,,SE,ST,,,GRANTS PASS,OR,97526,2025-07-14 15:15:19.000,BTAX-040726-07-2025,2026-07-31 15:15:19.000
NORTHWEST WASH PROS LLC,SEAN FERGUSON,Inside City Limits,561790,Pressure Washing,,2023-06-12 00:00:00.000,b43b72cb-05dc-44e3-92c3-e6e498072048,5412000630,695,J,,SE,ST,,,GRANTS PASS,OR,97526,2025-07-14 15:15:19.000,BTAX-040726-07-2025,2026-07-31 15:15:19.000
NOVASANA LLC,NICK BAIDA,Inside City Limits,621399,Medical-Massage Therapy,,2020-02-27 00:00:00.000,a3965d46-73ba-48cb-abf6-5cb197e3dae3,5412499912,410,PLUMTREE,,,LN,,,GRANTS PASS,OR,97526,2025-04-16 14:32:36.000,BTAX-040227-04-2025,2026-04-30 14:32:36.000
NOVASANA LLC," ",Inside City Limits,621399,Medical-Massage Therapy,,2020-02-27 00:00:00.000,a3965d46-73ba-48cb-abf6-5cb197e3dae3,5412499912,410,PLUMTREE,,,LN,,,GRANTS PASS,OR,97526,2025-04-16 14:32:36.000,BTAX-040227-04-2025,2026-04-30 14:32:36.000
NOVASANA LLC,JULIAN CANGILOSE,Inside City Limits,621399,Medical-Massage Therapy,,2020-02-27 00:00:00.000,a3965d46-73ba-48cb-abf6-5cb197e3dae3,5412499912,410,PLUMTREE,,,LN,,,GRANTS PASS,OR,97526,2025-04-16 14:32:36.000,BTAX-040227-04-2025,2026-04-30 14:32:36.000
"NOVESKE RIFLEWORKS LLC        ",LORINA  NOVESKE,Inside City Limits,451110,Retail-Gun Dealer,,2012-02-15 00:00:00.000,001AC74C-5145-4388-94BA-DF7291245E52,5414796117,1644,N,,SE,ST,,6F,GRANTS PASS,OR,97526,2025-10-14 12:21:56.000,BTAX-042003-10-2025,2026-10-31 12:21:56.000
NOVESKE RIFLEWORKS LLC," ",Inside City Limits,332994,Gun Manufacturer,,2020-08-01 00:00:00.000,a1ead944-bb95-4f1c-b14d-ee175343c419,5414796117,1644,N,,SE,ST,,6F,GRANTS PASS,OR,97526,2025-10-14 12:36:00.000,BTAX-042005-10-2025,2026-10-31 12:36:00.000
"NOVESKE RIFLEWORKS LLC        ",LORINA  NOVESKE,Inside City Limits,451110,Retail-Gun Dealer,,2001-08-22 00:00:00.000,39B8B19E-66B9-48BC-AFDA-3FBBC507CA27,5414796117,1644,N,,SE,ST,,6F,GRANTS PASS,OR,97526,2025-10-14 12:29:59.000,BTAX-042004-10-2025,2026-10-31 12:29:59.000
NOVESKE RIFLEWORKS LLC,LORINA NOVESKE,Inside City Limits,332994,Gun Manufacturer,,2020-08-01 00:00:00.000,a1ead944-bb95-4f1c-b14d-ee175343c419,5414796117,1644,N,,SE,ST,,6F,GRANTS PASS,OR,97526,2025-10-14 12:36:00.000,BTAX-042005-10-2025,2026-10-31 12:36:00.000
NUNN PROPERTIES LLC," ",Inside City Limits,531311,Property Management,,2019-09-13 00:00:00.000,3ec59ac2-7be5-4c8e-a79d-b3fd9b45155c,5414761525,1151,WILLOW,,,LN,,,GRANTS PASS,OR,97527,2025-09-05 12:48:02.000,BTAX-041657-09-2025,2026-09-30 12:48:02.000
NUNN PROPERTIES LLC,MARCIA NUNN,Inside City Limits,531311,Property Management,,2019-09-13 00:00:00.000,3ec59ac2-7be5-4c8e-a79d-b3fd9b45155c,5414761525,1151,WILLOW,,,LN,,,GRANTS PASS,OR,97527,2025-09-05 12:48:02.000,BTAX-041657-09-2025,2026-09-30 12:48:02.000
"NW VENTURES DOWNTOWN LLC      ",LUKE  OZCELIK,Inside City Limits,447190,Gas Station,ARCO #04282,2010-12-02 00:00:00.000,2C8D8A70-30B9-4D5E-B772-FDF1023AA2AB,5419556300,PO BOX 574,,,,,,,EAGLE POINT,OR,97524,2025-08-14 12:07:17.000,BTAX-041248-08-2025,2026-08-31 12:07:17.000
"NWD INC  ",CALVIN  SCHMIDT,Inside City Limits,339999,Manufacturing-Misc Manufacturing,NORTHWESTERN DESIGN,1992-06-01 00:00:00.000,0AAF53F9-2BD2-4802-9D49-8C840606695F,5414710900,605,J,,SE,ST,,,GRANTS PASS,OR,97526,2025-07-28 10:18:56.000,BTAX-041018-07-2025,2026-07-31 10:18:56.000
"NWV GP 1, LLC",LUKE  OZCELIK,Inside City Limits,447190,Gas Station,ARCO AMPM #82931,2008-08-26 00:00:00.000,ED8103A1-ADD7-49E4-808D-77AB03BA9163,5419688966,PO BOX 574,,,,,,,EAGLE POINT,OR,97524,2025-08-14 12:03:34.000,BTAX-041246-08-2025,2026-08-31 12:03:34.000
"O K BARBER SHOP               ",JUSTIN SCHNECK,Inside City Limits,812111,Barber Shop,,2009-10-01 00:00:00.000,BE1A2B86-9B5D-459B-A498-E6FF7984BA6F,5414799622,103,D,,NE,ST,,,GRANTS PASS,OR,97526,2025-07-01 15:02:47.000,BTAX-040595-07-2025,2026-07-31 15:02:47.000
O2 CONSTRUCTION LLC,BRAD  ORTON,Inside City Limits,238190,Contractor-General/Building Exterior,,2018-08-01 00:00:00.000,1a1d4338-13d2-4853-b124-c73b67952a41,5416592098,10171,MONUMENT,,,DR,,,GRANTS PASS,OR,97526,2025-04-25 12:34:42.000,BTAX-040272-04-2025,2026-04-30 12:34:42.000
O2 CONSTRUCTION LLC,BRAD  ORTON,Inside City Limits,238190,Contractor-General/Building Exterior,,2018-08-01 00:00:00.000,1a1d4338-13d2-4853-b124-c73b67952a41,5416592098,10171,MONUMENT,,,DR,,,GRANTS PASS,OR,97526,2025-04-25 12:34:42.000,BTAX-040272-04-2025,2026-04-30 12:34:42.000
OAK KNOLL INC,VIRGIL HULL,Inside City Limits,812210,Funeral Home/Services,SOUTHERN OREGON CREMATION,1982-04-07 00:00:00.000,4C3CB916-A83A-4E19-B812-68968743C3BA,5414764453,PO BOX 97,,,,,,,GRANTS PASS,OR,97528,2025-08-13 08:52:03.000,BTAX-041214-08-2025,2026-08-31 08:52:03.000
OAK KNOLL INC,VIRGIL HULL,Inside City Limits,812210,Funeral Home/Services,HULL & HULL FUNERAL DIRECTORS,1928-03-01 00:00:00.000,FFA0B900-3B65-4D52-AB86-DCEB6584C59C,5414764453,PO BOX 67,,,,,,,GRANTS PASS,OR,97528,2025-08-13 08:40:16.000,BTAX-041212-08-2025,2026-08-31 08:40:16.000
OAK KNOLL INC," ",Inside City Limits,812210,Funeral Home/Services,HULL & HULL FUNERAL DIRECTORS,1928-03-01 00:00:00.000,FFA0B900-3B65-4D52-AB86-DCEB6584C59C,5414764453,PO BOX 67,,,,,,,GRANTS PASS,OR,97528,2025-08-13 08:40:16.000,BTAX-041212-08-2025,2026-08-31 08:40:16.000
"OAK KNOLL, INC.",VIRGIL HULL,Inside City Limits,812220,Cemetery/Crematory,HAWTHORNE MEMORIAL GARDENS,1954-01-01 00:00:00.000,D7D62332-1174-439C-A6C3-3050260EB5E3,5414765203,PO BOX 97,,,,,,,GRANTS PASS,OR,97528,2025-08-13 08:46:20.000,BTAX-041213-08-2025,2026-08-31 08:46:20.000
"OAK VIEW GARDENS               ",WILLIAM LOVELACE,Inside City Limits,623312,Medical-Assisted Living Facility/Elderly,,1993-07-01 00:00:00.000,7F22DF9B-6D30-4E1F-82B9-C7FA8537DF90,5414792112,910,D,,NE,ST,,#103,GRANTS PASS,OR,97526,2025-08-12 08:28:25.000,BTAX-041158-08-2025,2026-08-31 08:28:25.000
OCTAVIO RUIZ QUALITY YARD MAINTENANCE,OCTAVIO  RUIZ,Inside City Limits,561730,Yard Services,,2007-07-02 00:00:00.000,0A68CA87-2FB9-43AB-95DB-1CF2D4519F88,5416605138,2395,REDWOOD,,,AVE,,SPACE #48,GRANTS PASS,OR,97527,2025-08-14 10:37:02.000,BTAX-041234-08-2025,2026-08-31 10:37:02.000
"OGDEN BUILDING & PLUMBING     ",DUANE  OGDEN,Inside City Limits,238220,Plumber,,2014-09-24 00:00:00.000,3AE68872-7A01-4F05-9E3E-5542DA20DA5F,5414154652,536,CROW,,,RD,,,MERLIN,OR,97532,2026-01-12 11:51:09.000,BTAX-042596-01-2026,2026-12-31 11:51:09.000
OHANA HOUSE CLEANING," ",Inside City Limits,561720,Cleaning Service,,2018-10-11 00:00:00.000,a2f6f598-1fc4-4b9d-9ab4-62812149792b,8089272423,491,ABEGG,,,RD,,,MERLIN,OR,97532,2026-01-26 14:49:56.000,BTAX-042690-01-2026,2027-01-31 14:49:56.000
OHANA HOUSE CLEANING,HEATHER WICKS,Inside City Limits,561720,Cleaning Service,,2018-10-11 00:00:00.000,a2f6f598-1fc4-4b9d-9ab4-62812149792b,8089272423,491,ABEGG,,,RD,,,MERLIN,OR,97532,2026-01-26 14:49:56.000,BTAX-042690-01-2026,2027-01-31 14:49:56.000
OLD HICKORY LIVING LLC,BELINDA LOONEY-ZELTVAY,Inside City Limits,454390,Retail-Misc Direct Selling Establishment,,2017-04-25 00:00:00.000,9ca682e2-0385-43f2-94bf-6197ef194354,5416606195,858,A,,NE,ST,,,GRANTS PASS,OR,97526,2025-07-15 15:08:16.000,BTAX-040768-07-2025,2026-06-30 15:08:16.000
OLD HICKORY LIVING LLC," ",Inside City Limits,454390,Retail-Misc Direct Selling Establishment,,2017-04-25 00:00:00.000,9ca682e2-0385-43f2-94bf-6197ef194354,5416606195,858,A,,NE,ST,,,GRANTS PASS,OR,97526,2025-07-15 15:08:16.000,BTAX-040768-07-2025,2026-06-30 15:08:16.000
"OLD TIME WATCH & CLOCK SHOP   ",WARREN & TUYET  ROUSSEAU,Inside City Limits,448310,Retail-Jewelry Store,,1985-05-01 00:00:00.000,3F2E199B-49D1-4C28-8163-E044FA8087FD,5414798084,629,6TH,,NE,ST,,,GRANTS PASS,OR,97526,2025-09-03 16:15:11.000,BTAX-041630-09-2025,2026-09-30 16:15:11.000
"OLD TOWN ANTIQUE MALL         ",LISA WALLIS,Inside City Limits,454390,Retail-Misc Direct Selling Establishment,,1999-04-15 00:00:00.000,E7133B86-9753-4CCF-9DCD-88932E1C0FC4,5414747525,324,6TH,,SW,ST,,,GRANTS PASS,OR,97526,2026-03-06 11:18:29.000,BTAX-042902-03-2026,2027-03-31 11:18:29.000
"OLD TOWN ANTIQUE MALL         ",KEVIN WALLIS,Inside City Limits,454390,Retail-Misc Direct Selling Establishment,,1999-04-15 00:00:00.000,E7133B86-9753-4CCF-9DCD-88932E1C0FC4,5414747525,324,6TH,,SW,ST,,,GRANTS PASS,OR,97526,2026-03-06 11:18:29.000,BTAX-042902-03-2026,2027-03-31 11:18:29.000
"OLD TOWN ANTIQUE MALL         "," ",Inside City Limits,454390,Retail-Misc Direct Selling Establishment,,1999-04-15 00:00:00.000,E7133B86-9753-4CCF-9DCD-88932E1C0FC4,5414747525,324,6TH,,SW,ST,,,GRANTS PASS,OR,97526,2026-03-06 11:18:29.000,BTAX-042902-03-2026,2027-03-31 11:18:29.000
OLIPHANT CONSTRUCTION INC," ",Outside City Limits,238190,Contractor-General/Building Exterior,,2020-02-26 00:00:00.000,001ee2e0-7469-4f48-be32-2ec8b7dd3043,,220,DEARING,," ",WAY,," ",GRANTS PASS,OR,97527,2025-12-29 10:27:19.000,BTAX-042521-12-2025,2026-12-31 10:27:19.000
OLIPHANT CONSTRUCTION INC,JEFFREY OLIPHANT,Outside City Limits,238190,Contractor-General/Building Exterior,,2020-02-26 00:00:00.000,001ee2e0-7469-4f48-be32-2ec8b7dd3043,,220,DEARING,," ",WAY,," ",GRANTS PASS,OR,97527,2025-12-29 10:27:19.000,BTAX-042521-12-2025,2026-12-31 10:27:19.000
OLSEN DAINES PC," ",Inside City Limits,541110,Lawyer,,2016-01-04 00:00:00.000,1aa7ff5a-eb4c-4630-b6d6-a4a05f215501,5033629393,PO BOX 12829,,,,,,,SALEM,OR,973090829,2025-09-16 15:52:27.000,BTAX-041774-09-2025,2026-09-30 15:52:27.000
OLSEN DAINES PC,"LARS OLSEN, REX DAINES",Inside City Limits,541110,Lawyer,,2016-01-04 00:00:00.000,1aa7ff5a-eb4c-4630-b6d6-a4a05f215501,5033629393,PO BOX 12829,,,,,,,SALEM,OR,973090829,2025-09-16 15:52:27.000,BTAX-041774-09-2025,2026-09-30 15:52:27.000
OLSEN DAINES PC,REX DAINES,Inside City Limits,541110,Lawyer,,2016-01-04 00:00:00.000,1aa7ff5a-eb4c-4630-b6d6-a4a05f215501,5033629393,PO BOX 12829,,,,,,,SALEM,OR,973090829,2025-09-16 15:52:27.000,BTAX-041774-09-2025,2026-09-30 15:52:27.000
OLSEN DAINES PC,MATT CASPER,Inside City Limits,541110,Lawyer,,2016-01-04 00:00:00.000,1aa7ff5a-eb4c-4630-b6d6-a4a05f215501,5033629393,PO BOX 12829,,,,,,,SALEM,OR,973090829,2025-09-16 15:52:27.000,BTAX-041774-09-2025,2026-09-30 15:52:27.000
OLSEN DAINES PC,MATT CASPER,Inside City Limits,541110,Lawyer,,2016-01-04 00:00:00.000,1aa7ff5a-eb4c-4630-b6d6-a4a05f215501,5033629393,PO BOX 12829,,,,,,,SALEM,OR,973090829,2025-09-16 15:52:27.000,BTAX-041774-09-2025,2026-09-30 15:52:27.000
OLSSON INDUSTRIAL ELECTRIC INC,ERIC  OLSSON,Outside City Limits,238210,Contractor-Electrical,,1999-05-01 00:00:00.000,7AC0FDD6-C6B0-400C-B9BC-ADDA12EAA888,5417478460,PO BOX 70413,,,,,,,SPRINGFIELD,OR,97475,2025-07-25 14:50:35.000,BTAX-040995-07-2025,2026-07-31 14:50:35.000
"ON CAMPUS KIDS ",AMY  HARBOLDT,Inside City Limits,624410,Child Day Care,ON CAMPUS KIDS @ RIVERSIDE,2021-08-09 00:00:00.000,8ce568b1-c462-4f03-b3a9-5e8711b579e4,5415312406,7624,MONUMENT,,,DR,,,GRANTS PASS,OR,97526,2025-09-04 16:18:25.000,BTAX-041637-09-2025,2026-08-31 16:18:25.000
"ON CAMPUS KIDS ",AMY  HARBOLDT,Inside City Limits,624410,Child Day Care,ON CAMPUS KIDS @ REDWOOD,2021-08-30 00:00:00.000,5722d845-a2cf-4d6a-869f-901906ea5bf5,5415312406,7624,MONUMENT,,,DR,,,GRANTS PASS,OR,97526,2025-09-09 12:38:54.000,BTAX-041707-09-2025,2026-09-30 12:38:54.000
"ON CAMPUS KIDS ",AMY HARBOLDT,Inside City Limits,624410,Child Day Care,ON CAMPUS KIDS @ REDWOOD,2021-08-30 00:00:00.000,5722d845-a2cf-4d6a-869f-901906ea5bf5,5415312406,7624,MONUMENT,,,DR,,,GRANTS PASS,OR,97526,2025-09-09 12:38:54.000,BTAX-041707-09-2025,2026-09-30 12:38:54.000
"ON CAMPUS KIDS ",AMY  HARBOLDT,Inside City Limits,624110,Social Svcs-Child & Youth Facility,ON CAMPUS KIDS @ LINCOLN ELEMENTARY,2017-09-01 00:00:00.000,d0bb917f-1136-4907-ae6b-8c2454d085d1,5415312406,7624,MONUMENT,,,DR,,,GRANTS PASS,OR,97526,2025-06-30 14:51:57.000,BTAX-040578-06-2025,2026-06-30 14:51:57.000
"ON CAMPUS KIDS ",AMY HARBOLDT,Inside City Limits,624110,Social Svcs-Child & Youth Facility,ON CAMPUS KIDS @ LINCOLN ELEMENTARY,2017-09-01 00:00:00.000,d0bb917f-1136-4907-ae6b-8c2454d085d1,5415312406,7624,MONUMENT,,,DR,,,GRANTS PASS,OR,97526,2025-06-30 14:51:57.000,BTAX-040578-06-2025,2026-06-30 14:51:57.000
ON CAMPUS KIDS,AMY HARBOLDT,Inside City Limits,624410,Child Day Care,ON CAMPUS KIDS @ ALLENDALE ELEMENTARY,2021-08-09 00:00:00.000,9390b555-01e8-42e5-bb29-adcef4d6f5d6,5415312406,7624,MONUMENT,,,DR,,,GRANTS PASS,OR,97526,2025-09-05 10:17:11.000,BTAX-041643-09-2025,2026-08-31 10:17:11.000
"ON CAMPUS KIDS ",AMY HARBOLDT,Inside City Limits,624110,Social Svcs-Child & Youth Facility,ON CAMPUS KIDS @ PARKSIDE ELEMENTARY,2005-09-01 00:00:00.000,362f2007-34eb-46ac-aae5-d41dbf40066f,5415312406,7624,MONUMENT,,,DR,,,GRANTS PASS,OR,97526,2025-06-30 14:54:19.000,BTAX-040579-06-2025,2026-06-30 14:54:19.000
"ON CAMPUS KIDS ",AMY  HARBOLDT,Inside City Limits,624110,Social Svcs-Child & Youth Facility,ON CAMPUS KIDS @ PARKSIDE ELEMENTARY,2005-09-01 00:00:00.000,362f2007-34eb-46ac-aae5-d41dbf40066f,5415312406,7624,MONUMENT,,,DR,,,GRANTS PASS,OR,97526,2025-06-30 14:54:19.000,BTAX-040579-06-2025,2026-06-30 14:54:19.000
"ON CAMPUS KIDS ",AMY HARBOLDT,Inside City Limits,624110,Social Svcs-Child & Youth Facility,ON CAMPUS KIDS @ HIGHLAND ELEMENTARY,2011-09-01 00:00:00.000,2abdb16b-70e4-4d52-8b7d-388553c2aa01,5415312406,7624,MONUMENT,,,DR,,,GRANTS PASS,OR,97526,2025-06-30 14:56:19.000,BTAX-040580-06-2025,2026-06-30 14:56:19.000
"ON CAMPUS KIDS ",AMY  HARBOLDT,Inside City Limits,624110,Social Svcs-Child & Youth Facility,ON CAMPUS KIDS @ HIGHLAND ELEMENTARY,2011-09-01 00:00:00.000,2abdb16b-70e4-4d52-8b7d-388553c2aa01,5415312406,7624,MONUMENT,,,DR,,,GRANTS PASS,OR,97526,2025-06-30 14:56:19.000,BTAX-040580-06-2025,2026-06-30 14:56:19.000
ON IT PLUMBING LLC," ",Outside City Limits,238220,Plumber,,2022-05-19 00:00:00.000,9b55c541-f1eb-404a-a004-18f3db16691f,5417871999,3001,WOODLAND PARK,,,RD,,,GRANTS PASS,OR,97527,2025-10-24 09:32:08.000,BTAX-042119-10-2025,2026-06-30 09:32:08.000
ON IT PLUMBING LLC,Morgan Murphy,Outside City Limits,238220,Plumber,,2022-05-19 00:00:00.000,9b55c541-f1eb-404a-a004-18f3db16691f,5417871999,3001,WOODLAND PARK,,,RD,,,GRANTS PASS,OR,97527,2025-10-24 09:32:08.000,BTAX-042119-10-2025,2026-06-30 09:32:08.000
ON THE MARK PROPERTY INSPECTION,MARK GROVES,Inside City Limits,541350,Building Inspection Services,,2015-10-12 00:00:00.000,A6E65484-FFD9-4759-A0F2-78403E21FCD0,5413733844,7310,APPLEGATE,,N,RD,,,GRANTS PASS,OR,97527,2025-10-30 11:48:17.000,BTAX-042160-10-2025,2026-10-31 11:48:17.000
ONE FAMILY MEDICAL GROUP,"TORI RUMREY, NP-C",Inside City Limits,621111,Medical-Physician,,2016-07-28 00:00:00.000,b62d959f-46e1-4252-8fb3-3a3243a462d8,5414745511,1619,HAWTHORNE,,NW,AVE,,STE 203,GRANTS PASS,OR,97526,2025-10-06 16:00:42.000,BTAX-041952-10-2025,2026-10-31 16:00:42.000
ONE FAMILY MEDICAL GROUP," ",Inside City Limits,621111,Medical-Physician,,2016-07-28 00:00:00.000,b62d959f-46e1-4252-8fb3-3a3243a462d8,5414745511,1619,HAWTHORNE,,NW,AVE,,STE 203,GRANTS PASS,OR,97526,2025-10-06 16:00:42.000,BTAX-041952-10-2025,2026-10-31 16:00:42.000
"ONE MIND STUDIO   "," ",Inside City Limits,621399,Medical-Massage Therapy,ONE MIND STUDIO OF ART AND BODYWORK,2014-02-14 00:00:00.000,500143A1-D76E-4A6B-AEB5-CFE0E2B61417,5416602791,PO BOX 653,,,,,,,MURPHY,OR,97533,2023-11-02 13:27:48.000,BTAX-036333-11-2023,2024-11-30 13:27:48.000
"ONE MIND STUDIO   ",ASHLEY PHAIGH,Inside City Limits,621399,Medical-Massage Therapy,ONE MIND STUDIO OF ART AND BODYWORK,2014-02-14 00:00:00.000,500143A1-D76E-4A6B-AEB5-CFE0E2B61417,5416602791,PO BOX 653,,,,,,,MURPHY,OR,97533,2023-11-02 13:27:48.000,BTAX-036333-11-2023,2024-11-30 13:27:48.000
"ONE-FIFTEEN BROILER LLC      ",BRET  MUSSELMAN,Inside City Limits,722511,Restaurant,,2005-12-02 00:00:00.000,F54AD17F-3A27-4EB9-A170-D5BCF2940EEC,5414747115,115,D,,NW,ST,,,GRANTS PASS,OR,97526,2026-01-12 11:44:28.000,BTAX-042595-01-2026,2027-01-31 11:44:28.000
OOGP INC," ",Inside City Limits,425120,Wholesale Agent,,1996-07-16 00:00:00.000,a631621f-8188-4e43-8b0c-821cb244b005,5414794743,ESSILOR OF AMERICA- ATTN TAX DEPARTMENT,,13515 N STEMMONS FWY,,,,,DALLAS,TX,75234,2025-11-04 10:24:31.000,BTAX-042200-11-2025,2026-11-30 10:24:31.000
OOGP INC," ",Inside City Limits,425120,Wholesale Agent,,1996-07-16 00:00:00.000,a631621f-8188-4e43-8b0c-821cb244b005,5414794743,ESSILOR OF AMERICA- ATTN TAX DEPARTMENT,,13515 N STEMMONS FWY,,,,,DALLAS,TX,75234,2025-11-04 10:24:31.000,BTAX-042200-11-2025,2026-11-30 10:24:31.000
O'PATCHEN FAMILY FARM," ",Outside City Limits,111998,Farming-Misc Crops,,2022-08-16 00:00:00.000,f6b53b01-d759-4fc3-a31f-dc0f091d3797,5412990688,557,MINTHORNE,,,RD,,,ROGUE RIVER,OR,97537,2025-08-20 14:42:53.000,BTAX-041468-08-2025,2026-08-31 14:42:53.000
O'PATCHEN FAMILY FARM,JANISE O'PATCHEN,Outside City Limits,111998,Farming-Misc Crops,,2022-08-16 00:00:00.000,f6b53b01-d759-4fc3-a31f-dc0f091d3797,5412990688,557,MINTHORNE,,,RD,,,ROGUE RIVER,OR,97537,2025-08-20 14:42:53.000,BTAX-041468-08-2025,2026-08-31 14:42:53.000
"OPEN DOOR DENTAL GROUP, PC","RYAN BAILEY, BENJAMIN HUFF & JAMES SORFACE",Inside City Limits,621210,Medical-Dentist,,2015-08-17 00:00:00.000,88F9CB9C-29D6-4EA9-A48E-6D6AC704C14C,5414795505,1100,E,,NE,ST,," ",GRANTS PASS,OR,97526,2025-10-14 12:42:57.000,BTAX-042007-10-2025,2026-10-31 12:42:57.000
"OPEN DOOR PROPERTY SOLUTIONS, LLC"," ",Outside City Limits,531311,Property Management,,2017-07-21 00:00:00.000,deddc7f2-0b28-4e29-a4c4-0da582c8cb81,5417619549,233,ROGUE RIVER,,,HWY,,#873,GRANTS PASS,OR,97527,2025-07-11 11:39:33.000,BTAX-040681-07-2025,2026-07-31 11:39:33.000
"OPEN DOOR PROPERTY SOLUTIONS, LLC",SCOTT & SALLY CARR,Outside City Limits,531311,Property Management,,2017-07-21 00:00:00.000,deddc7f2-0b28-4e29-a4c4-0da582c8cb81,5417619549,233,ROGUE RIVER,,,HWY,,#873,GRANTS PASS,OR,97527,2025-07-11 11:39:33.000,BTAX-040681-07-2025,2026-07-31 11:39:33.000
"OPENING DOORS REMODELING LLC ",DAVID  RIGGS,Inside City Limits,238190,Contractor-General/Building Exterior,,2011-03-31 00:00:00.000,A969908B-A827-4C5F-AA98-5FC5198062B4,5417619396,1868,"F ",,NW,ST,,,GRANTS PASS,OR,97526,2025-12-03 14:23:56.000,BTAX-042384-12-2025,2026-12-31 14:23:56.000
"OPTIMAL HEALTH OF SOUTHERN OREGON, LLC",WENDELL HEIDINGER MD,Inside City Limits,621111,Medical-Physician,,2018-04-19 00:00:00.000,d888df52-42f9-46c6-a60c-49a9b9651020,5415071948,1600,6TH,,NW,ST,,SOUTH STE,GRANTS PASS,OR,97526,2025-04-23 14:16:03.000,BTAX-040260-04-2025,2026-04-30 14:16:03.000
"OPTIMAL HEALTH OF SOUTHERN OREGON, LLC"," ",Inside City Limits,621111,Medical-Physician,,2018-04-19 00:00:00.000,d888df52-42f9-46c6-a60c-49a9b9651020,5415071948,1600,6TH,,NW,ST,,SOUTH STE,GRANTS PASS,OR,97526,2025-04-23 14:16:03.000,BTAX-040260-04-2025,2026-04-30 14:16:03.000
OPTIONS FOR SOUTHERN OREGON,"KARLA MCCAFFERTY   ",Inside City Limits,621112,Medical-Mental Health Specialist,,1994-07-01 00:00:00.000,5C364A65-860C-4A51-96D0-FFB328D942AF,5414762373,1215,G,,SW,ST,,,GRANTS PASS,OR,97526,2025-08-26 12:00:45.000,BTAX-041566-08-2025,2026-08-31 12:00:45.000
ORCHARD HILLS TRUST,RAY D & MAUREEN M  COLSON,Inside City Limits,531110,Rental Units/Landlord,,2007-12-14 00:00:00.000,8A072614-906F-4E41-A3B7-4345D062C6DF,5414769150,1500,HIGHLAND,,NW,AVE,,,GRANTS PASS,OR,97526,2025-08-20 15:39:36.000,BTAX-041477-08-2025,2026-08-31 15:39:36.000
"OREEGON HEALTH CARE GROUP, LLC"," ",Inside City Limits,621610,Medical-Home Health Care Services,THREE RIVERS HOMECARE,2009-09-01 00:00:00.000,46B4CE87-B636-4F62-A299-B36CD7D07338,5414766224,C/O LHC GROUP INC,,PO BOX 51266,,,,,LAFAYETTE,LA,70505,2025-08-13 09:44:38.000,BTAX-041217-08-2025,2026-07-31 09:44:38.000
OREGON BEVERAGE RECYCLING COOPERATIVE," ",Inside City Limits,541990,Professional-Misc,BOTTLE DROP REDEMPTION CENTER,2016-07-01 00:00:00.000,68911959-1946-4f9c-9d58-c9b171b645a9,5032222266,17300,120TH,,SE,AVE,,,CLACKAMAS,OR,97015,2025-10-14 12:18:31.000,BTAX-042002-10-2025,2026-10-31 12:18:31.000
OREGON BEVERAGE RECYCLING COOPERATIVE," ",Inside City Limits,541990,Professional-Misc,BOTTLE DROP REDEMPTION CENTER,2016-07-01 00:00:00.000,68911959-1946-4f9c-9d58-c9b171b645a9,5032222266,17300,120TH,,SE,AVE,,,CLACKAMAS,OR,97015,2025-10-14 12:18:31.000,BTAX-042002-10-2025,2026-10-31 12:18:31.000
"OREGON CALIFORNIA SUPPLY INC ",RUSSELL  GALLUP,Inside City Limits,454390,Retail-Misc Direct Selling Establishment,,2003-09-23 00:00:00.000,436B85A7-9F08-4BB7-91E0-5325424C3551,5414795990,574,F,,NE,ST,,,GRANTS PASS,OR,97527,2025-07-15 15:48:40.000,BTAX-040773-07-2025,2026-07-31 15:48:40.000
"OREGON CREWE CUTTERS INC      ",SANTOS  GUERRA,Inside City Limits,813990,Organization-Misc,,2009-06-08 00:00:00.000,8673B159-6D31-4907-BE6C-42FE28BD94B0,5414795663,881,PO BOX,,,,,,PIRU,CA,93040,2025-09-17 10:08:49.000,BTAX-041781-09-2025,2026-08-31 10:08:49.000
OREGON FUTBOL ACADEMY," ",Inside City Limits,713990,Amusement/Recreation Misc,,2017-04-17 00:00:00.000,619642fc-b831-477f-b478-1636c5171eba,5414711099,144,G,,SW,ST,,,GRANTS PASS,OR,97526,2025-08-25 10:18:54.000,BTAX-041523-08-2025,2026-08-31 10:18:54.000
OREGON FUTBOL ACADEMY,WILLIAM DANIELS,Inside City Limits,713990,Amusement/Recreation Misc,,2017-04-17 00:00:00.000,619642fc-b831-477f-b478-1636c5171eba,5414711099,144,G,,SW,ST,,,GRANTS PASS,OR,97526,2025-08-25 10:18:54.000,BTAX-041523-08-2025,2026-08-31 10:18:54.000
"OREGON HEATING AND REPAIR     ",DAN  CLARK,Outside City Limits,238220,Contractor-HVAC Services,,1997-12-21 00:00:00.000,B27A12B6-2B39-4360-8A85-D8799B85BC24,5417724252,1861,DELTA WATERS,,,RD,,,MEDFORD,OR,97504,2025-09-03 15:54:24.000,BTAX-041601-09-2025,2026-09-30 15:54:24.000
OREGON HOME PERFORMANCE,GREG  CHANDLER,Inside City Limits,238310,Drywall & Insulation,SOUTHERN OREGON INSULATION LLC,2015-04-04 00:00:00.000,78FD0340-068F-49B5-8879-218BCE8CACAF,5414761104,402,SIERRA LODGE,,,DR,,,GRANTS PASS,OR,97527,2025-07-18 12:12:04.000,BTAX-040391-05-2025,2026-07-31 12:12:04.000
"OREGON LINEN INC              ",SKIP  BOONE,Outside City Limits,314999,Manufacturing-Textile,,2008-01-02 00:00:00.000,958D0619-6AAD-4553-9678-BB24B8D455C3,5416721663,608,LANE,,SE,AVE,,,ROSEBURG,OR,97470,2025-07-22 14:59:01.000,BTAX-040901-07-2025,2026-07-31 14:59:01.000
OREGON PACIFIC FINANCIAL ADVISORS,ROYAL STANDLEY,Inside City Limits,525990,Finance-Misc Finance,,2022-07-08 00:00:00.000,1ed9ab5b-cb54-4d85-b1ea-386cacb40ec6,5414744307,116,MANZANITA,,NE,AVE,,,GRANTS PASS,OR,97526,2025-08-14 11:11:14.000,BTAX-041240-08-2025,2026-08-31 11:11:14.000
OREGON PACIFIC FINANCIAL ADVISORS," ",Inside City Limits,525990,Finance-Misc Finance,,2022-07-08 00:00:00.000,1ed9ab5b-cb54-4d85-b1ea-386cacb40ec6,5414744307,116,MANZANITA,,NE,AVE,,,GRANTS PASS,OR,97526,2025-08-14 11:11:14.000,BTAX-041240-08-2025,2026-08-31 11:11:14.000
"OREGON PROPERTY HOLDINGS LLC "," ",Outside City Limits,531110,Rental Units/Landlord,,1997-09-15 00:00:00.000,BB5E0C24-AF18-44EF-B0CF-B3FA8FDD81B6,5416603594,PO BOX 1438,,,,,,,ROGUE RIVER,OR,97537,2025-12-15 14:24:26.000,BTAX-042472-12-2025,2026-12-31 14:24:26.000
"OREGON RETINA SPECIALISTS LLC ",YUJEN  WANG,Inside City Limits,621320,Medical-Ophthalmologist,OREGON RETINA CENTER,2009-08-29 00:00:00.000,E5CDDD1A-A171-4CA0-8FE4-1305865A3739,5417702020,1518,BARNETT,,E,RD,,,MEDFORD,OR,97504,2026-01-12 16:04:45.000,BTAX-042611-01-2026,2027-01-31 16:04:45.000
OREGON ROOTS ELECTRIC," ",Inside City Limits,236118,Const-Residential Remodeler,,2020-07-07 00:00:00.000,7a57e414-2c54-432c-8aa1-f0c675cbd8ea,5418219039,1267,FISH HATCHERY,,,RD,,,GRANTS PASS,OR,97527,2026-02-09 11:25:50.000,BTAX-042760-02-2026,2027-02-28 11:25:50.000
OREGON ROOTS ELECTRIC,JOHN KABOT FAMILY TRUST,Inside City Limits,236118,Const-Residential Remodeler,,2020-07-07 00:00:00.000,7a57e414-2c54-432c-8aa1-f0c675cbd8ea,5418219039,1267,FISH HATCHERY,,,RD,,,GRANTS PASS,OR,97527,2026-02-09 11:25:50.000,BTAX-042760-02-2026,2027-02-28 11:25:50.000
OREGON SOLAR AND BATTERY LLC," ",Inside City Limits,238220,Solar Equipment Installation,,2023-05-11 00:00:00.000,420d5c0e-52a9-4b03-a12b-3f9d2cc91c00,5412990201,102C,MAIN,,E,ST,,,ROGUE RIVER,OR,97532,2025-06-05 16:03:56.000,BTAX-040474-06-2025,2026-06-30 16:03:56.000
OREGON SOLAR AND BATTERY LLC,JAKE RIES,Inside City Limits,238220,Solar Equipment Installation,,2023-05-11 00:00:00.000,420d5c0e-52a9-4b03-a12b-3f9d2cc91c00,5412990201,102C,MAIN,,E,ST,,,ROGUE RIVER,OR,97532,2025-06-05 16:03:56.000,BTAX-040474-06-2025,2026-06-30 16:03:56.000
OREGON SOLARWORKS LLC," ",Outside City Limits,238220,Solar Equipment Installation,,2017-10-20 00:00:00.000,775cc792-10f3-462c-9939-1f8eb7499020,5412990402,PO BOX 2199,,,,,,,CAVE JUNCTION,OR,97523,2026-03-12 15:30:13.000,BTAX-042958-03-2026,2027-03-31 15:30:13.000
OREGON SOLARWORKS LLC,TYRONE HOUCK,Outside City Limits,238220,Solar Equipment Installation,,2017-10-20 00:00:00.000,775cc792-10f3-462c-9939-1f8eb7499020,5412990402,PO BOX 2199,,,,,,,CAVE JUNCTION,OR,97523,2026-03-12 15:30:13.000,BTAX-042958-03-2026,2027-03-31 15:30:13.000
"OREGON SWISS PRECISION INC    ",MICHAEL & DAVID  ANDERSON,Inside City Limits,811310,Machinery/Equipment Maint,,1991-10-01 00:00:00.000,B06E65CA-AD38-495F-BE8A-7205DD6F4342,5414761150,2143,"SPALDING ",,NE,AVE,,,GRANTS PASS,OR,97526,2025-09-05 10:12:49.000,BTAX-041641-09-2025,2026-09-30 10:12:49.000
"O'REILLY AUTO ENTERPRISES, LLC #5977"," ",Inside City Limits,441310,Retail-Automotive Parts & Accessories,O'REILLY AUTO PARTS #5977,2023-05-27 00:00:00.000,eae71f3e-d7e8-4d17-9c99-83ab9c0e7176,4582122101,TAX DEPT. PO BOX 9167,,,,,,,SPRINGFIELD,MO,65801,2025-05-27 14:59:49.000,BTAX-040428-05-2025,2026-05-31 14:59:49.000
"O'REILLY AUTO PARTS #3112     "," ",Inside City Limits,441310,Retail-Automotive Parts & Accessories,,1999-02-01 00:00:00.000,741A187E-11C6-42A6-AD72-7BE64E5D9DF4,5414714490,ATTN: TAX DEPT,,PO BOX 9167,,,,,SPRINGFIELD,MO,65801,2025-08-28 16:18:13.000,BTAX-041586-08-2025,2026-08-31 16:18:13.000
"O'REILLY AUTO PARTS #3112     ",O'REILLY AUTO ENTERPRISES LLC,Inside City Limits,441310,Retail-Automotive Parts & Accessories,,1999-02-01 00:00:00.000,741A187E-11C6-42A6-AD72-7BE64E5D9DF4,5414714490,ATTN: TAX DEPT,,PO BOX 9167,,,,,SPRINGFIELD,MO,65801,2025-08-28 16:18:13.000,BTAX-041586-08-2025,2026-08-31 16:18:13.000
"ORGANIC OASIS                 ",SANDRA  GOLDBERG,Outside City Limits,541990,Professional-Misc,,2010-05-12 00:00:00.000,C0E801E4-69D7-4678-8B3D-16331F51F7BC,5039561502,106,F,,,ST,,415,GRANTS PASS,OR,97526,2025-07-14 11:15:49.000,BTAX-040715-07-2025,2026-05-31 11:15:49.000
ORIENTAL TOUCH," ",Inside City Limits,621399,Medical-Massage Therapy,BODY WORK,2019-08-27 00:00:00.000,1f45e5f5-9af7-4929-84bd-739328478cf3,5414794010,PO BOX 385,,,,,,,ROGUE RIVER,OR,97537,2025-08-18 12:46:57.000,BTAX-041318-08-2025,2026-08-31 12:46:57.000
ORIENTAL TOUCH,TOHRU SUZUKI,Inside City Limits,621399,Medical-Massage Therapy,BODY WORK,2019-08-27 00:00:00.000,1f45e5f5-9af7-4929-84bd-739328478cf3,5414794010,PO BOX 385,,,,,,,ROGUE RIVER,OR,97537,2025-08-18 12:46:57.000,BTAX-041318-08-2025,2026-08-31 12:46:57.000
"ORIGINAL LUPITA'S TACOS, LLC"," ",Inside City Limits,722511,Restaurant,,2022-04-15 00:00:00.000,5c980737-26e0-4c99-8098-8ef099697097,5412182869,147,E,,NE,ST,,,GRANTS PASS,OR,97526,2025-09-23 10:41:01.000,BTAX-041854-09-2025,2026-09-30 10:41:01.000
"ORIGINAL LUPITA'S TACOS, LLC",MARIA PADILLA,Inside City Limits,722511,Restaurant,,2022-04-15 00:00:00.000,5c980737-26e0-4c99-8098-8ef099697097,5412182869,147,E,,NE,ST,,,GRANTS PASS,OR,97526,2025-09-23 10:41:01.000,BTAX-041854-09-2025,2026-09-30 10:41:01.000
ORLINS MEAT SPECIALTIES INC," ",Inside City Limits,445110,Food-Grocery Store,CARTWRIGHT'S VALLEY MEAT CO,1994-07-20 00:00:00.000,233323BE-183F-478E-99F4-6F1A2D596039,5414790321,825,UNION,,SW,AVE,,,GRANTS PASS,OR,97527,2026-02-06 09:25:46.000,BTAX-042748-02-2026,2027-01-31 09:25:46.000
ORTC LLC,MARK & MICHAEL HARRIS,Outside City Limits,621420,Medical-Mental Health/Substance Abuse Center,GRANTS PASS TREATMENT CENTER,2016-05-09 00:00:00.000,864980f7-fc51-41e7-ac4b-7f779e6c5a86,5419553210,1885,7th,,NE,ST,,,GRANTS PASS,OR,97526,2026-01-15 10:19:29.000,BTAX-042637-01-2026,2027-01-15 10:19:29.000
ORTC LLC," ",Outside City Limits,621420,Medical-Mental Health/Substance Abuse Center,GRANTS PASS TREATMENT CENTER,2016-05-09 00:00:00.000,864980f7-fc51-41e7-ac4b-7f779e6c5a86,5419553210,1885,7th,,NE,ST,,,GRANTS PASS,OR,97526,2026-01-15 10:19:29.000,BTAX-042637-01-2026,2027-01-15 10:19:29.000
ORTC LLC,MATTHEW OWEN,Outside City Limits,621420,Medical-Mental Health/Substance Abuse Center,GRANTS PASS TREATMENT CENTER,2016-05-09 00:00:00.000,864980f7-fc51-41e7-ac4b-7f779e6c5a86,5419553210,1885,7th,,NE,ST,,,GRANTS PASS,OR,97526,2026-01-15 10:19:29.000,BTAX-042637-01-2026,2027-01-15 10:19:29.000
"ORW ARCHITECTURE, INC",JEFFERY BENDER,Outside City Limits,541310,Architectural Services,,1989-07-01 00:00:00.000,9BDE458D-D763-403D-BB7E-832D7CC44131,5417795237,29,GRAPE,,S,ST,,,MEDFORD,OR,97501,2025-08-18 15:55:53.000,BTAX-041341-08-2025,2026-08-31 15:55:53.000
"ORW ARCHITECTURE, INC"," ",Outside City Limits,541310,Architectural Services,,1989-07-01 00:00:00.000,9BDE458D-D763-403D-BB7E-832D7CC44131,5417795237,29,GRAPE,,S,ST,,,MEDFORD,OR,97501,2025-08-18 15:55:53.000,BTAX-041341-08-2025,2026-08-31 15:55:53.000
"ORW ARCHITECTURE, INC",DAVID WILKERSON II,Outside City Limits,541310,Architectural Services,,1989-07-01 00:00:00.000,9BDE458D-D763-403D-BB7E-832D7CC44131,5417795237,29,GRAPE,,S,ST,,,MEDFORD,OR,97501,2025-08-18 15:55:53.000,BTAX-041341-08-2025,2026-08-31 15:55:53.000
OUTBACK POOL & SPA," ",Inside City Limits,454390,Retail-Misc Direct Selling Establishment,,2022-06-10 00:00:00.000,252b57b9-c379-4366-8552-db8df619bf68,5414798112,555,F,,NE,ST,,A,GRANTS PASS,OR,97526,2025-06-05 15:29:43.000,BTAX-040471-06-2025,2026-06-30 15:29:43.000
"OUTFRONT MEDIA LLC           "," OUTFRONT MEDIA LLC",Outside City Limits,541890,Advertising Services,,1990-08-01 00:00:00.000,C828178D-264B-41E7-A494-62DA9C97CDCC,5416079355,199,FIFTH,,E,AVE,,SUITE 25,EUGENE,OR,97401,2025-12-09 10:26:46.000,BTAX-042432-12-2025,2026-11-30 10:26:46.000
OUTLIER CONSTRUCTION CO," ",Outside City Limits,238190,Contractor-General/Building Exterior,,2018-03-21 00:00:00.000,9e400b67-e0b2-4c32-b66c-12074fbd466c,5416222040,2870,NANSEN,,,DR,,,MEDFORD,OR,97504,2025-04-15 15:50:57.000,BTAX-040220-04-2025,2026-04-30 15:50:57.000
OUTLIER CONSTRUCTION CO,RYAN BEUGH,Outside City Limits,238190,Contractor-General/Building Exterior,,2018-03-21 00:00:00.000,9e400b67-e0b2-4c32-b66c-12074fbd466c,5416222040,2870,NANSEN,,,DR,,,MEDFORD,OR,97504,2025-04-15 15:50:57.000,BTAX-040220-04-2025,2026-04-30 15:50:57.000
OUTLIER CONSTRUCTION CO,ROBB MAYERS,Outside City Limits,238190,Contractor-General/Building Exterior,,2018-03-21 00:00:00.000,9e400b67-e0b2-4c32-b66c-12074fbd466c,5416222040,2870,NANSEN,,,DR,,,MEDFORD,OR,97504,2025-04-15 15:50:57.000,BTAX-040220-04-2025,2026-04-30 15:50:57.000
OUTLOOK GUEST HOUSE & GALLERY," ",Inside City Limits,532299,Rental-Misc Rentals,,2019-08-01 00:00:00.000,a3984133-01f9-4ce7-bf60-10f189c3029b,5412441334,219,"OUTLOOK ",,NE,AVE,,,GRANTS PASS,OR,97526,2025-10-03 14:23:47.000,BTAX-041934-10-2025,2026-10-31 14:23:47.000
OUTLOOK GUEST HOUSE & GALLERY,SUSAN E. WILLIAMS,Inside City Limits,532299,Rental-Misc Rentals,,2019-08-01 00:00:00.000,a3984133-01f9-4ce7-bf60-10f189c3029b,5412441334,219,"OUTLOOK ",,NE,AVE,,,GRANTS PASS,OR,97526,2025-10-03 14:23:47.000,BTAX-041934-10-2025,2026-10-31 14:23:47.000
"OUTLOOK PROPERTIES            ","TOM MORRIS, MICHAEL MCCASKEL DAVID SNOOK & YUNG KHO",Inside City Limits,531311,Property Management,,1986-07-01 00:00:00.000,94E8CDBD-007E-4441-AD74-DE1DE4F19544,5414714485,1215,"7TH ",,NE,ST,,SUITE E,GRANTS PASS,OR,97526,2026-02-24 15:59:37.000,BTAX-042846-02-2026,2027-02-28 15:59:37.000
"OWEN-DANGELO PROPERTY RENTALS ",WAYNE OWEN JIM D'ANGELO,Inside City Limits,531110,Rental Units/Landlord,,1988-07-01 00:00:00.000,7A6CA521-B074-4EC8-AA9A-B1FD4CC31935,5414799794,261,CRYSTAL,,,DR,,,GRANTS PASS,OR,97527,2025-09-05 15:35:47.000,BTAX-041663-09-2025,2026-09-30 15:35:47.000
"P F G  COMPUTER               ",MICHAEL  ASCOLESE,Inside City Limits,541519,Computer Services,,2003-02-01 00:00:00.000,4C31C635-8EB3-48A3-A91D-4710F0ED85EE,5416594790,212,6TH,,NW,ST,,,GRANTS PASS,OR,97526,2025-07-14 10:14:23.000,BTAX-040706-07-2025,2026-07-31 10:14:23.000
"P R NICHOLSON PROPERTIES      ",PERRY  NICHOLSON,Outside City Limits,531311,Property Management,,1993-03-18 00:00:00.000,87298F18-D3F7-4E2C-9295-A818990D643E,5414505572,3298,LOWER RIVER,,,RD,,,GRANTS PASS,OR,97526,2025-08-05 16:10:05.000,BTAX-041106-08-2025,2026-08-31 16:10:05.000
"PACHECO WATER TRUCKS        "," ",Outside City Limits,484110,Transportation-Trucking (Local),,1996-05-02 00:00:00.000,1775ADA3-0128-4BD7-BA94-5988E9F66411,5412950662,1650,SOLDIER CREEK,,,RD,,,GRANTS PASS,OR,97526,2025-11-10 11:31:28.000,BTAX-042258-11-2025,2026-11-30 11:31:28.000
"PACHECO WATER TRUCKS        ",WILLIAM PACHECO,Outside City Limits,484110,Transportation-Trucking (Local),,1996-05-02 00:00:00.000,1775ADA3-0128-4BD7-BA94-5988E9F66411,5412950662,1650,SOLDIER CREEK,,,RD,,,GRANTS PASS,OR,97526,2025-11-10 11:31:28.000,BTAX-042258-11-2025,2026-11-30 11:31:28.000
"PACHECO WATER TRUCKS        ",TINA PACHECO,Outside City Limits,484110,Transportation-Trucking (Local),,1996-05-02 00:00:00.000,1775ADA3-0128-4BD7-BA94-5988E9F66411,5412950662,1650,SOLDIER CREEK,,,RD,,,GRANTS PASS,OR,97526,2025-11-10 11:31:28.000,BTAX-042258-11-2025,2026-11-30 11:31:28.000
"PACIFIC AIR COMFORT INC      ",LISA  GOGAL,Outside City Limits,238220,Contractor-HVAC Services,,1997-07-06 00:00:00.000,CED746C8-9DBB-4089-94A8-1E9990DF21D8,5416725300,PO BOX 790,,,,,,,ROSEBURG,OR,97470,2025-09-09 10:51:29.000,BTAX-041695-09-2025,2026-09-30 10:51:29.000
PACIFIC ELECTRICAL CONTRACTORS,STEVEN R & JAMES  HESS,Outside City Limits,238210,Contractor-Electrical,,1996-08-01 00:00:00.000,9E78969F-60F4-40D4-A56C-93AAF9F37120,5417737751,920,GRAPE,,S,ST,,,MEDFORD,OR,97501,2025-07-22 15:55:51.000,BTAX-040915-07-2025,2026-07-31 15:55:51.000
"PACIFIC FIRE PROTECTION LLC   ",VERNON  ROBERTS,Outside City Limits,238990,Contractor-Trade/Specialty,,2012-09-18 00:00:00.000,2928945B-44E3-4ECE-B094-501872427D33,5416017627,PO BOX 5263,,,,,,,CENTRAL POINT,OR,97502,2025-08-18 16:26:10.000,BTAX-041351-08-2025,2026-08-31 16:26:10.000
"PACIFIC METAL BUILDINGS INC   ",EUSEBIO CASTILLO,Outside City Limits,238990,Contractor-Trade/Specialty,PACIFIC METAL BUILDINGS INC,2015-08-12 00:00:00.000,96BECAF5-9CA7-46A1-B40D-66281758CF96,5304382777,PO BOX 485,,,,,,,MAXWELL,CA,95955,2025-05-05 15:47:02.000,BTAX-040311-05-2025,2026-05-31 15:47:02.000
"PACIFIC METAL BUILDINGS INC   ",EUSEBIO CASTILLO,Outside City Limits,238990,Contractor-Trade/Specialty,PACIFIC METAL BUILDINGS INC,2015-08-12 00:00:00.000,96BECAF5-9CA7-46A1-B40D-66281758CF96,5304382777,270,OLD HIGHWAY 99W,,,,,,MAXWELL,CA,95955,2025-05-05 15:47:02.000,BTAX-040311-05-2025,2026-05-31 15:47:02.000
PACIFIC PAVING INC,WILLIAM SCHOENLEBER III,Outside City Limits,238110,Contractor-Concrete/Found/Structural,,1995-09-12 00:00:00.000,CE28BD7A-1B32-412E-BD48-A0CE95017DF3,5417724616,PO BOX 2370,,,,,,,WHITE CITY,OR,97503,2025-08-26 11:57:14.000,BTAX-041565-08-2025,2026-08-31 11:57:14.000
PACIFIC RENTAL PROPERTIES LLC," ",Outside City Limits,531311,Property Management,PACIFIC RENTAL PROPERTIES,2022-03-18 00:00:00.000,15aa6efc-20cc-446d-959f-f6991a4fcdbc,5418976500,800,ELLENDALE,,,DR,,,MEDFORD,OR,97504,2026-03-13 13:54:29.000,BTAX-042960-03-2026,2027-03-31 13:54:29.000
PACIFIC RENTAL PROPERTIES LLC,RONALD DELUCA,Outside City Limits,531311,Property Management,PACIFIC RENTAL PROPERTIES,2022-03-18 00:00:00.000,15aa6efc-20cc-446d-959f-f6991a4fcdbc,5418976500,800,ELLENDALE,,,DR,,,MEDFORD,OR,97504,2026-03-13 13:54:29.000,BTAX-042960-03-2026,2027-03-31 13:54:29.000
"PACIFIC SLOPE TREE CO         ",CHUCK  DAHL,Outside City Limits,423310,"Lumber, Plywood, Millwork, and Wood Panel Merchant",,2008-05-13 00:00:00.000,1F603FB7-8ABA-4AE2-A90D-81F5CDACBD61,5418469226,PO BOX 353,,,,,,,WILLIAMS,OR,97544,2025-07-14 12:00:57.000,BTAX-040720-07-2025,2026-07-31 12:00:57.000
PACIFIC TRADE & DEVELOPMENT DBA HILINE HOMES," ",Outside City Limits,238190,Contractor-General/Building Exterior,HILINE HOMES LLC,2016-01-13 00:00:00.000,b2da8d14-82f7-4a86-ad99-8ba986f66fb0,5035891849,3935,HAGERS GROVE,,SE,RD,,,SALEM,OR,97317,2025-09-18 14:18:11.000,BTAX-041825-09-2025,2026-09-30 14:18:11.000
PACIFIC TRADE & DEVELOPMENT DBA HILINE HOMES,JEREMY ALDERMAN,Outside City Limits,238190,Contractor-General/Building Exterior,HILINE HOMES LLC,2016-01-13 00:00:00.000,b2da8d14-82f7-4a86-ad99-8ba986f66fb0,5035891849,3935,HAGERS GROVE,,SE,RD,,,SALEM,OR,97317,2025-09-18 14:18:11.000,BTAX-041825-09-2025,2026-09-30 14:18:11.000
PACIFIC TRADE & DEVELOPMENT DBA HILINE HOMES,CHRIS BRUNETTE,Outside City Limits,238190,Contractor-General/Building Exterior,HILINE HOMES LLC,2016-01-13 00:00:00.000,b2da8d14-82f7-4a86-ad99-8ba986f66fb0,5035891849,3935,HAGERS GROVE,,SE,RD,,,SALEM,OR,97317,2025-09-18 14:18:11.000,BTAX-041825-09-2025,2026-09-30 14:18:11.000
PACIFIC TRUST DEED SERVICING COMPANY INC,JILL FLOWERS,Inside City Limits,525990,Finance-Misc Finance,,2004-07-08 00:00:00.000,E57B0691-4D96-45ED-80A0-740B8F9A1105,5419556672,PO BOX 697,,,,,,,GRANTS PASS,OR,97528,2025-07-14 08:57:52.000,BTAX-040696-07-2025,2026-07-31 08:57:52.000
PACIFIC TRUST DEED SERVICING COMPANY INC," ",Inside City Limits,525990,Finance-Misc Finance,,2004-07-08 00:00:00.000,E57B0691-4D96-45ED-80A0-740B8F9A1105,5419556672,PO BOX 697,,,,,,,GRANTS PASS,OR,97528,2025-07-14 08:57:52.000,BTAX-040696-07-2025,2026-07-31 08:57:52.000
"PACIFICORP                    "," PACIFICORP                    ",Outside City Limits,221122,Electric Company,PACIFIC POWER,1997-01-01 00:00:00.000,82086AD6-8195-498B-9F15-E42C350292F0,5419557946,825,MULTNOMAH,,NE,ST,,SUITE 1900,PORTLAND,OR,97232,2025-06-13 14:38:44.000,BTAX-040504-06-2025,2026-06-30 14:38:44.000
"PACWEST PLUMBING INC         ",DIANE & CHRISTOPHER  WILLIAMS,Outside City Limits,238220,Plumber,,2004-01-16 00:00:00.000,7FC30152-A050-4EEB-812D-EB3D3499C587,,PO BOX 3967,,,,,,,CENTRAL POINT,OR,97502,2025-11-18 10:31:11.000,BTAX-042301-11-2025,2026-10-31 10:31:11.000
"PALM INDUSTRIES, INC. DBA PALM RESTORE"," ",Inside City Limits,238190,Contractor-General/Building Exterior,,2019-08-01 00:00:00.000,e35de136-bc7c-4b97-9e51-8bf79bd4cf66,5414740403,PO BOX 8038,,,,,,,BROOKINGS,OR,97415,2025-12-10 11:23:20.000,BTAX-042434-12-2025,2026-12-31 11:23:20.000
"PALM INDUSTRIES, INC. DBA PALM RESTORE",ANDREW MYER,Inside City Limits,238190,Contractor-General/Building Exterior,,2019-08-01 00:00:00.000,e35de136-bc7c-4b97-9e51-8bf79bd4cf66,5414740403,PO BOX 8038,,,,,,,BROOKINGS,OR,97415,2025-12-10 11:23:20.000,BTAX-042434-12-2025,2026-12-31 11:23:20.000
PALOMA ENTERPRISES INC,KARI & FELIX MARON,Inside City Limits,812910,Pet Care Services,JOYFUL DOGGY CARE,2019-06-04 00:00:00.000,f065b7f7-f3f3-4994-99e1-8c9c9768eefd,5412913514,1491,DAVID,,SW,DR,,,GRANTS PASS,OR,97527,2025-06-13 14:32:24.000,BTAX-040503-06-2025,2026-06-30 14:32:24.000
PALOMA ENTERPRISES INC," ",Inside City Limits,812910,Pet Care Services,JOYFUL DOGGY CARE,2019-06-04 00:00:00.000,f065b7f7-f3f3-4994-99e1-8c9c9768eefd,5412913514,1491,DAVID,,SW,DR,,,GRANTS PASS,OR,97527,2025-06-13 14:32:24.000,BTAX-040503-06-2025,2026-06-30 14:32:24.000
"PANACHE                       ",SANDI  ARMSTRONG,Inside City Limits,812112,Beauty Salon,,1996-10-22 00:00:00.000,5B911251-2943-4734-BD8E-67A0E5C47DF9,5419558199,804,4TH,,SW,ST,,,GRANTS PASS,OR,97526,2025-08-19 09:53:19.000,BTAX-041362-08-2025,2026-07-31 09:53:19.000
PANDA EXPRESS #2667," ",Inside City Limits,722513,Limited-Service Restaurant,,2016-06-30 00:00:00.000,a1d410e8-f98c-4db6-8f51-7a430d38dc64,6263728203,1683,WALNUT GROVE,,,AVE,,,ROSEMEAD,CA,91770,2025-07-28 09:15:02.000,BTAX-041013-07-2025,2026-07-31 09:15:02.000
PANDA EXPRESS #2667," ",Inside City Limits,722513,Limited-Service Restaurant,,2016-06-30 00:00:00.000,a1d410e8-f98c-4db6-8f51-7a430d38dc64,6263728203,1683,WALNUT GROVE,,,AVE,,,ROSEMEAD,CA,91770,2025-07-28 09:15:02.000,BTAX-041013-07-2025,2026-07-31 09:15:02.000
"PAPA JOHNS PIZZA              "," JTF ENTERPRISES INC           ",Inside City Limits,722511,Restaurant,,1997-10-19 00:00:00.000,D2A74563-1CEA-4A1A-B797-CB5BB97192C1,5414765959,PO BOX 1326,,,,,,,MEDFORD,OR,97501,2025-08-13 11:14:02.000,BTAX-041220-08-2025,2026-07-31 11:14:02.000
PAPA MURPHYS TAKE AND BAKE,MILES & MEGGAN MARTIN,Inside City Limits,722511,Restaurant,,2022-11-21 00:00:00.000,f8649fe5-628f-4d83-9efd-f9612c176d35,5416607143,216,PYLE,,,DR,,,GRANTS PASS,OR,97527,2025-11-06 10:45:30.000,BTAX-042221-11-2025,2026-11-30 10:45:30.000
PAPA MURPHYS TAKE AND BAKE,MILES & MEGGAN MARTIN,Inside City Limits,722511,Restaurant,,2022-11-21 00:00:00.000,9811de7f-9616-443b-8e8d-f2b5343c50f7,5416607143,216,PYLE,,,DR,,,GRANTS PASS,OR,97527,2025-11-06 10:48:18.000,BTAX-042222-11-2025,2026-11-30 10:48:18.000
PAPA TERALL'S BBQ,TERALL BLALOCK,Inside City Limits,722320,Caterer,,2015-06-05 00:00:00.000,30E48D66-D0E1-431C-A0FC-FB979DEACEB5,5416602090,424,WALKER,,,RD,,,GRANTS PASS,OR,97527,2025-08-15 15:39:28.000,BTAX-041296-08-2025,2026-08-31 15:39:28.000
"PARADISE AUTO CENTER, LLC","PARADISE AUTO CENTER,  LLC",Inside City Limits,441120,Auto-Used Car Dealer,PARADISE AUTO SALES,2014-06-23 00:00:00.000,C1BCA9C5-39AF-4DBE-B77F-EBC7879E2A4B,5414794168,233,ROGUE RIVER,," ",HWY,,#1066,GRANTS PASS,OR,97527,2025-09-08 15:11:55.000,BTAX-041689-09-2025,2026-09-30 15:11:55.000
"PARADISE AUTO CENTER, LLC"," ",Inside City Limits,811121,"Auto-Body, Paint & Interior",PARADISE AUTO SALES,2013-06-25 00:00:00.000,025FA6BD-D8D8-41EE-BC42-6914B8DC3040,5414794168,233,ROGUE RIVER,,,HWY,,1066,GRANTS PASS,OR,97527,2025-12-08 15:28:31.000,BTAX-042424-12-2025,2026-12-31 15:28:31.000
"PARADISE AUTO CENTER, LLC",LYNETTE  PERRY,Inside City Limits,441120,Auto-Used Car Dealer,PARADISE AUTO SALES,2014-06-23 00:00:00.000,C1BCA9C5-39AF-4DBE-B77F-EBC7879E2A4B,5414794168,233,ROGUE RIVER,," ",HWY,,#1066,GRANTS PASS,OR,97527,2025-09-08 15:11:55.000,BTAX-041689-09-2025,2026-09-30 15:11:55.000
"PARADISE AUTO CENTER, LLC","PARADISE AUTO CENTER,  LLC",Inside City Limits,811192,Car Wash & Detailing,PARADISE CAR WASH & EXPRESS LUBE,2014-03-01 00:00:00.000,516BC1B0-C56A-4FCA-8AD5-AF333B18E74E,5414794168,233,"ROGUE RIVER ",,,HWY,,1066,GRANTS PASS,OR,97527,2025-12-08 12:08:15.000,BTAX-042408-12-2025,2026-12-31 12:08:15.000
"PARADISE AUTO CENTER, LLC",LYNETTE  PERRY,Inside City Limits,811192,Car Wash & Detailing,PARADISE CAR WASH & EXPRESS LUBE,2014-03-01 00:00:00.000,516BC1B0-C56A-4FCA-8AD5-AF333B18E74E,5414794168,233,"ROGUE RIVER ",,,HWY,,1066,GRANTS PASS,OR,97527,2025-12-08 12:08:15.000,BTAX-042408-12-2025,2026-12-31 12:08:15.000
"PARADISE POOLS & SPAS         ",TOM  LAWSON,Inside City Limits,454390,Retail-Misc Direct Selling Establishment,,1985-10-03 00:00:00.000,EC380DCB-426C-4B64-88F0-1562EDF7F18B,5414741962,1578,"7TH ",,NE,ST,,,GRANTS PASS,OR,97526,2025-07-14 10:21:24.000,BTAX-040707-07-2025,2026-07-31 10:21:24.000
PARAMOUNT ELECTRIC COMPANY," ",Outside City Limits,238210,Contractor-Electrical,,2002-01-12 00:00:00.000,BDE5EC8D-9B2D-4F71-8C30-56B1A104D107,5037032571,3243,RIESLING,,SE,RD,,,MILWAUKIE,OR,97267,2025-08-12 15:45:31.000,BTAX-041179-08-2025,2026-08-31 15:45:31.000
"PARAMOUNT PEST CONTROL INC   ",GEANELLEN CAMP,Outside City Limits,561710,Pest Control,,1997-01-27 00:00:00.000,A5D9EB76-71CA-4ED6-9FDE-6A07378DB77D,5032887375,PO BOX 13386,,,,,,,PORTLAND,OR,97213,2025-10-24 10:09:25.000,BTAX-042121-10-2025,2026-10-31 10:09:25.000
"PARK HEALTH INSURANCE ",DAVID PARK & TERRESA PARK,Inside City Limits,52411,"Direct Life, Health, and Insurance",,2022-08-05 00:00:00.000,e4e56369-afe7-4667-9dac-3cbdc4ea4b62,5417617788,"7295 ","APPLEGATE ",,N,RD,,,"GRANTS PASS ",OR,97527,2025-12-26 11:51:28.000,BTAX-042512-12-2025,2026-11-30 11:51:28.000
PARK PLACE BOOKKEEPING AND TAX SERVICE LLC," ",Inside City Limits,541213,Tax Preparation Services,,2016-05-02 00:00:00.000,c33176b2-df1c-4a18-8181-577337f481d1,5414765548,1500,ROGUE RIVER,,,HWY,,SUITE F,GRANTS PASS,OR,97527,2025-07-16 14:57:04.000,BTAX-040810-07-2025,2026-07-31 14:57:04.000
PARK PLACE BOOKKEEPING AND TAX SERVICE LLC,WINDY ALARIE,Inside City Limits,541213,Tax Preparation Services,,2016-05-02 00:00:00.000,c33176b2-df1c-4a18-8181-577337f481d1,5414765548,1500,ROGUE RIVER,,,HWY,,SUITE F,GRANTS PASS,OR,97527,2025-07-16 14:57:04.000,BTAX-040810-07-2025,2026-07-31 14:57:04.000
PARKERS HEATING & AIR CONDITIONING LLC," ",Outside City Limits,238190,Contractor-General/Building Exterior,,2017-05-07 00:00:00.000,5e2653b4-9ecf-4f69-97c7-fedcf36c8ea4,5418908252,PO BOX 151,,,,,,,ROGUE RIVER,OR,97537,2025-09-17 09:33:41.000,BTAX-041780-09-2025,2026-09-30 09:33:41.000
PARKERS HEATING & AIR CONDITIONING LLC,GLEN PARKER,Outside City Limits,238190,Contractor-General/Building Exterior,,2017-05-07 00:00:00.000,5e2653b4-9ecf-4f69-97c7-fedcf36c8ea4,5418908252,PO BOX 151,,,,,,,ROGUE RIVER,OR,97537,2025-09-17 09:33:41.000,BTAX-041780-09-2025,2026-09-30 09:33:41.000
PARTAKE HOSPITALITY LLC," ",Inside City Limits,493110,Storage & General Warehousing,PARTAKE,2021-06-22 00:00:00.000,908ba4b1-b633-4d8a-8e79-e77d3630cf51,5416597988,8174,APPLEGATE,,N,RD,,,GRANTS PASS,OR,97526,2025-07-22 15:17:52.000,BTAX-040907-07-2025,2026-07-31 15:17:52.000
"PARTS-N-THINGS                ",TIMOTHY P & BRENDA S  HILL,Outside City Limits,441310,Retail-Automotive Parts & Accessories,,2015-09-01 00:00:00.000,1570F2EA-92D6-4841-B9FE-74E93D8BAD32,5414745965,8245,RIVERBANKS,,,RD,,,GRANTS PASS,OR,97527,2025-08-19 12:32:04.000,BTAX-041402-08-2025,2026-08-31 12:32:04.000
PATRICIA E BANGE RENTALS,PATRICIA BANGE,Inside City Limits,531110,Rental Units/Landlord,,2012-01-09 00:00:00.000,A660FA16-7AE4-4FAA-85DC-2B4D033B9593,5416604667,1619,OLMAR,,NW,DR,,,GRANTS PASS,OR,97526,2025-07-22 12:50:12.000,BTAX-040886-07-2025,2026-07-31 12:50:12.000
"PATRICIA FLENNER LLC  "," ",Outside City Limits,624190,Social Svcs-Individual & Family Svcs,,2012-08-28 00:00:00.000,8C69FCFD-4B00-45B1-8650-37877E2B2DAB,8188590859,1630,WILLIAMS,," ",HWY,,PMB 199,GRANTS PASS,OR,97527,2025-07-15 11:02:14.000,BTAX-040747-07-2025,2026-07-31 11:02:14.000
PATRICK & KATHLEEN PLOURD," ",Outside City Limits,531110,Rental Units/Landlord,,2016-04-26 00:00:00.000,5bafb18e-bc54-41a1-a578-d525db361837,2539488620,210,HARTSFIELD,,,LN,,,MERLIN,OR,97527,2025-05-15 09:18:55.000,BTAX-040370-05-2025,2026-05-31 09:18:55.000
PATRICK & KATHLEEN PLOURD,KATHLEEN PLOURD,Outside City Limits,531110,Rental Units/Landlord,,2016-04-26 00:00:00.000,5bafb18e-bc54-41a1-a578-d525db361837,2539488620,210,HARTSFIELD,,,LN,,,MERLIN,OR,97527,2025-05-15 09:18:55.000,BTAX-040370-05-2025,2026-05-31 09:18:55.000
PATRICK & KATHLEEN PLOURD,PATRICK PLOURD,Outside City Limits,531110,Rental Units/Landlord,,2016-04-26 00:00:00.000,5bafb18e-bc54-41a1-a578-d525db361837,2539488620,210,HARTSFIELD,,,LN,,,MERLIN,OR,97527,2025-05-15 09:18:55.000,BTAX-040370-05-2025,2026-05-31 09:18:55.000
PATRICK D BUKER," ",Inside City Limits,238320,Painting & Wall Covering,,2016-02-01 00:00:00.000,24a3fef1-a5a3-47f2-8cde-663cd328d5f1,5412958400,2001,FOOTHILL,," ",BLVD,," ",GRANTS PASS,OR,97526,2025-08-12 15:44:20.000,BTAX-041203-08-2025,2026-08-31 15:44:20.000
PATRICK D BUKER,PATRICK BUKER,Inside City Limits,238320,Painting & Wall Covering,,2016-02-01 00:00:00.000,24a3fef1-a5a3-47f2-8cde-663cd328d5f1,5412958400,2001,FOOTHILL,," ",BLVD,," ",GRANTS PASS,OR,97526,2025-08-12 15:44:20.000,BTAX-041203-08-2025,2026-08-31 15:44:20.000
"PATRICK J KELLY               ",PATRICK KELLY,Inside City Limits,541110,Lawyer,,1991-07-01 00:00:00.000,865ABA62-8405-4F03-AB1E-7B385D40EFD0,5414741908,717,5TH,,NW,ST,,,GRANTS PASS,OR,97526,2025-08-25 10:16:04.000,BTAX-041522-08-2025,2026-08-31 10:16:04.000
"PATRIOT ELECTRIC INC          ",COREY GRAY,Outside City Limits,238210,Contractor-Electrical,,2008-09-10 00:00:00.000,8E167A87-C7D0-4935-A318-7181EC8EE6C5,541-816-4201,PO BOX 5204,,,,,,,CENTRAL POINT,OR,97502,2025-08-14 15:37:16.000,BTAX-041284-08-2025,2026-07-31 15:37:16.000
PATTERSON PLUMBING COMPANY,GREGG  SEYBOTH,Outside City Limits,238220,Plumber,,1993-03-01 00:00:00.000,CEC72E97-E66F-4419-BB4A-5BCBA1F4B7F0,5417732768,2086,"LARS ",,,WAY,,,MEDFORD,OR,97501,2025-12-22 10:23:58.000,BTAX-042488-12-2025,2026-08-31 10:23:58.000
"PATTI HEATH                   ",PATTI  HEATH,Inside City Limits,621111,Medical-Physician,,1993-06-01 00:00:00.000,C21063FB-F5AE-41D4-8546-E84BAD2A92A3,5412265171,275,JONES CREEK,,W,RD,,,GRANTS PASS,OR,97526,2025-08-12 14:47:00.000,BTAX-041190-08-2025,2026-08-31 14:47:00.000
"PAUL & BIRTHE KAMINS RENTALS  ",PAUL & BIRTHE  KAMINS,Outside City Limits,531110,Rental Units/Landlord,,2004-07-26 00:00:00.000,101A75C7-58E3-4907-87B7-701B7CACE94D,5414502211,1551,SLEEPY HOLLOW,,,LP,,,GRANTS PASS,OR,97526,2025-07-23 13:24:28.000,BTAX-040954-07-2025,2026-07-31 13:24:28.000
"PAUL D STEIN CONSTRUCTION    ",PAUL STEIN,Inside City Limits,238190,Contractor-General/Building Exterior,,2008-12-29 00:00:00.000,7657FE2F-BED3-4D4C-9F49-6FEA837E415F,,1461,"MEIER ",,NE,DR,,,GRANTS PASS,OR,97526,2025-07-25 10:34:18.000,BTAX-040974-07-2025,2026-07-31 10:34:18.000
"PAUL GAREAU CONSTRUCTION      ",PAUL  GAREAU,Outside City Limits,238190,Contractor-General/Building Exterior,,2005-10-13 00:00:00.000,4771D87B-02AB-4ED2-B3A1-6BF087DF6618,5416591052,420,IRENA,,,RD,,,GRANTS PASS,OR,97526,2025-09-16 16:43:36.000,BTAX-041658-09-2025,2026-08-31 16:43:36.000
PAULINA'S CLEANING,PAULINA DEL PALACIO,Inside City Limits,561720,Cleaning Service,,2017-06-02 00:00:00.000,725ff6e7-04ff-4da8-9902-68d4fca529d2,5417614959,1456,WILLOW,,,LN,,,GRANTS PASS,OR,97527,2026-03-06 15:44:51.000,BTAX-042907-03-2026,2027-03-31 15:44:51.000
PAULINA'S CLEANING," ",Inside City Limits,561720,Cleaning Service,,2017-06-02 00:00:00.000,725ff6e7-04ff-4da8-9902-68d4fca529d2,5417614959,1456,WILLOW,,,LN,,,GRANTS PASS,OR,97527,2026-03-06 15:44:51.000,BTAX-042907-03-2026,2027-03-31 15:44:51.000
PAULS HEATING AC REFRIGERATION LLC,PAUL & SUE POWELL,Outside City Limits,238210,Contractor-Electrical,,2008-07-17 00:00:00.000,EF163176-650E-4136-85F1-4C1B22EAD36A,5417612489,294,THOMPSON CREEK,,,RD,,,SELMA,OR,97538,2025-09-09 16:12:51.000,BTAX-041718-09-2025,2026-09-30 16:12:51.000
"PAWS 'N' CLAWS                ",ELIZABETH  BONE,Inside City Limits,812910,Pet Care Services,,1990-04-15 00:00:00.000,5F4AED82-027F-4A8F-A10D-D6C3356B3F8B,5414791201,1515,REDWOOD,,,AVE,,SUITE # 7,GRANTS PASS,OR,97527,2025-12-29 10:30:32.000,BTAX-042522-12-2025,2026-12-31 10:30:32.000
PEAK CREDIT UNION," PEAK CREDIT UNION",Inside City Limits,522130,Finance-Credit Union,,2007-12-17 00:00:00.000,A9F34382-010A-4908-9F9E-FEEC0DCBFAB2,5419556686,PO BOX 718,,,,,,,OLYMPIA,WA,98507,2025-12-18 11:53:35.000,BTAX-042483-12-2025,2026-12-31 11:53:35.000
PEAR BLOSSOM LAWN AND YARD MAINTENANCE," ",Outside City Limits,561730,Yard Services,,2017-03-03 00:00:00.000,aaaa49e6-4b82-4b30-8fff-ac4a6ffda940,5416601877,"228 ",JAIME,,,LN,,,GRANTS PASS,OR,97526,2025-07-09 10:26:37.000,BTAX-040635-07-2025,2026-07-31 10:26:37.000
PEAR BLOSSOM LAWN AND YARD MAINTENANCE,MIGUEL DOMINGUEZ,Outside City Limits,561730,Yard Services,,2017-03-03 00:00:00.000,aaaa49e6-4b82-4b30-8fff-ac4a6ffda940,5416601877,"228 ",JAIME,,,LN,,,GRANTS PASS,OR,97526,2025-07-09 10:26:37.000,BTAX-040635-07-2025,2026-07-31 10:26:37.000
"PEDIATRIC TLC                 ",DEBORAH  AYOLI,Inside City Limits,621111,Medical-Physician,,2013-04-01 00:00:00.000,9AFA6D3C-E466-49F4-B071-65D17A84B5B1,5414792411,1819,NEBRASKA,,,Ave,,,GRANTS PASS,OR,97527,2025-06-23 16:06:08.000,BTAX-040549-06-2025,2026-06-30 16:06:08.000
PEDICURES BY LAURIE,LAURIE CROWE,Inside City Limits,812113,Nail Salon,,2018-07-13 00:00:00.000,dca87dd2-cba8-4efd-a0e4-2df6b9b03ebd,5416605881,1252,6TH,,NW,ST,,UNIT 7,GRANTS PASS,OR,97526,2025-08-19 11:06:54.000,BTAX-041379-08-2025,2026-08-31 11:06:54.000
PEDICURES BY LAURIE," ",Inside City Limits,812113,Nail Salon,,2018-07-13 00:00:00.000,dca87dd2-cba8-4efd-a0e4-2df6b9b03ebd,5416605881,1252,6TH,,NW,ST,,UNIT 7,GRANTS PASS,OR,97526,2025-08-19 11:06:54.000,BTAX-041379-08-2025,2026-08-31 11:06:54.000
"PEOPLE'S BANK OF COMMERCE     "," ",Inside City Limits,522110,Finance-Commercial Bank,,2013-09-03 00:00:00.000,A018D53C-C350-4923-8612-54A187FA0555,5419558005,509,7TH,,SE,ST,," ",GRANTS PASS,OR,97526,2025-08-12 08:36:10.000,BTAX-041159-08-2025,2026-08-31 08:36:10.000
"PERFECT NAILS                 "," LAN THI HANG                  ",Inside City Limits,812112,Beauty Salon,,2009-10-09 00:00:00.000,11ED006D-9410-4618-B2F0-767B512D0084,5414743220,826,E,,NE,ST,,,GRANTS PASS,OR,97526,2025-07-07 15:54:40.000,BTAX-040626-07-2025,2026-07-31 15:54:40.000
PERFECT PRESSURE," ",Outside City Limits,561790,Pressure Washing,,2022-08-16 00:00:00.000,84b34c38-8dee-4160-a23a-03f1d437ea36,5418416992,821,PAWN,,NW,WAY,,,GRANTS PASS,OR,97526,2025-09-16 11:14:17.000,BTAX-041768-09-2025,2026-09-30 11:14:17.000
PERFECT PRESSURE,MASON WOODWARD,Outside City Limits,561790,Pressure Washing,,2022-08-16 00:00:00.000,84b34c38-8dee-4160-a23a-03f1d437ea36,5418416992,821,PAWN,,NW,WAY,,,GRANTS PASS,OR,97526,2025-09-16 11:14:17.000,BTAX-041768-09-2025,2026-09-30 11:14:17.000
PERFORMANCE SYSTEMS INTEGRATION LLC,TRAVIS  EVERTON,Outside City Limits,541990,Professional-Misc,,2002-01-01 00:00:00.000,ADBC78A6-7A8D-42DD-8080-9817173E24AE,5036412222,7324,DURHAM,,SW,RD,,,PORTLAND,OR,97224,2025-12-08 11:57:44.000,BTAX-042406-12-2025,2026-12-31 11:57:44.000
"PETCO #1244                   "," PETCO ANIMAL SUPPLIES STORES  ",Inside City Limits,453910,Retail-Pets & Pet Supplies,,2008-09-29 00:00:00.000,8D1A701F-9AAE-4DB5-9699-C239E045CA62,5414741703,ATTN: LICENSING & COMPLIANCE,,654 RICHALND HILLS DR,,,,,SAN ANTONIO,TX,78245,2025-10-14 12:48:03.000,BTAX-042008-10-2025,2026-10-31 12:48:03.000
"PHAGANS GP COLLEGE OF BEAUTY  ",KAREN & KRISTIE  DIECKMAN,Inside City Limits,611511,Beauty School,,1992-08-04 00:00:00.000,AD81CCEB-2C54-43CC-9441-222393084BE1,5413174802,304,AGNESS,,NE,AVE,,#F,GRANTS PASS,OR,97526,2025-09-22 12:15:54.000,BTAX-041839-09-2025,2026-09-30 12:15:54.000
"PHILLIP T LOCKWOOD            ",PHILLIP LOCKWOOD,Outside City Limits,238190,Contractor-General/Building Exterior,,1999-01-12 00:00:00.000,E1247516-58AC-4B0C-A582-047E7DEC7C31,5414799711,1248,PICKETT CREEK,,,RD,,,GRANTS PASS,OR,97527,2025-09-15 12:10:56.000,BTAX-041759-09-2025,2026-09-30 12:10:56.000
"PICOLLO CONCRETE CONSTRUCTION ",AUGUST J & DINO E  PICOLLO,Outside City Limits,238110,Contractor-Concrete/Found/Structural,,1988-11-01 00:00:00.000,FB5EC4B7-3F8D-467D-AA03-746ECEBE057D,5416643851,PO BOX 3515,,,,,,,CENTRAL POINT,OR,97502,2025-07-16 10:18:59.000,BTAX-040797-07-2025,2026-07-31 10:18:59.000
PILOT ROCK FINANCIAL ADVISORS,RICHARD E  WILSON,Inside City Limits,523999,Finance-Investment Activities,,2025-10-06 00:00:00.000,97DF4B08-CEFD-4698-9F11-03D6C4207FB8,5414768573,755,6TH,,NE,ST,," ",GRANTS PASS,OR,97526,2025-08-14 15:10:00.000,BTAX-041271-08-2025,2026-08-31 15:10:00.000
PITNEY BOWES INC," PITNEY BOWES INC              ",Outside City Limits,453210,Retail-Office Supplies,,2003-12-23 00:00:00.000,2DC48430-5A4A-46C3-B635-2FD399F37837,2039224336,5310,CYPRESS CENTER,,,DR,,110,TAMPA,FL,33609,2025-09-23 10:06:58.000,BTAX-041851-09-2025,2026-09-30 10:06:58.000
"PJLM PROPERTIES LLC ",LARRY & PHYLLIS  MOORE,Outside City Limits,531311,Property Management,,1993-07-27 00:00:00.000,29131251-AAF0-4303-A58C-E32D67186448,5416089293,130,WHITE OAK,,,DR,,,MEDFORD,OR,97504,2025-08-22 09:33:19.000,BTAX-041493-08-2025,2026-08-31 09:33:19.000
"PLATINUM FINANCIAL LLC        ",PETER & SUSAN  TAMASHIRO,Inside City Limits,525990,Finance-Misc Finance,,2003-07-01 00:00:00.000,59D24765-A8C9-401F-A509-37EF60878836,5414721222,752,6TH,,NW,ST,,,GRANTS PASS,OR,97526,2025-07-23 09:51:21.000,BTAX-040929-07-2025,2026-07-31 09:51:21.000
"PLATT ELECTRIC SUPPLY         "," ",Outside City Limits,444130,Retail-Hardware,,1998-02-23 00:00:00.000,023C8A90-2BB6-43B7-B761-3774E19EDC7B,9723873600,ATTN LICENSING DEPARTMENT,,PO BOX 9085,,,,,ADDISON,TX,75001,2026-03-23 12:08:11.000,BTAX-043015-03-2026,2027-03-31 12:08:11.000
"PLATT ELECTRIC SUPPLY         "," ",Outside City Limits,444130,Retail-Hardware,,1998-02-23 00:00:00.000,023C8A90-2BB6-43B7-B761-3774E19EDC7B,9723873600,ATTN LICENSING DEPARTMENT,,PO BOX 9085,,,,,ADDISON,TX,75001,2026-03-23 12:08:11.000,BTAX-043015-03-2026,2027-03-31 12:08:11.000
PLAZA LIQUOR,HERB  HEIER,Inside City Limits,445310,Liquor Store,,2007-11-29 00:00:00.000,3261172B-73D8-43AB-AA21-35C82112FB5D,5414761844,1638,WILLIAMS,,,HWY,,,GRANTS PASS,OR,97527,2025-04-04 09:58:21.000,BTAX-040159-04-2025,2026-04-30 09:58:21.000
"PLAZA SEWING CENTER           ",RICK E & MARY A  CHAPMAN,Inside City Limits,451130,Retail-Fabric Shop,,1997-01-01 00:00:00.000,D5C3BCAD-50BC-420D-A4F3-51052DE74752,5414795757,311,6TH,,SE,ST,,,GRANTS PASS,OR,97526,2025-12-26 12:22:06.000,BTAX-042517-12-2025,2026-12-31 12:22:06.000
"PLUMBWORKS LLC                ",JOSEPH REDD,Inside City Limits,238990,Contractor-Trade/Specialty,,2007-06-01 00:00:00.000,3590F421-C39E-4F10-8CE6-36A31AF9CCAC,5414416068,300,CARTER,,,DR,,,GRANTS PASS,OR,97526,2025-08-12 12:12:51.000,BTAX-041175-08-2025,2026-08-31 12:12:51.000
"PLUMBWORKS LLC                ",JOE REDD,Inside City Limits,238990,Contractor-Trade/Specialty,,2007-06-01 00:00:00.000,3590F421-C39E-4F10-8CE6-36A31AF9CCAC,5414416068,300,CARTER,,,DR,,,GRANTS PASS,OR,97526,2025-08-12 12:12:51.000,BTAX-041175-08-2025,2026-08-31 12:12:51.000
"POINT MONITOR CORPORATION     ",MARK  HIGGINS,Outside City Limits,238990,Contractor-Trade/Specialty,,2003-07-01 00:00:00.000,280CF488-EC25-4955-932A-BDB544CF59B5,5036270100,5863,"LAKEVIEW ",,,BLVD,,SUITE 100,LAKE OSWEGO,OR,97035,2025-08-26 09:47:31.000,BTAX-041550-08-2025,2026-08-31 09:47:31.000
POINTE PEST CONTROL," ",Outside City Limits,561710,Pest Control,,2018-07-03 00:00:00.000,7ad78de9-e339-459f-b047-3a31d8435870,5095904100,1324,LIBERTY LAKE,,N,RD,,#226,LIBERTY LAKE,WA,99019,2026-01-22 12:45:14.000,BTAX-042669-01-2026,2027-01-31 12:45:14.000
POINTE PEST CONTROL,JACOB  BORG,Outside City Limits,561710,Pest Control,,2018-07-03 00:00:00.000,7ad78de9-e339-459f-b047-3a31d8435870,5095904100,1324,LIBERTY LAKE,,N,RD,,#226,LIBERTY LAKE,WA,99019,2026-01-22 12:45:14.000,BTAX-042669-01-2026,2027-01-31 12:45:14.000
POLISHED BEAUTY LLC," ",Inside City Limits,812113,Nail Salon,,2023-11-01 00:00:00.000,2c2d5dc1-144a-458f-a007-60cb194541fd,5412955821,1441,PLAYFORD,,,LN,,,GRANTS PASS,OR,97527,2025-11-24 15:47:47.000,BTAX-042351-11-2025,2026-11-30 15:47:47.000
POLISHED BEAUTY LLC,ASHLEY LYCETT,Inside City Limits,812113,Nail Salon,,2023-11-01 00:00:00.000,2c2d5dc1-144a-458f-a007-60cb194541fd,5412955821,1441,PLAYFORD,,,LN,,,GRANTS PASS,OR,97527,2025-11-24 15:47:47.000,BTAX-042351-11-2025,2026-11-30 15:47:47.000
"PONGSRI THAI CUISINE          ",ORAVUT  BOONYAPRAYOON,Inside City Limits,722511,Restaurant,,1985-09-01 00:00:00.000,393A7D83-1AB5-4413-BF02-8095733DCAFA,5419551662,323,E,,NE,ST,,,GRANTS PASS,OR,97527,2025-10-07 16:37:25.000,BTAX-041967-10-2025,2026-10-31 16:37:25.000
"PORTER CONSTRUCTION           ",GARY  PORTER,Outside City Limits,238190,Contractor-General/Building Exterior,,1996-12-09 00:00:00.000,1A35514A-45B9-461B-8899-2179F7D1D04B,5416603536,PO BOX 400,,,,,,,MURPHY,OR,97533,2025-09-09 12:35:34.000,BTAX-041706-09-2025,2026-09-30 12:35:34.000
PORTOLA PROPERTIES LLC," ",Outside City Limits,531110,Rental Units/Landlord,,2004-07-01 00:00:00.000,31DFE1F3-7B1C-4920-A4E5-719F3E6537F8,5414765305,PO BOX 967,,,,,,,GRANTS PASS,OR,97528,2025-08-13 08:33:15.000,BTAX-041211-08-2025,2026-07-31 08:33:15.000
PORTOLA PROPERTIES LLC,MARTIN BAUER,Outside City Limits,531110,Rental Units/Landlord,,2004-07-01 00:00:00.000,31DFE1F3-7B1C-4920-A4E5-719F3E6537F8,5414765305,PO BOX 967,,,,,,,GRANTS PASS,OR,97528,2025-08-13 08:33:15.000,BTAX-041211-08-2025,2026-07-31 08:33:15.000
POWDERHORN CAFE + PIES LLC,KATHERINE KIRKPATRICK,Inside City Limits,722511,Restaurant,,2022-07-25 00:00:00.000,ac8cffe3-6cb2-4eba-a88e-1dab786ef393,5414799403,321,6th,,NE,ST,,,GRANTS PASS,OR,97526,2025-07-11 12:10:53.000,BTAX-040684-07-2025,2026-07-31 12:10:53.000
POWER EQUIPMENT INC,NICOLAAS AND DEVON HUTTEMA,Inside City Limits,811310,Machinery/Equipment Maint,LEWIS POWER EQUIPMENT,2007-12-04 00:00:00.000,39F43F44-1E29-4996-852A-FABA4AE2C703,5414712787,1307,REDWOOD,,,AVE,,,GRANTS PASS,OR,97527,2025-07-22 12:38:36.000,BTAX-040879-07-2025,2026-07-31 12:38:36.000
PRATT AND PRATT ENTERPRISES LLC,RANDALL VOGES,Outside City Limits,561710,Pest Control,HIGHLAND PEST CONTROL,1996-02-06 00:00:00.000,CD68A0A1-3E44-4DE2-B22E-CE473274B1A7,5414766326,PO BOX 5708,,,,,,,GRANTS PASS,OR,97527,2025-09-12 10:14:32.000,BTAX-041736-09-2025,2026-09-30 10:14:32.000
PRATT ENTERPRISES INC," ",Inside City Limits,611710,Educational Support Services,SOUTHERN OREGON SCHOOL OF MUSIC,2017-08-16 00:00:00.000,bbc17148-0311-48e9-b43e-e52983d037be,5412262300,PO BOX 971,,,,,,,MERLIN,OR,97532,2025-09-16 11:26:33.000,BTAX-041770-09-2025,2026-09-30 11:26:33.000
PRATT ENTERPRISES INC,DEBORAH  PRATT,Inside City Limits,611710,Educational Support Services,SOUTHERN OREGON SCHOOL OF MUSIC,2017-08-16 00:00:00.000,bbc17148-0311-48e9-b43e-e52983d037be,5412262300,PO BOX 971,,,,,,,MERLIN,OR,97532,2025-09-16 11:26:33.000,BTAX-041770-09-2025,2026-09-30 11:26:33.000
"PRECISE FINISHING             ",LLOYD  RUSSELL,Inside City Limits,238990,Contractor-Trade/Specialty,,2011-06-01 00:00:00.000,6F35B29D-62BB-4FC1-B32B-CE127B854FC3,5417871550,1400,LOVITT,,,LN,,,GRANTS PASS,OR,97527,2025-07-16 08:39:03.000,BTAX-040785-07-2025,2026-07-31 08:39:03.000
"PRECISION CURBS AND CONCRETE, LLC",MICHAEL BUTLER,Outside City Limits,238110,Contractor-Concrete/Found/Structural,,2023-01-30 00:00:00.000,896da137-ac83-4cda-811f-ce8ab9b26625,5418409853,PO BOX 267,,,,,,,EAGLE POINT,OR,97524,2026-01-12 11:54:17.000,BTAX-042597-01-2026,2027-01-31 11:54:17.000
"PRECISION DENTURE INC         ",EDWARD  EPLETT,Inside City Limits,621210,Medical-Dentist,,2013-01-01 00:00:00.000,FE75B3A2-4F3F-4476-A538-B956EC05D0CE,5414797199,822,E,,NE,ST,,SUITE B,GRANTS PASS,OR,97526,2025-10-20 14:57:53.000,BTAX-042070-10-2025,2026-10-31 14:57:53.000
PRECISION ELECTRIC CONTRACTORS,JACK SCHMIDT,Outside City Limits,238210,Contractor-Electrical,,1997-03-20 00:00:00.000,F865C5DA-02D8-4D80-9625-C41CF1F4543F,5417736279,425,FRONT,,N,ST,,,MEDFORD,OR,97501,2025-07-07 15:57:39.000,BTAX-040627-07-2025,2026-07-31 15:57:39.000
"PRECISION INTERIORS           ",CHRISTOPHER  BERRY,Inside City Limits,321999,Manufacturing-Wood Products,,1987-07-01 00:00:00.000,0B81E210-3A38-42A0-96CF-80FAB5A68530,5414741716,1145,"LOUISE ",,SW,CIR,,,GRANTS PASS,OR,97526,2025-10-06 15:33:45.000,BTAX-041948-10-2025,2026-10-31 15:33:45.000
"PRECISION PRINTING            ",CHRISTINE  CRAWFORD,Inside City Limits,323111,Printing-Commercial,,1990-04-01 00:00:00.000,178E7AE1-B3FB-4BDB-9181-F851BCF8D2B3,5414743880,1606,DOWELL,,,RD,,,GRANTS PASS,OR,97527,2025-09-05 10:33:37.000,BTAX-041647-09-2025,2026-08-31 10:33:37.000
PREFERRED PLUMBING INC.," ",Outside City Limits,238220,Plumber,,2022-12-08 00:00:00.000,2bc6e71c-befd-4861-a826-fd8c627739b8,4582208800,2333,MEADOWS,,,LN,,,MEDFORD,OR,97501,2025-04-04 12:22:51.000,BTAX-040162-04-2025,2026-04-30 12:22:51.000
PREFERRED PLUMBING INC.,MITCHELL HENSON,Outside City Limits,238220,Plumber,,2022-12-08 00:00:00.000,2bc6e71c-befd-4861-a826-fd8c627739b8,4582208800,2333,MEADOWS,,,LN,,,MEDFORD,OR,97501,2025-04-04 12:22:51.000,BTAX-040162-04-2025,2026-04-30 12:22:51.000
"PREFERRED PUMP & EQUIPMENT LP "," PPE GENPAR                   ",Inside City Limits,425120,Wholesale Agent,,2008-01-02 00:00:00.000,1D258F2B-BBDD-4E52-B936-79CE9E8BF8E3,8175369800,2201,SCOTT,,,AVE,,,FORT WORTH,TX,76103,2025-08-05 14:54:59.000,BTAX-041103-08-2025,2026-07-31 14:54:59.000
PREGNANCY CARE CENTER OF GRANTS PASS," FULLER & TAMASHIRO            ",Inside City Limits,621498,Medical-Outpatient Care Center,,2010-05-01 00:00:00.000,BC143D42-72DC-47CB-8B12-9157D760D3DE,5414796264,714,8TH,,SE,ST,,,GRANTS PASS,OR,97526,2025-07-15 15:14:24.000,BTAX-040769-07-2025,2026-07-31 15:14:24.000
"PREMIER OXYGEN LLC           ",JENNIFER  THORNTON,Inside City Limits,541990,Professional-Misc,,2003-07-01 00:00:00.000,61729755-9AA8-497D-B3CD-733A50AE505C,5419569177,PO BOX 50544,,,,,,,PROVO,UT,84605,2025-11-10 12:03:08.000,BTAX-042263-11-2025,2026-11-30 12:03:08.000
"PREMIER REALTY                ",Robert Bellenbaum,Inside City Limits,531210,Real Estate Agents/Brokers,,1991-07-01 00:00:00.000,92B1750E-5CFC-4068-8017-50D1796AFBF9,5419448764,1630,"WILLIAMS   ",,,HWY,,#320,GRANTS PASS,OR,97527,2026-03-20 09:06:42.000,BTAX-043002-03-2026,2027-03-31 09:06:42.000
"PREMIER REALTY                ",ROBERT BELLENBAUM,Inside City Limits,531210,Real Estate Agents/Brokers,,1991-07-01 00:00:00.000,92B1750E-5CFC-4068-8017-50D1796AFBF9,5419448764,1630,"WILLIAMS   ",,,HWY,,#320,GRANTS PASS,OR,97527,2026-03-20 09:06:42.000,BTAX-043002-03-2026,2027-03-31 09:06:42.000
"PREMIERE NETWORKS INC        "," PREMIERE NETWORKS INC",Inside City Limits,515112,Radio Station,,2003-02-01 00:00:00.000,56EAEA86-81DE-411C-92D1-FC38D6E4554C,2108222828,20880,STONE OAK,,,PKWY,,,SAN ANTONIO,TX,78258,2025-05-19 11:04:32.000,BTAX-040380-05-2025,2026-05-31 11:04:32.000
"PRESSURE POINT ROOFING, INC   ",Larry Sykes,Outside City Limits,238160,Roofing,,1991-06-17 00:00:00.000,F68A0C8A-A932-4B62-8C7D-B6868A0F796B,5417721945,5235,RAINBOW,,,DR,,,CENTRAL POINT,OR,97502,2025-08-25 14:35:32.000,BTAX-041531-08-2025,2026-08-31 14:35:32.000
PRESTIGE LANDSCAPE MANAGEMENT YARD CARE,KEVEN BOGART,Outside City Limits,561730,Yard Services,,1995-03-10 00:00:00.000,DEF00C81-617D-4DCD-B513-798A4F6EA6B7,5419557054,432,WHITERIDGE,,,RD,,,GRANTS PASS,OR,97527,2025-10-22 11:42:59.000,BTAX-042102-10-2025,2026-10-31 11:42:59.000
PRESTIGIOUS HOMES CONSTRUCTION,MICHAEL & CAROL  MASTERS,Outside City Limits,238190,Contractor-General/Building Exterior,,2014-08-26 00:00:00.000,0E20FDA4-C7C5-4E1C-9C7B-E6C72CCEA590,5416606006,PO BOX 1030,,,,,,,GRANTS PASS,OR,97528,2025-09-15 15:07:45.000,BTAX-041761-09-2025,2026-09-30 15:07:45.000
PRICE FAMILY ENTERPRISES LLC," ",Inside City Limits,453998,All Other Miscellaneous Store Retailers (Except Tobacco Stores),REDWOOD CANNABIS DISPENSARY,2018-09-10 00:00:00.000,8863e887-b077-4613-8383-9e3a159d216c,5419168140,825,F,,NE,ST,,,GRANTS PASS,OR,97526,2025-12-02 12:15:04.000,BTAX-042374-12-2025,2026-12-31 12:15:04.000
PRICE FAMILY ENTERPRISES LLC,BRYAN PRICE,Inside City Limits,453998,All Other Miscellaneous Store Retailers (Except Tobacco Stores),REDWOOD CANNABIS DISPENSARY,2018-09-10 00:00:00.000,8863e887-b077-4613-8383-9e3a159d216c,5419168140,825,F,,NE,ST,,,GRANTS PASS,OR,97526,2025-12-02 12:15:04.000,BTAX-042374-12-2025,2026-12-31 12:15:04.000
PRICE FAMILY ENTERPRISES LLC,MARC & LAUREN PRICE,Inside City Limits,453998,All Other Miscellaneous Store Retailers (Except Tobacco Stores),REDWOOD CANNABIS DISPENSARY,2018-09-10 00:00:00.000,8863e887-b077-4613-8383-9e3a159d216c,5419168140,825,F,,NE,ST,,,GRANTS PASS,OR,97526,2025-12-02 12:15:04.000,BTAX-042374-12-2025,2026-12-31 12:15:04.000
PRICK AND POKE TATTOO,ROBIN AND DIANNE GILLILAND,Inside City Limits,812199,Tattoo/Piercing Shop,,2023-05-31 00:00:00.000,c6424d4c-3be7-4302-bb33-aa956e1ca6ed,4582123544,914,6TH,,SW,ST,,,GRANTS PASS,OR,97526,2025-06-04 15:14:53.000,BTAX-040466-06-2025,2026-06-30 15:14:53.000
"PRIME COMMS RETAIL, LLC",ROBERT LLOYD MIKE NICHOLS,Inside City Limits,517110,Telecommunication-Wireless Carrier,AT&T AUTHORIZED RETAILER #2812,2015-11-01 00:00:00.000,40E471EF-44A2-45F1-B8CD-EC07E8B84806,2812756893,C/O DMA,PO BOX 80600,,,,,,INDIANAPOLIS,IN,46280,2025-09-08 10:25:57.000,BTAX-041673-09-2025,2026-09-30 10:25:57.000
PRIME SEAN WARD PROPERTIES," ",Inside City Limits,531210,Real Estate Agents/Brokers,,2020-08-28 00:00:00.000,609ecad9-2bce-443e-94f1-c6a70e034166,5414411140,147,BRYCE,,NE,CT,,,GRANTS PASS,OR,97526,2025-08-22 10:58:23.000,BTAX-041498-08-2025,2026-08-31 10:58:23.000
PRIME SEAN WARD PROPERTIES,SEAN WARD,Inside City Limits,531210,Real Estate Agents/Brokers,,2020-08-28 00:00:00.000,609ecad9-2bce-443e-94f1-c6a70e034166,5414411140,147,BRYCE,,NE,CT,,,GRANTS PASS,OR,97526,2025-08-22 10:58:23.000,BTAX-041498-08-2025,2026-08-31 10:58:23.000
"PROBOOKS CONSULTING LLC      ",WENDY  DEMAREE,Inside City Limits,541213,Tax Preparation Services,,2009-05-01 00:00:00.000,1B02F19E-D9BF-4A91-815B-F7F9BE540241,5412441886,824,A,,NE,ST,,,GRANTS PASS,OR,97526,2025-07-11 10:43:46.000,BTAX-040671-07-2025,2026-07-31 10:43:46.000
"PROBST FLOWER SHOP #2         ",PATRICIA  WEAVER,Outside City Limits,453110,Florist,,1992-02-01 00:00:00.000,368DBC38-D637-408C-942B-2D76D6D012A1,5414714375,1626,WILLIAMS,,,HWY,,,GRANTS PASS,OR,97526,2025-09-05 15:58:01.000,BTAX-041667-09-2025,2026-09-30 15:58:01.000
"PROGRESSIVE SYSTEMS PLUMBING  ",JAMES COLEMAN,Outside City Limits,238220,Plumber,,1993-01-04 00:00:00.000,4C0AA4C6-65E6-45DB-8EA7-AFCB803264F7,5412184769,9009,MONUMENT,,,DR,,,GRANTS PASS,OR,97526,2025-09-17 10:15:59.000,BTAX-041783-09-2025,2026-09-30 10:15:59.000
PRO-KOTE WATERPROOFING / CONSTRUCTION,FRED & CHRISTINE  NELSON,Outside City Limits,238190,Contractor-General/Building Exterior,PRO-KOTE CONTRACTORS & SUPPLY,1996-03-20 00:00:00.000,CD560DE3-9720-4602-B3BF-081A61150B1A,5417322551,408,OAK GROVE,,,RD,,,MEDFORD,OR,97501,2025-07-25 15:39:46.000,BTAX-041000-07-2025,2026-07-31 15:39:46.000
PROPERTY MANAGEMENT GROUP OF OR,SCOTT  DAVIS,Inside City Limits,531311,Property Management,,2010-06-15 00:00:00.000,7ED47677-16F4-499F-BD3B-41C5D40BBC60,5416603003,126,D,,NW,ST,,,GRANTS PASS,OR,97526,2026-02-04 14:53:40.000,BTAX-042735-02-2026,2027-02-28 14:53:40.000
PROSTAT ELECTRIC,DALE KRUEGER,Outside City Limits,238210,Contractor-Electrical,,2019-03-26 00:00:00.000,ab7ef527-dd67-4800-9577-0111e5288708,5035397772,1721,64TH,,NE,AVE,,,VANCOUVER,WA,98661,2026-03-13 15:14:33.000,BTAX-042969-03-2026,2027-02-28 15:14:33.000
PROSTAT ELECTRIC,BRANDON KRUEGER,Outside City Limits,238210,Contractor-Electrical,,2019-03-26 00:00:00.000,ab7ef527-dd67-4800-9577-0111e5288708,5035397772,1721,64TH,,NE,AVE,,,VANCOUVER,WA,98661,2026-03-13 15:14:33.000,BTAX-042969-03-2026,2027-02-28 15:14:33.000
"PROTECH PLUMBING              ",DANIEL  HEADLEY,Inside City Limits,238220,Plumber,,2004-11-11 00:00:00.000,459A5F81-8DBD-44C6-903F-E8BA6CCC38ED,5414768589,1406,PARKDALE,,,DR,,,GRANTS PASS,OR,97527,2025-04-21 15:48:48.000,BTAX-040239-04-2025,2026-04-30 15:48:48.000
PUMP PIPE & TANK SERVICES LLC,ROBERT  MCHENRY,Outside City Limits,238190,Contractor-General/Building Exterior,,1992-09-18 00:00:00.000,5CED3596-194F-43DB-BFC2-531B1A532C59,5415356542,PO BOX 146,,,,,,,TALENT,OR,97540,2025-08-05 11:53:15.000,BTAX-041101-08-2025,2026-07-31 11:53:15.000
"PURA VIDA FOOD SOURCE LLC     ",SUSAN  BURTON,Inside City Limits,722320,Caterer,,2011-05-11 00:00:00.000,79A1A627-6A71-4658-95AB-B4F7CC54C445,5417271511,325,BURGESS,,SW,ST,,,GRANTS PASS,OR,97526,2025-08-15 14:50:31.000,BTAX-041291-08-2025,2026-08-31 14:50:31.000
PURDY CONSTRUCTION INC,DEAN & CHADD  PURDY,Outside City Limits,238110,Contractor-Concrete/Found/Structural,,2001-07-09 00:00:00.000,03366637-CC7F-4134-8211-D86B0349E681,5418264473,2885,RANDAL,,,AVE,,,CENTRAL POINT,OR,97502,2025-07-22 15:22:51.000,BTAX-040909-07-2025,2026-07-31 15:22:51.000
"PURE WATER PLUMBING INC      ",JOHN M  JACOBS,Inside City Limits,238220,Plumber,,2007-11-15 00:00:00.000,46F775C5-ABA2-4B9C-8577-40F77EC4FBE3,5416601462,3233,REDWOOD,,,AVE,,,GRANTS PASS,OR,97527,2025-07-28 08:32:48.000,BTAX-041005-07-2025,2026-07-31 08:32:48.000
PURELIGHT POWER NEWCO LLC," ",Outside City Limits,238220,Solar Equipment Installation,,2019-05-01 00:00:00.000,745867e2-4366-4cd2-a704-de68a2d986f4,5418164047,3521,AVION,,,DR,,200,MEDFORD,OR,97504,2025-10-30 11:41:59.000,BTAX-042159-10-2025,2026-10-31 11:41:59.000
PURELIGHT POWER NEWCO LLC,DUSTIN WYNN,Outside City Limits,238220,Solar Equipment Installation,,2019-05-01 00:00:00.000,745867e2-4366-4cd2-a704-de68a2d986f4,5418164047,3521,AVION,,,DR,,200,MEDFORD,OR,97504,2025-10-30 11:41:59.000,BTAX-042159-10-2025,2026-10-31 11:41:59.000
PURELIGHT POWER NEWCO LLC,JONATHAN BECK,Outside City Limits,238220,Solar Equipment Installation,,2019-05-01 00:00:00.000,745867e2-4366-4cd2-a704-de68a2d986f4,5418164047,3521,AVION,,,DR,,200,MEDFORD,OR,97504,2025-10-30 11:41:59.000,BTAX-042159-10-2025,2026-10-31 11:41:59.000
"PURPOSE FIRST FINANCIAL, LLC "," ",Inside City Limits,525990,Finance-Misc Finance,,2018-08-17 00:00:00.000,204b77d3-1f72-48fe-a5f5-da1cc9d53697,5414740824,820,7TH,,NE,ST,,SUITE 2,GRANTS PASS,OR,97527,2025-08-22 12:35:31.000,BTAX-041510-08-2025,2026-08-31 12:35:31.000
"PURPOSE FIRST FINANCIAL, LLC ",JASON BURLEY,Inside City Limits,525990,Finance-Misc Finance,,2018-08-17 00:00:00.000,204b77d3-1f72-48fe-a5f5-da1cc9d53697,5414740824,820,7TH,,NE,ST,,SUITE 2,GRANTS PASS,OR,97527,2025-08-22 12:35:31.000,BTAX-041510-08-2025,2026-08-31 12:35:31.000
PYE-BARKER FIRE & SAFETY," ",Outside City Limits,238990,Contractor-Trade/Specialty,"NORTHWEST FIRE SUPRESSION,INC",2005-01-20 00:00:00.000,BE6597EE-1BE8-4C85-887E-790503B1D3A4,5036447720,PO BOX 12487,,,,,,,OGDEN,UT,84412,2025-08-20 14:48:12.000,BTAX-041472-08-2025,2026-08-31 14:48:12.000
QUAIL MOUNTAIN COFFEE & VENDING," QUAIL MOUNTAIN INC            ",Outside City Limits,424210,Vending Machine Operator,,2014-03-11 00:00:00.000,3AB4AA8B-352D-4C0A-B027-4849E5357680,5418841313,4033,MILLER,,,AVE,,,KLAMATH FALLS,OR,97603,2025-07-09 14:52:46.000,BTAX-040645-07-2025,2026-07-31 14:52:46.000
"QUALITY AUTOMOTIVE PARTS      ",JEFF & YVONNE  ROTHROCK,Inside City Limits,441310,Retail-Automotive Parts & Accessories,,2001-03-01 00:00:00.000,7CC3C6DE-C401-4EBB-B518-1A14E94610CB,5414749858,531,G,,SW,ST,,,GRANTS PASS,OR,97526,2025-07-22 11:51:49.000,BTAX-040862-07-2025,2026-07-31 11:51:49.000
"QUALITY CARS                  ",LON  MCKELLAR,Inside City Limits,441120,Auto-Used Car Dealer,,1995-06-15 00:00:00.000,C8373E0F-2C2A-4E11-B820-46828F32A11E,5414796079,1660,"7TH ",,NE,ST,,,GRANTS PASS,OR,97526,2025-08-26 10:37:27.000,BTAX-041556-08-2025,2026-08-31 10:37:27.000
"QUALITY COMMUNICATIONS INC    "," ",Outside City Limits,237130,Contractor-Telecommunications,,1993-04-20 00:00:00.000,430ACBFB-2926-4EB0-9CF4-29C1D63A7FE4,2083757151,212,MURRAY,,,ST,,,GARDEN CITY,ID,83714,2025-05-20 14:46:23.000,BTAX-040399-05-2025,2026-05-31 14:46:23.000
"QUALITY COUNTERTOPS INC       ",BRIAN  CHAPMAN,Inside City Limits,442299,"Retail-Home Furnishings ",,2007-12-03 00:00:00.000,642471BD-C9DE-4602-A206-F2F63C4302CC,5414795535,1584,DOWELL,,,RD,,,GRANTS PASS,OR,97527,2025-08-19 09:40:52.000,BTAX-041360-08-2025,2026-07-31 09:40:52.000
"QUALITY FENCE COMPANY         ",STEVE  RIETMANN,Inside City Limits,238190,Contractor-General/Building Exterior,RELIABLE ELECTRIC,2008-02-06 00:00:00.000,D54B210F-EDAA-461F-8949-802DC2F5CF1A,5414798052,PO BOX 3985,,,,,,,CENTRAL POINT,OR,97502,2025-07-22 15:40:17.000,BTAX-040913-07-2025,2026-07-31 15:40:17.000
"QUALITY FLOORING              ",LYMAN  HOPPINS,Inside City Limits,238330,Flooring,,2007-02-15 00:00:00.000,F3E5EDB2-B104-4781-A778-CFEAA82045D0,5414795800,926,M,,SE,ST,,,GRANTS PASS,OR,97526,2025-08-14 15:25:21.000,BTAX-041279-08-2025,2026-08-31 15:25:21.000
"QUALITY LIFE FAMILY PRACTICE, LLC"," ",Inside City Limits,621111,Medical-Physician,,2020-10-01 00:00:00.000,831e4340-d3a5-46d1-963e-6ee7cc1ba4ff,,1201,7TH,,NE,ST,,STE E,GRANTS PASS,OR,97526,2025-09-10 10:06:58.000,BTAX-041721-09-2025,2026-09-30 10:06:58.000
"QUALITY LIFE FAMILY PRACTICE, LLC",RICHARD PIKE,Inside City Limits,621111,Medical-Physician,,2020-10-01 00:00:00.000,831e4340-d3a5-46d1-963e-6ee7cc1ba4ff,,1201,7TH,,NE,ST,,STE E,GRANTS PASS,OR,97526,2025-09-10 10:06:58.000,BTAX-041721-09-2025,2026-09-30 10:06:58.000
"QUALITY LIFE FAMILY PRACTICE, LLC",DARLENA PIKE,Inside City Limits,621111,Medical-Physician,,2020-10-01 00:00:00.000,831e4340-d3a5-46d1-963e-6ee7cc1ba4ff,,1201,7TH,,NE,ST,,STE E,GRANTS PASS,OR,97526,2025-09-10 10:06:58.000,BTAX-041721-09-2025,2026-09-30 10:06:58.000
QUIGLEY'S RIVER PASS,CHRIS DOUGLAS,Inside City Limits,531110,Rental Units/Landlord,,2020-11-13 00:00:00.000,8499745f-92b7-4067-9e6f-70e25c1851d2,4086469027,1272,PARK,,S,DR,,,GRANTS PASS,OR,97527,2025-11-06 12:09:39.000,BTAX-042224-11-2025,2026-11-30 12:09:39.000
QUIGLEY'S RIVER PASS," ",Inside City Limits,531110,Rental Units/Landlord,,2020-11-13 00:00:00.000,8499745f-92b7-4067-9e6f-70e25c1851d2,4086469027,1272,PARK,,S,DR,,,GRANTS PASS,OR,97527,2025-11-06 12:09:39.000,BTAX-042224-11-2025,2026-11-30 12:09:39.000
QUIGLEY'S RIVER PASS,JILL QUIGLEY,Inside City Limits,531110,Rental Units/Landlord,,2020-11-13 00:00:00.000,8499745f-92b7-4067-9e6f-70e25c1851d2,4086469027,1272,PARK,,S,DR,,,GRANTS PASS,OR,97527,2025-11-06 12:09:39.000,BTAX-042224-11-2025,2026-11-30 12:09:39.000
QUILTING CIRCLE," ",Inside City Limits,999999,Crafts & Hobbies,,2020-08-01 00:00:00.000,4673ebb5-37eb-4ee2-9608-0217692ec059,5414799715,2179,INDUSTRY,,NE,DR,,STE 6,GRANTS PASS,OR,97526,2025-10-29 12:34:42.000,BTAX-042148-10-2025,2026-10-31 12:34:42.000
QUILTING CIRCLE,BRANDAN & BARBARA  CONOVER,Inside City Limits,999999,Crafts & Hobbies,,2020-08-01 00:00:00.000,4673ebb5-37eb-4ee2-9608-0217692ec059,5414799715,2179,INDUSTRY,,NE,DR,,STE 6,GRANTS PASS,OR,97526,2025-10-29 12:34:42.000,BTAX-042148-10-2025,2026-10-31 12:34:42.000
QUINN'S PUMP SERVICES & SUPPLY,BOB  QUINN,Outside City Limits,238990,Contractor-Trade/Specialty,QUINN'S PUMP SERVICE,2006-05-05 00:00:00.000,BA797379-7C1F-456E-9499-6DF150EB3739,5418629355,6811,WILLIAMS,,,HWY,,,GRANTS PASS,OR,97527,2026-03-10 10:35:23.000,BTAX-042929-03-2026,2027-02-28 10:35:23.000
"R & D ENVIRONMENTAL SOLUTIONS ",DANNY BOONE &  RICK GATES,Inside City Limits,238190,Contractor-General/Building Exterior,,2004-07-01 00:00:00.000,24A691AC-9EFD-4653-B002-10AED7CF28D4,5414717008,1439,6TH,,NE,ST,,SUITE 2,GRANTS PASS,OR,97526,2025-08-13 14:40:44.000,BTAX-041223-08-2025,2026-08-31 14:40:44.000
"R & L INVESTMENTS             ",RON & LAURA  GRONBACH,Outside City Limits,531110,Rental Units/Landlord,,2011-11-28 00:00:00.000,C95678D3-F30B-4853-9234-80677EF5C89F,5417611700,1465,THREE PINES,,,RD,,,GRANTS PASS,OR,97526,2025-07-25 10:57:09.000,BTAX-040979-07-2025,2026-07-31 10:57:09.000
"R & M LUMBER SALES            ",RANDY  HVALL,Inside City Limits,423310,"Lumber, Plywood, Millwork, and Wood Panel Merchant",,1992-04-13 00:00:00.000,8DB6C6BB-1405-431B-AD50-B84D6A007CBA,5414798292,PO BOX 2047,,,,,,,GRANTS PASS,OR,97528,2025-07-10 12:49:04.000,BTAX-040654-07-2025,2026-07-31 12:49:04.000
R & M MARKET COMPANY LLC,RAKESH SHARMA,Inside City Limits,445120,Convenience Store,A-1 MARKET #14,2021-09-14 00:00:00.000,c7369158-fecf-41cb-8f42-2ae52dfd54bb,5414792240,225,8TH,,SE,ST,,,GRANTS PASS,OR,97526,2025-08-22 15:07:43.000,BTAX-041518-08-2025,2026-08-31 15:07:43.000
R & M MARKET COMPANY LLC," ",Inside City Limits,445120,Convenience Store,A-1 MARKET #14,2021-09-14 00:00:00.000,c7369158-fecf-41cb-8f42-2ae52dfd54bb,5414792240,225,8TH,,SE,ST,,,GRANTS PASS,OR,97526,2025-08-22 15:07:43.000,BTAX-041518-08-2025,2026-08-31 15:07:43.000
R & M MARKET COMPANY LLC," ",Inside City Limits,445120,Convenience Store,A-1 MARKET #5,2007-12-05 00:00:00.000,BE12C2E0-949E-4295-B57B-7A186DA76423,5414792240,1671,WILLOW,,,LN,,,GRANTS PASS,OR,97527,2026-02-09 09:01:27.000,BTAX-042758-02-2026,2027-02-28 09:01:27.000
"R & R COMPANY, LLC",RAJU SHRESTHA,Inside City Limits,453998,All Other Miscellaneous Store Retailers (Except Tobacco Stores),C & D MARKET AND DELI,2020-12-15 00:00:00.000,4fe67978-f030-44bb-939d-d3b6682c3055,,1720,REDWOOD,,,AVE,,STE A,GRANTS PASS,OR,97527,2025-11-05 15:47:38.000,BTAX-042220-11-2025,2026-11-30 15:47:38.000
"R & R COMPANY, LLC"," ",Inside City Limits,453998,All Other Miscellaneous Store Retailers (Except Tobacco Stores),C & D MARKET AND DELI,2020-12-15 00:00:00.000,4fe67978-f030-44bb-939d-d3b6682c3055,,1720,REDWOOD,,,AVE,,STE A,GRANTS PASS,OR,97527,2025-11-05 15:47:38.000,BTAX-042220-11-2025,2026-11-30 15:47:38.000
"R & R CUSTOM BUILDERS LLC    ",ROGER  SKODA,Outside City Limits,238190,Contractor-General/Building Exterior,,1999-07-21 00:00:00.000,19957275-B1B2-4B25-B7F9-1B05BE28D620,5414793723,2559,LELAND,,,RD,,,WOLF CREEK,OR,97497,2025-11-20 12:43:24.000,BTAX-042328-11-2025,2026-11-30 12:43:24.000
R & S MARKET LLC," ",Inside City Limits,445120,Convenience Store,SIXTH ST MARKET,2016-12-08 00:00:00.000,965a642a-386b-441b-b4f3-8c368f5d7c56,7075086406,1720,"REDWOOD ",,,AVE,,A & B,GRANTS PASS,OR,97527,2025-08-05 10:06:52.000,BTAX-041094-08-2025,2026-07-31 10:06:52.000
R & S MARKET LLC,RAJU SHRESTHA & PUSPA SHRESTHA,Inside City Limits,453991,Retail-Tobacco Store,REDWOOD SMOKE SHOP,2018-10-18 00:00:00.000,8b5a0842-b05b-41a9-90ae-92151fdfd385,7075086406,1720,"REDWOOD ",,,AVE,,A,GRANTS PASS,OR,97527,2025-11-05 15:43:53.000,BTAX-042219-11-2025,2026-11-30 15:43:53.000
R & S MARKET LLC," ",Inside City Limits,453991,Retail-Tobacco Store,REDWOOD SMOKE SHOP,2018-10-18 00:00:00.000,8b5a0842-b05b-41a9-90ae-92151fdfd385,7075086406,1720,"REDWOOD ",,,AVE,,A,GRANTS PASS,OR,97527,2025-11-05 15:43:53.000,BTAX-042219-11-2025,2026-11-30 15:43:53.000
R & S MARKET LLC," ",Inside City Limits,445110,Food-Deli,ROGUE RIVER MARKET & DELI,2015-10-01 00:00:00.000,70BC7C89-B818-48D9-89F0-8CC6AB8E61C7,7075086406,1720,REDWOOD,,,AVE,,A & B,GRANTS PASS,OR,97527,2025-08-05 10:09:28.000,BTAX-041095-08-2025,2026-07-31 10:09:28.000
"R.D. YOUNGMON CONSTRUCTION    ",ROBERT  YOUNGMON,Inside City Limits,238190,Contractor-General/Building Exterior,,2009-08-05 00:00:00.000,A085CD12-86E5-45A8-85D3-2EA820D1C141,5416603945,2700,LEONARD,,,RD,,,GRANTS PASS,OR,97527,2025-10-31 09:57:14.000,BTAX-042171-10-2025,2026-10-31 09:57:14.000
"RADIANT FAMILY LLC            "," BLACK & KRYZAK                ",Inside City Limits,621111,Medical-Physician,,2013-03-04 00:00:00.000,6F5AE0A6-046F-4E32-A610-4F454D516D7F,5412440111,130,MANZANITA,,NE,AVE,,,GRANTS PASS,OR,97526,2025-10-17 10:03:48.000,BTAX-042048-10-2025,2026-07-31 10:03:48.000
"RAINY DAY GUTTERS   "," ",Outside City Limits,561720,Cleaning Service,,2005-12-20 00:00:00.000,B0E6123B-0A2E-493A-A810-047502E7C691,5417615217,563,BOYER,,,RD,,,GRANTS PASS,OR,97526,2025-09-11 16:12:09.000,BTAX-041731-09-2025,2026-09-30 16:12:09.000
"RAINY DAY GUTTERS   ",ROBERT & CRYSTAL KELLY,Outside City Limits,561720,Cleaning Service,,2005-12-20 00:00:00.000,B0E6123B-0A2E-493A-A810-047502E7C691,5417615217,563,BOYER,,,RD,,,GRANTS PASS,OR,97526,2025-09-11 16:12:09.000,BTAX-041731-09-2025,2026-09-30 16:12:09.000
RAKESH AND RAM COMPANY LLC," ",Inside City Limits,722511,Restaurant,A TASTE OF INDIA GRANTS PASS,2017-06-02 00:00:00.000,49989b64-0b3f-4013-99d7-f0fc2e97fb5c,5415071800,225,8TH,,SE,ST,,,GRANTS PASS,OR,97526,2025-12-11 11:43:11.000,BTAX-042447-12-2025,2026-12-31 11:43:11.000
RAKESH AND RAM COMPANY LLC,RAKESH SHARMA,Inside City Limits,722511,Restaurant,A TASTE OF INDIA GRANTS PASS,2017-06-02 00:00:00.000,49989b64-0b3f-4013-99d7-f0fc2e97fb5c,5415071800,225,8TH,,SE,ST,,,GRANTS PASS,OR,97526,2025-12-11 11:43:11.000,BTAX-042447-12-2025,2026-12-31 11:43:11.000
RAKESH AND RAM COMPANY LLC,SAKIN RAM,Inside City Limits,722511,Restaurant,A TASTE OF INDIA GRANTS PASS,2017-06-02 00:00:00.000,49989b64-0b3f-4013-99d7-f0fc2e97fb5c,5415071800,225,8TH,,SE,ST,,,GRANTS PASS,OR,97526,2025-12-11 11:43:11.000,BTAX-042447-12-2025,2026-12-31 11:43:11.000
RAM JACK WEST OF OREGON," ",Outside City Limits,238190,Contractor-General/Building Exterior,RAM JACK,2016-09-06 00:00:00.000,85476ca0-b0c9-4db3-9178-f293b134bff4,5416887177,PO BOX 11701,,,,,,,EUGENE,OR,97440,2025-04-02 15:05:13.000,BTAX-040149-04-2025,2026-04-30 15:05:13.000
RAM JACK WEST OF OREGON,KENNETH MARQUARDT,Outside City Limits,238190,Contractor-General/Building Exterior,RAM JACK,2016-09-06 00:00:00.000,85476ca0-b0c9-4db3-9178-f293b134bff4,5416887177,PO BOX 11701,,,,,,,EUGENE,OR,97440,2025-04-02 15:05:13.000,BTAX-040149-04-2025,2026-04-30 15:05:13.000
"RAMSAY SIGNS INC              ",WENDY  GIBSON,Outside City Limits,238990,Sign Installation/Painting,,2011-04-22 00:00:00.000,24B877E7-C42D-49F5-A84E-4E0C28CF278D,5037774555,9160,"74TH ",,SE,AVE,,,PORTLAND,OR,97206,2025-10-10 09:02:17.000,BTAX-041940-10-2025,2026-10-31 09:02:17.000
RANDY GENE MCNEILLY CONSTRUCTION,RANDY MCNEILLY,Inside City Limits,238190,Contractor-General/Building Exterior,,2018-02-02 00:00:00.000,37fe2182-88ef-482e-81c8-104ba037638f,5417870708,2807,LOWER RIVER,,,RD,,,GRANTS PASS,OR,97526,2025-06-09 09:34:45.000,BTAX-040477-06-2025,2026-06-30 09:34:45.000
RANDY GENE MCNEILLY CONSTRUCTION,RANDY MCNEILLY,Inside City Limits,238190,Contractor-General/Building Exterior,,2018-02-02 00:00:00.000,37fe2182-88ef-482e-81c8-104ba037638f,5417870708,2807,LOWER RIVER,,,RD,,,GRANTS PASS,OR,97526,2025-06-09 09:34:45.000,BTAX-040477-06-2025,2026-06-30 09:34:45.000
"RANDY K JENTZSCH CPA LLC   ",RANDY  JENTZSCH,Inside City Limits,541211,Accountant-CPA,,1997-01-01 00:00:00.000,98996B3B-0667-4FC8-94AE-069529AEBD37,5414798082,211,ROGUE RIVER,,,HWY,,,GRANTS PASS,OR,97527,2025-08-19 16:00:10.000,BTAX-041427-08-2025,2026-08-31 16:00:10.000
"RAPLEY MOTORSPORTS            ",MARK  RAPLEY,Inside City Limits,811111,Auto-General Repair,,2006-03-01 00:00:00.000,74117B8B-E500-43F2-B080-88496D98B35C,5414711732,428,5TH,,SW,ST,,,GRANTS PASS,OR,97526,2025-11-07 15:58:44.000,BTAX-042242-11-2025,2026-11-30 15:58:44.000
RAPLEY T.R.E.E," ",Outside City Limits,561730,Tree Services,,2022-06-13 00:00:00.000,f358101c-3dbb-4d83-bc56-51d612d97a81,5412264074,428,5TH,,SW,ST,,,GRANTS PASS,OR,97526,2025-09-12 14:53:12.000,BTAX-041747-09-2025,2026-09-30 14:53:12.000
RAPLEY T.R.E.E,DANA RAPLEY,Outside City Limits,561730,Tree Services,,2022-06-13 00:00:00.000,f358101c-3dbb-4d83-bc56-51d612d97a81,5412264074,428,5TH,,SW,ST,,,GRANTS PASS,OR,97526,2025-09-12 14:53:12.000,BTAX-041747-09-2025,2026-09-30 14:53:12.000
RASIER LLC," ",Outside City Limits,485310,Transportation-Taxi,,2019-05-02 00:00:00.000,0ea8d180-3d3e-4549-9ffe-939dc1b863da,4122023720,1455,MARKET,,,ST,,4TH FL,SAN FRANCISCO,CA,94103,2025-08-12 12:24:15.000,TAXICO-041177-08-2025,2026-08-31 12:24:15.000
RAYMOND HANDLING CONCEPTS CORPS,RAYMOND  CORPORATION,Outside City Limits,238190,Contractor-General/Building Exterior,,2022-05-20 00:00:00.000,7ad14abc-df0c-4725-b053-5815c05e429a,5629460891,41400,BOYCE,,,RD,,,FREMOND,CA,94538,2025-08-26 09:33:49.000,BTAX-041547-08-2025,2026-07-31 09:33:49.000
RAYMOND HANDLING CONCEPTS CORPS," ",Outside City Limits,238190,Contractor-General/Building Exterior,,2022-05-20 00:00:00.000,7ad14abc-df0c-4725-b053-5815c05e429a,5629460891,41400,BOYCE,,,RD,,,FREMOND,CA,94538,2025-08-26 09:33:49.000,BTAX-041547-08-2025,2026-07-31 09:33:49.000
"RCR STAR OREGON, INC"," ",Inside City Limits,621610,Medical-Home Health Care Services,INTERIM HEALTHCARE,2019-05-20 00:00:00.000,1dce415c-e55b-41f6-9147-9163714511ed,5307221530,PO BOX 949557,,,,,,,REDDING,CA,960492557,2025-06-24 09:57:46.000,BTAX-040556-06-2025,2026-06-30 09:57:46.000
"RCR STAR OREGON, INC",RENEE RAND,Inside City Limits,621610,Medical-Home Health Care Services,INTERIM HEALTHCARE,2019-05-20 00:00:00.000,1dce415c-e55b-41f6-9147-9163714511ed,5307221530,PO BOX 949557,,,,,,,REDDING,CA,960492557,2025-06-24 09:57:46.000,BTAX-040556-06-2025,2026-06-30 09:57:46.000
"RCR STAR OREGON, INC","ROBERT SEAWRIGHT, CINDY SEAWRIGHT",Inside City Limits,621610,Medical-Home Health Care Services,INTERIM HEALTHCARE,2019-05-20 00:00:00.000,1dce415c-e55b-41f6-9147-9163714511ed,5307221530,PO BOX 949557,,,,,,,REDDING,CA,960492557,2025-06-24 09:57:46.000,BTAX-040556-06-2025,2026-06-30 09:57:46.000
RCRV'S OREGON LLC," ",Inside City Limits,453930,RV/Mobile Home Dealer,"RIVER CITY RV'S ",2022-07-21 00:00:00.000,4214706b-aad3-41d3-9362-8c64f3ea3cce,5414724999,1581,REDWOOD,,,AVE,,,GRANTS PASS,OR,97527,2025-07-23 09:17:19.000,BTAX-040924-07-2025,2026-07-31 09:17:19.000
RE WATERS ENTERPRISES INC,RICHARD  WATERS,Outside City Limits,113310,Logging,RICK WATERS TREE SERVICE,2007-07-16 00:00:00.000,E1BC0B87-6483-4AB9-B939-9F1A59C7F4A4,5412182359,615,LATIGO RANCH,,,RD,,,WILLIAMS,OR,97544,2025-08-29 16:10:08.000,BTAX-041591-08-2025,2026-08-31 16:10:08.000
"REACHING OUR COMMUNITY        ","    ",Inside City Limits,624190,Social Svcs-Individual & Family Svcs,ROC FOOD PANTRY,2009-07-01 00:00:00.000,85AB2FF6-F137-47BD-92D3-7F1D5F5F756E,5414763344,564,FOUNDRY,,SW,ST,,,GRANTS PASS,OR,97526,2025-09-25 12:08:40.000,BTAX-041869-09-2025,2026-09-30 12:08:40.000
READING RAINBOW CHILD CARE," ",Inside City Limits,624410,Child Day Care,,2020-10-01 00:00:00.000,b5832ad4-5ebe-48ae-b50d-54bd2c3bfb4d,5414159053,1480,D,,NE,ST,,,GRANTS PASS,OR,97526,2025-10-03 12:34:16.000,BTAX-041926-10-2025,2026-10-31 12:34:16.000
READING RAINBOW CHILD CARE,EDUVIJES VALENZUELA,Inside City Limits,624410,Child Day Care,,2020-10-01 00:00:00.000,b5832ad4-5ebe-48ae-b50d-54bd2c3bfb4d,5414159053,1480,D,,NE,ST,,,GRANTS PASS,OR,97526,2025-10-03 12:34:16.000,BTAX-041926-10-2025,2026-10-31 12:34:16.000
READY RIDE SERVICE INC,ANDREW  KORTE,Inside City Limits,238220,Contractor-HVAC Services,,2007-01-02 00:00:00.000,B905CCFF-8776-464E-81A3-3129AC613506,5415079995,1630,"WILLIAMS HWY PMB 284     ",,,,,,GRANTS PASS,OR,97527,2025-09-17 08:50:27.000,BTAX-041776-09-2025,2026-09-30 08:50:27.000
"READYRIDE SERVICES INC        ",JEFFREY MCCONNELL CHRISTOPHER ISABELL,Inside City Limits,485310,Transportation-Taxi,,2014-09-02 00:00:00.000,791B054E-5BA4-4E4B-B364-D4B85A3A3F81,5414797920,114,ASSEMBLY,,,CIRCLE,,,GRANTS PASS,OR,97526,2025-10-24 09:49:00.000,TAXICO-041991-10-2025,2026-09-30 09:49:00.000
"REAL ESTATE CAFE LLC          ",MELINDA  PETERSON,Inside City Limits,531210,Real Estate Agents/Brokers,,2009-01-26 00:00:00.000,8FAFEC8A-A051-47AD-9E7D-3BC841068EFD,5416591620,PO BOX 37,,,,,,,GRANTS PASS,OR,97528,2025-11-12 08:32:40.000,BTAX-042273-11-2025,2026-11-30 08:32:40.000
REAL ESTATE DESIGNED TO SELL LLC,SUSAN  TOKARZ,Inside City Limits,531236,Real Estate Development & Construction,,2009-02-28 00:00:00.000,0E10B274-F48A-49AB-845B-D364D3E1979D,5416590554,1215,"6TH ",,NE,ST,,,GRANTS PASS,OR,97526,2025-12-12 14:23:54.000,BTAX-042452-12-2025,2026-12-31 14:23:54.000
REAL ESTATE DESIGNED TO SELL LLC,SUSAN T TOKARZ-KRAUSS,Inside City Limits,531210,Real Estate Agents/Brokers,,2022-07-26 00:00:00.000,21d54a55-7988-4b97-8e94-f73bb05c2b4c,5416590554,1215,6TH,,NE,ST,,,GRANTS PASS,OR,97526,2025-08-19 09:59:37.000,BTAX-041363-08-2025,2026-08-31 09:59:37.000
REAL PROPERTY CONSULTANTS GRANTS PASS,PAUL  ZACHA,Inside City Limits,541611,Consulting Service,,1999-02-15 00:00:00.000,E9002E99-EE08-49B3-8C92-574A6659ECAF,5414742541,PO BOX 312,,,,,,,GRANTS PASS,OR,97528,2025-07-22 12:40:56.000,BTAX-040881-07-2025,2026-07-31 12:40:56.000
REALITY MARKETING LLC DBA WORKSMART PRESS," ",Inside City Limits,541910,Marketing Research,JOSEPHINE COUNTY EAGLE,2019-07-17 00:00:00.000,20fba000-2659-4d70-aa3a-675b9bbdda16,5412442654,1867,WILLIAMS,,,HWY,,STE 250,GRANTS PASS,OR,97527,2025-12-22 09:06:41.000,BTAX-042489-12-2025,2026-12-31 09:06:41.000
REALITY MARKETING LLC DBA WORKSMART PRESS,RICHARD EMMONS,Inside City Limits,541910,Marketing Research,JOSEPHINE COUNTY EAGLE,2019-07-17 00:00:00.000,20fba000-2659-4d70-aa3a-675b9bbdda16,5412442654,1867,WILLIAMS,,,HWY,,STE 250,GRANTS PASS,OR,97527,2025-12-22 09:06:41.000,BTAX-042489-12-2025,2026-12-31 09:06:41.000
REALTY EXECUTIVES SOUTHERN OREGON,CHRIS & STEFANI  BARNETT,Inside City Limits,531210,Real Estate Agents/Brokers,,2007-12-01 00:00:00.000,6C6042EE-291D-4B6B-A3CC-F89A3E812B11,5416605195,856,7TH,,NE,ST,,,GRANTS PASS,OR,97526,2025-09-03 10:13:09.000,BTAX-041613-09-2025,2026-08-31 10:13:09.000
"REALTY SERVICES TEAM INC      ",DAVE & MARILYN  MYERS,Outside City Limits,531210,Real Estate Agents/Brokers,,2009-01-01 00:00:00.000,0CC0B777-EAE4-49EC-B1EE-F2503547D081,5414996402,3089,MADRONA,,,LN,,,MEDFORD,OR,97501,2025-08-14 15:30:48.000,BTAX-041281-08-2025,2026-08-31 15:30:48.000
REALWISE PROPERTY MANAGEMENT," ",Inside City Limits,531311,Property Management,,1997-05-01 00:00:00.000,666189E3-369E-450E-9EC9-7BABDCC99A64,5414762881,711,MEDFORD CENTER,,,,,#187,MEDFORD,OR,97504,2025-07-22 12:32:01.000,BTAX-040875-07-2025,2026-07-31 12:32:01.000
"REBECCA LORANG CHT           ",REBECCA  LORANG,Inside City Limits,621112,Medical-Mental Health Specialist,,2015-11-01 00:00:00.000,0548C3C0-4E1C-471B-967A-A8946A1B7E44,5416592170,777,7TH,,NE,ST,,207,GRANTS PASS,OR,97526,2025-10-29 11:12:46.000,BTAX-042136-10-2025,2026-10-31 11:12:46.000
REBECCA PETERSON ATTORNEY AT LAW,REBECCA  PETERSON,Inside City Limits,541110,Lawyer,,2004-01-02 00:00:00.000,22484DA6-BDA3-4A15-A6DC-CD8DB9A0F574,5414725291,247,E,,NW,ST,,,GRANTS PASS,OR,97526,2025-08-18 15:32:12.000,BTAX-041337-08-2025,2026-08-31 15:32:12.000
REC ELECTRIC LLC DBA ER ELECTRIC SERVICES," ",Inside City Limits,238210,Contractor-Electrical,,2013-03-08 00:00:00.000,7B2BE5F5-24FB-4B99-9202-CC14A57FF2CE,5414761158,225,HILLCREST,,NE,DR,,SUITE 1,GRANTS PASS,OR,97526,2025-09-02 15:24:09.000,BTAX-041607-09-2025,2026-08-31 15:24:09.000
"RECOGNITION SPECIALTIES INC   ",LOWELL  GIBSON,Inside City Limits,425120,Wholesale Agent,,1985-05-01 00:00:00.000,E2B6F77E-3FD4-4D38-AA1D-4D59B98FFED2,5414763166,1710,HARBECK,,,RD,,,GRANTS PASS,OR,97527,2025-08-19 12:40:59.000,BTAX-041405-08-2025,2026-08-31 12:40:59.000
RECTECH LLC.,JORDAN MORTENSON,Inside City Limits,561621,Security System Services,RECTECH,2017-10-02 00:00:00.000,ba066fd2-3b81-4dbd-9675-929a73468e62,5412913887,155,JASON,,,WAY,,,GRANTS PASS,OR,97527,2025-08-20 14:33:30.000,BTAX-041466-08-2025,2026-08-31 14:33:30.000
RECTECH LLC.," ",Inside City Limits,561621,Security System Services,RECTECH,2017-10-02 00:00:00.000,ba066fd2-3b81-4dbd-9675-929a73468e62,5412913887,155,JASON,,,WAY,,,GRANTS PASS,OR,97527,2025-08-20 14:33:30.000,BTAX-041466-08-2025,2026-08-31 14:33:30.000
"RED EYE HUT                   ",ERIC GOODRICH,Inside City Limits,448150,Retail-Clothing & Accessories,,2005-03-18 00:00:00.000,5C56CFA3-E471-48CB-9355-722FCD811140,5419561245,220,6TH,,NW,ST,,,GRANTS PASS,OR,97526,2025-12-08 14:28:16.000,BTAX-042418-12-2025,2026-12-31 14:28:16.000
"RED EYE HUT                   "," ",Inside City Limits,448150,Retail-Clothing & Accessories,,2005-03-18 00:00:00.000,5C56CFA3-E471-48CB-9355-722FCD811140,5419561245,220,6TH,,NW,ST,,,GRANTS PASS,OR,97526,2025-12-08 14:28:16.000,BTAX-042418-12-2025,2026-12-31 14:28:16.000
REDEMPTION BUILDERS LLC," ",Outside City Limits,238190,Contractor-General/Building Exterior,,2022-09-07 00:00:00.000,2084e334-cafb-4ff3-aa18-bebe221b3be0,5416596778,1621,MEDART,,,LN,,,GRANTS PASS,OR,97527,2025-06-26 15:49:35.000,BTAX-040569-06-2025,2026-06-30 15:49:35.000
REDEMPTION BUILDERS LLC,DAVID GRAVES,Outside City Limits,238190,Contractor-General/Building Exterior,,2022-09-07 00:00:00.000,2084e334-cafb-4ff3-aa18-bebe221b3be0,5416596778,1621,MEDART,,,LN,,,GRANTS PASS,OR,97527,2025-06-26 15:49:35.000,BTAX-040569-06-2025,2026-06-30 15:49:35.000
"REDWOOD DIALYSIS #05517    "," STAR DIALYSIS LLC             ",Inside City Limits,621492,Medical-Dialysis Center,,1994-07-18 00:00:00.000,632B72BC-D579-438A-894C-20853A3B5F3C,5414740776,ATTN: L&C DEPT,,5200 VIRGINIA WAY,,,,,BRENTWOOD,TN,37027,2025-08-22 14:35:11.000,BTAX-041515-08-2025,2026-08-31 14:35:11.000
"REDWOOD MARKET & DELI         ",RAJU & PUSPA  SHRESTHA,Inside City Limits,445110,Food-Deli,,2013-04-01 00:00:00.000,DF886152-645C-44B7-8F44-C48496923BC7,5412953010,1720,REDWOOD,,,AVE,,,GRANTS PASS,OR,97527,2025-08-05 10:16:47.000,BTAX-041096-08-2025,2026-07-31 10:16:47.000
"REDWOOD NURSERY               ",EDWARD  MOREY,Inside City Limits,444220,Retail-Nursery & Garden Center,,2007-12-17 00:00:00.000,B7235AF0-0CE7-406A-A96D-C5EF03850430,5414742642,1303,REDWOOD,,,AVE,,,GRANTS PASS,OR,97527,2025-10-09 14:21:56.000,BTAX-041978-10-2025,2026-10-31 14:21:56.000
"REDWOODCYCLES                 ",ROBERT  THRESSEN,Inside City Limits,451110,Retail-Sporting Goods,,2013-01-05 00:00:00.000,E00B99E0-8622-4C12-AF12-0A817266F7F6,5414766333,849,ROGUE RIVER,,,HWY,,,GRANTS PASS,OR,97527,2025-04-14 16:24:28.000,BTAX-040216-04-2025,2026-04-30 16:24:28.000
"REEVES ENTERPRISES, INC       ",STEVE  REEVES,Inside City Limits,442299,"Retail-Home Furnishings ",DRAPERIES N THINGS,1985-01-01 00:00:00.000,30E035C8-D899-41B1-8193-A4C182B23621,5414795519,122,F,,NE,ST,,,GRANTS PASS,OR,97526,2025-07-11 10:09:44.000,BTAX-040668-07-2025,2026-07-31 10:09:44.000
REGENCY CARE OF ROGUE VALLEY," ",Inside City Limits,624190,Social Svcs-Individual & Family Svcs,,2004-02-03 00:00:00.000,427766BE-55A3-4720-88F8-7CB0EB320A35,5414792606,1710,"FAIRVIEW ",,NE,AVE,,,GRANTS PASS,OR,97526,2025-10-31 12:29:13.000,BTAX-042183-10-2025,2026-10-31 12:29:13.000
"REGENERATION DAY SPA          ",MELANIE BUCHANAN,Inside City Limits,812112,Beauty Salon,,2009-06-17 00:00:00.000,6C03205A-C774-4A51-BB37-5C109EA86C5A,5414797546,212,SAVAGE,,NE,ST,,SUITE D,GRANTS PASS,OR,97526,2026-01-07 11:01:47.000,BTAX-042572-01-2026,2027-01-31 11:01:47.000
"REGENERATION DAY SPA          ",MELANIE BUCHANAN,Inside City Limits,812112,Beauty Salon,,2009-06-17 00:00:00.000,6C03205A-C774-4A51-BB37-5C109EA86C5A,5414797546,212,SAVAGE,,NE,ST,,SUITE D,GRANTS PASS,OR,97526,2026-01-07 11:01:47.000,BTAX-042572-01-2026,2027-01-31 11:01:47.000
"REINHART, FOURIER, DAY, DRIVER LLP"," ",Inside City Limits,541110,Lawyer,,1997-01-01 00:00:00.000,75EFEFE3-6BB5-4494-A457-2DFD4E5FACFC,5414766627,600,5TH,,NW,ST,,,GRANTS PASS,OR,97526,2025-08-19 10:18:02.000,BTAX-041370-08-2025,2026-08-31 10:18:02.000
REJUVENATE MASSAGE LLC,ENXIAN YAO,Inside City Limits,621399,Medical-Massage Therapy,,2020-11-03 00:00:00.000,6db1a29c-db46-497d-bbeb-f0a4e9845e5c,,2994,RIVER,,S,RD,,,GRANTS PASS,OR,97527,2026-02-10 11:21:53.000,BTAX-042779-02-2026,2027-02-28 11:21:53.000
REJUVENATE MASSAGE LLC," ",Inside City Limits,621399,Medical-Massage Therapy,,2020-11-03 00:00:00.000,6db1a29c-db46-497d-bbeb-f0a4e9845e5c,,2994,RIVER,,S,RD,,,GRANTS PASS,OR,97527,2026-02-10 11:21:53.000,BTAX-042779-02-2026,2027-02-28 11:21:53.000
RELENTLESS ATHLETIC PERFORMANCE,TRAVIS OSBORNE,Inside City Limits,713940,Fitness Center,,2018-04-17 00:00:00.000,9c21f45f-ff69-435b-8185-95c901fb1cbc,5416598582,245,BLUEBELL,,,LN,,,GRANTS PASS,OR,97527,2025-04-23 14:25:55.000,BTAX-040261-04-2025,2026-04-30 14:25:55.000
RELENTLESS ATHLETIC PERFORMANCE," ",Inside City Limits,713940,Fitness Center,,2018-04-17 00:00:00.000,9c21f45f-ff69-435b-8185-95c901fb1cbc,5416598582,245,BLUEBELL,,,LN,,,GRANTS PASS,OR,97527,2025-04-23 14:25:55.000,BTAX-040261-04-2025,2026-04-30 14:25:55.000
RELIC SALON LLC,RACHAEL MILES,Inside City Limits,812112,Beauty Salon,RELIC FULL SERVICE SALON,2019-04-03 00:00:00.000,2cc97f27-3395-4dc6-9b97-424d15e3638b,5412958125,1201,ROGUE RIVER,,,HWY,,,GRANTS PASS,OR,97527,2025-09-22 15:30:43.000,BTAX-041844-09-2025,2026-09-30 15:30:43.000
RELIC SALON LLC," ",Inside City Limits,812112,Beauty Salon,RELIC FULL SERVICE SALON,2019-04-03 00:00:00.000,2cc97f27-3395-4dc6-9b97-424d15e3638b,5412958125,1201,ROGUE RIVER,,,HWY,,,GRANTS PASS,OR,97527,2025-09-22 15:30:43.000,BTAX-041844-09-2025,2026-09-30 15:30:43.000
RELLA TAYLOR,RELLA TAYLOR,Inside City Limits,531311,Property Management,,1989-07-01 00:00:00.000,D2ECB459-55FB-4F89-8BF9-92C35205090D,5414742014,C/O CENTURY 21 HARRIS & TAYLOR,,541 NE E ST,,,,,GRANTS PASS,OR,97526,2025-11-17 16:03:18.000,BTAX-042298-11-2025,2026-11-30 16:03:18.000
"RENTEC DIRECT LLC            "," ",Inside City Limits,541511,Computer Programming,,2009-02-06 00:00:00.000,19399315-AD89-4946-9CD3-51F4926FA765,8008815139,231,I,,SW,ST,,,GRANTS PASS,OR,97526,2025-07-15 15:52:28.000,BTAX-040774-07-2025,2026-07-31 15:52:28.000
RENTOKIL NORTH AMERICA INC," ",Outside City Limits,561710,Pest Control,WESTERN EXTERMINATOR COMPANY,2009-03-11 00:00:00.000,390FCDE8-7454-4E3A-A587-7903AEA33EE9,800488949525160,ATTN BUSINESS LICENSE DIVISION,,150 PEABODY PLACE,,,,,MEMPHIS,TN,38103,2025-12-09 09:39:11.000,BTAX-042429-12-2025,2026-12-31 09:39:11.000
RENU AESTHETICS," ",Inside City Limits,621111,Medical - Wellness,,2023-12-15 00:00:00.000,653b10b8-8307-4bab-8ab4-0a78439cf6f2,5412183370,585,LINCOLN,,,RD,,,GRANTS PASS,OR,97526,2025-12-22 10:48:40.000,BTAX-042493-12-2025,2026-12-31 10:48:40.000
RENU AESTHETICS,RACHEL CODD,Inside City Limits,621111,Medical - Wellness,,2023-12-15 00:00:00.000,653b10b8-8307-4bab-8ab4-0a78439cf6f2,5412183370,585,LINCOLN,,,RD,,,GRANTS PASS,OR,97526,2025-12-22 10:48:40.000,BTAX-042493-12-2025,2026-12-31 10:48:40.000
RESTAURANT DEVELOPMENT COMPANY," ",Inside City Limits,722511,Restaurant,RED ROBIN OF GRANTS PASS,2017-04-17 00:00:00.000,d8192dee-c5e7-47e5-924d-94d6e29cdc80,5419164986,6011,HORSESHOE,,E,RD,,,PARADISE VALLEY,AZ,85253,2025-10-30 11:50:59.000,BTAX-042161-10-2025,2026-10-31 11:50:59.000
RESTAURANT DEVELOPMENT COMPANY,GREG HUBERT &  HOUSTON HUBERT,Inside City Limits,722511,Restaurant,RED ROBIN OF GRANTS PASS,2017-04-17 00:00:00.000,d8192dee-c5e7-47e5-924d-94d6e29cdc80,5419164986,6011,HORSESHOE,,E,RD,,,PARADISE VALLEY,AZ,85253,2025-10-30 11:50:59.000,BTAX-042161-10-2025,2026-10-31 11:50:59.000
RESTAURANT DEVELOPMENT COMPANY,HAYLEY HUBERT & SHANE COYLE,Inside City Limits,722511,Restaurant,RED ROBIN OF GRANTS PASS,2017-04-17 00:00:00.000,d8192dee-c5e7-47e5-924d-94d6e29cdc80,5419164986,6011,HORSESHOE,,E,RD,,,PARADISE VALLEY,AZ,85253,2025-10-30 11:50:59.000,BTAX-042161-10-2025,2026-10-31 11:50:59.000
RETINA & VITREOUS CENTER SO PC,"WILLIAM  RODDEN ",Inside City Limits,621111,Medical-Physician,,2008-01-11 00:00:00.000,F0FFBB78-D38D-4A4C-A134-12B1A4E0CDA4,5414883192,246,CATALINA,,,DR,,SUITE 1,ASHLAND,OR,97520,2025-10-15 09:33:58.000,BTAX-042021-10-2025,2026-10-31 09:33:58.000
RETINA CARE CENTER LLC,ADAM AUFDERHEIDE,Inside City Limits,621320,Medical-Optometrist,,2008-01-01 00:00:00.000,FB1051BD-4C19-4931-8DEE-BE1AE2A79C27,5418422020,748,STATE,,,ST,,,MEDFORD,OR,97504,2025-07-18 16:18:21.000,BTAX-040838-07-2025,2026-07-31 16:18:21.000
REVER GRAND LLC," ",Inside City Limits,621610,Medical-Home Health Care Services,,2017-01-24 00:00:00.000,2ab04473-66f0-4e28-b98e-4da14801d6a8,5415075337,1553,F,,NE,ST,,,GRANTS PASS,OR,97526,2025-10-30 12:01:40.000,BTAX-042162-10-2025,2026-10-31 12:01:40.000
REVER GRAND LLC,NATHAN JUNKIN,Inside City Limits,621610,Medical-Home Health Care Services,,2017-01-24 00:00:00.000,2ab04473-66f0-4e28-b98e-4da14801d6a8,5415075337,1553,F,,NE,ST,,,GRANTS PASS,OR,97526,2025-10-30 12:01:40.000,BTAX-042162-10-2025,2026-10-31 12:01:40.000
REVER GRAND LLC,JOLENE SESSO,Inside City Limits,621610,Medical-Home Health Care Services,,2017-01-24 00:00:00.000,2ab04473-66f0-4e28-b98e-4da14801d6a8,5415075337,1553,F,,NE,ST,,,GRANTS PASS,OR,97526,2025-10-30 12:01:40.000,BTAX-042162-10-2025,2026-10-31 12:01:40.000
REVIVAL MASSAGE AND WELLNESS,MICHELLE MILLER,Inside City Limits,621399,Medical-Massage Therapy,,2021-10-04 00:00:00.000,4b23bffd-e6fb-4703-bdc4-b8bb69e6c2e7,9717779759,2020,ROGUE RIVER,,,HWY,,UNIT A,GRANTS PASS,OR,97527,2025-07-02 16:15:23.000,BTAX-040606-07-2025,2026-07-31 16:15:23.000
REVIVAL MASSAGE AND WELLNESS," ",Inside City Limits,621399,Medical-Massage Therapy,,2021-10-04 00:00:00.000,4b23bffd-e6fb-4703-bdc4-b8bb69e6c2e7,9717779759,2020,ROGUE RIVER,,,HWY,,UNIT A,GRANTS PASS,OR,97527,2025-07-02 16:15:23.000,BTAX-040606-07-2025,2026-07-31 16:15:23.000
"REVOLUTION ELECTRIC, INC",Matt Schultz,Outside City Limits,238210,Contractor-Electrical,,2021-12-01 00:00:00.000,c81ee808-5dca-43d4-9c36-04a82743999c,5415058351,480,SHELLEY,,,ST,,B,"SPRINGFIELD ",OR,97477,2025-12-08 15:15:34.000,BTAX-042422-12-2025,2026-12-31 15:15:34.000
"REVOLUTION ELECTRIC, INC",JARED  OLSEN,Outside City Limits,238210,Contractor-Electrical,,2021-12-01 00:00:00.000,c81ee808-5dca-43d4-9c36-04a82743999c,5415058351,480,SHELLEY,,,ST,,B,"SPRINGFIELD ",OR,97477,2025-12-08 15:15:34.000,BTAX-042422-12-2025,2026-12-31 15:15:34.000
"REVOLUTION ELECTRIC, INC"," ",Outside City Limits,238210,Contractor-Electrical,,2021-12-01 00:00:00.000,c81ee808-5dca-43d4-9c36-04a82743999c,5415058351,480,SHELLEY,,,ST,,B,"SPRINGFIELD ",OR,97477,2025-12-08 15:15:34.000,BTAX-042422-12-2025,2026-12-31 15:15:34.000
"REVOLVO WEST LLC             ",LAWRENCE  KAUFMANN,Inside City Limits,441120,Auto-Used Car Dealer,,1999-11-15 00:00:00.000,CA3AE0B3-AECF-471B-B8D0-C47F90077036,5419564951,699,"UNION ",,,AVE,,,GRANTS PASS,OR,97527,2025-09-29 12:23:15.000,BTAX-041898-09-2025,2026-09-30 12:23:15.000
RGB INC," ",Inside City Limits,811111,Auto-General Repair,STREAMLINE AUTO & EXHAUST,2018-05-16 00:00:00.000,4618a26a-d4fd-4586-8b69-31d4be631029,5419414622,502,I,,SE,ST,,,GRANTS PASS,OR,97526,2025-05-13 14:36:58.000,BTAX-040351-05-2025,2026-05-31 14:36:58.000
RGB INC,RICHARD BALDWIN,Inside City Limits,811111,Auto-General Repair,STREAMLINE AUTO & EXHAUST,2018-05-16 00:00:00.000,4618a26a-d4fd-4586-8b69-31d4be631029,5419414622,502,I,,SE,ST,,,GRANTS PASS,OR,97526,2025-05-13 14:36:58.000,BTAX-040351-05-2025,2026-05-31 14:36:58.000
RH2 ENGINEERING INC," ",Outside City Limits,541330,Engineering Services,,1980-07-01 00:00:00.000,a91a1d83-a088-4e98-a815-2014bb94839e,4259515400,22722,29TH,,,DR,SE,#210,BUTHELL,WA,98021,2025-11-10 10:54:08.000,BTAX-042251-11-2025,2026-11-30 10:54:08.000
RH2 ENGINEERING INC,TONY PARDI,Outside City Limits,541330,Engineering Services,,1980-07-01 00:00:00.000,a91a1d83-a088-4e98-a815-2014bb94839e,4259515400,22722,29TH,,,DR,SE,#210,BUTHELL,WA,98021,2025-11-10 10:54:08.000,BTAX-042251-11-2025,2026-11-30 10:54:08.000
"RI - GRANTS PASS, LLC           ",PETER  READ,Outside City Limits,531110,Rental Units/Landlord,,2011-09-01 00:00:00.000,E094A0C6-6523-44CB-9817-D8AB33A29A91,5107045700,2025,"FOURTH ",,,ST,,,BERKELEY,CA,94710,2025-08-13 10:17:22.000,BTAX-041218-08-2025,2026-08-31 10:17:22.000
"RICH DUNCAN CONSTRUCTION INC ",RICHARD DUNCAN,Outside City Limits,238190,Contractor-General/Building Exterior,,2013-03-27 00:00:00.000,2D10C136-5647-4D6B-96C7-A1E2E2B3E83B,5033904999,2295,RURAL,,,AVE,,,SALEM,OR,97302,2025-05-13 15:57:59.000,BTAX-040359-05-2025,2026-05-31 15:57:59.000
"RICHARD D & LEAH LEAL RENTALS ",RICHARD D & LEAH  LEAL,Outside City Limits,531110,Rental Units/Landlord,,1989-07-01 00:00:00.000,1D05F884-6B0B-4C06-A0A3-4D0C5D388940,7077630557,2047,MAGNOLIA,,,AVE,,,PETALUMA,CA,94952,2025-08-14 15:21:02.000,BTAX-041277-08-2025,2026-08-31 15:21:02.000
"RICHARD RUTHERFORD PLUMBING   ",RICHARD  RUTHERFORD,Outside City Limits,238220,Plumber,,2007-02-16 00:00:00.000,6FBE6793-73D8-43B5-81B8-41546C3E1C4B,5414418069,370,EDGERTON,,,LN,,,WOLF CREEK,OR,97497,2025-10-29 11:08:13.000,BTAX-042135-10-2025,2026-10-31 11:08:13.000
"RICHARD WARD ASSOCIATES       ",RICHARD  WARD,Inside City Limits,238190,Contractor-General/Building Exterior,,1997-01-01 00:00:00.000,D3CC1707-4A5B-49DE-9A3E-BD69E5788A80,5414415495,140,BRYCE,,NE,CT,," ",GRANTS PASS,OR,97526,2025-08-14 11:05:48.000,BTAX-041239-08-2025,2026-08-31 11:05:48.000
RICHARDS WELDING,OLGA RICHARDS,Outside City Limits,238190,Welding/Fabrication,,2023-10-15 00:00:00.000,6fed48db-682a-4527-8579-2a28cdc087ef,5414769263,304,MERLIN,,,DR,,,MERLIN,OR,97532,2026-02-03 14:16:22.000,BTAX-042721-02-2026,2027-01-31 14:16:22.000
"RICK EVANS INTERIORS LLC     ",RICK  EVANS,Inside City Limits,238190,Contractor-General/Building Exterior,,1994-03-01 00:00:00.000,B747023E-9786-46EC-A1E5-4CD996DD3149,5416591681,2032,HAMILTON,,,LN,,,GRANTS PASS,OR,97527,2025-11-10 11:18:58.000,BTAX-042255-11-2025,2026-11-30 11:18:58.000
RICK RIKER PLANNING & RESEARCH SERVICES,Rick Riker,Inside City Limits,541611,Consulting Service,,1995-06-21 00:00:00.000,905F78A6-323F-4205-877E-B07631C7005A,541-479-7333,560,F,,NE,ST,,STE A PMB #224,GRANTS PASS,OR,97526,2025-08-26 10:34:46.000,BTAX-041555-08-2025,2026-08-31 10:34:46.000
RICK RIKER PLANNING & RESEARCH SERVICES,RICK RIKER,Inside City Limits,541611,Consulting Service,,1995-06-21 00:00:00.000,905F78A6-323F-4205-877E-B07631C7005A,541-479-7333,560,F,,NE,ST,,STE A PMB #224,GRANTS PASS,OR,97526,2025-08-26 10:34:46.000,BTAX-041555-08-2025,2026-08-31 10:34:46.000
RICK'S MEDICAL SUPPLY," ",Inside City Limits,423450,Medical Equipment and Supplies Merchant,,2021-12-01 00:00:00.000,842976ff-1048-4ffe-93d9-2afa612d80b6,8882602550,16017,VALLEY,,,BLVD,,,CITY OF INDUSTRY,CA,91744,2026-02-10 14:49:03.000,BTAX-042739-02-2026,2027-02-28 14:49:03.000
RICK'S MEDICAL SUPPLY,JOHN CASSAR,Inside City Limits,423450,Medical Equipment and Supplies Merchant,,2021-12-01 00:00:00.000,842976ff-1048-4ffe-93d9-2afa612d80b6,8882602550,16017,VALLEY,,,BLVD,,,CITY OF INDUSTRY,CA,91744,2026-02-10 14:49:03.000,BTAX-042739-02-2026,2027-02-28 14:49:03.000
"RIGS AND RIDES                ",JOSH  BANCROFT,Inside City Limits,441110,Auto-New Car Dealer,,2003-05-15 00:00:00.000,08B124B8-BDF8-41D5-A4D7-ACDF5438B568,5414747253,1600,7TH,,NE,ST,,,GRANTS PASS,OR,97526,2025-08-08 16:20:43.000,BTAX-041144-08-2025,2026-08-31 16:20:43.000
"RIMPORT                       ",RANDY  NICHOLSON,Inside City Limits,442210,Retail-Floor Coverings,FLOORS TO GO,2011-01-01 00:00:00.000,41225E9D-7D04-433B-804C-A236FA315DB9,5414798000,550,6TH,,SW,ST,,B,GRANTS PASS,OR,97526,2025-10-20 14:32:46.000,BTAX-042064-10-2025,2026-10-31 14:32:46.000
"RITE-WAY HEATING & AIR / R LLC  ",JOHN R & DEBBIE A  MALONI,Outside City Limits,238220,Contractor-HVAC Services,,1997-12-01 00:00:00.000,4650B8B9-D16C-4B43-A149-909DFC27C24C,5415822481,10160,EVANS CREEK,,W,RD,,,ROGUE RIVER,OR,97537,2025-07-25 16:17:58.000,BTAX-041003-07-2025,2026-07-31 16:17:58.000
"RIVER CITY MAINTENANCE        ",ALEX  NELSON,Outside City Limits,541320,Landscaping Services,,2008-04-28 00:00:00.000,D6C93D15-55E6-4E80-B5D3-375062FCEF8F,5412183748,2488,ELK,,,LN,,,GRANTS PASS,OR,97527,2025-11-04 11:17:42.000,BTAX-042209-11-2025,2026-10-31 11:17:42.000
RIVER CITY READS LLC DBA OREGON BOOKS & GAMES," ",Inside City Limits,451211,Retail-Book Store,OREGON BOOKS & GAMES,1990-12-30 00:00:00.000,395FB88F-37E8-4551-8220-7AA7868C67B2,5414763132,150,E,,NE,ST,,,GRANTS PASS,OR,97526,2026-02-10 14:54:51.000,BTAX-042790-02-2026,2027-02-28 14:54:51.000
"RIVER CLUB "," ",Outside City Limits,454390,Retail-Misc Direct Selling Establishment,RIVER CLUB LLC,2022-05-18 00:00:00.000,c67fa0fe-b377-4ba9-8f11-e60000b8caca,7025814339,813,BRYN,,SW,CT,,,GRANTS PASS,OR,97527,2022-05-18 16:27:54.907,BTAX-031272-05-2022,NULL
"RIVER CLUB ",JAMES VINING,Outside City Limits,454390,Retail-Misc Direct Selling Establishment,RIVER CLUB LLC,2022-05-18 00:00:00.000,c67fa0fe-b377-4ba9-8f11-e60000b8caca,7025814339,813,BRYN,,SW,CT,,,GRANTS PASS,OR,97527,2022-05-18 16:27:54.907,BTAX-031272-05-2022,NULL
"RIVER OF WELLNESS ACUPUNCTURE ",DEBORAH  LANG,Inside City Limits,541990,Professional-Misc,,2004-02-10 00:00:00.000,0C6BFB3A-DA98-4581-A24A-42AB9B6DD88A,5419569595,1692,LYNDA,,NE,LN,,#A,GRANTS PASS,OR,97526,2025-07-25 10:51:51.000,BTAX-040978-07-2025,2026-07-31 10:51:51.000
RIVER STONE MASSAGE AND WELLNESS," ",Inside City Limits,621399,Medical-Massage Therapy,,2018-02-21 00:00:00.000,f3de9366-c239-4ce2-8096-9493cf20b133,5414769659,598,E,,NE,ST,,SUITE B,GRANTS PASS,OR,97526,2025-05-13 14:18:37.000,BTAX-040348-05-2025,2026-05-31 14:18:37.000
RIVER STONE MASSAGE AND WELLNESS,SHERI MORRIS,Inside City Limits,621399,Medical-Massage Therapy,,2018-02-21 00:00:00.000,f3de9366-c239-4ce2-8096-9493cf20b133,5414769659,598,E,,NE,ST,,SUITE B,GRANTS PASS,OR,97526,2025-05-13 14:18:37.000,BTAX-040348-05-2025,2026-05-31 14:18:37.000
RIVER VALLEY ADULT CARE HOME LLC,ANTONIO & LIANA  PEIRONI,Inside City Limits,623312,Medical-Assisted Living Facility/Elderly,,2005-12-01 00:00:00.000,252D068E-C796-45E9-A1FA-49EC0C05DA99,5415822724,627,HARBECK,,W,RD,,,GRANTS PASS,OR,97527,2025-09-02 12:10:52.000,BTAX-041599-09-2025,2026-09-30 12:10:52.000
RIVER VALLEY APPRAISAL INC," ",Inside City Limits,531320,Real Estate Appraisal & Sales,,2018-02-09 00:00:00.000,4ce3ea88-b0d3-4df8-bfe1-375933804016,5412183815,1630,WILLIAMS HWY PMB 228,,,,,,GRANTS PASS,OR,97527,2025-07-15 10:59:20.000,BTAX-040746-07-2025,2026-06-30 10:59:20.000
RIVER VALLEY APPRAISAL INC,HEATHER MARTINEZ,Inside City Limits,531320,Real Estate Appraisal & Sales,,2018-02-09 00:00:00.000,4ce3ea88-b0d3-4df8-bfe1-375933804016,5412183815,1630,WILLIAMS HWY PMB 228,,,,,,GRANTS PASS,OR,97527,2025-07-15 10:59:20.000,BTAX-040746-07-2025,2026-06-30 10:59:20.000
RIVER VALLEY APPRAISAL INC,MARIO MARTINEZ,Inside City Limits,531320,Real Estate Appraisal & Sales,,2018-02-09 00:00:00.000,4ce3ea88-b0d3-4df8-bfe1-375933804016,5412183815,1630,WILLIAMS HWY PMB 228,,,,,,GRANTS PASS,OR,97527,2025-07-15 10:59:20.000,BTAX-040746-07-2025,2026-06-30 10:59:20.000
"RIVER VALLEY COMMUNITY CHURCH "," ",Inside City Limits,813110,Religious Organization,,1997-01-01 00:00:00.000,B74E4F9A-001F-4951-94EF-04BEAEA18F54,5414767761,405,6TH,,NE,ST,,,GRANTS PASS,OR,97526,2025-12-04 12:41:19.000,BTAX-042391-12-2025,2026-12-31 12:41:19.000
"RIVER VALLEY LIFESTYLE LIVING, LLC",CRYSTAL ALLEMAND,Inside City Limits,531210,Real Estate Agents/Brokers,UNITED COUNTRY REAL ESTATE,2020-10-01 00:00:00.000,09671a12-25fe-47d3-97e2-8e854c4d212e,5417612518,1630,WILLIAMS,,,HWY,,#384,GRANTS PASS,OR,97527,2025-11-17 12:00:11.000,BTAX-042291-11-2025,2026-11-30 12:00:11.000
"RIVER VALLEY LIFESTYLE LIVING, LLC"," ",Inside City Limits,531210,Real Estate Agents/Brokers,UNITED COUNTRY REAL ESTATE,2020-10-01 00:00:00.000,09671a12-25fe-47d3-97e2-8e854c4d212e,5417612518,1630,WILLIAMS,,,HWY,,#384,GRANTS PASS,OR,97527,2025-11-17 12:00:11.000,BTAX-042291-11-2025,2026-11-30 12:00:11.000
RIVERLINE CONSTRUCTION,GRANT PUHL,Outside City Limits,238190,Contractor-General/Building Exterior,,2019-03-11 00:00:00.000,fef13a77-b893-4bb2-a487-be09a84b0d3e,5417277334,4706,TABLE ROCK,,,RD,,STE E,CENTRAL POINT,OR,97502,2025-11-17 15:28:33.000,BTAX-042292-11-2025,2026-11-30 15:28:33.000
RIVERLINE CONSTRUCTION,GRANT PUHL,Outside City Limits,238190,Contractor-General/Building Exterior,,2019-03-11 00:00:00.000,fef13a77-b893-4bb2-a487-be09a84b0d3e,5417277334,4706,TABLE ROCK,,,RD,,STE E,CENTRAL POINT,OR,97502,2025-11-17 15:28:33.000,BTAX-042292-11-2025,2026-11-30 15:28:33.000
RIVER'S EDGE ACADEMY CHARTER SCHOOL," ",Inside City Limits,611699,Education-Misc Schools & Institutions,REACH SCHOOL,2019-06-18 00:00:00.000,66bd6df3-4b12-440d-a0a4-0103dc1635ad,5412990299,PO BOX 1364,,,,,,,ROGUE RIVER,OR,97537,2025-09-08 14:36:14.000,BTAX-041683-09-2025,2026-09-30 14:36:14.000
"RIVERS EDGE RESTAURANT        ",DARLA  FEIL,Inside City Limits,722511,Restaurant,,2012-04-10 00:00:00.000,14D71401-1D63-4821-9A6B-9DC481A6770B,5412441182,1936,ROGUE RIVER,,,HWY,,,GRANTS PASS,OR,97527,2025-08-14 16:11:41.000,BTAX-041289-08-2025,2026-08-31 16:11:41.000
"RIVERSIDE READY MIX           ",CHRIS  DAVISON,Inside City Limits,238110,Contractor-Concrete/Found/Structural,,1995-05-08 00:00:00.000,D56B7D3B-F28B-42CE-80AD-63FAD78452FD,5414766206,531,MILL,,SE,ST,,,GRANTS PASS,OR,97526,2025-08-12 13:07:54.000,BTAX-041180-08-2025,2026-08-31 13:07:54.000
"RIVERTREE APARTMENTS INC      "," RIVERTREE APARTMENTS",Outside City Limits,531110,Rental Units/Landlord,,1997-01-12 00:00:00.000,0435F914-FB78-4A68-A28A-3FD512E6F395,5417795785,2251,TABLE ROCK,,,RD,,,MEDFORD,OR,97501,2025-07-15 15:35:55.000,BTAX-040771-07-2025,2026-07-31 15:35:55.000
"RJS CONSTRUCTION, INC.",SHANNON SEVIGNY,Inside City Limits,238190,Contractor-General/Building Exterior,,2022-10-03 00:00:00.000,5390889f-6ff9-4164-80c4-3c80389f091e,5094520857,1618-B,RUDKIN,,,RD,,,YAKIMA,WA,98901,2026-01-12 16:19:16.000,BTAX-042613-01-2026,2027-01-31 16:19:16.000
"RJS CONSTRUCTION, INC.",RICHARD SEVIGNY,Inside City Limits,238190,Contractor-General/Building Exterior,,2022-10-03 00:00:00.000,5390889f-6ff9-4164-80c4-3c80389f091e,5094520857,1618-B,RUDKIN,,,RD,,,YAKIMA,WA,98901,2026-01-12 16:19:16.000,BTAX-042613-01-2026,2027-01-31 16:19:16.000
"RJS CONSTRUCTION, INC."," ",Inside City Limits,238190,Contractor-General/Building Exterior,,2022-10-03 00:00:00.000,5390889f-6ff9-4164-80c4-3c80389f091e,5094520857,1618-B,RUDKIN,,,RD,,,YAKIMA,WA,98901,2026-01-12 16:19:16.000,BTAX-042613-01-2026,2027-01-31 16:19:16.000
"ROBCO INC                    ","CARLA, BYRON & ERIC ROBERTSON",Outside City Limits,237310,"Const-Highway, Street & Bridge",,1987-07-01 00:00:00.000,6BB5EB55-BC01-44E0-91A5-05C187B53447,5414762132,PO BOX 1570,,,,,,,GRANTS PASS,OR,97528,2025-08-19 09:14:02.000,BTAX-041354-08-2025,2026-08-31 09:14:02.000
"ROBERT ALLEN PLUMBING         ",ROBERT  ALLEN,Inside City Limits,238220,Plumber,,2004-05-01 00:00:00.000,75EA8DDB-28BE-4E37-9D9D-A5DD667647C1,5412182297,715,L,,SW,ST,,,GRANTS PASS,OR,97526,2026-01-12 14:08:43.000,BTAX-042604-01-2026,2027-01-31 14:08:43.000
"ROBERT ALLEN PLUMBING         ",ROBERT  ALLEN,Inside City Limits,238220,Plumber,,2004-05-01 00:00:00.000,75EA8DDB-28BE-4E37-9D9D-A5DD667647C1,5412182297,715,L,,SW,AVE,,,GRANTS PASS,OR,97526,2026-01-12 14:08:43.000,BTAX-042604-01-2026,2027-01-31 14:08:43.000
"ROBERT BELLENBAUM             ",ROBERT  BELLENBAUM,Outside City Limits,238310,Drywall & Insulation,,2002-10-08 00:00:00.000,A08A62AE-98DA-4058-B645-2ECFFD83B5FF,5419448764,1630,"WILLIAMS ",,,HWY,,#320,GRANTS PASS,OR,97527,2026-03-20 09:13:36.000,BTAX-043003-03-2026,2027-03-31 09:13:36.000
"ROBERT L FINE CONSTRUCTION    ",ROBERT  FINE,Inside City Limits,238190,Contractor-General/Building Exterior,,1999-10-01 00:00:00.000,A62A3FC2-99FD-4535-B496-C0F6EAE7D0FF,5417610750,353,CIENAGA,,,LN,,,GRANTS PASS,OR,97526,2025-08-19 10:43:39.000,BTAX-041375-08-2025,2026-08-31 10:43:39.000
ROBERT LLOYD SHEET METAL INC  RLSM,ROBERT  LLOYD,Outside City Limits,238220,Contractor-HVAC Services,,2009-12-08 00:00:00.000,89596322-09AA-45E4-B778-B0B07228D987,5038383863,PO BOX 307,,,,,,,INDEPENDENCE,OR,97351,2025-09-02 15:21:19.000,BTAX-041606-09-2025,2026-08-31 15:21:19.000
ROBERT W BOYER ATTORNEY AT LAW,ROBERT  BOYER,Inside City Limits,541110,Lawyer,,1998-12-01 00:00:00.000,58D3FF3A-3707-4703-A4EA-1257AEF1C177,5414746271,980,6TH,,SW,ST,,SUITE 28,GRANTS PASS,OR,97526,2025-08-14 11:54:28.000,BTAX-041243-08-2025,2026-08-31 11:54:28.000
"ROBERTS & ASSOCIATES, LLC.",SHIRLEY ROBERTS,Inside City Limits,524210,Insurance Agency & Brokerages,SHIRLEY A ROBERTS INSURANCE AGENCY,2013-12-01 00:00:00.000,c1ad4829-d01c-428b-bd4c-0d2229c64121,5414729019,1652,WILLIAMS,,,HWY,,,GRANTS PASS,OR,97527,2025-04-28 13:11:12.000,BTAX-040279-04-2025,2026-04-30 13:11:12.000
"ROBERTS & ASSOCIATES, LLC."," ",Inside City Limits,524210,Insurance Agency & Brokerages,SHIRLEY A ROBERTS INSURANCE AGENCY,2013-12-01 00:00:00.000,c1ad4829-d01c-428b-bd4c-0d2229c64121,5414729019,1652,WILLIAMS,,,HWY,,,GRANTS PASS,OR,97527,2025-04-28 13:11:12.000,BTAX-040279-04-2025,2026-04-30 13:11:12.000
ROBERTSON BUILDING SERVICES," ",Outside City Limits,238190,Contractor-General/Building Exterior,ALL PRO BUILDING SERVICES,2018-01-31 00:00:00.000,e0d9af0e-8308-44be-a141-66d0deb8f481,5419517709,PO BOX 1033,,,,,,,SHADY COVE,OR,975391033,2026-02-10 12:20:37.000,BTAX-042781-02-2026,2027-02-28 12:20:37.000
ROBERTSON BUILDING SERVICES,WALLACE ROBERTSON,Outside City Limits,238190,Contractor-General/Building Exterior,ALL PRO BUILDING SERVICES,2018-01-31 00:00:00.000,e0d9af0e-8308-44be-a141-66d0deb8f481,5419517709,PO BOX 1033,,,,,,,SHADY COVE,OR,975391033,2026-02-10 12:20:37.000,BTAX-042781-02-2026,2027-02-28 12:20:37.000
"ROBIN C.  DAVIS dba 1881 PROPERTIES, LLC"," HEIDI WIGGERS",Outside City Limits,531110,Rental Units/Landlord,1881 PROPERTIES LLC,1993-01-01 00:00:00.000,2D0B975E-4518-4145-8C18-DBA630A15C3B,5414711881,PO BOX 1881,,,,,,,GRANTS PASS,OR,97528,2025-08-20 14:45:12.000,BTAX-041469-08-2025,2026-08-31 14:45:12.000
"ROBINSON BROTHERS CONSTRUCTION, LLC.","            ",Outside City Limits,238190,Contractor-General/Building Exterior,,1964-05-12 00:00:00.000,C20EF619-5038-44C3-B007-51EE21F24B88,3605765359,6150,"137TH ",,NE,AVE,,,VANCOUVER,WA,98682,2025-10-29 15:11:03.000,BTAX-042158-10-2025,2026-10-31 15:11:03.000
"ROBINSON ORTHODONTICS         ",JON ROBINSON,Inside City Limits,621210,Medical-Dentist,,2010-09-07 00:00:00.000,ECB0E81F-66DF-46FC-ADDE-5E0933612D18,5415087457,SALT DENTAL PARTNERS,3200 E CAMELBACK,,,RD,,# 245,PHOENIX,AZ,85018,2025-07-28 10:10:14.000,BTAX-041002-07-2025,2026-07-31 10:10:14.000
ROCK SOLID MOVERS," ",Inside City Limits,484210,Moving Company,,2020-12-11 00:00:00.000,8987c4db-57a7-4a77-9efb-f6e34e7475f9,5412916588,1297,VISTA,,,DR,,,GRANTS PASS,OR,97527,2025-04-07 14:41:11.000,BTAX-040167-04-2025,2026-04-30 14:41:11.000
ROCK SOLID MOVERS,LEVI YERRICK,Inside City Limits,484210,Moving Company,,2020-12-11 00:00:00.000,8987c4db-57a7-4a77-9efb-f6e34e7475f9,5412916588,1297,VISTA,,,DR,,,GRANTS PASS,OR,97527,2025-04-07 14:41:11.000,BTAX-040167-04-2025,2026-04-30 14:41:11.000
ROCKIN' RENTALS," ",Inside City Limits,532490,Rental-Equipment/Machinery Rentals,,2020-05-11 00:00:00.000,1b18e865-3fef-44c0-b9a7-2ee0938b0de4,5417618894,526,ROGUE RIVER,,,HWY,,,GRANTS PASS,OR,97527,2025-08-25 11:13:44.000,BTAX-041527-08-2025,2026-07-31 11:13:44.000
ROCKIN' RENTALS,JASON TRUJILLO,Inside City Limits,532490,Rental-Equipment/Machinery Rentals,,2020-05-11 00:00:00.000,1b18e865-3fef-44c0-b9a7-2ee0938b0de4,5417618894,526,ROGUE RIVER,,,HWY,,,GRANTS PASS,OR,97527,2025-08-25 11:13:44.000,BTAX-041527-08-2025,2026-07-31 11:13:44.000
ROCKSTAR LA HAIR STUDIO & ACADEMY," ",Inside City Limits,812112,Beauty Salon,,2017-01-10 00:00:00.000,c1c9c180-e972-4fe5-9ab9-c9064a8a3e68,5414410982,2798,YVONNE,,,RD,,,MEDFORD,OR,97504,2026-01-16 12:13:53.000,BTAX-042646-01-2026,2026-12-31 12:13:53.000
ROCKSTAR LA HAIR STUDIO & ACADEMY,RONNI GARCIA,Inside City Limits,812112,Beauty Salon,,2017-01-10 00:00:00.000,c1c9c180-e972-4fe5-9ab9-c9064a8a3e68,5414410982,2798,YVONNE,,,RD,,,MEDFORD,OR,97504,2026-01-16 12:13:53.000,BTAX-042646-01-2026,2026-12-31 12:13:53.000
ROCKSTAR LA HAIR STUDIO & ACADEMY,ELLEN AMLIE,Inside City Limits,812112,Beauty Salon,,2017-01-10 00:00:00.000,c1c9c180-e972-4fe5-9ab9-c9064a8a3e68,5414410982,2798,YVONNE,,,RD,,,MEDFORD,OR,97504,2026-01-16 12:13:53.000,BTAX-042646-01-2026,2026-12-31 12:13:53.000
"RODDA PAINT CO                ",MARC MILLS,Inside City Limits,444120,Retail-Paint & Wallpaper,,2007-03-01 00:00:00.000,193953DC-ABBE-43D5-9253-DD64DE6230AC,5415214300,6107,MARINE,,N,DR,,,PORTLAND,OR,97203,2025-09-08 11:40:01.000,BTAX-041678-09-2025,2026-09-30 11:40:01.000
RODDA PAINT HOLDINGS LLC," ",Inside City Limits,444120,Retail-Paint & Wallpaper,RODDA PAINT CO,2024-12-01 00:00:00.000,3769F400-E20E-4CE7-A44C-003CAC115301,5412441723,6107,MARINE,,N,DR,,,PORTLAND,OR,97203,2026-03-13 13:42:31.000,BTAX-042959-03-2026,2027-03-31 13:42:31.000
"RODGER D JORDAN JR            ",RODGER  JORDAN JR,Inside City Limits,523999,Finance-Investment Activities,,1999-01-11 00:00:00.000,A9D0FF50-E9BA-485F-9B8E-C82EFA5CCFE9,5414721767,237,K,,SE,ST,,,GRANTS PASS,OR,97526,2025-08-18 12:33:05.000,BTAX-041316-08-2025,2026-08-31 12:33:05.000
"ROD'S GARDENING               ",ROD  RAYBORNE,Inside City Limits,541320,Landscaping Services,,2012-05-02 00:00:00.000,A0463B90-8BF1-4B98-A5DA-0F802A17EA4B,5414762438,PO BOX 621,,,,,,,GRANTS PASS,OR,97528,2025-08-18 12:30:01.000,BTAX-041315-08-2025,2026-08-31 12:30:01.000
"ROE MOTORS INC       ",STEVE ROE,Inside City Limits,441110,Auto-New Car Dealer,,1983-03-01 00:00:00.000,06206028-788E-41F8-A829-FB81C92F702F,5414767701,PO BOX 488,,,,,,,GRANTS PASS,OR,97528,2025-07-22 09:44:08.000,BTAX-040851-07-2025,2026-07-31 09:44:08.000
ROGER LANGLIERS CONSTRUCTION CO,"WWS HOLDINGS INC ",Outside City Limits,238110,Contractor-Concrete/Found/Structural,,2022-06-27 00:00:00.000,5e811ee2-38f6-4525-856c-3e67d6a65df7,5035335709,PO BOX 2057,,,,,,,TUALATIN,OR,97062,2025-06-16 16:13:23.000,BTAX-040530-06-2025,2026-06-30 16:13:23.000
ROGER LANGLIERS CONSTRUCTION CO,WWS HOLDINGS INC,Outside City Limits,238110,Contractor-Concrete/Found/Structural,,2022-06-27 00:00:00.000,5e811ee2-38f6-4525-856c-3e67d6a65df7,5035335709,PO BOX 2057,,,,,,,TUALATIN,OR,97062,2025-06-16 16:13:23.000,BTAX-040530-06-2025,2026-06-30 16:13:23.000
ROGUE ARMAMENT," ",Inside City Limits,452990,"Retail-General Merchandise ",,2023-01-31 00:00:00.000,9453cf36-6817-4cce-b4f1-bdd094a5a95c,5417616665,212,SAVAGE,,NE,ST,,SUITE A,GRANTS PASS,OR,97526,2025-12-03 11:53:54.000,BTAX-042383-12-2025,2026-12-31 11:53:54.000
ROGUE ARMAMENT,JERRAD CONNOR,Inside City Limits,452990,"Retail-General Merchandise ",,2023-01-31 00:00:00.000,9453cf36-6817-4cce-b4f1-bdd094a5a95c,5417616665,212,SAVAGE,,NE,ST,,SUITE A,GRANTS PASS,OR,97526,2025-12-03 11:53:54.000,BTAX-042383-12-2025,2026-12-31 11:53:54.000
"ROGUE BARBERS LLC             ",KATHLEEN & RONALD  GILLASPIE,Inside City Limits,812111,Barber Shop,,2015-10-01 00:00:00.000,3F901A30-4447-4A74-A096-A4690FE70185,5412267740,1236,"IRONWOOD ",,SW,DR,,,GRANTS PASS,OR,97526,2025-08-28 16:27:54.000,BTAX-041589-08-2025,2026-08-31 16:27:54.000
ROGUE BIRTH CENTER LLC,WILLA WOODWARD ERVIN,Inside City Limits,621498,Medical-Outpatient Care Center,,2016-05-01 00:00:00.000,4c71b77a-125e-4a8c-89a1-72d017549c4a,5419168333,1453,REDWOOD,," ",CIR,," ",GRANTS PASS,OR,97527,2025-09-10 11:10:38.000,BTAX-041725-09-2025,2026-09-30 11:10:38.000
ROGUE BIRTH CENTER LLC," ",Inside City Limits,621498,Medical-Outpatient Care Center,,2016-05-01 00:00:00.000,4c71b77a-125e-4a8c-89a1-72d017549c4a,5419168333,1453,REDWOOD,," ",CIR,," ",GRANTS PASS,OR,97527,2025-09-10 11:10:38.000,BTAX-041725-09-2025,2026-09-30 11:10:38.000
"ROGUE CLEANERS & LAUNDROMAT, LLC",TYLER COPE,Inside City Limits,812320,Dry Cleaning Services,,2022-12-05 00:00:00.000,7e0710a4-6dbd-4648-9cf6-3c7118acde08,5414765369,228,K,,SE,ST,,,GRANTS PASS,OR,97526,2026-01-14 14:07:32.000,BTAX-042636-01-2026,2026-12-31 14:07:32.000
"ROGUE CLEANERS & LAUNDROMAT, LLC"," ",Inside City Limits,812320,Dry Cleaning Services,,2022-12-05 00:00:00.000,7e0710a4-6dbd-4648-9cf6-3c7118acde08,5414765369,228,K,,SE,ST,,,GRANTS PASS,OR,97526,2026-01-14 14:07:32.000,BTAX-042636-01-2026,2026-12-31 14:07:32.000
ROGUE CONCRETE & EXCAVATION,GABRIEL POLITRON,Outside City Limits,238110,Contractor-Concrete/Found/Structural,,2020-01-01 00:00:00.000,b6f97810-5ae6-4319-8cb9-66f5427a4cd4,(541) 646-5261,8328,BARBUR,,NE,ST,,,White City,OR,97503,2025-04-08 16:06:28.000,BTAX-040179-04-2025,2026-04-30 16:06:28.000
ROGUE CONCRETE & EXCAVATION," ",Outside City Limits,238110,Contractor-Concrete/Found/Structural,,2020-01-01 00:00:00.000,b6f97810-5ae6-4319-8cb9-66f5427a4cd4,(541) 646-5261,8328,BARBUR,,NE,ST,,,White City,OR,97503,2025-04-08 16:06:28.000,BTAX-040179-04-2025,2026-04-30 16:06:28.000
"ROGUE CREDIT UNION            "," MEMBER-OWNED                  ",Inside City Limits,522130,Finance-Credit Union,,2004-02-15 00:00:00.000,24AEF567-1DB9-447D-9B4C-140FB41A20CD,5418587328,ATTN ACCOUNTS PAYABLE,,PO BOX 4550,,,,,MEDFORD,OR,97501,2025-09-23 11:59:05.000,BTAX-041864-09-2025,2026-09-30 11:59:05.000
"ROGUE CREDIT UNION            ","ROGUE CREDIT UNION    MEMBER-OWNED                  ",Inside City Limits,522130,Finance-Credit Union,,2013-06-20 00:00:00.000,D66F0EE4-B2DB-4EC3-AEC0-9D2178A3389D,5418587328,ATTN ACCOUNTS PAYABLE,,PO BOX 4550,,,,,MEDFORD,OR,97501,2025-09-23 12:04:50.000,BTAX-041865-09-2025,2026-09-30 12:04:50.000
ROGUE CREDIT UNION," ",Inside City Limits,522130,Finance-Credit Union,,2017-09-20 00:00:00.000,dbec48fb-16cf-4fe3-a508-bed4bfaf1fe9,5418587328,PO BOX 4550,,,,,,,MEDFORD,OR,97501,2025-11-06 11:43:03.000,BTAX-042223-11-2025,2026-10-31 11:43:03.000
ROGUE ENGINEERING CORP," ",Inside City Limits,541330,Engineering Services,ROGUE RIVER ENGINEERING,2023-11-01 00:00:00.000,35f410f8-f1de-422f-a951-7bebc8fdd5e9,5412107959,560,F,,NE,ST,,STE A129,GRANTS PASS,OR,97526,2025-11-10 12:16:37.000,BTAX-042267-11-2025,2026-11-30 12:16:37.000
ROGUE ENGINEERING CORP,BEN EWING,Inside City Limits,541330,Engineering Services,ROGUE RIVER ENGINEERING,2023-11-01 00:00:00.000,35f410f8-f1de-422f-a951-7bebc8fdd5e9,5412107959,560,F,,NE,ST,,STE A129,GRANTS PASS,OR,97526,2025-11-10 12:16:37.000,BTAX-042267-11-2025,2026-11-30 12:16:37.000
ROGUE ENGINEERING CORP,HOLLY EWING,Inside City Limits,541330,Engineering Services,ROGUE RIVER ENGINEERING,2023-11-01 00:00:00.000,35f410f8-f1de-422f-a951-7bebc8fdd5e9,5412107959,560,F,,NE,ST,,STE A129,GRANTS PASS,OR,97526,2025-11-10 12:16:37.000,BTAX-042267-11-2025,2026-11-30 12:16:37.000
ROGUE FAMILY EYE CARE LLC," ",Inside City Limits,621320,Medical-Optometrist,,2018-09-01 00:00:00.000,C48F2E20-9431-4296-9358-E971D4299E10,5414742788,853,A,,NE,ST,,,GRANTS PASS,OR,97526,2025-09-09 16:20:51.000,BTAX-041720-09-2025,2026-09-30 16:20:51.000
ROGUE FAMILY EYE CARE LLC,JENNIFER RICHARDSON,Inside City Limits,621320,Medical-Optometrist,,2018-09-01 00:00:00.000,C48F2E20-9431-4296-9358-E971D4299E10,5414742788,853,A,,NE,ST,,,GRANTS PASS,OR,97526,2025-09-09 16:20:51.000,BTAX-041720-09-2025,2026-09-30 16:20:51.000
ROGUE FAMILY EYE CARE LLC,MATT RICHARDSON,Inside City Limits,621320,Medical-Optometrist,,2018-09-01 00:00:00.000,C48F2E20-9431-4296-9358-E971D4299E10,5414742788,853,A,,NE,ST,,,GRANTS PASS,OR,97526,2025-09-09 16:20:51.000,BTAX-041720-09-2025,2026-09-30 16:20:51.000
ROGUE HAIR STUDIO," ",Inside City Limits,812112,Beauty Salon,,2019-10-07 00:00:00.000,e95f0a8a-e5bb-4165-8cf7-ac627806a950,5417610669,139,MILL,,NE,ST,,,GRANTS PASS,OR,97526,2025-10-20 16:19:55.000,BTAX-042083-10-2025,2026-10-31 16:19:55.000
ROGUE HAIR STUDIO,ERIN CREACH,Inside City Limits,812112,Beauty Salon,,2019-10-07 00:00:00.000,e95f0a8a-e5bb-4165-8cf7-ac627806a950,5417610669,139,MILL,,NE,ST,,,GRANTS PASS,OR,97526,2025-10-20 16:19:55.000,BTAX-042083-10-2025,2026-10-31 16:19:55.000
ROGUE HAIR STUDIO,JILLIAN  JOHNSON,Inside City Limits,812112,Beauty Salon,,2019-10-07 00:00:00.000,e95f0a8a-e5bb-4165-8cf7-ac627806a950,5417610669,139,MILL,,NE,ST,,,GRANTS PASS,OR,97526,2025-10-20 16:19:55.000,BTAX-042083-10-2025,2026-10-31 16:19:55.000
ROGUE HANDYMAN SERVICES," ",Outside City Limits,236220,Handyman,,2022-04-01 00:00:00.000,882aa18d-a2e4-4a1e-9dd3-15dac50a4b7f,5415269150,PO BOX 582,,,,,,,GRANTS PASS,OR,97528,2025-04-14 14:19:43.000,BTAX-040205-04-2025,2026-04-30 14:19:43.000
ROGUE HANDYMAN SERVICES,JASON SCHMIDT,Outside City Limits,236220,Handyman,,2022-04-01 00:00:00.000,882aa18d-a2e4-4a1e-9dd3-15dac50a4b7f,5415269150,PO BOX 582,,,,,,,GRANTS PASS,OR,97528,2025-04-14 14:19:43.000,BTAX-040205-04-2025,2026-04-30 14:19:43.000
ROGUE HEALING COLLECTIVE," ",Inside City Limits,621330,Medical - Mental Health Counselor,,2023-10-25 00:00:00.000,2c021a7a-06b1-4cd4-9430-11770b91ed85,5413067119,PO BOX 1392,,,,,,,GRANTS PASS,OR,97528,2025-12-12 14:33:58.000,BTAX-042453-12-2025,2026-12-31 14:33:58.000
ROGUE LAW FIRM PC,RICHARD  ADAMS,Inside City Limits,541110,Lawyer,,2014-07-01 00:00:00.000,E7AF11E9-FB39-4E86-ABC1-3C24286E4014,5414762110,600,5TH,,NW,ST,,,GRANTS PASS,OR,97526,2025-08-14 15:55:32.000,BTAX-041287-08-2025,2026-08-31 15:55:32.000
"ROGUE REAL ESTATE SERVICES, LLC",Matt Phelan,Inside City Limits,531210,Real Estate Agents/Brokers,,2023-01-05 00:00:00.000,fdcdff7f-1b71-4dd9-bc76-6c3a9a91c05b,5416601959,560,F,,NE,ST,,SUITE A # 453,GRANTS PASS,OR,97526,2026-03-05 12:40:49.000,BTAX-042892-03-2026,2027-03-31 12:40:49.000
"ROGUE REAL ESTATE SERVICES, LLC"," ",Inside City Limits,531210,Real Estate Agents/Brokers,,2023-01-05 00:00:00.000,fdcdff7f-1b71-4dd9-bc76-6c3a9a91c05b,5416601959,560,F,,NE,ST,,SUITE A # 453,GRANTS PASS,OR,97526,2026-03-05 12:40:49.000,BTAX-042892-03-2026,2027-03-31 12:40:49.000
"ROGUE REAL ESTATE, LLC"," ",Inside City Limits,531210,Real Estate Agents/Brokers,,2022-11-02 00:00:00.000,055819c9-3524-4c81-8e34-21568d46b8d1,5415000800,711 MEDFORD CENTER #187,,,,,,,MEDFORD,OR,97504,2025-07-22 12:40:58.000,BTAX-040880-07-2025,2026-07-31 12:40:58.000
"ROGUE REAL ESTATE, LLC",BRENT CHISHOLM,Inside City Limits,531210,Real Estate Agents/Brokers,,2022-11-02 00:00:00.000,055819c9-3524-4c81-8e34-21568d46b8d1,5415000800,711 MEDFORD CENTER #187,,,,,,,MEDFORD,OR,97504,2025-07-22 12:40:58.000,BTAX-040880-07-2025,2026-07-31 12:40:58.000
"ROGUE RIVER BOAT SHOP         ",BRET  CLARK,Inside City Limits,441222,Boat Dealer,,1997-01-01 00:00:00.000,B8443596-322A-4D7E-9F9E-C644BDE3C27B,5414791504,1815,"BRIDGE ",,SW,ST,,,GRANTS PASS,OR,97526,2025-05-15 09:10:53.000,BTAX-040368-05-2025,2026-05-31 09:10:53.000
"ROGUE RIVER DENTURE SERVICE   ",MITCH  SHEELER,Inside City Limits,621210,Medical-Dentist,,2003-12-04 00:00:00.000,0C0AFF33-D2A7-478E-B053-BD96F52F7BE9,5414760254,1850,"WILLIAMS ",,,HWY,,,GRANTS PASS,OR,97527,2025-08-19 10:26:16.000,BTAX-041372-08-2025,2026-08-31 10:26:16.000
"ROGUE RIVER DIST. INC         ",RYAN DUNTSCH CRAIG SMITH,Inside City Limits,441310,Retail-Automotive Parts & Accessories,INTERSTATE BATTERIES,2008-12-04 00:00:00.000,2832C00E-A3FF-4620-97FC-AF86D53CC9F2,5416643417,894,FRON,,S,ST,,,CENTRAL POINT,OR,97502,2025-10-10 10:31:33.000,BTAX-041985-10-2025,2026-10-31 10:31:33.000
ROGUE RIVER HEALTHCARE LLC," ",Inside City Limits,621610,Medical-Home Health Care Services,RIVERSIDE HOME HEALTH CARE,1998-10-28 00:00:00.000,8B924408-6D38-468B-92DD-A86A28BDEA59,5414761583,402,G,,SE,ST,,,GRANTS PASS,OR,97526,2025-09-05 09:08:01.000,BTAX-041638-09-2025,2026-09-30 09:08:01.000
ROGUE RIVER HEALTHCARE LLC," ",Inside City Limits,621610,Medical-Home Health Care Services,RIVERSIDE HOME HEALTH CARE,1998-10-28 00:00:00.000,8B924408-6D38-468B-92DD-A86A28BDEA59,5414761583,402,G,,SE,ST,,,GRANTS PASS,OR,97526,2025-09-05 09:08:01.000,BTAX-041638-09-2025,2026-09-30 09:08:01.000
"ROGUE SHRED LLC               ",STEPHEN  GAMBEE,Outside City Limits,562111,Waste Collection-Solid,,2007-07-01 00:00:00.000,D65C22FA-941F-4193-AED6-E886B22E5F35,5417794161,1,MAIN,,W,ST,,SUITE 401,MEDFORD,OR,97501,2025-08-20 12:58:00.000,BTAX-041461-08-2025,2026-08-31 12:58:00.000
ROGUE SOLUTIONS ACCOUNTING & BOOKKEEPING LLC," ",Inside City Limits,541211,Accountant-CPA,,2017-08-01 00:00:00.000,bfa5725d-5437-4c83-b4b9-428a2914fac3,5412266488,PO BOX 582,,,,,," ",GRANTS PASS,OR,97528,2025-08-19 12:35:22.000,BTAX-041400-08-2025,2026-08-31 12:35:22.000
ROGUE SOLUTIONS ACCOUNTING & BOOKKEEPING LLC,TAMMIE SCHMIDT-KIRK,Inside City Limits,541211,Accountant-CPA,,2017-08-01 00:00:00.000,bfa5725d-5437-4c83-b4b9-428a2914fac3,5412266488,PO BOX 582,,,,,," ",GRANTS PASS,OR,97528,2025-08-19 12:35:22.000,BTAX-041400-08-2025,2026-08-31 12:35:22.000
"ROGUE SUSHI, LLC"," ",Inside City Limits,722330,Food-Mobile/Ice Cream Truck,,2021-06-30 00:00:00.000,607fb240-8910-4be8-b265-379426b4a0d2,5416608369,430,CRESTVIEW,,,LP,,,GRANTS PASS,OR,97527,2025-08-15 08:49:26.000,MBLFDTRK-041216-08-2025,2026-06-30 08:49:26.000
"ROGUE SUSHI, LLC",KERNEL DANIEL,Inside City Limits,722330,Food-Mobile/Ice Cream Truck,,2021-06-30 00:00:00.000,607fb240-8910-4be8-b265-379426b4a0d2,5416608369,430,CRESTVIEW,,,LP,,,GRANTS PASS,OR,97527,2025-08-15 08:49:26.000,MBLFDTRK-041216-08-2025,2026-06-30 08:49:26.000
"ROGUE SUSHI, LLC",ALISSA PARKER,Inside City Limits,722330,Food-Mobile/Ice Cream Truck,,2021-06-30 00:00:00.000,607fb240-8910-4be8-b265-379426b4a0d2,5416608369,430,CRESTVIEW,,,LP,,,GRANTS PASS,OR,97527,2025-08-15 08:49:26.000,MBLFDTRK-041216-08-2025,2026-06-30 08:49:26.000
ROGUE TACTICAL COATINGS," ",Inside City Limits,541990,Professional-Misc,,2016-07-19 00:00:00.000,924a6fee-5780-4fe0-9161-83bfa41eba86,5417618205,838,5TH,,NW,ST,,,GRANTS PASS,OR,97526,2025-12-01 12:45:12.000,BTAX-042357-12-2025,2026-11-30 12:45:12.000
ROGUE TACTICAL COATINGS,JOSEPH HOMEN,Inside City Limits,541990,Professional-Misc,,2016-07-19 00:00:00.000,924a6fee-5780-4fe0-9161-83bfa41eba86,5417618205,838,5TH,,NW,ST,,,GRANTS PASS,OR,97526,2025-12-01 12:45:12.000,BTAX-042357-12-2025,2026-11-30 12:45:12.000
ROGUE TAXI," ",Inside City Limits,485310,Transportation-Taxi,,2023-12-01 00:00:00.000,52d2301c-cbc3-4481-a1a1-e2a2d5e430cc,5412910514,1304,ROGUE,,SE,DR,,,GRANTS PASS,OR,97526,2025-12-11 12:28:09.000,TAXICO-042448-12-2025,2026-12-31 12:28:09.000
ROGUE TAXI,SEAN VARNER,Inside City Limits,485310,Transportation-Taxi,,2023-12-01 00:00:00.000,52d2301c-cbc3-4481-a1a1-e2a2d5e430cc,5412910514,1304,ROGUE,,SE,DR,,,GRANTS PASS,OR,97526,2025-12-11 12:28:09.000,TAXICO-042448-12-2025,2026-12-31 12:28:09.000
"ROGUE TRUSS SYSTEMS INC      ",LEON  STUTZMAN,Inside City Limits,238990,Contractor-Trade/Specialty,,1987-07-01 00:00:00.000,31679D8D-E6BC-443D-A363-860DB1AB677A,5414760854,1741,DOWELL,,,RD,,,GRANTS PASS,OR,97527,2025-07-28 15:08:38.000,BTAX-041031-07-2025,2026-07-31 15:08:38.000
ROGUE VALLEY AIR DUCT CLEANING,DRAKE  HEADLEY,Outside City Limits,561720,Cleaning Service,,2013-07-01 00:00:00.000,AF04E051-CB29-478B-AEA1-38F8D547AC7B,5414795827,5646,JEROME PRAIRIE,,,RD,,,GRANTS PASS,OR,97527,2025-12-02 11:51:01.000,BTAX-042372-12-2025,2026-11-30 11:51:01.000
"ROGUE VALLEY AMUSEMENT        ",CHARLES  CHASE,Outside City Limits,532299,Rental-Misc Rentals,,1986-07-01 00:00:00.000,EE00F916-4A9D-4ABE-AC7F-C88C6CECE1C7,5414790101,3033,FOOTHILL,,,BLVD,,B,GRANTS PASS,OR,97526,2025-09-17 16:16:40.000,BTAX-041800-09-2025,2026-09-30 16:16:40.000
"ROGUE VALLEY AUTO             ",RONALD  DOBSON,Inside City Limits,811111,Auto-General Repair,,2011-04-01 00:00:00.000,59A003C0-F557-4D26-9043-995A985445EC,5414793405,1900,DEMARAY,,,DR,,,GRANTS PASS,OR,97527,2025-09-17 08:46:01.000,BTAX-041775-09-2025,2026-08-31 08:46:01.000
"ROGUE VALLEY CLASSIC CRUISERS, INC."," ",Outside City Limits,813990,Organization-Misc,,2006-04-06 00:00:00.000,aa6c3029-4b29-4f3e-a531-754cb17b9c96,5415926009,PO BOX 5241,,,,,,,GRANTS PASS,OR,97528,2025-12-04 14:19:09.000,BTAX-042394-12-2025,2026-12-31 14:19:09.000
ROGUE VALLEY COATINGS," ",Inside City Limits,811121,"Auto-Body, Paint & Interior",,2021-09-30 00:00:00.000,47445b3c-3a7c-4c16-98cf-d1fe9c4096d0,6013080195,516,JAYLEN,,SE,DR,,,GRANTS PASS,OR,97527,2026-03-16 12:07:17.000,BTAX-042972-03-2026,2027-03-31 12:07:17.000
ROGUE VALLEY COATINGS,TRAVIS POOLE,Inside City Limits,811121,"Auto-Body, Paint & Interior",,2021-09-30 00:00:00.000,47445b3c-3a7c-4c16-98cf-d1fe9c4096d0,6013080195,516,JAYLEN,,SE,DR,,,GRANTS PASS,OR,97527,2026-03-16 12:07:17.000,BTAX-042972-03-2026,2027-03-31 12:07:17.000
"ROGUE VALLEY DOOR INC         ",JOHN DUNCAN SHIRLEY SAMMIS,Inside City Limits,321999,Manufacturing-Wood Products,,1986-05-01 00:00:00.000,41E22BEB-A394-4BD8-9691-36EB0A964646,5414795354,PO BOX 2710,,,,,,,GRANTS PASS,OR,97528,2025-08-26 11:47:04.000,BTAX-041564-08-2025,2026-08-31 11:47:04.000
"ROGUE VALLEY ENGRAVING INC    ",ALVEN & RAYNORA  PIATT,Inside City Limits,454390,Retail-Misc Direct Selling Establishment,,1988-05-16 00:00:00.000,6328A897-DAE2-4F3F-8A6D-F799AF742146,5414760034,225,"HILLCREST ",,NE,DR,,STE 5,"GRANTS PASS ",OR,97526,2025-08-05 10:47:04.000,BTAX-041099-08-2025,2026-08-31 10:47:04.000
"ROGUE VALLEY FINISHED PRODUCTS    ",JASON VERNER,Inside City Limits,238190,Welding/Fabrication,,2005-09-28 00:00:00.000,CDD62119-5BA9-4F6D-992B-62CA562CBEBD,5414762568,530,F,,NW,ST,,,GRANTS PASS,OR,97526,2025-11-04 11:09:35.000,BTAX-042206-11-2025,2026-10-31 11:09:35.000
"ROGUE VALLEY FINISHED PRODUCTS    "," ",Inside City Limits,238190,Welding/Fabrication,,2005-09-28 00:00:00.000,CDD62119-5BA9-4F6D-992B-62CA562CBEBD,5414762568,530,F,,NW,ST,,,GRANTS PASS,OR,97526,2025-11-04 11:09:35.000,BTAX-042206-11-2025,2026-10-31 11:09:35.000
ROGUE VALLEY HEATING & AIR CONDITIONING,DAVID WILLIAMS,Outside City Limits,238220,Contractor-HVAC Services,,2004-08-18 00:00:00.000,89E61FD9-3200-4364-88D2-F880A837CF4B,5414763211,2820,"FOOTHILL ",,,BLVD,,,GRANTS PASS,OR,97526,2025-09-03 15:58:46.000,BTAX-041600-09-2025,2026-09-30 15:58:46.000
ROGUE VALLEY HEATING & AIR CONDITIONING,DAVID  WILLIAMS,Outside City Limits,238220,Contractor-HVAC Services,,2004-08-18 00:00:00.000,89E61FD9-3200-4364-88D2-F880A837CF4B,5414763211,2820,"FOOTHILL ",,,BLVD,,,GRANTS PASS,OR,97526,2025-09-03 15:58:46.000,BTAX-041600-09-2025,2026-09-30 15:58:46.000
ROGUE VALLEY MARBLE & GRANITE LLC,GARY  COWIE,Inside City Limits,339999,Manufacturing-Misc Manufacturing,,1989-02-01 00:00:00.000,E91716A8-0256-4FD2-86C0-D5A05C1BB1CB,5414744319,2375,"FOOTHILL ",,,BLVD,,,GRANTS PASS,OR,97526,2025-11-10 11:50:11.000,BTAX-042262-11-2025,2026-11-30 11:50:11.000
ROGUE VALLEY MOBILE PHLEBOTOMY LLC,CHRISTING AVILA KRISTIE HOPPER,Outside City Limits,541990,Professional-Misc,,2014-01-01 00:00:00.000,0C7F6683-81D2-491F-9FD7-5F9124119D9F,5416607614,1732,"SUNVIEW ",,NW,PL,,,GRANTS PASS,OR,97526,2025-12-30 12:14:31.000,BTAX-042531-12-2025,2026-12-31 12:14:31.000
"ROGUE VALLEY MORTGAGE LLC     ",LYNN  COSTANTINO,Inside City Limits,522310,Finance-Loan Broker(Mortg/Nonmortg),,2008-02-01 00:00:00.000,45F0BF9F-DFF8-44FD-A23D-7BC4F6E1E4E1,5414766672,PO BOX 697,,,,,,,GRANTS PASS,OR,97528,2025-08-04 13:00:24.000,BTAX-041085-08-2025,2026-08-31 13:00:24.000
ROGUE VALLEY MUFFLER & HITCH,JESSE REINHART,Inside City Limits,811111,Auto-General Repair,,2017-12-11 00:00:00.000,1da374a3-c552-4f2e-9303-01b8fb7c44a4,5419168600,1680,REDWOOD,,,AVE,,,GRANTS PASS,OR,97527,2026-01-08 14:58:25.000,BTAX-042582-01-2026,2027-01-31 14:58:25.000
ROGUE VALLEY MUFFLER & HITCH," ",Inside City Limits,811111,Auto-General Repair,,2017-12-11 00:00:00.000,1da374a3-c552-4f2e-9303-01b8fb7c44a4,5419168600,1680,REDWOOD,,,AVE,,,GRANTS PASS,OR,97527,2026-01-08 14:58:25.000,BTAX-042582-01-2026,2027-01-31 14:58:25.000
"ROGUE VALLEY OVERNIGHTERS     ",CARL & NORMA  STEIN,Inside City Limits,721211,RV Parks & Campgrounds,,1987-07-01 00:00:00.000,E52A86E2-9ACB-4A99-A18C-DC2F4500E73F,5414798371,3591,"HIGHLAND ",,NE,AVE,,,GRANTS PASS,OR,97526,2025-08-15 15:12:32.000,BTAX-041294-08-2025,2026-08-31 15:12:32.000
ROGUE VALLEY PET LLC,TERRY WEATHERS,Inside City Limits,453910,Retail-Pets & Pet Supplies,,2016-03-14 00:00:00.000,a44ecad5-a30e-4a0b-9bb8-cd8ccc24ad87,5418575000,1630,WILLIAMS,,,HWY,,PMB 176,GRANTS PASS,OR,97527,2025-10-16 12:46:47.000,BTAX-042039-10-2025,2026-10-31 12:46:47.000
ROGUE VALLEY PET LLC,CHRIS BALADASARO,Inside City Limits,453910,Retail-Pets & Pet Supplies,,2016-03-14 00:00:00.000,a44ecad5-a30e-4a0b-9bb8-cd8ccc24ad87,5418575000,1630,WILLIAMS,,,HWY,,PMB 176,GRANTS PASS,OR,97527,2025-10-16 12:46:47.000,BTAX-042039-10-2025,2026-10-31 12:46:47.000
ROGUE VALLEY PET LLC," ",Inside City Limits,453910,Retail-Pets & Pet Supplies,,2016-03-14 00:00:00.000,a44ecad5-a30e-4a0b-9bb8-cd8ccc24ad87,5418575000,1630,WILLIAMS,,,HWY,,PMB 176,GRANTS PASS,OR,97527,2025-10-16 12:46:47.000,BTAX-042039-10-2025,2026-10-31 12:46:47.000
ROGUE VALLEY PROPERTY MGMT & REAL ESTATE SERVICES INC," ",Inside City Limits,531311,Property Management,,2009-08-17 00:00:00.000,C59AAD26-A606-447D-ADFD-0E59E58CD1F0,5419557300,131,B,,NE,ST,,,GRANTS PASS,OR,97526,2025-10-28 08:34:09.000,BTAX-042128-10-2025,2026-10-31 08:34:09.000
"ROGUE VALLEY PUMP SERVICE LLC ",DAVID E & JOHN G  DENNIS,Inside City Limits,238990,Contractor-Trade/Specialty,CAPP'S PUMP SERVICE,1997-04-11 00:00:00.000,0D540B83-FCC5-4FBF-B88C-440EEECC74BC,5414747877,3396,REDWOOD,,,AVE,,,GRANTS PASS,OR,97527,2025-07-15 11:25:11.000,BTAX-040750-07-2025,2026-07-31 11:25:11.000
"ROGUE VALLEY ROOFING, LLC",Robert Rivero,Outside City Limits,238190,Contractor-General/Building Exterior,,2013-06-01 00:00:00.000,63f16b41-6a08-42d0-bb60-7082bcf024f0,5417766620,PO BOX 1480,,,,,,,MEDFORD,OR,97501,2025-05-02 14:42:06.000,BTAX-040302-05-2025,2026-05-31 14:42:06.000
"ROGUE VALLEY ROOFING, LLC",ROBERT RIVERO,Outside City Limits,238190,Contractor-General/Building Exterior,,2013-06-01 00:00:00.000,63f16b41-6a08-42d0-bb60-7082bcf024f0,5417766620,PO BOX 1480,,,,,,,MEDFORD,OR,97501,2025-05-02 14:42:06.000,BTAX-040302-05-2025,2026-05-31 14:42:06.000
"ROGUE VALLEY TONER SERVICE    ",JULI  DENNIS,Outside City Limits,453210,Retail-Office Supplies,,1997-08-28 00:00:00.000,9A3031BA-CD14-41A7-851C-AC715E3EB71F,5416609571,1699,GRANITE HILL,,,RD,,,GRANTS PASS,OR,97526,2025-08-12 15:08:43.000,BTAX-041195-08-2025,2026-08-31 15:08:43.000
ROGUE WELDING AND FABRICATION LLC," ",Outside City Limits,238190,Welding/Fabrication,,2018-04-17 00:00:00.000,56174166-774e-4457-8470-5f62832b6ff0,5417613779,"4744 ",REDWOOD,,,AVE,,,GRANTS PASS,OR,97527,2025-07-07 15:03:19.000,BTAX-040621-07-2025,2026-07-31 15:03:19.000
ROGUE WELDING AND FABRICATION LLC,STEVEN SMITH,Outside City Limits,238190,Welding/Fabrication,,2018-04-17 00:00:00.000,56174166-774e-4457-8470-5f62832b6ff0,5417613779,"4744 ",REDWOOD,,,AVE,,,GRANTS PASS,OR,97527,2025-07-07 15:03:19.000,BTAX-040621-07-2025,2026-07-31 15:03:19.000
ROGUE WOODCRAFT DESIGN," ",Outside City Limits,321999,Manufacturing-Wood Products,,2023-03-03 00:00:00.000,aa7d628b-c453-4d73-8fb3-b0baca6044bf,5416590091,3405,LEONARD,,,RD,,,GRANTS PASS,OR,97527,2026-03-06 11:34:59.000,BTAX-042904-03-2026,2027-03-31 11:34:59.000
ROGUE WOODCRAFT DESIGN,TRAVIS DIETZ,Outside City Limits,321999,Manufacturing-Wood Products,,2023-03-03 00:00:00.000,aa7d628b-c453-4d73-8fb3-b0baca6044bf,5416590091,3405,LEONARD,,,RD,,,GRANTS PASS,OR,97527,2026-03-06 11:34:59.000,BTAX-042904-03-2026,2027-03-31 11:34:59.000
"RON'S MECHANICAL SERVICES     ",RON  BERKO,Inside City Limits,811111,Auto-General Repair,,2008-08-01 00:00:00.000,8837FC79-ABB4-47E9-841C-BEF8918EF77F,5419515538,116,WILMAR,,,AVE,,,GRANTS PASS,OR,97527,2025-08-26 14:14:43.000,BTAX-041572-08-2025,2026-08-31 14:14:43.000
ROOTS FARMSTEAD LLC DBA BEEF CAKES BAKERY & PATISSERIE," ",Inside City Limits,311811,Bakery,BEEF CAKES,2022-05-01 00:00:00.000,72d3b80a-5865-4c14-83f2-3c1eb418958f,5037075995,7550,MONUMENT,,,DR,,,GRANTS PASS,OR,97526,2025-07-02 10:28:00.000,BTAX-040600-07-2025,2026-07-31 10:28:00.000
ROOTS FARMSTEAD LLC DBA BEEF CAKES BAKERY & PATISSERIE," ",Inside City Limits,311811,Bakery,BEEF CAKES,2022-05-01 00:00:00.000,72d3b80a-5865-4c14-83f2-3c1eb418958f,5037075995,7550,MONUMENT,,,DR,,,GRANTS PASS,OR,97526,2025-07-02 10:28:00.000,BTAX-040600-07-2025,2026-07-31 10:28:00.000
ROOTS FARMSTEAD LLC DBA BEEF CAKES BAKERY & PATISSERIE,ALYSSA WARNE,Inside City Limits,311811,Bakery,BEEF CAKES,2022-05-01 00:00:00.000,72d3b80a-5865-4c14-83f2-3c1eb418958f,5037075995,7550,MONUMENT,,,DR,,,GRANTS PASS,OR,97526,2025-07-02 10:28:00.000,BTAX-040600-07-2025,2026-07-31 10:28:00.000
"ROSALES SERVICES AND CONSULTING, LLC",TONY  ROSALES,Inside City Limits,621420,Medical-Mental Health/Substance Abuse Center,BELLA ROGUE WELLNESS CLINIC,2022-08-10 00:00:00.000,621e681e-5979-4a26-9af8-97a3af1a7b16,5415127512,106,CREEKVIEW,,,LN,,,"ROGUE RIVER ",OR,97537,2025-08-26 09:39:35.000,BTAX-041549-08-2025,2026-08-31 09:39:35.000
ROSEBURG REFRIGERATION MECHANICAL CONTRACTORS LLC,Jim Bergeron,Outside City Limits,238220,Contractor-HVAC Services,ROSEBURG REFRIGERATION,2013-04-01 00:00:00.000,28dbab53-270f-4215-8569-d762a3aaafde,5416728939,PO BOX 143,,,,,,,ROSEBURG,OR,97470,2025-12-16 11:30:42.000,BTAX-042475-12-2025,2026-12-31 11:30:42.000
ROSEBURG REFRIGERATION MECHANICAL CONTRACTORS LLC,JAMES BERGERON JR,Outside City Limits,238220,Contractor-HVAC Services,ROSEBURG REFRIGERATION,2013-04-01 00:00:00.000,28dbab53-270f-4215-8569-d762a3aaafde,5416728939,PO BOX 143,,,,,,,ROSEBURG,OR,97470,2025-12-16 11:30:42.000,BTAX-042475-12-2025,2026-12-31 11:30:42.000
ROSITA'S CLEANING SERVICE," ",Inside City Limits,561720,Cleaning Service,,2018-10-31 00:00:00.000,1c68315a-19b8-45b3-bc8a-27e05fdad96b,5418409064,1649,DRAGON TRAIL,,,PL,,,MEDFORD,OR,97504,2023-11-02 13:37:25.000,BTAX-036335-11-2023,2024-11-30 13:37:25.000
ROSITA'S CLEANING SERVICE,ROSA PICASSO,Inside City Limits,561720,Cleaning Service,,2018-10-31 00:00:00.000,1c68315a-19b8-45b3-bc8a-27e05fdad96b,5418409064,1649,DRAGON TRAIL,,,PL,,,MEDFORD,OR,97504,2023-11-02 13:37:25.000,BTAX-036335-11-2023,2024-11-30 13:37:25.000
"ROSS DRESS FOR LESS INC       "," ROSS DRESS FOR LESS INC       ",Inside City Limits,452111,Retail-Department Store,,2008-03-08 00:00:00.000,9174736C-EFF6-423D-BF74-0533697A066D,9259654831,ATTN: LICENSING DEPT,,5130 HACIENDA DR GA#1124,,,,,DUBLIN,CA,94568,2025-09-18 15:05:53.000,BTAX-041831-09-2025,2026-09-30 15:05:53.000
ROUTE 97 AUTO DETAILING,EDGAR VARGAS,Inside City Limits,811192,Car Wash & Detailing,RESTOR FX,2023-05-30 00:00:00.000,44788f24-aa39-425f-9662-f2910b27b134,5416107248,1985,HIGHLAND,,NW,AVE,,,GRANTS PASS,OR,97526,2025-06-10 16:06:21.000,BTAX-040486-06-2025,2026-06-30 16:06:21.000
ROXANN STRONG CPA INC.," ",Inside City Limits,541211,Accountant-CPA,,2020-06-18 00:00:00.000,e31a6b90-f309-4c47-b9a6-5db084e5795d,5036848111,2001,TABLE ROCK,,,RD,,APT 105,MEDFORD,OR,975011490,2025-12-02 11:46:22.000,BTAX-042371-12-2025,2026-12-31 11:46:22.000
ROXANN STRONG CPA INC.,ROXANN STRONG,Inside City Limits,541211,Accountant-CPA,,2020-06-18 00:00:00.000,e31a6b90-f309-4c47-b9a6-5db084e5795d,5036848111,2001,TABLE ROCK,,,RD,,APT 105,MEDFORD,OR,975011490,2025-12-02 11:46:22.000,BTAX-042371-12-2025,2026-12-31 11:46:22.000
ROYAL GREEN LANDSCAPING,Robert Johnston,Inside City Limits,238990,Contractor-Trade/Specialty,,2022-03-15 00:00:00.000,cae0db21-a727-4217-b16a-c809dbe6d890,5412990479,8344,ROGUE RIVER,,,HWY,,,GRANTS PASS,OR,97527,2026-03-09 15:26:53.000,BTAX-042918-03-2026,2027-03-31 15:26:53.000
ROYAL GREEN LANDSCAPING,ROBERT JOHNSTON,Inside City Limits,238990,Contractor-Trade/Specialty,,2022-03-15 00:00:00.000,cae0db21-a727-4217-b16a-c809dbe6d890,5412990479,8344,ROGUE RIVER,,,HWY,,,GRANTS PASS,OR,97527,2026-03-09 15:26:53.000,BTAX-042918-03-2026,2027-03-31 15:26:53.000
"ROYAL TRAILER PARK            "," HAMLYN FAMILY LLC",Inside City Limits,721211,RV Parks & Campgrounds,,1994-10-07 00:00:00.000,BE222EA0-2552-4D03-8B7C-2E2835F72FEF,5414797204,966,6TH,,SW,ST,,,GRANTS PASS,OR,97526,2025-10-20 14:26:46.000,BTAX-042062-10-2025,2026-10-31 14:26:46.000
"RR MYERS LLC                  ",DUSTIN  MEYERS,Inside City Limits,722511,Restaurant,THE VINE RESTAURANT,2015-03-30 00:00:00.000,6CD37053-1C7A-4EC7-B255-0BD9F09AF0CA,5414798463,1610,ALLEN CREEK,,,RD,,#111,GRANTS PASS,OR,97527,2025-10-29 12:38:45.000,BTAX-042149-10-2025,2026-10-31 12:38:45.000
RS CONSTRUCTION & EXCAVATION LLC," ",Outside City Limits,238190,Contractor-General/Building Exterior,,2013-07-10 00:00:00.000,7d7aa40e-8f14-442d-bce0-ef682bd8bb18,,231,QUAIL,,,LN,,,GRANTS PASS,OR,97526,2026-01-06 11:59:20.000,BTAX-042570-01-2026,2027-01-31 11:59:20.000
RS CONSTRUCTION & EXCAVATION LLC,RILEY STACEY,Outside City Limits,238190,Contractor-General/Building Exterior,,2013-07-10 00:00:00.000,7d7aa40e-8f14-442d-bce0-ef682bd8bb18,,231,QUAIL,,,LN,,,GRANTS PASS,OR,97526,2026-01-06 11:59:20.000,BTAX-042570-01-2026,2027-01-31 11:59:20.000
"RUSSIAN HANDS                 ",EKATERINA  EWERS,Inside City Limits,621399,Medical-Massage Therapy,,2007-01-31 00:00:00.000,C7AC90EB-7914-4914-BCFD-0C68EE72D575,5416595670,PO BOX 1227,,,,,,,MERLIN,OR,97532,2025-06-27 14:38:43.000,BTAX-040573-06-2025,2026-06-30 14:38:43.000
"RUSTY NUGGET ANTIQUES         ",DAVID  GAUNT,Inside City Limits,453220,Retail-Gift & Novelty Store,,2013-07-01 00:00:00.000,EE137D8C-DD50-4D88-A5F0-47D672BF05B8,5419555012,161,DAISY MINE,,,RD,,,WOLF CREEK,OR,97497,2025-07-22 12:25:09.000,BTAX-040871-07-2025,2026-07-31 12:25:09.000
RVM GRANTS PASS HOUSING CORPORATION," ",Inside City Limits,623312,Medical-Assisted Living Facility/Elderly,FOOTHILL RETIREMENT CENTER II,2001-01-09 00:00:00.000,CB7F83CA-E016-4FA5-9255-8FFC5D74FF4F,5414719425,1997,D,,NE,ST,,,GRANTS PASS,OR,97526,2025-10-07 10:11:58.000,BTAX-041960-10-2025,2026-10-31 10:11:58.000
RVM GRANTS PASS HOUSING CORPORATION," ",Inside City Limits,623312,Medical-Assisted Living Facility/Elderly,FOOTHILL RETIREMENT CENTER,1994-01-09 00:00:00.000,52282912-382E-4FCB-A1F1-B80B672049A4,5414719425,2031,D,,NE,ST,,,GRANTS PASS,OR,97526,2025-10-07 10:08:27.000,BTAX-041959-10-2025,2026-10-31 10:08:27.000
RVTC LLC," ",Inside City Limits,611710,Educational Support Services,"ROGUE VALLEY TUTORING ",2018-10-31 00:00:00.000,20d8adee-e957-435c-8dfc-5313fc474539,5417792010,2650,BULLOCK,,,RD,,,MEDFORD,OR,97504,2026-01-30 16:03:33.000,BTAX-042704-01-2026,2027-01-31 16:03:33.000
RVTC LLC,MARY FITZSIMMONS,Inside City Limits,611710,Educational Support Services,"ROGUE VALLEY TUTORING ",2018-10-31 00:00:00.000,20d8adee-e957-435c-8dfc-5313fc474539,5417792010,2650,BULLOCK,,,RD,,,MEDFORD,OR,97504,2026-01-30 16:03:33.000,BTAX-042704-01-2026,2027-01-31 16:03:33.000
"RYAN BAKER DC PC              ",RYAN  BAKER,Inside City Limits,621310,Medical-Chiropractor,,2008-09-01 00:00:00.000,B03114A2-8930-43DE-BF57-7E4AC7541749,5414710701,333,5TH,,SW,ST,,,GRANTS PASS,OR,97526,2025-07-28 10:37:48.000,BTAX-041023-07-2025,2026-07-31 10:37:48.000
RYAN ELY CONSTRUCTION LLC,RYAN ELY,Inside City Limits,238190,Contractor-General/Building Exterior,,2018-03-02 00:00:00.000,97add148-96a1-4477-9ce9-40e3e7e3bc5a,,311,"COLLETTE ",,NW,WAY,," ",GRANTS PASS,OR,97526,2025-04-11 15:44:48.000,BTAX-040197-04-2025,2026-04-30 15:44:48.000
"RYCKE BROWN                   ",RYCKE  BROWN,Inside City Limits,541320,Landscaping Services,,1999-10-08 00:00:00.000,DA5DDA9C-4E0E-457A-92F2-FA12159317BB,5419559040,1415,"BRIDGE ",,SW,ST,,,GRANTS PASS,OR,97526,2025-08-12 16:01:41.000,BTAX-041207-08-2025,2026-08-31 16:01:41.000
RYDELL RENTALS LLC," ",Inside City Limits,531110,Rental Units/Landlord,,2023-01-01 00:00:00.000,b8102217-d1b2-424a-ae90-a61d0891a563,5416603926,1460,WILLIAMS,,,HWY,,,GRANTS PASS,OR,97527,2025-06-23 16:03:52.000,BTAX-040548-06-2025,2026-06-30 16:03:52.000
RYDELL RENTALS LLC,JARED RYDELL,Inside City Limits,531110,Rental Units/Landlord,,2023-01-01 00:00:00.000,b8102217-d1b2-424a-ae90-a61d0891a563,5416603926,1460,WILLIAMS,,,HWY,,,GRANTS PASS,OR,97527,2025-06-23 16:03:52.000,BTAX-040548-06-2025,2026-06-30 16:03:52.000
S & G INDUSTRIAL SUPPLIES LLC,GEORGE & VIRGINIA  POTTMEYER,Inside City Limits,441310,Retail-Automotive Parts & Accessories,NEELY BEARING & SUPPLY COMPANY,2004-01-15 00:00:00.000,82DCB61D-EB03-47EE-913F-AC468E20F199,5414763289,1800,"HAWTHORNE ",,NW,AVE,,,GRANTS PASS,OR,97526,2025-10-06 15:22:27.000,BTAX-041945-10-2025,2026-09-30 15:22:27.000
"S & S SHEET METAL INC         ",MIKE SHIPLEY,Outside City Limits,238220,Contractor-HVAC Services,,1997-02-19 00:00:00.000,0C115971-40AC-40CE-8964-CAF5E2CC5D33,5418266661,912,ANTELOPE,,,RD,,,WHITE CITY,OR,97503,2025-11-10 10:51:37.000,BTAX-042250-11-2025,2026-11-30 10:51:37.000
S O S ALARM & MEDFORD ALARM & SIGNAL,RAY  CLABORN,Inside City Limits,561621,Security System Services,,1999-02-22 00:00:00.000,487554C4-BC19-48E2-979E-42EDDD5502DB,5417733900,3273,BIDDLE,,,RD,,,MEDFORD,OR,97504,2025-11-04 11:26:20.000,BTAX-042211-11-2025,2026-10-31 11:26:20.000
S&B GRADING AND EXCAVATION LLC,SHERI SCHNITZER & BRIAN KRUSE,Inside City Limits,238190,Contractor-General/Building Exterior,,2022-08-01 00:00:00.000,b7cb463a-5875-43a7-a3cd-7febeaade435,5419563080,7841,ROGUE RIVER,,,HWY,,,"GRANTS PASS ",OR,97527,2025-08-22 11:45:09.000,BTAX-041507-08-2025,2026-08-31 11:45:09.000
"S.O. HOMEPROS, LLC",TIFFANY & BEN MORI,Inside City Limits,238190,Contractor-General/Building Exterior,,2016-08-12 00:00:00.000,4238983e-93ef-4637-8605-375070e15487,5416598676,236,B,,NW,ST,,,GRANTS PASS,OR,97526,2025-12-26 12:05:19.000,BTAX-042514-12-2025,2026-12-31 12:05:19.000
"S.O. HOMEPROS, LLC"," ",Inside City Limits,238190,Contractor-General/Building Exterior,,2016-08-12 00:00:00.000,4238983e-93ef-4637-8605-375070e15487,5416598676,236,B,,NW,ST,,,GRANTS PASS,OR,97526,2025-12-26 12:05:19.000,BTAX-042514-12-2025,2026-12-31 12:05:19.000
S+B JAMES CONSTRUCTION," ",Outside City Limits,238190,Contractor-General/Building Exterior,,1997-01-01 00:00:00.000,41BF328C-7335-46A4-9321-A4BB603F7149,5418265668,2055,CARDINAL,,,AVE,,,MEDFORD,OR,97504,2025-12-15 12:01:58.000,BTAX-042462-12-2025,2026-12-31 12:01:58.000
SA FOOD SERVICE LLC,SANJIVE  DATTA,Inside City Limits,722511,Restaurant,ARBYS,2008-02-05 00:00:00.000,B2722C12-EC6C-4C2E-B304-E60B76692D2F,5414747995,5005,PACIFIC HWY E #12,,,,,,FIFE,WA,98424,2025-12-31 09:24:19.000,BTAX-042536-12-2025,2026-12-31 09:24:19.000
SAFELITE FULFILLMENT INC," ",Outside City Limits,811122,Auto-Glass Replacement Shop,SAFELITE AUTOGLASS #4260,2016-03-01 00:00:00.000,64ef573e-d3b3-4841-b2e7-cce1bfa1ca4e,6142109309,PO BOX 182000,,,,,,,COLUMBUS,OH,43218,2025-08-07 11:53:38.000,BTAX-041119-08-2025,2026-07-31 11:53:38.000
"SAFETY FIRST AUTOGLASS INC ",CRAIG  GOSTNELL,Inside City Limits,811122,Auto-Glass Replacement Shop,NOVUS WINDSHIELD REPAIR,1986-12-01 00:00:00.000,70D714B5-96B4-44B0-B52D-8C5ACA5C265B,5414745646,PO BOX 50,,,,,,,WILLIAMS,OR,97544,2025-08-19 16:17:41.000,BTAX-041432-08-2025,2026-08-31 16:17:41.000
"SAFETY KLEEN SYSTEMS INC     "," SAFETY KLEEN SYSTEMS INC",Outside City Limits,561720,Cleaning Service,,2006-08-21 00:00:00.000,57FD61A9-8F6C-4C8B-8A6E-BA913DBF6DFD,7817925000,ATTN: TAX DEPARTMENT,,42 LONGWATER DR,,,,,NORWELL,MA,02061,2025-08-14 12:39:44.000,BTAX-041256-08-2025,2026-08-31 12:39:44.000
"SAFEWAY STORE #379            "," SAFEWAY CORP                  ",Inside City Limits,445110,Food-Grocery Store,,1996-08-01 00:00:00.000,9C2EE633-3328-48F6-88A6-C8C720B15A1A,5414761242,251,LITTLE FALLS,,,DR,,,WILMINGTON,DE,19808,2025-08-12 09:02:10.000,BTAX-041132-08-2025,2026-08-31 09:02:10.000
"SAFEWAY, INC"," ",Inside City Limits,445110,Food-Grocery Store,,1996-08-01 00:00:00.000,3DAE0E14-1CF3-4A29-84EB-4BD4320B5C8C,5419567540,CSC GLOBAL ATT: BUSINESS LICENSE,251 LITTLE FALLS,,,DR,,,WILMINGTON,DE,19808,2025-08-12 11:35:43.000,BTAX-041173-08-2025,2026-08-31 11:35:43.000
"SAFWAY SERVICES, LLC",ANDY MOORE,Outside City Limits,238190,Contractor-General/Building Exterior,,2018-05-02 00:00:00.000,655860f0-495f-4d9e-af97-9fd9ec96f6ec,5412280385,90422,HIGHWAY 99,,,,,,EUGENE,OR,97402,2023-05-22 14:50:48.000,TEMP-034374-05-2023,2023-05-30 00:00:00.000
"SAIGON XICH LO                ",KIM & YUNG  HANG,Inside City Limits,722511,Restaurant,,2012-03-01 00:00:00.000,AEAA9190-B099-4171-B0A5-2CB468DCB4EF,5414411481,810,"COUTANT ",,,LN,,,GRANTS PASS,OR,97527,2025-12-10 14:23:54.000,BTAX-042438-12-2025,2026-12-31 14:23:54.000
SALLY BEAUTY SUPPLY #10817," SALLY BEAUTY SUPPLY LLC",Inside City Limits,446120,Retail-Beauty Supply/Cosmetics,,2007-05-07 00:00:00.000,0FF45874-9A2C-453C-A9E2-FFA3AF0A99CD,5417795346,ATTN: TAX DEPARTMENT,,PO BOX 90220,,,,,DENTON,TX,76202,2025-10-29 12:12:16.000,BTAX-042145-10-2025,2026-10-31 12:12:16.000
"SALON DIVINE                  ","LINDSEY HUDSON                ",Inside City Limits,812112,Beauty Salon,,2007-02-20 00:00:00.000,A69D77CA-A7D0-4CB7-95CD-21D7337EDF83,5414790203,815,D,,NE,ST,,,GRANTS PASS,OR,97526,2025-10-09 14:17:00.000,BTAX-041977-10-2025,2026-10-31 14:17:00.000
SALON EVOLUER," ",Inside City Limits,812112,Beauty Salon,,2021-04-01 00:00:00.000,6a194fdf-5539-4971-a0be-40949529302e,,1692,LYNDA,,NE,LN,,STE B,GRANTS PASS,OR,97526,2025-06-30 14:13:08.000,BTAX-040574-06-2025,2026-06-30 14:13:08.000
SALON EVOLUER,DEANA FLOYD,Inside City Limits,812112,Beauty Salon,,2021-04-01 00:00:00.000,6a194fdf-5539-4971-a0be-40949529302e,,1692,LYNDA,,NE,LN,,STE B,GRANTS PASS,OR,97526,2025-06-30 14:13:08.000,BTAX-040574-06-2025,2026-06-30 14:13:08.000
"SALON VENUSTO                 "," MCCONNELL & CAMACHO           ",Inside City Limits,812112,Beauty Salon,,2014-02-11 00:00:00.000,08804BEF-645E-48B9-B525-3A76A4368083,5416591001,564,E,,NE,ST,,,GRANTS PASS,OR,97526,2025-07-28 08:55:57.000,BTAX-041010-07-2025,2026-07-31 08:55:57.000
SALVADOR R PAINTING," ",Inside City Limits,238320,Painting & Wall Covering,,2021-11-18 00:00:00.000,679e0aa3-feec-47b7-b3ae-33ab12e26015,5416597934,2395,REDWOOD,,,AVE,,SPC 94,GRANTS PASS,OR,97527,2025-11-10 10:28:40.000,BTAX-042245-11-2025,2026-11-30 10:28:40.000
SALVADOR R PAINTING,GABRIELA RODRIGUEZ,Inside City Limits,238320,Painting & Wall Covering,,2021-11-18 00:00:00.000,679e0aa3-feec-47b7-b3ae-33ab12e26015,5416597934,2395,REDWOOD,,,AVE,,SPC 94,GRANTS PASS,OR,97527,2025-11-10 10:28:40.000,BTAX-042245-11-2025,2026-11-30 10:28:40.000
SALVADOR R PAINTING,JOSHUA RODRIGUEZ,Inside City Limits,238320,Painting & Wall Covering,,2021-11-18 00:00:00.000,679e0aa3-feec-47b7-b3ae-33ab12e26015,5416597934,2395,REDWOOD,,,AVE,,SPC 94,GRANTS PASS,OR,97527,2025-11-10 10:28:40.000,BTAX-042245-11-2025,2026-11-30 10:28:40.000
SALVADOR R PAINTING,SALVADOR RODRIGUEZ,Inside City Limits,238320,Painting & Wall Covering,,2021-11-18 00:00:00.000,679e0aa3-feec-47b7-b3ae-33ab12e26015,5416597934,2395,REDWOOD,,,AVE,,SPC 94,GRANTS PASS,OR,97527,2025-11-10 10:28:40.000,BTAX-042245-11-2025,2026-11-30 10:28:40.000
"SAM & PAT KELLAM RENTALS      ",SAM & PAT  KELLAM,Inside City Limits,531110,Rental Units/Landlord,,1991-09-01 00:00:00.000,FBDB7E28-88BC-4FF5-937B-8ECED8B9241F,5414765555,301,HONEYLYNN,,,LN,,,GRANTS PASS,OR,97527,2025-09-17 09:07:19.000,BTAX-041779-09-2025,2026-09-30 09:07:19.000
SAMUEL J CRIMI LLC,SAMUEL CRIMI,Outside City Limits,238190,Contractor-General/Building Exterior,TIMBERLINE FENCE/DO WHAT YOU DO BEST CONSTRUCTION,2013-01-15 00:00:00.000,E9FC0361-885C-41CF-9F63-83BE21380698,5417618339,5590,MONUMENT,,,DR,,,GRANTS PASS,OR,97526,2025-08-14 10:31:27.000,BTAX-041233-08-2025,2026-08-31 10:31:27.000
"SANDEEN MASONRY               ",ANDREW J & ALEXANDER  SANDEEN,Outside City Limits,238140,Contractor-Masonry,,1993-03-01 00:00:00.000,DDE26400-AFDC-4BD2-B9FD-D55C8C764305,5414798844,PO BOX 2247,,,,,,,GRANTS PASS,OR,97528,2025-08-19 16:30:29.000,BTAX-041437-08-2025,2026-08-31 16:30:29.000
"SANDER FAMILY ENTERPRISES LLC ",PHILIP L & CYNTHIA L  SANDER,Inside City Limits,238190,Contractor-General/Building Exterior,SOUTHERN OREGON BACKFLOW,1998-05-21 00:00:00.000,9CAE7AFD-838C-4B2E-82BB-4EBE922CD269,5414720280,PO BOX 1545,,,,,,,MEDFORD,OR,97501,2025-10-30 12:45:04.000,BTAX-042164-10-2025,2026-10-31 12:45:04.000
"SANDI'S CANDIES               ",SANDRA  CROWDER,Inside City Limits,445299,Food-Specialty Food Store,,1999-10-15 00:00:00.000,D858B7AD-DB5C-4930-B373-CFD48EA49D77,5419559112,145,G,,SW,ST,,,GRANTS PASS,OR,97526,2025-08-08 16:15:37.000,BTAX-041143-08-2025,2026-08-31 16:15:37.000
"SANDRA MORROW TRANSPORTATION  ",SANDRA  MORROW,Inside City Limits,484110,Transportation-Trucking (Local),,2008-01-31 00:00:00.000,059E158D-7F3F-4345-943C-6C2B572C51D4,5414720250,1439,"6TH ",,NE,ST,,SUITE D,GRANTS PASS,OR,97526,2025-07-11 10:28:39.000,BTAX-040670-07-2025,2026-07-31 10:28:39.000
SANITECH BUILDING MAINTENANCE LLC,KEVIN ROBERTS,Inside City Limits,561720,Janitorial Services,,2022-11-03 00:00:00.000,ee50969d-8943-4be6-95f2-d15af1c985dd,5417734883,1960,TABLE ROCK,,,RD,,,MEDFORD,OR,97501,2026-02-12 09:27:40.000,BTAX-042799-02-2026,2027-02-28 09:27:40.000
"SARA RIECHERS DDS PC        ",SARA  RIECHERS,Inside City Limits,621210,Medical-Dentist,COMPASSIONATE DENTISTRY,2011-08-18 00:00:00.000,74F32052-BB36-4466-A3A7-1E152B3E5391,5419562177,130,D,,NW,ST,,,GRANTS PASS,OR,97526,2025-07-16 14:14:16.000,BTAX-040807-07-2025,2026-07-31 14:14:16.000
"SARAH GAYLOR'S JANITORIAL     ",SARAH  GAYLOR,Inside City Limits,561720,Janitorial Services,,2006-02-21 00:00:00.000,54ED7344-4842-46FF-AA18-E431869B67A8,5414794775,161,BUCKHORN,,,DR,,,GRANTS PASS,OR,97526,2025-07-22 15:13:07.000,BTAX-040906-07-2025,2026-07-31 15:13:07.000
"SARGENT RENTALS               ",KIMBERLY  SARGENT,Outside City Limits,531110,Rental Units/Landlord,,1995-10-09 00:00:00.000,716FEF35-E34B-4501-87A3-D9580C8F6361,5412319654,PO BOX 297,,,,,,,CORVALLIS,OR,97339,2025-08-18 16:01:43.000,BTAX-041343-08-2025,2026-08-31 16:01:43.000
SAVAGE DOGS AND CATERING," ",Inside City Limits,722330,Food-Mobile/Ice Cream Truck,,2019-04-22 00:00:00.000,31d6324e-3cc3-4037-94c2-66f5136e0629,5417615528,250,SAVAGE,,NE,ST,,,GRANTS PASS,OR,97526,2025-05-12 08:37:13.000,BTAX-040339-05-2025,2026-05-31 08:37:13.000
SAVAGE DOGS AND CATERING,CHRIS ACKERMAN,Inside City Limits,722330,Food-Mobile/Ice Cream Truck,,2019-04-22 00:00:00.000,31d6324e-3cc3-4037-94c2-66f5136e0629,5417615528,250,SAVAGE,,NE,ST,,,GRANTS PASS,OR,97526,2025-05-12 08:37:13.000,BTAX-040339-05-2025,2026-05-31 08:37:13.000
"SAXON ENTERPRISES             ",DONALD SAXON,Outside City Limits,238320,Painting & Wall Covering,SAXON PAINTING,2014-07-31 00:00:00.000,700450A2-E7F8-4CE2-AAC3-9699D45A1471,5416603177,2830,ACRES,,,RD,,,GRANTS PASS,OR,97527,2025-11-10 12:27:02.000,BTAX-042269-11-2025,2026-11-30 12:27:02.000
SCAGLIONE SHITO RYU KARATE," ",Inside City Limits,713940,Fitness Center,,2019-07-01 00:00:00.000,b91f6ade-b3d8-4ad8-9c84-04bc18238e30,5412911492,PO BOX 1091,,,,,,,MERLIN,OR,97532,2025-04-02 13:50:32.000,BTAX-040144-04-2025,2026-04-30 13:50:32.000
SCAGLIONE SHITO RYU KARATE,PETE SCAGLIONE,Inside City Limits,713940,Fitness Center,,2019-07-01 00:00:00.000,b91f6ade-b3d8-4ad8-9c84-04bc18238e30,5412911492,PO BOX 1091,,,,,,,MERLIN,OR,97532,2025-04-02 13:50:32.000,BTAX-040144-04-2025,2026-04-30 13:50:32.000
SCHAEFFER CONSTRUCTION LLC," ",Outside City Limits,238190,Contractor-General/Building Exterior,,2019-11-04 00:00:00.000,721f4753-8674-45ea-ac5f-2ad29850ff01,5414150158,600,SCHUMACHER,,,ST,,,CAVE JUNCTION,OR,97523,2025-11-07 09:37:28.000,BTAX-042232-11-2025,2026-11-30 09:37:28.000
SCHAEFFER CONSTRUCTION LLC,TIMOTHY SCHAEFFER,Outside City Limits,238190,Contractor-General/Building Exterior,,2019-11-04 00:00:00.000,721f4753-8674-45ea-ac5f-2ad29850ff01,5414150158,600,SCHUMACHER,,,ST,,,CAVE JUNCTION,OR,97523,2025-11-07 09:37:28.000,BTAX-042232-11-2025,2026-11-30 09:37:28.000
SCOOPFLOW STUDIOS," ",Inside City Limits,512210,Record Production,,2022-08-25 00:00:00.000,fc5ed376-0c45-4af5-8659-36d1d9b736fe,5035600905,1325,9TH,,NE,ST,,,GRANTS PASS,OR,97526,2025-08-13 11:21:42.000,BTAX-041222-08-2025,2026-08-31 11:21:42.000
SCOOPFLOW STUDIOS,22 CREATIONS LLC,Inside City Limits,512210,Record Production,,2022-08-25 00:00:00.000,fc5ed376-0c45-4af5-8659-36d1d9b736fe,5035600905,1325,9TH,,NE,ST,,,GRANTS PASS,OR,97526,2025-08-13 11:21:42.000,BTAX-041222-08-2025,2026-08-31 11:21:42.000
SCOT ZOLKOSKE,SCOT ZOLKOSKE,Inside City Limits,541840,Media Representatives,RIVERBANKS MEDIA,2018-02-05 00:00:00.000,9c4a8f4c-4dbf-4aea-9dc4-98edc649ce72,5418468281,613,LEONARD,,SW,ST,,,GRANTS PASS,OR,97526,2026-02-18 11:10:02.000,BTAX-042823-02-2026,2027-02-28 11:10:02.000
"SCOTT C RUGH                  ","SCOTT RUGH                  ",Outside City Limits,238110,Contractor-Concrete/Found/Structural,,2009-03-30 00:00:00.000,2BCF4071-4C98-416B-8EFC-B2706E749E98,5412182888,538,HONEYLYNN,,,LN,,,GRANTS PASS,OR,97527,2025-08-22 12:05:12.000,BTAX-041508-08-2025,2026-08-31 12:05:12.000
"SCOTT WARD CONSTRUCTION, LLC  ",SCOTT  WARD,Outside City Limits,238190,Contractor-General/Building Exterior,,1997-01-01 00:00:00.000,1FA2FE8E-B5AC-4BED-B296-D5BCAF080E0B,5416609084,4626,LEONARD,,,RD,,,GRANTS PASS,OR,97527,2025-08-14 12:32:25.000,BTAX-041254-08-2025,2026-08-31 12:32:25.000
"SCOTT'S RV SERVICE            ",SCOTT  CHANLER,Outside City Limits,811111,Auto-General Repair,,2014-12-15 00:00:00.000,C92A433F-FDCC-4F2F-8A3F-E27663DCE450,5416601769,2750,WALNUT,,,AVE,,,GRANTS PASS,OR,97526,2025-07-22 11:18:43.000,BTAX-040857-07-2025,2026-07-31 11:18:43.000
SEAN'S APPLIANCE REPAIR," ",Outside City Limits,811412,Appliance Reapair/Maint,,2020-01-09 00:00:00.000,d1778948-4cb1-4abe-85e7-341258f9d5be,5414154268,1160,WILDFLOWER,,,DR,,,MERLIN,OR,97532,2025-05-13 15:10:48.000,BTAX-040353-05-2025,2026-05-31 15:10:48.000
SEAN'S APPLIANCE REPAIR,JESSICA VIGNONE,Outside City Limits,811412,Appliance Reapair/Maint,,2020-01-09 00:00:00.000,d1778948-4cb1-4abe-85e7-341258f9d5be,5414154268,1160,WILDFLOWER,,,DR,,,MERLIN,OR,97532,2025-05-13 15:10:48.000,BTAX-040353-05-2025,2026-05-31 15:10:48.000
SEAN'S APPLIANCE REPAIR,SEAN VIGNONE,Outside City Limits,811412,Appliance Reapair/Maint,,2020-01-09 00:00:00.000,d1778948-4cb1-4abe-85e7-341258f9d5be,5414154268,1160,WILDFLOWER,,,DR,,,MERLIN,OR,97532,2025-05-13 15:10:48.000,BTAX-040353-05-2025,2026-05-31 15:10:48.000
SEASONS CHANGE LLC,MATTHEW & ANGELA  JOHNSON,Outside City Limits,238220,Contractor-HVAC Services,,2002-10-16 00:00:00.000,45E8C0EC-B2F1-4749-AE99-488BD4B7C85F,5412730596,2815,LAVERNE,,,AVE,,SUITE A,KLAMATH FALLS,OR,97603,2025-08-25 14:41:52.000,BTAX-041533-08-2025,2026-08-31 14:41:52.000
SECOND STAR TO THE RIGHT," ",Outside City Limits,561510,Travel Agency,,2020-06-26 00:00:00.000,be6dd897-82de-440b-9e1a-b700a8f2d366,5416602256,417,BROADWAY,,,ST,,,ROGUE RIVER,OR,97537,2025-07-15 10:06:38.000,BTAX-040736-07-2025,2026-07-31 10:06:38.000
SECOND STAR TO THE RIGHT,ROBIN REA,Outside City Limits,561510,Travel Agency,,2020-06-26 00:00:00.000,be6dd897-82de-440b-9e1a-b700a8f2d366,5416602256,417,BROADWAY,,,ST,,,ROGUE RIVER,OR,97537,2025-07-15 10:06:38.000,BTAX-040736-07-2025,2026-07-31 10:06:38.000
SECURITAS TECHNOLOGY CORPORATION," ",Outside City Limits,561621,Security System Services,,2005-07-01 00:00:00.000,7E2D79FD-0470-4105-8C3E-9D7682F073A5,9713806054,ATTN: LICENSING,,11899 EXIT 5 PARKWAY SUITE 100,,,,,FISHERS,IN,46037,2025-10-03 13:13:18.000,BTAX-041933-10-2025,2026-09-30 13:13:18.000
"SEGURA'S UPHOLSTERY SERVICE   ",JOSE  SEGURA,Inside City Limits,811420,Furniture/Reupholstery Repair,,2009-06-27 00:00:00.000,71C35A2E-6B41-42BA-B841-827B9A796650,5419554469,1440,"WILLIAMS ",,,HWY,,,GRANTS PASS,OR,97527,2025-07-10 15:55:00.000,BTAX-040663-07-2025,2026-07-31 15:55:00.000
SEL-VAZ REPAIR LLC," ",Inside City Limits,236220,Handyman,,2021-05-21 00:00:00.000,97ac34fb-951b-4537-a79f-7720cdfdc618,5412188555,2395,REDWOOD,,,AVE,,#86,GRANTS PASS,OR,97527,2025-06-02 16:20:34.000,BTAX-040455-06-2025,2026-06-30 16:20:34.000
SEL-VAZ REPAIR LLC,ABE SELVAS,Inside City Limits,236220,Handyman,,2021-05-21 00:00:00.000,97ac34fb-951b-4537-a79f-7720cdfdc618,5412188555,2395,REDWOOD,,,AVE,,#86,GRANTS PASS,OR,97527,2025-06-02 16:20:34.000,BTAX-040455-06-2025,2026-06-30 16:20:34.000
SEL-VAZ REPAIR LLC,ANGEL SELVAS,Inside City Limits,236220,Handyman,,2021-05-21 00:00:00.000,97ac34fb-951b-4537-a79f-7720cdfdc618,5412188555,2395,REDWOOD,,,AVE,,#86,GRANTS PASS,OR,97527,2025-06-02 16:20:34.000,BTAX-040455-06-2025,2026-06-30 16:20:34.000
SENTINEL TECHNOLOGY LLC," ",Outside City Limits,561621,Security System Services,,2015-03-01 00:00:00.000,1C8A6EBC-1AF3-491B-A15A-04840DFAF57A,5417738551,6475,CRATER LAKE,,,HWY,,,CENTRAL POINT,OR,97502,2026-02-06 12:36:37.000,BTAX-042755-02-2026,2027-02-28 12:36:37.000
SENTINEL TECHNOLOGY LLC,WILLIAM & ENITA GEIGER,Outside City Limits,561621,Security System Services,,2015-03-01 00:00:00.000,1C8A6EBC-1AF3-491B-A15A-04840DFAF57A,5417738551,6475,CRATER LAKE,,,HWY,,,CENTRAL POINT,OR,97502,2026-02-06 12:36:37.000,BTAX-042755-02-2026,2027-02-28 12:36:37.000
SERENDIPITY STUDIO LLC,MELISSA  ESTES,Inside City Limits,812112,Beauty Salon,,2012-04-15 00:00:00.000,4EF1A100-371C-4ED7-AD81-403079B845C5,5414940101,205,5TH,,SW,ST,,,GRANTS PASS,OR,97526,2025-11-10 10:33:01.000,BTAX-042246-11-2025,2026-10-31 10:33:01.000
SERENITY WITHIN MASSAGE LLC," ",Inside City Limits,621399,Medical-Massage Therapy,,2017-05-16 00:00:00.000,005f9ddd-c7e1-40c7-b836-aaa057b5a4c9,5417782719,4775,DEMARAY,,,DR,,,GRANTS PASS,OR,97527,2025-10-21 15:48:31.000,BTAX-042097-10-2025,2026-10-31 15:48:31.000
SERENITY WITHIN MASSAGE LLC,ALICIA WELLS,Inside City Limits,621399,Medical-Massage Therapy,,2017-05-16 00:00:00.000,005f9ddd-c7e1-40c7-b836-aaa057b5a4c9,5417782719,4775,DEMARAY,,,DR,,,GRANTS PASS,OR,97527,2025-10-21 15:48:31.000,BTAX-042097-10-2025,2026-10-31 15:48:31.000
SESPE CONSULTING INC," ",Inside City Limits,541611,Consulting Service,,2018-02-21 00:00:00.000,34697cbf-1772-4246-ab17-7cc0b000984b,8052751515,374,POLI,,,ST,,SUITE 200,VENTURA,CA,93001,2025-06-10 12:29:45.000,BTAX-040484-06-2025,2026-06-30 12:29:45.000
SESPE CONSULTING INC,ROB DAL FARRA & JOSEPH KING,Inside City Limits,541611,Consulting Service,,2018-02-21 00:00:00.000,34697cbf-1772-4246-ab17-7cc0b000984b,8052751515,374,POLI,,,ST,,SUITE 200,VENTURA,CA,93001,2025-06-10 12:29:45.000,BTAX-040484-06-2025,2026-06-30 12:29:45.000
SESPE CONSULTING INC,JOHN HECHT,Inside City Limits,541611,Consulting Service,,2018-02-21 00:00:00.000,34697cbf-1772-4246-ab17-7cc0b000984b,8052751515,374,POLI,,,ST,,SUITE 200,VENTURA,CA,93001,2025-06-10 12:29:45.000,BTAX-040484-06-2025,2026-06-30 12:29:45.000
"SEVEN STARS INVESTMENT GROUP, LLC"," ",Inside City Limits,523999,Finance-Investment Activities,,2022-11-18 00:00:00.000,6cee74a7-5272-4c34-b0ca-8c5396038d61,5413739120,500,EWE CREEK,,,RD,,,GRANTS PASS,OR,97526,2025-11-12 11:11:50.000,BTAX-042275-11-2025,2026-11-30 11:11:50.000
"SEVEN STARS INVESTMENT GROUP, LLC",VICTORIA JURCA,Inside City Limits,523999,Finance-Investment Activities,,2022-11-18 00:00:00.000,6cee74a7-5272-4c34-b0ca-8c5396038d61,5413739120,500,EWE CREEK,,,RD,,,GRANTS PASS,OR,97526,2025-11-12 11:11:50.000,BTAX-042275-11-2025,2026-11-30 11:11:50.000
"SEVEN STARS INVESTMENT GROUP, LLC",ILIE JURCA,Inside City Limits,523999,Finance-Investment Activities,,2022-11-18 00:00:00.000,6cee74a7-5272-4c34-b0ca-8c5396038d61,5413739120,500,EWE CREEK,,,RD,,,GRANTS PASS,OR,97526,2025-11-12 11:11:50.000,BTAX-042275-11-2025,2026-11-30 11:11:50.000
"SHADEZ          "," ",Inside City Limits,812112,Beauty Salon,,1989-11-27 00:00:00.000,1427990A-6A34-42D6-BB0C-AC779FD9F566,5414741144,240,H,,SW,ST,,,GRANTS PASS,OR,97526,2025-09-03 10:15:02.000,BTAX-041614-09-2025,2026-08-31 10:15:02.000
"SHADEZ          ",BOBBIE  SABINE,Inside City Limits,812112,Beauty Salon,,1989-11-27 00:00:00.000,1427990A-6A34-42D6-BB0C-AC779FD9F566,5414741144,240,H,,SW,ST,,,GRANTS PASS,OR,97526,2025-09-03 10:15:02.000,BTAX-041614-09-2025,2026-08-31 10:15:02.000
"SHANE B SCOTT                 ",SHANE  SCOTT,Outside City Limits,238190,Contractor-General/Building Exterior,,1997-07-15 00:00:00.000,E4361D07-12F8-4F17-8B28-BAD0D3C87971,5414744564,2505,CAMP JOY,,,RD,,,GRANTS PASS,OR,97526,2023-11-02 14:49:42.000,BTAX-036339-11-2023,2024-11-30 14:49:42.000
"SHANNON'S PUB LLC            ",SHANNON  HEALEY,Inside City Limits,722410,Bar/Tavern,,2006-10-01 00:00:00.000,3A1A4FC4-3725-4E39-8B27-E637F3D872DA,5414796216,301,RIDGERCREST,,,DR,,,GRANTS PASS,OR,97527,2025-08-20 12:49:35.000,BTAX-041457-08-2025,2026-08-31 12:49:35.000
SHARP'S SPECIALIZED CLEANING," ",Outside City Limits,561720,Cleaning Service,,2022-04-21 00:00:00.000,b700d496-83a9-409e-b832-2d9d8f51a0dd,,1130,SOLDIER CREEK,,,RD,,,GRANTS PASS,OR,97526,2025-09-26 10:44:02.000,BTAX-041882-09-2025,2026-08-31 10:44:02.000
SHARP'S SPECIALIZED CLEANING,JASON SHARP,Outside City Limits,561720,Cleaning Service,,2022-04-21 00:00:00.000,b700d496-83a9-409e-b832-2d9d8f51a0dd,,1130,SOLDIER CREEK,,,RD,,,GRANTS PASS,OR,97526,2025-09-26 10:44:02.000,BTAX-041882-09-2025,2026-08-31 10:44:02.000
SHARP'S SPECIALIZED CLEANING,EINGKY SHARP,Outside City Limits,561720,Cleaning Service,,2022-04-21 00:00:00.000,b700d496-83a9-409e-b832-2d9d8f51a0dd,,1130,SOLDIER CREEK,,,RD,,,GRANTS PASS,OR,97526,2025-09-26 10:44:02.000,BTAX-041882-09-2025,2026-08-31 10:44:02.000
"SHARP'S TARPS LTD             ",MONTE & BRETT  SHARP,Inside City Limits,451110,Retail-Sporting Goods,,1971-01-01 00:00:00.000,34A57C45-6AEB-4922-8378-F5305701E7FE,5414760832,2741,"HIGHLAND ",,NW,AVE,,,GRANTS PASS,OR,97526,2025-07-16 16:18:54.000,BTAX-040818-07-2025,2026-07-31 16:18:54.000
SHAWN BORMAN LANDSCAPE MANAGEMENT,SHAWN BORMAN,Inside City Limits,541320,Landscaping Services,,2016-04-15 00:00:00.000,b3d575a5-58ef-4c7a-a4cc-91534313ac76,5414505602,2514,LEONARD,,,RD,,,GRANTS PASS,OR,97527,2025-10-20 15:54:02.000,BTAX-042078-10-2025,2026-10-31 15:54:02.000
SHAWN BORMAN LANDSCAPE MANAGEMENT," ",Inside City Limits,541320,Landscaping Services,,2016-04-15 00:00:00.000,b3d575a5-58ef-4c7a-a4cc-91534313ac76,5414505602,2514,LEONARD,,,RD,,,GRANTS PASS,OR,97527,2025-10-20 15:54:02.000,BTAX-042078-10-2025,2026-10-31 15:54:02.000
SHAWN HUDDLESTON CONSTRUCTION,SHAWN  HUDDLESTON,Inside City Limits,238190,Contractor-General/Building Exterior,,2001-03-08 00:00:00.000,CA8AA9E9-89BC-4E43-8C26-13B1C7EC06F7,5417617185,444,GLENWOOD,,E,ST,,,GRANTS PASS,OR,97527,2025-10-08 09:46:00.000,BTAX-041970-10-2025,2026-09-30 09:46:00.000
SHAWN HUDDLESTON CONSTRUCTION,SHAWN  HUDDLESTON,Inside City Limits,238190,Contractor-General/Building Exterior,,2001-03-08 00:00:00.000,CA8AA9E9-89BC-4E43-8C26-13B1C7EC06F7,5417617185,444,GLENWOOD,,E,ST,,,GRANTS PASS,OR,97527,2025-08-08 15:19:10.000,BTAX-041136-08-2025,2026-08-31 15:19:10.000
"SHEAR PERFECTION SALON        ",KANDY  MECKFESSEL,Inside City Limits,812112,Beauty Salon,,2009-09-11 00:00:00.000,34FCD3C9-02D2-42DA-8B67-D661F1F7A7F2,5414503443,1457,"6TH ",,NE,ST,,UNIT A,GRANTS PASS,OR,97526,2026-02-04 14:50:12.000,BTAX-042734-02-2026,2027-01-31 14:50:12.000
SHEAR SKILL BARBERSHOP,KAYLA OLSON,Inside City Limits,812111,Barber Shop,,2022-12-09 00:00:00.000,78f383b0-8114-4c22-a4d0-f0ec145b79fb,5412911945,175,PARDEE,,,LN,,5,GRANTS PASS,OR,97527,2025-12-29 11:51:57.000,BTAX-042525-12-2025,2026-12-31 11:51:57.000
SHECKELLS REALTY,NOEL  SHECKELLS,Inside City Limits,531210,Real Estate Agents/Brokers,,2022-07-22 00:00:00.000,91157bd4-88e2-465f-8c9d-2eaadfe86d1b,5417785408,227,5TH,,NW,ST,,,GRANTS PASS,OR,97526,2025-08-26 10:26:10.000,BTAX-041553-08-2025,2026-08-31 10:26:10.000
SHERLOCK HOMES PLUMBING LLC,Ashton Petkus,Inside City Limits,238220,Plumber,,2022-02-10 00:00:00.000,2aa306c2-9dc6-4ee1-baf9-f7b6ef23c7a5,5416600101,1630,WILLIAMS,,,HWY,,#1025,GRANTS PASS,OR,97527,2025-05-19 11:17:27.000,BTAX-040383-05-2025,2026-05-31 11:17:27.000
SHERLOCK HOMES PLUMBING LLC,ASHTON PETKUS,Inside City Limits,238220,Plumber,,2022-02-10 00:00:00.000,2aa306c2-9dc6-4ee1-baf9-f7b6ef23c7a5,5416600101,1630,WILLIAMS,,,HWY,,#1025,GRANTS PASS,OR,97527,2025-05-19 11:17:27.000,BTAX-040383-05-2025,2026-05-31 11:17:27.000
SHERRI L SCOTT REAL ESTATE," ",Inside City Limits,531210,Real Estate Agents/Brokers,,2021-11-04 00:00:00.000,8e89d782-9255-4b2a-ad58-439ae12390b8,5416608739,442,MURPHY CREEK,,,RD,,,GRANTS PASS,OR,97527,2026-03-11 16:19:54.000,BTAX-042950-03-2026,2027-03-31 16:19:54.000
SHERRI L SCOTT REAL ESTATE,SHERRI SCOTT,Inside City Limits,531210,Real Estate Agents/Brokers,,2021-11-04 00:00:00.000,8e89d782-9255-4b2a-ad58-439ae12390b8,5416608739,442,MURPHY CREEK,,,RD,,,GRANTS PASS,OR,97527,2026-03-11 16:19:54.000,BTAX-042950-03-2026,2027-03-31 16:19:54.000
"SHLESINGER & DEVILLENEUVE     ",DAVID DEVILLENEUVE ITZAK SHLESINGER,Inside City Limits,541110,Lawyer,,1988-06-01 00:00:00.000,7C9E1AC1-CCFD-4B2D-9C40-3749A63F6513,5414858411,PO BOX 11616,,,,,,,EUGENE,OR,97440,2025-07-22 15:23:05.000,BTAX-040905-07-2025,2026-07-31 15:23:05.000
SHOWROOM & MANUFACTURING PLANT," ",Inside City Limits,442110,Retail-Furniture Store,QUALITY MATTRESS,1991-07-01 00:00:00.000,361B5E27-D4F8-4033-8C1D-CB674E3E49A2,5414766292,926,M,,SE,ST,,,GRANTS PASS,OR,97526,2025-09-09 16:09:55.000,BTAX-041717-09-2025,2026-09-30 16:09:55.000
SHOWROOM & MANUFACTURING PLANT,LYMAN R HOPPINS JR,Inside City Limits,442110,Retail-Furniture Store,QUALITY MATTRESS,1991-07-01 00:00:00.000,361B5E27-D4F8-4033-8C1D-CB674E3E49A2,5414766292,926,M,,SE,ST,,,GRANTS PASS,OR,97526,2025-09-09 16:09:55.000,BTAX-041717-09-2025,2026-09-30 16:09:55.000
SHUTTERFLY LIFETOUCH LLC,KAREN  SNOREK,Outside City Limits,541921,Photography,LIFETOUCH PHOTOGRAPHY,1986-11-17 00:00:00.000,32F20C8C-9617-42C7-A94D-BE007F34AE3B,9528264037,ATTN: TAX DEPT,,11000 VIKING DR,,,,,EDEN PRAIRIE,MN,55344,2025-09-18 13:08:32.000,BTAX-041818-09-2025,2026-09-30 13:08:32.000
"SI CASA FLORES                ",JOSE  FLORES,Inside City Limits,722511,Restaurant,,1996-10-15 00:00:00.000,6B3FDED1-1A5A-4E83-8288-62CA64663193,5416609726,202,BEACON,,NE,DR,,,GRANTS PASS,OR,97526,2025-07-25 10:49:31.000,BTAX-040977-07-2025,2026-07-31 10:49:31.000
"SI CASA XPRESS               ","JOSE ""MANUEL"" & ARACELY FLORES",Inside City Limits,722511,Restaurant,,2018-09-06 00:00:00.000,c3d042d9-c487-44b7-9cff-546a731a1c2f,5419561292,1105,STARLITE,,NW,PL,,,GRANTS PASS,OR,97526,2025-09-08 15:51:37.000,BTAX-041690-09-2025,2026-09-30 15:51:37.000
"SI CASA XPRESS               "," ",Inside City Limits,722511,Restaurant,,2018-09-06 00:00:00.000,c3d042d9-c487-44b7-9cff-546a731a1c2f,5419561292,1105,STARLITE,,NW,PL,,,GRANTS PASS,OR,97526,2025-09-08 15:51:37.000,BTAX-041690-09-2025,2026-09-30 15:51:37.000
"SI CASA XPRESS               ","JOSE ""MANUEL"" & ARACELY FLORES",Inside City Limits,722511,Restaurant,,2019-11-21 00:00:00.000,0aca2445-5b83-42b7-bd0e-b6a3962ab2f7,5419561292,502,UNION,,,AVE,,,GRANTS PASS,OR,97526,2025-12-15 11:58:51.000,BTAX-042461-12-2025,2026-12-31 11:58:51.000
"SI CASA XPRESS               "," ",Inside City Limits,722511,Restaurant,,2019-11-21 00:00:00.000,0aca2445-5b83-42b7-bd0e-b6a3962ab2f7,5419561292,502,UNION,,,AVE,,,GRANTS PASS,OR,97526,2025-12-15 11:58:51.000,BTAX-042461-12-2025,2026-12-31 11:58:51.000
SIEGFRIED / MARGRIT KNIPPERT RENTALS,MARGRIT & SIEGRIED  KNIPPERT,Outside City Limits,531110,Rental Units/Landlord,,1985-09-06 00:00:00.000,50971744-D95E-4B89-9E44-173D8334D95E,5036495314,6184,LOIS,,SE,ST,,,HILLSBORO,OR,97123,2025-07-22 10:49:53.000,BTAX-040855-07-2025,2026-07-31 10:49:53.000
"SIEMENS INDUSTRY INC         "," SIEMENS INDUSTRY INC",Outside City Limits,238190,Contractor-General/Building Exterior,,2007-08-30 00:00:00.000,15FFEBB5-28E5-4A67-933D-B954CB434FCA,3175963260,"C/O DUCHARME, MCMILLEN & ASSOC",,PO BOX 80600,,,,,INDIANAPOLIS,IN,46280,2025-08-01 09:46:33.000,BTAX-041055-08-2025,2026-08-31 09:46:33.000
"SIGHTS AND SOUNDS UNLIMITED   ",JES  WEBB,Inside City Limits,425120,Wholesale Agent,,1990-08-01 00:00:00.000,A82F2D9A-C3BA-4258-998C-CCD1351ED26E,5414768558,703,TOWNE,,,ST,,,GRANTS PASS,OR,97527,2025-07-15 16:04:40.000,BTAX-040779-07-2025,2026-07-31 16:04:40.000
SIGNATURE NAILS," ",Inside City Limits,812113,Nail Salon,,2020-05-19 00:00:00.000,b730424d-9e43-45f7-946b-68375952f092,5416598788,1317,PROSPECT,,NW,AVE,,,GRANTS PASS,OR,97526,2025-06-13 15:29:12.000,BTAX-040511-06-2025,2026-06-30 15:29:12.000
SIGNATURE NAILS,DORI O'DUANE,Inside City Limits,812113,Nail Salon,,2020-05-19 00:00:00.000,b730424d-9e43-45f7-946b-68375952f092,5416598788,1317,PROSPECT,,NW,AVE,,,GRANTS PASS,OR,97526,2025-06-13 15:29:12.000,BTAX-040511-06-2025,2026-06-30 15:29:12.000
SIGNCRAFT PREMIER IDENTITY SOLUTIONS INC," ",Outside City Limits,238210,Contractor-Electrical,,2016-07-06 00:00:00.000,8922cb73-38fa-4b7c-81e7-eeab64ed88ac,5416723170,PO BOX 1141,,,,,,,ROSEBURG,OR,97470,2025-10-09 14:34:22.000,BTAX-041979-10-2025,2026-10-31 14:34:22.000
SIGNCRAFT PREMIER IDENTITY SOLUTIONS INC,ELIAS MINAISE,Outside City Limits,238210,Contractor-Electrical,,2016-07-06 00:00:00.000,8922cb73-38fa-4b7c-81e7-eeab64ed88ac,5416723170,PO BOX 1141,,,,,,,ROSEBURG,OR,97470,2025-10-09 14:34:22.000,BTAX-041979-10-2025,2026-10-31 14:34:22.000
SIGNS BY J,J MAUST,Inside City Limits,711510,Artist,,2016-02-05 00:00:00.000,a1b48984-815d-487e-98b9-6e97adc61cba,5417617330,821,BRYN,,SW,CT,," ",GRANTS PASS,OR,97527,2025-07-10 12:57:02.000,BTAX-040657-07-2025,2026-07-31 12:57:02.000
SIGNS BY J,J MARSHALL,Inside City Limits,711510,Artist,,2016-02-05 00:00:00.000,a1b48984-815d-487e-98b9-6e97adc61cba,5417617330,821,BRYN,,SW,CT,," ",GRANTS PASS,OR,97527,2025-07-10 12:57:02.000,BTAX-040657-07-2025,2026-07-31 12:57:02.000
"SILKE COMMUNICATIONS SOLUTIONS, INC",JAMES SILKE JR,Outside City Limits,517110,Telecommunication-Wireless Carrier,,2014-11-21 00:00:00.000,4e6ad134-f379-42a4-bffe-26a7625e58b8,5419467309,181,INDUSTRIAL,,,DR,,,ROSEBURG,OR,97471,2026-01-12 15:15:10.000,BTAX-042608-01-2026,2027-01-31 15:15:10.000
"SILKE COMMUNICATIONS SOLUTIONS, INC"," ",Outside City Limits,517110,Telecommunication-Wireless Carrier,,2014-11-21 00:00:00.000,4e6ad134-f379-42a4-bffe-26a7625e58b8,5419467309,181,INDUSTRIAL,,,DR,,,ROSEBURG,OR,97471,2026-01-12 15:15:10.000,BTAX-042608-01-2026,2027-01-31 15:15:10.000
SIMILA INVESTMENTS RENTALS,CLIFF & SUSAN  SIMILA,Outside City Limits,531110,Rental Units/Landlord,,1989-07-01 00:00:00.000,A7C0E2E8-49D9-4D1E-B61A-344E9E866D8B,5414760583,305,HAZEL,,SW,WAY,,,GRANTS PASS,OR,97526,2025-07-07 12:44:57.000,BTAX-040617-07-2025,2026-07-31 12:44:57.000
SIRILUK VORACHUT,SIRILUK  VORACHUT,Inside City Limits,722511,Restaurant,ROYAL BARGE THAI CUISINE,1989-07-25 00:00:00.000,57060F4F-422C-4B30-8742-100A0E5F9BAD,5414746942,120,H,,SW,ST,,,GRANTS PASS,OR,97526,2026-02-09 12:31:04.000,BTAX-042763-02-2026,2027-02-28 12:31:04.000
SISKIYOU COMMUNITY HEALTH CENTER," SISKIYOU COMMUNITY HEALTH CENTER",Inside City Limits,621111,Medical-Physician,,2004-07-01 00:00:00.000,18C97AF9-4048-45C4-9273-5C97E4A1E9BD,5414713455,1701,"HAWTHORNE ",,NW,AVE,,,GRANTS PASS,OR,975261257,2025-08-14 14:58:23.000,BTAX-041265-08-2025,2026-08-31 14:58:23.000
"SISKIYOU COMMUNITY HEALTH CENTER "," ",Inside City Limits,621111,Medical-Physician,,2018-08-01 00:00:00.000,93f3a1ca-9070-4d6c-9772-0c1defdb9132,5414724737,"1701 ",HAWTHORNE,,NE,AVE,,,"GRANTS PASS ",OR,97526,2025-08-14 14:48:26.000,BTAX-041263-08-2025,2026-08-31 14:48:26.000
SISKIYOU COMMUNITY HEALTH CENTER," SISKIYOU COMMUNITY HEALTH CENTER",Inside City Limits,621111,Medical-Physician,,2021-06-07 00:00:00.000,2b3bf33e-1ed0-4f0a-85c6-cf978c0b31fb,5414713455,1701,"HAWTHORNE ",,NW,AVE,,STE 201,GRANTS PASS,OR,975261257,2025-08-14 15:00:31.000,BTAX-041266-08-2025,2026-08-31 15:00:31.000
SISKIYOU CORPORATION,ROBERT & WILLIAM  HODGE,Inside City Limits,339999,Manufacturing-Misc Manufacturing,,1978-01-01 00:00:00.000,4040C66E-60B1-4E7D-9F16-256DB6EC9318,5414798697,110,BOOTH,,SW,ST,,,GRANTS PASS,OR,97526,2025-07-14 10:58:04.000,BTAX-040713-07-2025,2026-07-31 10:58:04.000
"SISKIYOU PEDIATRIC CLINIC LLP ","K. JOHNSTON, K. BURNETT S. MARSHAK",Inside City Limits,621111,Medical-Physician,,1995-07-10 00:00:00.000,6BFF685E-E4A5-4A87-A6B0-72901607B4FC,5419555683,700,RAMSEY,,,AVE,,SUITE 204,GRANTS PASS,OR,97527,2025-07-23 13:16:21.000,BTAX-040953-07-2025,2026-07-31 13:16:21.000
"SISKIYOU PHYSICAL THERAPY     ",JESSE  ELLIOTT,Inside City Limits,621111,Medical-Physician,,2005-01-01 00:00:00.000,DA249977-DCD8-43C9-9D1F-4C5E8C4797E1,5414796936,PO BOX 2630,,,,,,,GRANTS PASS,OR,97528,2025-09-15 09:53:32.000,BTAX-041754-09-2025,2026-09-30 09:53:32.000
SISKIYOU TECHNOLOGY CONSULTANTS INC," ",Inside City Limits,238990,Contractor-Trade/Specialty,NETWORK ONE,2019-02-04 00:00:00.000,f270bf75-259e-4a37-8223-2897f9960159,8776302263,501,GUISEPPE,,,CT,,STE H,ROSEVILLE,CA,95678,2026-03-10 10:53:41.000,BTAX-042932-03-2026,2027-03-31 10:53:41.000
SISKIYOU TECHNOLOGY CONSULTANTS INC,CAEL WESTON,Inside City Limits,238990,Contractor-Trade/Specialty,NETWORK ONE,2019-02-04 00:00:00.000,f270bf75-259e-4a37-8223-2897f9960159,8776302263,501,GUISEPPE,,,CT,,STE H,ROSEVILLE,CA,95678,2026-03-10 10:53:41.000,BTAX-042932-03-2026,2027-03-31 10:53:41.000
SISKIYOU TREE EXPERTS,DOUGLAS TRIPP,Outside City Limits,238190,Contractor-General/Building Exterior,,2017-07-05 00:00:00.000,9f174192-6650-4823-aa53-e2c5889970e7,5414504085,PO BOX 1400,,,,,,,MERLIN,OR,97532,2025-08-18 12:36:57.000,BTAX-041317-08-2025,2026-07-31 12:36:57.000
SISKIYOU TREE EXPERTS," ",Outside City Limits,238190,Contractor-General/Building Exterior,,2017-07-05 00:00:00.000,9f174192-6650-4823-aa53-e2c5889970e7,5414504085,PO BOX 1400,,,,,,,MERLIN,OR,97532,2025-08-18 12:36:57.000,BTAX-041317-08-2025,2026-07-31 12:36:57.000
"SISTERS CLEANING SERVICES   ",LYDIA  KASPARIAN,Inside City Limits,561720,Cleaning Service,,2012-04-16 00:00:00.000,F7BB1CE0-A949-4B31-9094-0A5D7AFB9D23,5414502990,154,MOUNTAIN SPRINGS,,,DR,,,GRANTS PASS,OR,97527,2025-07-18 15:34:53.000,BTAX-040835-07-2025,2026-07-31 15:34:53.000
"SIVSAGAR HOSPITALITY LLC      ",BHARAT & VAISHALI B  PATEL,Inside City Limits,721110,Hotel/Motel,"BESTWAY INN ",2006-01-01 00:00:00.000,C625CD64-609B-43CA-A856-BECB68F09633,5414792952,1253,"6TH ",,NE,,,,GRANTS PASS,OR,97526,2025-07-15 08:56:09.000,BTAX-040732-07-2025,2026-07-31 08:56:09.000
"SIX ROBBLEES' INC             ",ANDY  ROBBLEE,Inside City Limits,441310,Retail-Automotive Parts & Accessories,,2004-04-01 00:00:00.000,B42A96D6-4BB7-49FD-87AF-3FA69045E057,5418304752,1258,REDWOOD,,,AVE,,,GRANTS PASS,OR,97527,2026-01-05 14:30:16.000,BTAX-042562-01-2026,2027-01-31 14:30:16.000
"SIZZLER USA RESTAURANTS, INC.",CHRIS PERKINS,Inside City Limits,722511,Restaurant,SIZZLER #552,2021-01-05 00:00:00.000,2ddc845a-4f3b-4ad9-8886-d6da5b0d0cbb,9494918394,23352,MADERO,,,RD,,STE B,MISSION VIEJO,CA,92691,2025-05-13 11:25:30.000,BTAX-040333-05-2025,2026-05-31 11:25:30.000
"SIZZLER USA RESTAURANTS, INC."," ",Inside City Limits,722511,Restaurant,SIZZLER #552,2021-01-05 00:00:00.000,2ddc845a-4f3b-4ad9-8886-d6da5b0d0cbb,9494918394,23352,MADERO,,,RD,,STE B,MISSION VIEJO,CA,92691,2025-05-13 11:25:30.000,BTAX-040333-05-2025,2026-05-31 11:25:30.000
"SKINCARE BY DAWN & CO LLC              ",DAWN MEWHINNEY,Inside City Limits,812112,Beauty Salon,,2013-10-01 00:00:00.000,0884C0DD-60BA-42DE-A684-394FBDC4A083,5412189899,1012,6TH,,NW,ST,,,GRANTS PASS,OR,97526,2025-12-15 14:57:47.000,BTAX-042473-12-2025,2026-12-31 14:57:47.000
"SKINCARE BY DAWN & CO LLC              "," ",Inside City Limits,812112,Beauty Salon,,2013-10-01 00:00:00.000,0884C0DD-60BA-42DE-A684-394FBDC4A083,5412189899,1012,6TH,,NW,ST,,,GRANTS PASS,OR,97526,2025-12-15 14:57:47.000,BTAX-042473-12-2025,2026-12-31 14:57:47.000
SKY 7 MARKET 6 LLC," ",Inside City Limits,454390,Retail-Misc Direct Selling Establishment,FARMERS MARKET,2022-07-06 00:00:00.000,f2bace81-d2e1-4359-80b7-95c64bc386ea,4083855647,424,PEACH,,S,ST,,,MEDFORD,OR,97501,2025-07-09 10:18:44.000,BTAX-040633-07-2025,2026-07-31 10:18:44.000
SKY 7 MARKET 6 LLC,BALWINDER & BHUPINDER SINGH,Inside City Limits,454390,Retail-Misc Direct Selling Establishment,FARMERS MARKET,2022-07-06 00:00:00.000,f2bace81-d2e1-4359-80b7-95c64bc386ea,4083855647,424,PEACH,,S,ST,,,MEDFORD,OR,97501,2025-07-09 10:18:44.000,BTAX-040633-07-2025,2026-07-31 10:18:44.000
SLAYDEN CONSTRUCTORS INC," ",Outside City Limits,238190,Contractor-General/Building Exterior,,2006-08-01 00:00:00.000,4A0117E5-4265-450B-AB48-CAE637AF8B32,5037691969,8001,ARISTA,,,PL,,500,BROOMFIELD,CO,80021,2025-07-01 14:41:54.000,BTAX-040591-07-2025,2026-07-31 14:41:54.000
SLAYDEN CONSTRUCTORS INC," ",Outside City Limits,238190,Contractor-General/Building Exterior,,2006-08-01 00:00:00.000,4A0117E5-4265-450B-AB48-CAE637AF8B32,5037691969,8001,ARISTA,,,PL,,500,BROOMFIELD,CO,80021,2025-07-01 14:41:54.000,BTAX-040591-07-2025,2026-07-31 14:41:54.000
SLETTEN CONSTRUCTION COMPANY," ",Outside City Limits,236118,Const-Residential Remodeler,,2020-01-02 00:00:00.000,7d0de03e-c8b8-4c0b-9e87-206f5148d9ef,4067617920,1000,25TH,,,ST,N,,GREAT FALLS,MT,59401,2026-01-13 12:35:33.000,BTAX-042628-01-2026,2027-01-31 12:35:33.000
SLETTEN CONSTRUCTION COMPANY,BO SCOTT,Outside City Limits,236118,Const-Residential Remodeler,,2020-01-02 00:00:00.000,7d0de03e-c8b8-4c0b-9e87-206f5148d9ef,4067617920,1000,25TH,,,ST,N,,GREAT FALLS,MT,59401,2026-01-13 12:35:33.000,BTAX-042628-01-2026,2027-01-31 12:35:33.000
SMART SOLAR ENERGY,JORDAN Showers,Outside City Limits,238220,Solar Equipment Installation,,2020-11-01 00:00:00.000,3dea6d52-a390-4424-ab6c-0efe7e887075,9716452487,10940,BARNES,,SW,RD,,250,PORTLAND,OR,97225,2025-07-15 16:28:03.000,BTAX-040784-07-2025,2026-07-31 16:28:03.000
"SMEED SOUND SERVICE, INC      ",GLENN  SMEED,Outside City Limits,237130,Contractor-Telecommunications,"SMEED COMMUNICATION SERVICES, INC.",2002-09-04 00:00:00.000,0C08F000-6152-4A14-A9E2-4C03557792F4,5416861654,790,8TH,,W,AVE,,,EUGENE,OR,97402,2026-02-03 15:07:07.000,BTAX-042725-02-2026,2027-02-28 15:07:07.000
SMILE MAKERS DENTURE AND DENTAL," ",Inside City Limits,621210,Medical-Dentist,,2018-07-01 00:00:00.000,12dc3f53-64db-4029-bf55-30f8d17c3ec1,5414768338,445,SCENIC,,NE,DR,,,GRANTS PASS,OR,97526,2025-06-13 14:41:09.000,BTAX-040505-06-2025,2026-06-30 14:41:09.000
SMILE MAKERS DENTURE AND DENTAL,J. MATT TRIPP,Inside City Limits,621210,Medical-Dentist,,2018-07-01 00:00:00.000,12dc3f53-64db-4029-bf55-30f8d17c3ec1,5414768338,445,SCENIC,,NE,DR,,,GRANTS PASS,OR,97526,2025-06-13 14:41:09.000,BTAX-040505-06-2025,2026-06-30 14:41:09.000
SMITH AIR & METAL INC,MICHAEL  SMITH,Outside City Limits,238220,Contractor-HVAC Services,,2010-11-01 00:00:00.000,FB503522-D435-4467-8213-BAD42E91FBA1,5418997491,PO BOX 1655,,,,,,,JACKSONVILLE,OR,97530,2025-09-09 10:56:40.000,BTAX-041696-09-2025,2026-09-30 10:56:40.000
SMITH ENGINEERING LLC,Brandon Smith,Outside City Limits,541330,Engineering Services,,2019-03-21 00:00:00.000,c4177ff2-525a-497e-aed7-90c63c74287b,3604343148,1291,SARDINE CREEK,,,RD,,,GOLD HILL,OR,97525,2026-03-10 10:16:38.000,BTAX-042927-03-2026,2027-03-31 10:16:38.000
SMITH ENGINEERING LLC,BRANDON SMITH,Outside City Limits,541330,Engineering Services,,2019-03-21 00:00:00.000,c4177ff2-525a-497e-aed7-90c63c74287b,3604343148,1291,SARDINE CREEK,,,RD,,,GOLD HILL,OR,97525,2026-03-10 10:16:38.000,BTAX-042927-03-2026,2027-03-31 10:16:38.000
SMITH FIVE ELECTRIC LLC,DAVE SMITH,Inside City Limits,238210,Contractor-Electrical,,2016-03-01 00:00:00.000,43012088-5f69-432b-a932-c27bd31adbfd,5417610857,295,BELMONT,," ",PL,," ",GRANTS PASS,OR,97526,2026-02-27 08:57:29.000,BTAX-042854-02-2026,2027-02-28 08:57:29.000
SMITH FIVE ELECTRIC LLC,DAVE SMITH,Inside City Limits,238210,Contractor-Electrical,,2016-03-01 00:00:00.000,43012088-5f69-432b-a932-c27bd31adbfd,5417610857,295,BELMONT,," ",PL,," ",GRANTS PASS,OR,97526,2026-02-27 08:57:29.000,BTAX-042854-02-2026,2027-02-28 08:57:29.000
"SMITHEY INC   ",ALEXIS SMITHEY,Inside City Limits,453110,Florist,ROGUE FLORIST & GIFTS,2006-10-03 00:00:00.000,A956A4B3-5260-40BB-B7B4-29F357785601,5414768831,328,6TH,,SW,ST,,,GRANTS PASS,OR,97526,2026-01-02 14:31:37.000,BTAX-042541-01-2026,2026-12-31 14:31:37.000
SMITH'S LANDSCAPING & SERVICES," ",Outside City Limits,541320,Landscaping Services,,2015-04-28 00:00:00.000,92B80D56-1DF4-494E-8078-95B6635B04D8,5416602311,6155,TUNNEL LOOP,,,RD,,,GRANTS PASS,OR,97526,2026-03-13 15:00:05.000,BTAX-042967-03-2026,2027-03-31 15:00:05.000
SMITH'S LANDSCAPING & SERVICES,Spencer Smith,Outside City Limits,541320,Landscaping Services,,2015-04-28 00:00:00.000,92B80D56-1DF4-494E-8078-95B6635B04D8,5416602311,6155,TUNNEL LOOP,,,RD,,,GRANTS PASS,OR,97526,2026-03-13 15:00:05.000,BTAX-042967-03-2026,2027-03-31 15:00:05.000
SMITH'S LANDSCAPING & SERVICES,BRITTANY SMITH,Outside City Limits,541320,Landscaping Services,,2015-04-28 00:00:00.000,92B80D56-1DF4-494E-8078-95B6635B04D8,5416602311,6155,TUNNEL LOOP,,,RD,,,GRANTS PASS,OR,97526,2026-03-13 15:00:05.000,BTAX-042967-03-2026,2027-03-31 15:00:05.000
SMJ CONSULTING INC," ",Inside City Limits,541990,Professional-Misc,TUMMY SPA,2016-05-13 00:00:00.000,dea91a87-b3f5-4c25-900c-36cf96d8223d,5419443990,1018,7TH,,NE,ST,," ",GRANTS PASS,OR,97526,2025-10-06 16:27:11.000,BTAX-041957-10-2025,2026-10-31 16:27:11.000
SMJ CONSULTING INC,REGINA PURTZER,Inside City Limits,541990,Professional-Misc,TUMMY SPA,2016-05-13 00:00:00.000,dea91a87-b3f5-4c25-900c-36cf96d8223d,5419443990,1018,7TH,,NE,ST,," ",GRANTS PASS,OR,97526,2025-10-06 16:27:11.000,BTAX-041957-10-2025,2026-10-31 16:27:11.000
SMOKE SHACK DL," ",Inside City Limits,453991,Retail-Tobacco Store,,2018-09-11 00:00:00.000,a1bd79ee-8081-424f-8903-963a12c4be96,5412953020,225,8TH,,SE,ST,,,GRANTS PASS,OR,97526,2026-01-21 12:33:27.000,BTAX-042667-01-2026,2026-12-31 12:33:27.000
SMOKE SHACK DL,RAKESH SHARMA,Inside City Limits,453991,Retail-Tobacco Store,,2018-09-11 00:00:00.000,a1bd79ee-8081-424f-8903-963a12c4be96,5412953020,225,8TH,,SE,ST,,,GRANTS PASS,OR,97526,2026-01-21 12:33:27.000,BTAX-042667-01-2026,2026-12-31 12:33:27.000
SMOKEHOUSE BBQ," ",Inside City Limits,722330,Food-Mobile/Ice Cream Truck,,2020-06-01 00:00:00.000,699949ce-ab1e-48d4-b6dd-be7c7c34815c,5412374982,927,FRUITDALE,,,DR,,,GRANTS PASS,OR,97527,2025-06-13 11:10:25.000,BTAX-040495-06-2025,2026-06-30 11:10:25.000
SMOKEHOUSE BBQ,MICHEL STEPHENSON,Inside City Limits,722330,Food-Mobile/Ice Cream Truck,,2020-06-01 00:00:00.000,699949ce-ab1e-48d4-b6dd-be7c7c34815c,5412374982,927,FRUITDALE,,,DR,,,GRANTS PASS,OR,97527,2025-06-13 11:10:25.000,BTAX-040495-06-2025,2026-06-30 11:10:25.000
"SMOKEY'S STOVES LLC          ",GENE & TRUDY BRADLEY,Inside City Limits,443141,Retail-Home Appliances,,1985-09-16 00:00:00.000,0A7FF66B-A881-4F0E-972A-F6D3231C5BF5,5414762174,926,"6TH ",,SW,ST,,,GRANTS PASS,OR,97526,2025-08-08 11:12:24.000,BTAX-041125-08-2025,2026-08-31 11:12:24.000
"SNEAK PREVIEW                 ",CURTIS  HAYDEN,Inside City Limits,511110,Newspaper Publisher,,1986-07-01 00:00:00.000,8A71F4F5-EEF4-4919-B955-3AED6EF7A440,5414743044,PO BOX 129,,,,,,,GRANTS PASS,OR,97528,2025-09-09 12:49:26.000,BTAX-041710-09-2025,2026-09-30 12:49:26.000
SO OR MULTIPLE LISTING SVC INC," ROGUE VALLEY ASSOC OF REALTORS",Inside City Limits,531210,Real Estate Agents/Brokers,,2013-08-12 00:00:00.000,AD4A72C6-48A9-4FD2-8B5B-A272D47242EF,5417707060,625,FRANQUETTE,,,ST,,,MEDFORD,OR,97501,2025-08-18 15:02:23.000,BTAX-041331-08-2025,2026-08-31 15:02:23.000
SOARING AROUND THE WORLD TRAVEL,ANGELA  NEWTON,Inside City Limits,561510,Travel Agency,,2022-02-23 00:00:00.000,a7833aaf-7097-483e-8e5a-2973bb1d832c,5417619947,2740,EASTWOOD,,SW,LN,,,GRANTS PASS,OR,97527,2025-06-13 14:29:06.000,BTAX-040502-06-2025,2026-06-30 14:29:06.000
SOARING AROUND THE WORLD TRAVEL," ",Inside City Limits,561510,Travel Agency,,2022-02-23 00:00:00.000,a7833aaf-7097-483e-8e5a-2973bb1d832c,5417619947,2740,EASTWOOD,,SW,LN,,,GRANTS PASS,OR,97527,2025-06-13 14:29:06.000,BTAX-040502-06-2025,2026-06-30 14:29:06.000
"SOLAR MAN CO                  ",GARY  THOMAS,Inside City Limits,238220,Solar Equipment Installation,,1994-07-01 00:00:00.000,AEBC4708-DB79-4EBB-B3BF-47E42B2C4C80,5416604254,1205,"JORDAN ",,SW,ST,,,GRANTS PASS,OR,97526,2025-07-16 13:56:17.000,BTAX-040805-07-2025,2026-07-31 13:56:17.000
"SORENSON, RANSOM & FERGUSON, LLP","RAMSOM, FERGUSON  SORENSON & CLYDE",Inside City Limits,541110,Lawyer,,2010-03-22 00:00:00.000,45FB5E98-D2F3-4934-8F00-F62E52B8EA53,5414763883,133,D,,NW,ST,,,GRANTS PASS,OR,97526,2025-07-15 10:00:41.000,BTAX-040735-07-2025,2026-07-31 10:00:41.000
SOROPTIMIST INTERNATIONAL OF RIVER VALLEY," ",Outside City Limits,813410,Organization-Civic/Social,,2002-07-24 00:00:00.000,896f0b37-373e-46f2-8ade-0d2fdebaa68f,5412189974,PO BOX 875,,,,,,,GRANTS PASS,OR,97528,2025-08-29 16:36:29.000,BTAX-041593-08-2025,2026-08-31 16:36:29.000
SOTELO INC," ",Inside City Limits,722511,Restaurant,EDIBERTO'S TACO SHOP,2023-03-07 00:00:00.000,d0a5f186-f43e-4cac-bf91-017ce3ec83e9,4582122790,1555,WILLIAMS HIGHWAY,,,HWY,,E,GRANTS PASS,OR,97527,2025-04-15 16:55:12.000,BTAX-040223-04-2025,2026-04-30 16:55:12.000
SOTELO INC,LEONARDO & DAVID SOTELO,Inside City Limits,722511,Restaurant,EDIBERTO'S TACO SHOP,2023-03-07 00:00:00.000,d0a5f186-f43e-4cac-bf91-017ce3ec83e9,4582122790,1555,WILLIAMS HIGHWAY,,,HWY,,E,GRANTS PASS,OR,97527,2025-04-15 16:55:12.000,BTAX-040223-04-2025,2026-04-30 16:55:12.000
"SOUND OF THE HARVEST MUSIC    ",LEWIS  CROWNOVER,Inside City Limits,451140,Retail-Music/Instruments & Supplies,,1996-07-15 00:00:00.000,46BB4B05-E428-4E7E-A163-22047CEF4C44,5412183002,1032,"REGENT ",,NW,DR,,,GRANTS PASS,OR,97526,2025-10-31 09:09:28.000,BTAX-042167-10-2025,2026-10-31 09:09:28.000
SOUTH PACIFIC PIZZA INC,SHANE ANDERSON,Inside City Limits,722511,Restaurant,DOMINO'S PIZZA,1997-10-25 00:00:00.000,0CC344D8-AD58-4098-9E76-CD59B8766388,5306354161,603,3RD,,W,AVE,,,SPOKANE,WA,99201,2025-12-18 12:08:07.000,BTAX-042485-12-2025,2026-12-31 12:08:07.000
SOUTH PACIFIC PIZZA INC," ",Inside City Limits,722511,Restaurant,DOMINO'S PIZZA,1997-10-25 00:00:00.000,0CC344D8-AD58-4098-9E76-CD59B8766388,5306354161,603,3RD,,W,AVE,,,SPOKANE,WA,99201,2025-12-18 12:08:07.000,BTAX-042485-12-2025,2026-12-31 12:08:07.000
"SOUTH SIDE BARBER SHOP  ",CAMERON KELLEY,Inside City Limits,812111,Barber Shop,,1986-11-01 00:00:00.000,1178BDCE-D1A8-4EFE-A0ED-01EB73F95FC4,9498360586,603,6TH,,SE,ST,,,GRANTS PASS,OR,97526,2025-09-12 10:04:45.000,BTAX-041734-09-2025,2026-09-30 10:04:45.000
"SOUTH SIDE BARBER SHOP  "," ",Inside City Limits,812111,Barber Shop,,1986-11-01 00:00:00.000,1178BDCE-D1A8-4EFE-A0ED-01EB73F95FC4,9498360586,603,6TH,,SE,ST,,,GRANTS PASS,OR,97526,2025-09-12 10:04:45.000,BTAX-041734-09-2025,2026-09-30 10:04:45.000
SOUTHERN OR PLAY THERAPY,CONNIE WRIGHT,Inside City Limits,621112,Medical-Mental Health Specialist,,2017-03-29 00:00:00.000,3ced02d8-987c-4071-a3ab-94b126444579,5416596165,PO BOX 188,,,,,,,MERLIN,OR,97532,2025-08-18 14:52:48.000,BTAX-041329-08-2025,2026-08-31 14:52:48.000
SOUTHERN OR PLAY THERAPY," ",Inside City Limits,621112,Medical-Mental Health Specialist,,2017-03-29 00:00:00.000,3ced02d8-987c-4071-a3ab-94b126444579,5416596165,PO BOX 188,,,,,,,MERLIN,OR,97532,2025-08-18 14:52:48.000,BTAX-041329-08-2025,2026-08-31 14:52:48.000
"SOUTHERN OREGON ASPIRE        "," SOUTHERN OREGON ASPIRE        ",Inside City Limits,813410,Organization-Civic/Social,MAINTENANCE SERVICES,2009-07-01 00:00:00.000,E23D2DD7-BE00-4D89-BEE6-EC45DFB752B9,5414768241,1465-B,7TH,,NE,ST,,,GRANTS PASS,OR,97526,2025-10-20 14:23:34.000,BTAX-042061-10-2025,2026-10-31 14:23:34.000
SOUTHERN OREGON AUDIO VISUAL,SIRO  BIGNOTTI,Inside City Limits,443142,Retail-Electronics,AUDIO VISUAL EQUIPMENT REPAIR,1979-01-01 00:00:00.000,44F37A3E-310E-4D54-BE36-8D5FB38AF928,5414798020,545,ROGUE RIVER,,,HWY,,,GRANTS PASS,OR,97527,2026-01-13 11:38:09.000,BTAX-042620-01-2026,2027-01-31 11:38:09.000
SOUTHERN OREGON CARDIOLOGY LLC," SOUTHERN OREGON CARDIOLOGY LLC",Inside City Limits,621111,Medical-Physician,,2010-01-01 00:00:00.000,708EA9E2-5FB5-4EA4-9857-2635118B3252,5419307223,520,MEDICAL CENTER,,,DR,,#200,MEDFORD,OR,975044314,2025-07-25 09:55:44.000,BTAX-040970-07-2025,2026-07-31 09:55:44.000
SOUTHERN OREGON CLEAN & GREEN JANITORIAL SERVICES," LAWRENCE & SCHAFFER           ",Outside City Limits,561720,Janitorial Services,,2013-01-01 00:00:00.000,209DA934-3E90-4029-863B-22D3FC5CDA06,5417612332,PO BOX 534,,,,,,,MURPHY,OR,97533,2025-10-10 10:23:32.000,BTAX-041983-10-2025,2026-10-31 10:23:32.000
SOUTHERN OREGON CLEAN LLC," ",Inside City Limits,561720,Cleaning Service,,2018-08-10 00:00:00.000,ddb14aba-8907-490a-b0b3-db6fe9505ff0,5416594445,2115,MAYFIELD,,,DR,,,GRANTS PASS,OR,97527,2025-09-08 14:45:44.000,BTAX-041685-09-2025,2026-08-31 14:45:44.000
SOUTHERN OREGON CLEAN LLC,NATHAN ALLEN,Inside City Limits,561720,Cleaning Service,,2018-08-10 00:00:00.000,ddb14aba-8907-490a-b0b3-db6fe9505ff0,5416594445,2115,MAYFIELD,,,DR,,,GRANTS PASS,OR,97527,2025-09-08 14:45:44.000,BTAX-041685-09-2025,2026-08-31 14:45:44.000
SOUTHERN OREGON CLEAN LLC,HEATHER ZOUSEL,Inside City Limits,561720,Cleaning Service,,2018-08-10 00:00:00.000,ddb14aba-8907-490a-b0b3-db6fe9505ff0,5416594445,2115,MAYFIELD,,,DR,,,GRANTS PASS,OR,97527,2025-09-08 14:45:44.000,BTAX-041685-09-2025,2026-08-31 14:45:44.000
SOUTHERN OREGON CUSTOMS LLC,FRED WILSON,Inside City Limits,811121,"Auto-Body, Paint & Interior",,2016-08-18 00:00:00.000,890eb55f-5955-470c-9aa1-98a8d576c8a6,5419443538,1259,ROGUE RIVER,,,HWY,,#C,GRANTS PASS,OR,97527,2025-10-31 11:36:14.000,BTAX-042178-10-2025,2026-10-31 11:36:14.000
SOUTHERN OREGON CUSTOMS LLC," ",Inside City Limits,811121,"Auto-Body, Paint & Interior",,2016-08-18 00:00:00.000,890eb55f-5955-470c-9aa1-98a8d576c8a6,5419443538,1259,ROGUE RIVER,,,HWY,,#C,GRANTS PASS,OR,97527,2025-10-31 11:36:14.000,BTAX-042178-10-2025,2026-10-31 11:36:14.000
SOUTHERN OREGON DANCE CENTER,KAREN  DAGGETT,Inside City Limits,711120,Dance Studio,,1989-06-01 00:00:00.000,6A621049-9684-4B99-B32D-E873B53C2D3E,5419168384,405,6TH,,SE,ST,,,GRANTS PASS,OR,97526,2025-10-21 09:34:38.000,BTAX-042091-10-2025,2026-10-31 09:34:38.000
"SOUTHERN OREGON DENTAL LLC   ",CHARLES AOTO DANIEL ARRIGOTTI,Inside City Limits,621210,Medical-Dentist,,1990-03-01 00:00:00.000,37AAF50B-C5A1-4EEB-A6F9-80C7BD0086D8,5414767781,540,UNION,,,AVE,,,GRANTS PASS,OR,97527,2025-10-06 15:39:59.000,BTAX-041949-10-2025,2026-10-31 15:39:59.000
SOUTHERN OREGON DOG TRAINING," ",Inside City Limits,812910,Pet Care Services,,2019-03-19 00:00:00.000,0d758c9a-e500-407a-8c71-6d5d32a9a768,5418410756,1492,ROGUE RIVER,,,HWY,,,GRANTS PASS,OR,97527,2025-09-09 16:05:29.000,BTAX-041716-09-2025,2026-09-30 16:05:29.000
SOUTHERN OREGON DOG TRAINING,BEAU & ALEESHA BUSHNELL,Inside City Limits,812910,Pet Care Services,,2019-03-19 00:00:00.000,0d758c9a-e500-407a-8c71-6d5d32a9a768,5418410756,1492,ROGUE RIVER,,,HWY,,,GRANTS PASS,OR,97527,2025-09-09 16:05:29.000,BTAX-041716-09-2025,2026-09-30 16:05:29.000
SOUTHERN OREGON DREAM CONSTRUCTION LLC," ",Inside City Limits,236118,Const-Residential Remodeler,,2020-04-20 00:00:00.000,07127551-37d3-4838-9720-a74405fc3d8c,5416591182,212,BRANDY,,,LN,,,GRANTS PASS,OR,97527,2025-06-16 14:45:28.000,BTAX-040526-06-2025,2026-06-30 14:45:28.000
SOUTHERN OREGON DREAM CONSTRUCTION LLC,BEAU GARRETT,Inside City Limits,236118,Const-Residential Remodeler,,2020-04-20 00:00:00.000,07127551-37d3-4838-9720-a74405fc3d8c,5416591182,212,BRANDY,,,LN,,,GRANTS PASS,OR,97527,2025-06-16 14:45:28.000,BTAX-040526-06-2025,2026-06-30 14:45:28.000
"SOUTHERN OREGON DRYWALL LLC   ",SHANE  DRURY,Inside City Limits,238310,Drywall & Insulation,,2007-12-17 00:00:00.000,509C6EF7-8BA1-4CAF-B050-006F8AC7923A,5416601131,163,FAIRWAY,,,DR,,,GRANTS PASS,OR,97527,2025-07-22 14:15:52.000,BTAX-040890-07-2025,2026-07-31 14:15:52.000
SOUTHERN OREGON ELECTRIC LLC," ",Outside City Limits,238210,Contractor-Electrical,,2022-07-26 00:00:00.000,5c2edc1f-97a4-4020-8b61-a36ceab3493e,5416014715,196,"WILLOW SPRINGS ",,,DR,,,TALENT,OR,97540,2026-01-21 15:13:15.000,BTAX-042668-01-2026,2027-01-31 15:13:15.000
SOUTHERN OREGON ELECTRIC LLC,PETE RALLS,Outside City Limits,238210,Contractor-Electrical,,2022-07-26 00:00:00.000,5c2edc1f-97a4-4020-8b61-a36ceab3493e,5416014715,196,"WILLOW SPRINGS ",,,DR,,,TALENT,OR,97540,2026-01-21 15:13:15.000,BTAX-042668-01-2026,2027-01-31 15:13:15.000
SOUTHERN OREGON EMPOWERED," ",Inside City Limits,611710,Educational Support Services,,2022-09-14 00:00:00.000,d2acb9f8-c982-442a-82c1-2a48386a38dc,5412957466,1335,HIGHLAND,,NW,AVE,,,GRANTS PASS,OR,97526,2025-09-08 15:54:19.000,BTAX-041691-09-2025,2026-09-30 15:54:19.000
SOUTHERN OREGON EMPOWERED,ALENA HOUGHTON,Inside City Limits,611710,Educational Support Services,,2022-09-14 00:00:00.000,d2acb9f8-c982-442a-82c1-2a48386a38dc,5412957466,1335,HIGHLAND,,NW,AVE,,,GRANTS PASS,OR,97526,2025-09-08 15:54:19.000,BTAX-041691-09-2025,2026-09-30 15:54:19.000
SOUTHERN OREGON GOODWILL INDUSTRIES," WILLPOWER TEMPORARY SERVICES",Inside City Limits,453310,Retail-Thrift Store,,1997-01-01 00:00:00.000,B62932BE-8719-47D6-8671-733F51DE5CCE,5414796000,11,JACKSON,,W,ST,,,MEDFORD,OR,97501,2025-07-15 10:20:30.000,BTAX-040739-07-2025,2026-07-31 10:20:30.000
SOUTHERN OREGON HBOT,JON CHAMBERS,Inside City Limits,621111,Medical-Physician,,2021-04-01 00:00:00.000,fdbd104d-87b3-4a73-bdac-ee89624f3840,5414791289,1663,WILLIAMS,,,HWY,,,GRANTS PASS,OR,97527,2025-04-11 12:30:31.000,BTAX-040193-04-2025,2026-04-30 12:30:31.000
SOUTHERN OREGON HBOT," ",Inside City Limits,621111,Medical-Physician,,2021-04-01 00:00:00.000,fdbd104d-87b3-4a73-bdac-ee89624f3840,5414791289,1663,WILLIAMS,,,HWY,,,GRANTS PASS,OR,97527,2025-04-11 12:30:31.000,BTAX-040193-04-2025,2026-04-30 12:30:31.000
SOUTHERN OREGON HEATING & AIR CONDITIONING INC,JAMES  MAHON,Outside City Limits,238220,Contractor-HVAC Services,,1999-07-02 00:00:00.000,3AABC6A2-0934-4687-B672-2DB34F69C946,5417738733,904,CHEVY,,,WAY,,,MEDFORD,OR,97504,2025-07-22 16:03:43.000,BTAX-040917-07-2025,2026-07-31 16:03:43.000
SOUTHERN OREGON HOME REPAIR LLC,DANIEL  NELSON,Outside City Limits,238190,Contractor-General/Building Exterior,,2015-02-13 00:00:00.000,E85F7147-F1AE-402D-B61C-24715FCE3C7B,5414502491,2461,ROBINSON,,,RD,,,GRANTS PASS,OR,97527,2026-02-03 15:33:51.000,BTAX-042726-02-2026,2027-01-31 15:33:51.000
SOUTHERN OREGON HORSE RACING ASSOCIATION,Tag Wotherspoon,Inside City Limits,711211,Sports Teams & Clubs,,1968-01-01 00:00:00.000,318f4749-2875-48c0-a326-36f564b467b3,5418210516,PO BOX 1694,,,,,,,GRANTS PASS,OR,97528,2025-06-20 15:34:03.000,BTAX-040542-06-2025,2026-06-30 15:34:03.000
SOUTHERN OREGON MEDIATION CENTER,CLAUDIA  BEAUSOLEIL,Inside City Limits,624190,Social Svcs-Individual & Family Svcs,,2004-03-11 00:00:00.000,A4E942AE-CBD5-4E13-8082-12FE107D8139,5412266654,432,6TH,,NW,ST,,sUITE 209,GRANTS PASS,OR,97526,2025-08-04 09:48:29.000,BTAX-041076-08-2025,2026-08-31 09:48:29.000
SOUTHERN OREGON MEDICAL AESTHETICS CENTER,PHILLIP & JOYCE  SOLAR,Inside City Limits,621111,Medical-Physician,SOLAR INVESTMENT,2015-10-23 00:00:00.000,0F26E7DA-0F38-46A2-AF4E-70A204A48808,5414723223,1014,7TH,,NE,ST,," ",GRANTS PASS,OR,97526,2025-09-18 11:09:03.000,BTAX-041805-09-2025,2026-09-30 11:09:03.000
SOUTHERN OREGON ORTHOPEDICS INC," ",Inside City Limits,621111,Medical-Physician,PARAGON ORTHOPEDIC CENTER PC,2002-03-18 00:00:00.000,29A53758-11E3-4F74-841D-E42E7427002D,5414720603,1780,NEBRASKA,,SW,AVE,,,GRANTS PASS,OR,97527,2025-08-25 15:09:30.000,BTAX-041534-08-2025,2026-07-31 15:09:30.000
SOUTHERN OREGON PATHWAYS LLC,TAWNYA FREUDENTHALER,Inside City Limits,624190,Social Svcs-Individual & Family Svcs,,2022-01-12 00:00:00.000,48f0e27d-f8a6-4c00-8275-08ca4a61aed5,5414509615,195,DETRICK,,,DR,,,GRANTS PASS,OR,97527,2026-03-12 09:59:35.000,BTAX-042953-03-2026,2027-03-31 09:59:35.000
SOUTHERN OREGON PATHWAYS LLC," ",Inside City Limits,624190,Social Svcs-Individual & Family Svcs,,2022-01-12 00:00:00.000,48f0e27d-f8a6-4c00-8275-08ca4a61aed5,5414509615,195,DETRICK,,,DR,,,GRANTS PASS,OR,97527,2026-03-12 09:59:35.000,BTAX-042953-03-2026,2027-03-31 09:59:35.000
SOUTHERN OREGON PATIENT AWARENESS CENTER GRANTS PASS LLC,BRENDA THOMAS,Inside City Limits,621111,Medical-Physician,,2014-02-02 00:00:00.000,8B178A7C-DFF4-409D-A258-BD784A9D5051,5419555070,217-B,HILLCREST,,NE,DR,,,GRANTS PASS,OR,97526,2025-12-10 14:43:28.000,BTAX-042439-12-2025,2026-12-31 14:43:28.000
SOUTHERN OREGON PROPERTY MAINTENANCE / HANDYMAN,LESLIE RESUE KAREN & DAVID FERRIS,Outside City Limits,236220,Handyman,,1997-02-16 00:00:00.000,B8F54C7B-D026-4CD8-A5E7-2BE37DD8F333,5414761338,319,JONES CREEK,,W,RD,,,GRANTS PASS,OR,97526,2025-10-06 15:28:12.000,BTAX-041946-10-2025,2026-10-31 15:28:12.000
SOUTHERN OREGON REAL ESTATE VENTURES LLC,CHET BOLEN,Outside City Limits,531110,Rental Units/Landlord,,2016-01-19 00:00:00.000,f286f87e-42f3-4aa1-941b-85249d34ebc3,5414505926,649,GRAY WOLF,," ",DR,," ",GRANTS PASS,OR,97526,2025-07-16 10:01:43.000,BTAX-040793-07-2025,2026-07-31 10:01:43.000
SOUTHERN OREGON REAL ESTATE VENTURES LLC," ",Outside City Limits,531110,Rental Units/Landlord,,2016-01-19 00:00:00.000,f286f87e-42f3-4aa1-941b-85249d34ebc3,5414505926,649,GRAY WOLF,," ",DR,," ",GRANTS PASS,OR,97526,2025-07-16 10:01:43.000,BTAX-040793-07-2025,2026-07-31 10:01:43.000
SOUTHERN OREGON REAL ESTATE VENTURES LLC,CHET & ALLISON BOLEN,Outside City Limits,531110,Rental Units/Landlord,,2016-01-19 00:00:00.000,f286f87e-42f3-4aa1-941b-85249d34ebc3,5414505926,649,GRAY WOLF,," ",DR,," ",GRANTS PASS,OR,97526,2025-07-16 10:01:43.000,BTAX-040793-07-2025,2026-07-31 10:01:43.000
SOUTHERN OREGON RESTORATION INC,DAVID/HAROLD/GREG  JACOBY,Inside City Limits,238190,Contractor-General/Building Exterior,JACOBY CONSTRUCTION & DESIGN,1997-05-01 00:00:00.000,160D5181-01A3-4DEB-A8CE-9D4514A04753,5414729224,1110,MILBANK,,SE,RD,,,GRANTS PASS,OR,97526,2025-07-16 16:24:10.000,BTAX-040819-07-2025,2026-07-31 16:24:10.000
"SOUTHERN OREGON SANITATION, WC","NICK, GRANT & TRENT, TINA FAHEY&CARPENTER",Inside City Limits,561720,Cleaning Service,SWEEPING DIVISION,2023-02-01 00:00:00.000,87f851f2-0395-413c-a87e-b39b014f8588,5414795335,PO BOX 6000,,,,,,,GRANTS PASS,OR,97528,2025-08-07 11:09:53.000,BTAX-041069-08-2025,2026-07-31 11:09:53.000
"SOUTHERN OREGON SANITATION, WC"," ",Inside City Limits,561720,Cleaning Service,SWEEPING DIVISION,2023-02-01 00:00:00.000,87f851f2-0395-413c-a87e-b39b014f8588,5414795335,PO BOX 6000,,,,,,,GRANTS PASS,OR,97528,2025-08-07 11:09:53.000,BTAX-041069-08-2025,2026-07-31 11:09:53.000
SOUTHERN OREGON TATTOO ACADEMY," ",Inside City Limits,812199,Tattoo/Piercing Shop,,2021-05-20 00:00:00.000,172e1bfe-65f9-46e0-b25d-3fde2978a87f,5414502804,560,F,,NE,ST,,STE A PMB 750,GRANTS PASS,OR,97526,2025-08-12 15:13:38.000,BTAX-041196-08-2025,2026-08-31 15:13:38.000
SOUTHERN OREGON TATTOO ACADEMY,CHRISTOPHER TOLLIS,Inside City Limits,812199,Tattoo/Piercing Shop,,2021-05-20 00:00:00.000,172e1bfe-65f9-46e0-b25d-3fde2978a87f,5414502804,560,F,,NE,ST,,STE A PMB 750,GRANTS PASS,OR,97526,2025-08-12 15:13:38.000,BTAX-041196-08-2025,2026-08-31 15:13:38.000
"SOUTHERN OREGON TIRE & 4X4    ",EMMITT C & DANIEL V PATTERSON,Inside City Limits,441320,Retail-Tire Dealer,,2011-08-25 00:00:00.000,24637BAB-B818-4052-8F42-FE85DED78595,5419554444,851,MILBANK,,SE,RD,,,GRANTS PASS,OR,97526,2025-10-06 14:48:39.000,BTAX-041942-10-2025,2026-10-31 14:48:39.000
"SOUTHERN OREGON TREE CARE, LLC",WILLIE  GINGG,Outside City Limits,541990,Professional-Misc,,2007-04-10 00:00:00.000,C56B109F-80A9-4FB3-8641-5FA7D6D7D3EF,5417720404,PO BOX 3815,,,,,,,CENTRAL POINT,OR,97502,2025-09-22 16:25:35.000,BTAX-041847-09-2025,2026-09-30 16:25:35.000
SOUTHERN OREGON WATER WORKS INC,MICHAEL  LAMBERT,Inside City Limits,813990,Organization-Misc,,1990-01-01 00:00:00.000,76FEC0CB-30B6-4F23-8BE8-B332689E88B1,5414760154,1072,"ROGUE RIVER    ",,,HWY,,#D,GRANTS PASS,OR,97527,2025-07-22 15:06:00.000,BTAX-040903-07-2025,2026-07-31 15:06:00.000
SOUTHPAW TATTOO PARLOR LLC," ",Inside City Limits,812199,Tattoo/Piercing Shop,SOUTHPAW TATTOO PARLOR,2019-01-28 00:00:00.000,d32efa94-3a41-4ae1-8c78-ae1b400f273f,5416596614,914,6TH,,SW,ST,,#A,GRANTS PASS,OR,97526,2025-04-23 11:28:06.000,BTAX-040245-04-2025,2026-04-30 11:28:06.000
SOUTHPAW TATTOO PARLOR LLC,JENNIFER GODFREY,Inside City Limits,812199,Tattoo/Piercing Shop,SOUTHPAW TATTOO PARLOR,2019-01-28 00:00:00.000,d32efa94-3a41-4ae1-8c78-ae1b400f273f,5416596614,914,6TH,,SW,ST,,#A,GRANTS PASS,OR,97526,2025-04-23 11:28:06.000,BTAX-040245-04-2025,2026-04-30 11:28:06.000
SPAETH CONTRACTING LLC,Marc Spaeth,Inside City Limits,238190,Contractor-General/Building Exterior,,2018-04-19 00:00:00.000,65dd9f43-e6ef-4dab-bfc5-fd943c840250,5417271035,601,FORKS,,E,CIRCLE,,,CAVE JUNCTION,OR,97523,2025-05-27 15:23:48.000,BTAX-040433-05-2025,2026-05-31 15:23:48.000
SPAETH CONTRACTING LLC,MARC SPAETH,Inside City Limits,238190,Contractor-General/Building Exterior,,2018-04-19 00:00:00.000,65dd9f43-e6ef-4dab-bfc5-fd943c840250,5417271035,601,FORKS,,E,CIRCLE,,,CAVE JUNCTION,OR,97523,2025-05-27 15:23:48.000,BTAX-040433-05-2025,2026-05-31 15:23:48.000
"SPARTAN PLUMBING              ","SCOTT, DANIEL & ERIC GILBERTSON",Outside City Limits,238220,Plumber,,2015-06-16 00:00:00.000,BFD5CE85-1807-4BC7-9A1A-77B372D0C214,,PO BOX 3317,,,,,,,CENTRAL POINT,OR,97502,2025-07-14 16:25:22.000,BTAX-040731-07-2025,2026-07-31 16:25:22.000
"SPECIALIZED COATINGS          ",ERIK  WONSYLD,Outside City Limits,238320,Painting & Wall Covering,,2002-07-01 00:00:00.000,1326D797-2496-483D-A1FA-81601F0B7648,5412183828,365,BRETT,,,WAY,,,GRANTS PASS,OR,97526,2025-09-23 09:39:10.000,BTAX-041849-09-2025,2026-09-30 09:39:10.000
SPECIALIZED PAVEMENT MARKING LLC," ",Outside City Limits,238990,Specialty Trade Contractor,,2022-04-01 00:00:00.000,7c92f6af-5121-4548-92bd-ec3b62d53c00,5038850420,11095,INDUSTRIAL,,SW,WAY,,A,TUALATIN,OR,97062,2025-04-15 15:54:17.000,BTAX-040221-04-2025,2026-04-30 15:54:17.000
SPECIALIZED PAVEMENT MARKING LLC,FRONTLINE ROAD SAFETY UNBLOCKED HOLDINGS LLC .,Outside City Limits,238990,Specialty Trade Contractor,,2022-04-01 00:00:00.000,7c92f6af-5121-4548-92bd-ec3b62d53c00,5038850420,11095,INDUSTRIAL,,SW,WAY,,A,TUALATIN,OR,97062,2025-04-15 15:54:17.000,BTAX-040221-04-2025,2026-04-30 15:54:17.000
SPECIFIC ENERGY,RANDY PACE,Inside City Limits,443142,Retail-Electronics,BATTERIES PLUS BULBS,2019-02-01 00:00:00.000,37a756f4-0aed-4315-951b-8118c818158c,5418585103,3599,CRATER LAKE,,,HWY,,,MEDFORD,OR,97504,2025-12-08 12:16:44.000,BTAX-042410-12-2025,2026-12-31 12:16:44.000
SPECIFIC ENERGY,DAN LAUTENSCHLEGER,Inside City Limits,443142,Retail-Electronics,BATTERIES PLUS BULBS,2019-02-01 00:00:00.000,37a756f4-0aed-4315-951b-8118c818158c,5418585103,3599,CRATER LAKE,,,HWY,,,MEDFORD,OR,97504,2025-12-08 12:16:44.000,BTAX-042410-12-2025,2026-12-31 12:16:44.000
SPECIFIC ENERGY," ",Inside City Limits,443142,Retail-Electronics,BATTERIES PLUS BULBS,2019-02-01 00:00:00.000,37a756f4-0aed-4315-951b-8118c818158c,5418585103,3599,CRATER LAKE,,,HWY,,,MEDFORD,OR,97504,2025-12-08 12:16:44.000,BTAX-042410-12-2025,2026-12-31 12:16:44.000
"SPECTROTEL, INC.",DAVID ZAHKA,Outside City Limits,517919,Telecommunications,,2020-10-01 00:00:00.000,36dac492-1a05-41b2-813d-e23d8bc05da7,6782577764,3575,PIEDMONT,,,RD,NE,BLDG 15-1550,ATLANTA,GA,30305,2025-10-29 14:24:36.000,BTAX-042153-10-2025,2026-10-31 14:24:36.000
"SPECTROTEL, INC."," ",Outside City Limits,517919,Telecommunications,,2020-10-01 00:00:00.000,36dac492-1a05-41b2-813d-e23d8bc05da7,6782577764,3575,PIEDMONT,,,RD,NE,BLDG 15-1550,ATLANTA,GA,30305,2025-10-29 14:24:36.000,BTAX-042153-10-2025,2026-10-31 14:24:36.000
SPECTRUM PROSTHETIC & ORTHOTICS LLC,FOREST SEXTON,Inside City Limits,621111,Medical-Physician,,1995-05-19 00:00:00.000,1575BDF7-E107-49DF-824F-41DE9B113B62,5419559678,300,UNION,,,AVE,,SUITE C,GRANTS PASS,OR,97527,2025-09-05 16:27:12.000,BTAX-041671-09-2025,2026-08-31 16:27:12.000
SPEEDY PACK & SHIP INC,SHAWN & ERICA  BUTLER,Inside City Limits,561431,Mail Center-Private,,2004-04-21 00:00:00.000,4E3274B7-0E81-4568-9A03-FB8B2D3A9B49,5419567639,1630,WILLIAMS,,,HWY,,,GRANTS PASS,OR,97527,2025-04-07 15:35:50.000,BTAX-040172-04-2025,2026-04-30 15:35:50.000
SPEEDY REPAIR INC," ",Outside City Limits,811412,Appliance Reapair/Maint,,2021-10-11 00:00:00.000,4eb866c8-5524-476f-8e8e-16fb9246d537,5414159462,"945 ",BEACON,,NE,DR,,,GRANTS PASS,OR,97526,2026-03-04 09:49:43.000,BTAX-042890-03-2026,2027-03-31 09:49:43.000
SPEEDY REPAIR INC,EITAN ALMOG,Outside City Limits,811412,Appliance Reapair/Maint,,2021-10-11 00:00:00.000,4eb866c8-5524-476f-8e8e-16fb9246d537,5414159462,"945 ",BEACON,,NE,DR,,,GRANTS PASS,OR,97526,2026-03-04 09:49:43.000,BTAX-042890-03-2026,2027-03-31 09:49:43.000
"SPEEDY WATER DELIVERY ",COREY BENNETT,Inside City Limits,812990,All Other Personal Services,,2022-08-03 00:00:00.000,c3452ff6-cde5-49f1-921a-ad7e0d3b508d,5416591694,1015,"CAVES CAMP ",,,RD,,,"WILLIAMS ",OR,97544,2025-05-13 13:43:17.000,BTAX-040344-05-2025,2026-05-31 13:43:17.000
"SPENDLOVE DENTAL, PC",NIKLAUS SPENDLOVE,Inside City Limits,621210,Medical-Dentist,,2022-04-20 00:00:00.000,03b1a91f-65cc-40cb-a846-11fc97f55ed5,5414764667,1100,7TH,,NE,ST,,B,GRANTS PASS,OR,97526,2025-04-16 15:26:45.000,BTAX-040233-04-2025,2026-04-30 15:26:45.000
"SPENDLOVE DENTAL, PC"," ",Inside City Limits,621210,Medical-Dentist,,2022-04-20 00:00:00.000,03b1a91f-65cc-40cb-a846-11fc97f55ed5,5414764667,1100,7TH,,NE,ST,,B,GRANTS PASS,OR,97526,2025-04-16 15:26:45.000,BTAX-040233-04-2025,2026-04-30 15:26:45.000
SPERO SALON," ",Inside City Limits,812112,Beauty Salon,,2022-09-20 00:00:00.000,c6e2c600-77ad-49cd-949d-1157849bed2d,5412266623,395,HORSESHOE,,,DR,,,GRANTS PASS,OR,97526,2025-09-12 12:12:46.000,BTAX-041744-09-2025,2026-09-30 12:12:46.000
SPERO SALON,OLIVIA TAMASHIRO,Inside City Limits,812112,Beauty Salon,,2022-09-20 00:00:00.000,c6e2c600-77ad-49cd-949d-1157849bed2d,5412266623,395,HORSESHOE,,,DR,,,GRANTS PASS,OR,97526,2025-09-12 12:12:46.000,BTAX-041744-09-2025,2026-09-30 12:12:46.000
"SPICKLER & COMPANY            ",SANDRA M  SPICKLER,Outside City Limits,531110,Rental Units/Landlord,SANDRA SPICKLER RENTALS,1993-03-01 00:00:00.000,83BF9BE8-1A4D-4E77-A891-94B225F62459,5414711951,136,CHINOOK PARK,,,LN,,,GRANTS PASS,,97527,2025-11-17 15:55:58.000,BTAX-042296-11-2025,2026-11-30 15:55:58.000
SPORTS CARDS & COIN FANATICS," ",Inside City Limits,451120,"Retail-Hobbies, Toys & Games ",,2023-01-30 00:00:00.000,508d3ca4-fcc7-44cb-8049-0164663284a9,8186125843,304,6TH,,SW,ST,,,GRANTS PASS,OR,97526,2026-02-03 14:42:03.000,BTAX-042724-02-2026,2027-02-28 14:42:03.000
SPORTS CARDS & COIN FANATICS,ANTHONY MARINO,Inside City Limits,451120,"Retail-Hobbies, Toys & Games ",,2023-01-30 00:00:00.000,508d3ca4-fcc7-44cb-8049-0164663284a9,8186125843,304,6TH,,SW,ST,,,GRANTS PASS,OR,97526,2026-02-03 14:42:03.000,BTAX-042724-02-2026,2027-02-28 14:42:03.000
"SPRINKLER PROS INC            ",DUANE  GEURIN,Outside City Limits,541320,Landscaping Services,,2003-11-24 00:00:00.000,CC1FEF0E-EDF3-4A99-BBC4-BB8FACAFB669,5412189400,1630,"WILLIAMS ",,,HWY,,PMB #269,GRANTS PASS,OR,97527,2025-09-04 14:21:53.000,BTAX-041635-09-2025,2026-08-31 14:21:53.000
SQUATCH CORP,CORY WELCH & SARAH FATE-WELCH,Inside City Limits,811111,Auto-General Repair,BEST AUTO SERVICE CENTER/SQUATCH'S GARAGE,2022-08-07 00:00:00.000,eeca4f7e-d59c-4335-9b17-08bd1669d05c,5419550685,P.O. BOX 166,,,,,,,WILDERVILLE,OR,97543,2026-01-12 14:25:53.000,BTAX-042607-01-2026,2026-08-31 14:25:53.000
SR LAWN SPECIALISTS,DUSTIN RAMSEY,Inside City Limits,541320,Landscaping Services,,2020-01-01 00:00:00.000,658cc463-4ed3-4bc3-8a20-8b2a75349b2f,5412950064,1363,STAR,,,CT,,,GRANTS PASS,OR,97527,2025-04-14 15:46:33.000,BTAX-040214-04-2025,2026-04-30 15:46:33.000
SR LAWN SPECIALISTS,ALEX STEWART,Inside City Limits,541320,Landscaping Services,,2020-01-01 00:00:00.000,658cc463-4ed3-4bc3-8a20-8b2a75349b2f,5412950064,1363,STAR,,,CT,,,GRANTS PASS,OR,97527,2025-04-14 15:46:33.000,BTAX-040214-04-2025,2026-04-30 15:46:33.000
SR LAWN SPECIALISTS," ",Inside City Limits,541320,Landscaping Services,,2020-01-01 00:00:00.000,658cc463-4ed3-4bc3-8a20-8b2a75349b2f,5412950064,1363,STAR,,,CT,,,GRANTS PASS,OR,97527,2025-04-14 15:46:33.000,BTAX-040214-04-2025,2026-04-30 15:46:33.000
"STANTEC CONSULTING "," ",Inside City Limits,541330,Engineering Services,,2015-03-23 00:00:00.000,0ebdc45f-7041-4576-aa98-94f7a8793769,,ATTN: BUSINESS LICENSE,251 LITTLE FALLS,,,DR,,,WILMINGTON,DE,19808,2025-11-04 10:11:10.000,BTAX-042198-11-2025,2026-11-30 10:11:10.000
STAPLES THE OFFICE SUPER STORE,Donna King,Inside City Limits,453210,Retail-Office Supplies,,1998-03-07 00:00:00.000,393728EC-2E61-4741-9EE4-EA157452CDEF,5419555018,500,STAPLES,,,DR,,,FRAMINGHAM,MA,1702,2026-03-02 13:48:03.000,BTAX-042877-03-2026,2027-02-28 13:48:03.000
STAR COLLISION CENTERS INC,MARK LAMENSDORF,Inside City Limits,811121,"Auto-Body, Paint & Interior",STAR BODYWORKS & STAR 24 HOUR TOWING,2013-04-12 00:00:00.000,B10EED79-14E8-4129-8BED-B61C1CE5EED9,5414791191,715,UNION,,,AVE,,,GRANTS PASS,OR,97527,2025-08-01 11:31:40.000,BTAX-041068-08-2025,2026-08-31 11:31:40.000
"STAR MINI STORAGE LLC        ",JENNIFER  AUSLAND,Inside City Limits,493110,Storage & General Warehousing,,1997-07-01 00:00:00.000,96434189-F033-49C6-B00F-E6BEB42E99F7,5414764441,695,J,,SE,ST,,,GRANTS PASS,OR,97526,2025-07-22 12:26:48.000,BTAX-040872-07-2025,2026-07-31 12:26:48.000
STARBUCKS CORPORATION," ",Inside City Limits,722515,Snack and Nonalcoholic Beverage Shop,STARBUCKS COFFEE #24938,2016-07-06 00:00:00.000,3d1e6a62-e8b8-463a-97a3-33e9bf049d25,2065947273,PO BOX 34442,,,,,,,SEATTLE,WA,98124,2025-09-17 10:18:22.000,BTAX-041784-09-2025,2026-09-30 10:18:22.000
STARBUCKS CORPORATION," ",Inside City Limits,722515,Snack and Nonalcoholic Beverage Shop,STARBUCKS COFFEE #24938,2016-07-06 00:00:00.000,3d1e6a62-e8b8-463a-97a3-33e9bf049d25,2065947273,PO BOX 34442,,,,,,,SEATTLE,WA,98124,2025-09-17 10:18:22.000,BTAX-041784-09-2025,2026-09-30 10:18:22.000
STARFIRE CLEANING," ",Inside City Limits,561720,Cleaning Service,,2023-12-27 00:00:00.000,efe04c2f-1cdb-426e-9ca0-f582e5771160,5416614399,422,LIVINGSTON,,,WAY,,,GRANTS PASS,OR,97526,2025-12-22 14:11:01.000,BTAX-042496-12-2025,2026-12-31 14:11:01.000
STARFIRE CLEANING,JUDY TOMPKINS,Inside City Limits,561720,Cleaning Service,,2023-12-27 00:00:00.000,efe04c2f-1cdb-426e-9ca0-f582e5771160,5416614399,422,LIVINGSTON,,,WAY,,,GRANTS PASS,OR,97526,2025-12-22 14:11:01.000,BTAX-042496-12-2025,2026-12-31 14:11:01.000
STARPRISES INC,JAMES LEFEBER,Inside City Limits,811111,Auto-General Repair,STAR AUTOMOTIVE / STAR IMPORT,1991-07-02 00:00:00.000,7A240BE4-3D5C-48C2-9867-7A5D75888743,5414769646,414,F,,NE,ST,,,GRANTS PASS,OR,97526,2025-07-11 14:44:13.000,BTAX-040689-07-2025,2026-07-31 14:44:13.000
"STEAM DISTILLERY, LLC"," ",Inside City Limits,312140,Distillery,STEAM DISTILLERY,2021-06-03 00:00:00.000,0c50c261-8d33-4e8a-b517-e04ffeeeb482,5416603003,505,G,,SW,ST,,,GRANTS PASS,OR,97526,2025-07-09 15:37:04.000,BTAX-040647-07-2025,2026-07-31 15:37:04.000
"STEAM DISTILLERY, LLC",MICHAEL BLAIR SCOTT DAVIS,Inside City Limits,312140,Distillery,STEAM DISTILLERY,2021-06-03 00:00:00.000,0c50c261-8d33-4e8a-b517-e04ffeeeb482,5416603003,505,G,,SW,ST,,,GRANTS PASS,OR,97526,2025-07-09 15:37:04.000,BTAX-040647-07-2025,2026-07-31 15:37:04.000
"STEAMBOAT COIN LAUNDRY        ",CAROLYN  BROWN,Inside City Limits,812320,Dry Cleaning Services,,2004-11-01 00:00:00.000,4742B43E-CA2B-4687-8D75-5D3C4180FA80,5414796951,2847,FLORER,,,DR,,,GRANTS PASS,OR,97527,2025-08-06 12:04:43.000,BTAX-041111-08-2025,2026-07-31 12:04:43.000
STEDFAST PLUMBING & DRAINS LLC,ROBERT JOHNSON,Outside City Limits,238220,Plumber,,2022-03-23 00:00:00.000,bd652277-24ad-4c21-97e9-c9b4d46f840e,5416603545,PO BOX 2071,,,,,,,Grants Pass,OR,97528,2025-05-14 14:21:09.000,BTAX-040363-05-2025,2026-05-31 14:21:09.000
STEDFAST PLUMBING & DRAINS LLC,ROBERT & CANDICE JOHNSON,Outside City Limits,238220,Plumber,,2022-03-23 00:00:00.000,bd652277-24ad-4c21-97e9-c9b4d46f840e,5416603545,PO BOX 2071,,,,,,,Grants Pass,OR,97528,2025-05-14 14:21:09.000,BTAX-040363-05-2025,2026-05-31 14:21:09.000
"STEPHEN STARK EXCAVATION LLC ",STEPHEN & RENE'  STARK,Outside City Limits,238190,Contractor-General/Building Exterior,,1997-02-08 00:00:00.000,4590A7BB-D799-409C-9B15-2AF09E02DEA1,5414761226,756,STRINGER GAP,,,RD,,,GRANTS PASS,OR,97527,2025-07-14 09:07:54.000,BTAX-040698-07-2025,2026-07-31 09:07:54.000
"STEPHENS FAMILY CHAPEL        ",KEVIN/PHIL/VICKI  STEPHENS,Inside City Limits,812210,Funeral Home/Services,,2006-07-31 00:00:00.000,4BE1FEDB-B4F2-4C97-B16C-069DBE04DF9F,5414767900,1629,WILLIAMS,,,HWY,,,GRANTS PASS,OR,97527,2025-11-24 12:27:32.000,BTAX-042348-11-2025,2026-11-30 12:27:32.000
STEPPING STONES PRESCHOOL & CHILDCARE,CHRIS & HANNAH LEENKNECHT,Inside City Limits,624410,Child Day Care,,2021-08-23 00:00:00.000,cf941f4b-afca-4754-8efa-c55db37bdbc9,,1626,DOWELL,,,RD,,,GRANTS PASS,OR,97527,2025-09-03 10:30:24.000,BTAX-041616-09-2025,2026-08-31 10:30:24.000
STEPPING STONES PRESCHOOL & CHILDCARE," ",Inside City Limits,624410,Child Day Care,,2021-08-23 00:00:00.000,cf941f4b-afca-4754-8efa-c55db37bdbc9,,1626,DOWELL,,,RD,,,GRANTS PASS,OR,97527,2025-09-03 10:30:24.000,BTAX-041616-09-2025,2026-08-31 10:30:24.000
"STEVE CRUME DRYWALL           ",STEVE  CRUME,Outside City Limits,238310,Drywall & Insulation,,2006-01-06 00:00:00.000,CE648018-6485-4975-9A09-2B815F918B55,5416603328,2740,EVANS CREEK,,E,CR,,,ROGUE RIVER,OR,97537,2026-01-15 11:06:04.000,BTAX-042640-01-2026,2027-01-31 11:06:04.000
STEVE DECLERCK BK INC," ",Inside City Limits,722513,Limited-Service Restaurant,BURGER KING,2016-11-23 00:00:00.000,81f0ff35-69a8-4508-8248-22e4d2093047,5308424827,303,OREGON,,N,ST,,,YREKA,CA,96097,2025-08-19 15:53:25.000,BTAX-041424-08-2025,2026-08-31 15:53:25.000
STEVE MUHLNICKEL CONSTRUCTION,STEVE & JEANETTE  MUHLNICKEL,Outside City Limits,238190,Contractor-General/Building Exterior,,2010-12-02 00:00:00.000,41B84952-0E4F-496D-A4EB-F0D4CF784283,5416601067,PO BOX 772,,,,,,,ROGUE RIVER,OR,97537,2025-04-07 14:54:14.000,BTAX-040168-04-2025,2026-04-30 14:54:14.000
STONE HEATING & AIR INC,MATTHEW STONE,Outside City Limits,238220,Contractor-HVAC Services,,2019-01-18 00:00:00.000,c8c1516c-9db6-4398-9f96-6bf21cef24bf,5418555521,5235,RAINBOW,,,DR,,,CENTRAL POINT,OR,97502,2025-04-01 11:35:41.000,BTAX-040130-04-2025,2026-04-30 11:35:41.000
STONE HEATING & AIR INC,MATT STONE,Outside City Limits,238220,Contractor-HVAC Services,,2019-01-18 00:00:00.000,c8c1516c-9db6-4398-9f96-6bf21cef24bf,5418555521,5235,RAINBOW,,,DR,,,CENTRAL POINT,OR,97502,2025-04-01 11:35:41.000,BTAX-040130-04-2025,2026-04-30 11:35:41.000
STONER ELECTRIC LLC,SARABETH DODD,Outside City Limits,238210,Contractor-Electrical,,1996-11-11 00:00:00.000,CB3DA459-1C9E-419C-B12C-23E951C52B19,5034626500,1904,OCHOCO,,SE,ST,,,MILWAUKIE,OR,97222,2025-09-08 09:32:28.000,BTAX-041571-08-2025,2026-08-31 09:32:28.000
STORWELL-497 H LLC," ",Inside City Limits,493110,Storage & General Warehousing,,2022-07-20 00:00:00.000,e86795b9-02f0-48fd-8277-e21721254130,5412915422,3001,BISHOP,,,DR,,,SAN RAMON,CA,94583,2025-09-22 09:46:11.000,BTAX-041789-09-2025,2026-09-30 09:46:11.000
STORWELL-497 H LLC," ",Inside City Limits,493110,Storage & General Warehousing,,2022-07-20 00:00:00.000,e86795b9-02f0-48fd-8277-e21721254130,5412915422,3001,BISHOP,,,DR,,,SAN RAMON,CA,94583,2025-09-22 09:46:11.000,BTAX-041789-09-2025,2026-09-30 09:46:11.000
"STRATOTECH, LLC",ADRIAN TAYNE,Inside City Limits,541990,Professional-Misc,,2016-12-02 00:00:00.000,cef620d7-cc9c-4253-9fbe-eb6a64dff953,5416837925,940,M,,SE,ST,,,GRANTS PASS,OR,97526,2026-01-15 10:33:47.000,BTAX-042638-01-2026,2027-01-31 10:33:47.000
"STRATOTECH, LLC"," ",Inside City Limits,541990,Professional-Misc,,2016-12-02 00:00:00.000,cef620d7-cc9c-4253-9fbe-eb6a64dff953,5416837925,940,M,,SE,ST,,,GRANTS PASS,OR,97526,2026-01-15 10:33:47.000,BTAX-042638-01-2026,2027-01-31 10:33:47.000
STRONG ROOTS LANDSCAPE MAINTENANCE,CLEMENTE FIERROS,Outside City Limits,541320,Landscaping Services,,2024-01-12 00:00:00.000,6fedf514-087f-4288-9003-f363ca36f09a,5416131738,366,MONTEFLORA TER,,,,,,GRANTS PASS,OR,97526,2026-01-09 11:13:51.000,BTAX-042586-01-2026,2027-01-31 11:13:51.000
STRONG ROOTS LANDSCAPE MAINTENANCE," ",Outside City Limits,541320,Landscaping Services,,2024-01-12 00:00:00.000,6fedf514-087f-4288-9003-f363ca36f09a,5416131738,366,MONTEFLORA TER,,,,,,GRANTS PASS,OR,97526,2026-01-09 11:13:51.000,BTAX-042586-01-2026,2027-01-31 11:13:51.000
STS PRODUCTIONS," ",Outside City Limits,711510,Artist,,2022-04-05 00:00:00.000,5d71a733-0338-40e2-bb97-ae9bd2f6bcb1,9515326803,120,SLOAN MOUNTAIN,,,LN,,,GRANTS PASS,OR,97527,2025-05-27 15:03:15.000,BTAX-040429-05-2025,2026-05-31 15:03:15.000
STS PRODUCTIONS,STEVEN SABEL,Outside City Limits,711510,Artist,,2022-04-05 00:00:00.000,5d71a733-0338-40e2-bb97-ae9bd2f6bcb1,9515326803,120,SLOAN MOUNTAIN,,,LN,,,GRANTS PASS,OR,97527,2025-05-27 15:03:15.000,BTAX-040429-05-2025,2026-05-31 15:03:15.000
STUDIO G HAIR AND NAIL COMPANY,BRENDA  COURTNEY,Inside City Limits,812112,Beauty Salon,,2003-07-01 00:00:00.000,7E5B8C68-FDCC-4F0E-AFF9-75881732EFCE,5414762591,432,6TH,,NW,ST,,STE 109,GRANTS PASS,OR,97526,2025-08-20 10:45:48.000,BTAX-041445-08-2025,2026-08-31 10:45:48.000
"STUDIO SEVEN NAILS & HAIR     ",AMBER  HUFFMAN,Inside City Limits,812112,Beauty Salon,,2008-06-13 00:00:00.000,52BC9098-A6AC-48B7-BCA8-D1648B77C5EA,5412442202,715,SANDY,,NW,DR,,,GRANTS PASS,OR,97526,2025-12-01 15:44:19.000,BTAX-042362-12-2025,2026-11-30 15:44:19.000
"STUDIO VIP                    ",SHANNON  DOAK,Inside City Limits,812112,Beauty Salon,,2015-07-10 00:00:00.000,5C90B246-CBBA-40D5-B662-B1E07CE6278B,5416598290,109,K,,SE,ST,,,GRANTS PASS,OR,97526,2025-04-28 15:04:52.000,BTAX-040282-04-2025,2026-04-30 15:04:52.000
"SUBURBAN PROPANE              "," SUBURBAN PROPANE LP           ",Outside City Limits,447190,Gas Station,,1997-01-01 00:00:00.000,B8B35B46-C1E5-4BA3-94F8-5682C55F793E,5417725101,2175,"JOSEPH ",,,ST,,,MEDFORD,OR,97501,2025-09-23 11:02:09.000,BTAX-041859-09-2025,2026-09-30 11:02:09.000
"SUBURBAN PROPANE              "," ",Outside City Limits,447190,Gas Station,,1997-01-01 00:00:00.000,B8B35B46-C1E5-4BA3-94F8-5682C55F793E,5417725101,2175,"JOSEPH ",,,ST,,,MEDFORD,OR,97501,2025-09-23 11:02:09.000,BTAX-041859-09-2025,2026-09-30 11:02:09.000
SUBWAY SANDWICHES & SALADS I,JEFF  HOXSEY,Inside City Limits,445110,Food-Deli,,2012-12-28 00:00:00.000,C29C796C-2695-4F49-BD63-D3182C184EDA,5417022600,17450,APPLEGATE,,N,RD,,,GRANTS PASS,OR,97527,2025-10-03 12:59:40.000,BTAX-041930-10-2025,2026-09-30 12:59:40.000
SUBWAY SANDWICHES & SALADS II,JEFF HOXSEY,Inside City Limits,445110,Food-Deli,,1991-09-06 00:00:00.000,198FCD7F-5AD7-4DCE-BECC-1DABB565F69D,5417022600,17450,APPLEGATE,,N,RD,,,GRANTS PASS,OR,97527,2025-10-03 12:54:05.000,BTAX-041929-10-2025,2026-09-30 12:54:05.000
SUBWAY SANDWICHES & SALADS III,JEFF HOXSEY,Inside City Limits,445110,Food-Deli,,1990-08-26 00:00:00.000,F0DFA0D8-BB07-4DEF-8753-0E45FBAE9988,5417022600,17450,APPLEGATE,,N,RD,,,GRANTS PASS,OR,97527,2025-10-03 13:07:53.000,BTAX-041932-10-2025,2026-09-30 13:07:53.000
SUBWAY SANDWICHES & SALADS IV,JEFF  HOXSEY,Inside City Limits,445110,Food-Deli,,2004-05-24 00:00:00.000,B63119DF-46CD-4541-8556-A7D5D6EA4C70,5419446524,17450,APPLEGATE,,N,RD,,,GRANTS PASS,OR,97527,2025-10-03 13:02:54.000,BTAX-041931-10-2025,2026-10-31 13:02:54.000
SUCCESS CONSULTANTS OF SOUTHERN OREGON,CRYSTAL LEE,Inside City Limits,624190,Social Svcs-Individual & Family Svcs,,2018-10-08 00:00:00.000,a9ea92fa-5692-40cb-a2b4-aec1f373c3a9,5412266848,418,6TH,,NW,ST,,,GRANTS PASS,OR,97526,2025-04-16 14:53:34.000,BTAX-040230-04-2025,2026-04-30 14:53:34.000
SUCCESS CONSULTANTS OF SOUTHERN OREGON," ",Inside City Limits,624190,Social Svcs-Individual & Family Svcs,,2018-10-08 00:00:00.000,a9ea92fa-5692-40cb-a2b4-aec1f373c3a9,5412266848,418,6TH,,NW,ST,,,GRANTS PASS,OR,97526,2025-04-16 14:53:34.000,BTAX-040230-04-2025,2026-04-30 14:53:34.000
"SUE A LARSON RENTALS          ",SUE LARSON,Outside City Limits,531110,Rental Units/Landlord,,1997-01-01 00:00:00.000,0668A31B-78AE-4981-A504-067DD055948A,5414769032,5155,AZALEA,,,DR,,,GRANTS PASS,OR,97526,2025-08-19 12:49:51.000,BTAX-041407-08-2025,2026-08-31 12:49:51.000
SULLIVAN BUILDERS LLC,SEAN SULLIVAN,Inside City Limits,238190,Contractor-General/Building Exterior,,2019-09-17 00:00:00.000,0a5b2a8a-cf89-479d-ad05-61422daaf076,5414502586,5665,NEW HOPE,,,RD,,,GRANTS PASS,OR,97527,2026-02-02 16:26:29.000,BTAX-042713-02-2026,2027-01-31 16:26:29.000
SULLIVAN BUILDERS LLC," ",Inside City Limits,238190,Contractor-General/Building Exterior,,2019-09-17 00:00:00.000,0a5b2a8a-cf89-479d-ad05-61422daaf076,5414502586,5665,NEW HOPE,,,RD,,,GRANTS PASS,OR,97527,2026-02-02 16:26:29.000,BTAX-042713-02-2026,2027-01-31 16:26:29.000
SUNDANCE DISTILLING," ",Inside City Limits,312120,Brewery,,2016-07-08 00:00:00.000,cd423fac-9345-4f7a-9f38-1bfef4104fe0,5414799715,3345,ELK,,,LN,,,GRANTS PASS,OR,97527,2025-08-13 15:37:34.000,BTAX-041224-08-2025,2026-08-31 15:37:34.000
SUNDANCE DISTILLING,BRANDON CONOVER,Inside City Limits,312120,Brewery,,2016-07-08 00:00:00.000,cd423fac-9345-4f7a-9f38-1bfef4104fe0,5414799715,3345,ELK,,,LN,,,GRANTS PASS,OR,97527,2025-08-13 15:37:34.000,BTAX-041224-08-2025,2026-08-31 15:37:34.000
SUNDANCE DISTILLING LLC," ",Inside City Limits,722511,Restaurant,,2020-06-25 00:00:00.000,b2396b87-27c5-4c32-95fe-f58c8cd615f8,,2179,INDUSTRY,,NE,DR,,#6,GRANTS PASS,OR,97526,2025-06-13 16:11:54.000,BTAX-040515-06-2025,2026-06-30 16:11:54.000
SUNDANCE DISTILLING LLC,BRANDAN & BARBARA  CONOVER,Inside City Limits,722511,Restaurant,,2020-06-25 00:00:00.000,b2396b87-27c5-4c32-95fe-f58c8cd615f8,,2179,INDUSTRY,,NE,DR,,#6,GRANTS PASS,OR,97526,2025-06-13 16:11:54.000,BTAX-040515-06-2025,2026-06-30 16:11:54.000
SUNSHINE HOLISTIC HEALTH CENTER LLC,YANFEI ZHU,Inside City Limits,621399,Reflexology,,2022-01-14 00:00:00.000,0d571ee4-563a-4fb5-8743-2379cdf11ca8,5416604467,1455,6TH,,NE,ST,," ",GRANTS PASS,OR,97526,2026-01-16 15:27:08.000,BTAX-042650-01-2026,2027-01-31 15:27:08.000
SUNSHINE HOLISTIC HEALTH CENTER LLC," ",Inside City Limits,621399,Reflexology,,2022-01-14 00:00:00.000,0d571ee4-563a-4fb5-8743-2379cdf11ca8,5416604467,1455,6TH,,NE,ST,," ",GRANTS PASS,OR,97526,2026-01-16 15:27:08.000,BTAX-042650-01-2026,2027-01-31 15:27:08.000
SUNSHINE IN HOME CARE LLC," ",Inside City Limits,621610,Medical-Home Health Care Services,,2017-03-21 00:00:00.000,3b4c31fe-7338-4adc-ac7d-3ff072bb0b6e,5416590862,2059,FORT,,SW,ST,,,GRANTS PASS,OR,97526,2025-07-22 09:33:30.000,BTAX-040850-07-2025,2026-07-31 09:33:30.000
SUNSHINE IN HOME CARE LLC,RANNA KRAWCZYK,Inside City Limits,621610,Medical-Home Health Care Services,,2017-03-21 00:00:00.000,3b4c31fe-7338-4adc-ac7d-3ff072bb0b6e,5416590862,2059,FORT,,SW,ST,,,GRANTS PASS,OR,97526,2025-07-22 09:33:30.000,BTAX-040850-07-2025,2026-07-31 09:33:30.000
SUNSHINE SOLAR INC,KEITH DEISKELL,Inside City Limits,238220,Solar Equipment Installation,,2021-06-16 00:00:00.000,8dd54bda-f105-4c2b-940c-da11cedd32fe,5412958500,6891,WILLIAMS,,,HWY,,,GRANTS PASS,OR,97527,2025-12-03 16:22:34.000,BTAX-042385-12-2025,2026-12-31 16:22:34.000
SUNSHINE SOLAR INC,SCOTT KUNKEL,Inside City Limits,238220,Solar Equipment Installation,,2021-06-16 00:00:00.000,8dd54bda-f105-4c2b-940c-da11cedd32fe,5412958500,6891,WILLIAMS,,,HWY,,,GRANTS PASS,OR,97527,2025-12-03 16:22:34.000,BTAX-042385-12-2025,2026-12-31 16:22:34.000
SUNSHINE SOLAR INC," ",Inside City Limits,238220,Solar Equipment Installation,,2021-06-16 00:00:00.000,8dd54bda-f105-4c2b-940c-da11cedd32fe,5412958500,6891,WILLIAMS,,,HWY,,,GRANTS PASS,OR,97527,2025-12-03 16:22:34.000,BTAX-042385-12-2025,2026-12-31 16:22:34.000
SUNWORKS SOLAR INC," ",Inside City Limits,238190,Contractor-General/Building Exterior,,2004-01-01 00:00:00.000,17f7d07a-054d-4cf1-bdc5-a039a9039947,5416598933,1634,N,,SE,ST,,5D,GRANTS PASS,OR,97526,2026-03-06 11:25:39.000,BTAX-042903-03-2026,2027-03-31 11:25:39.000
SUNWORKS SOLAR INC,CAMERON  KIRKLAND,Inside City Limits,238190,Contractor-General/Building Exterior,,2004-01-01 00:00:00.000,17f7d07a-054d-4cf1-bdc5-a039a9039947,5416598933,1634,N,,SE,ST,,5D,GRANTS PASS,OR,97526,2026-03-06 11:25:39.000,BTAX-042903-03-2026,2027-03-31 11:25:39.000
"SUPER 8                       "," ALISHA LLC",Inside City Limits,721110,Hotel/Motel,,1990-01-31 00:00:00.000,C60997D1-96A4-4AED-BE50-DF6344CB270E,5414740888,1949,7TH,,NE,ST,,,GRANTS PASS,OR,97526,2025-08-11 12:52:04.000,BTAX-041148-08-2025,2026-07-31 12:52:04.000
"SUPERCUTS OR-891              ",VICKIE HUNTLEY,Inside City Limits,812112,Beauty Salon,,1992-06-08 00:00:00.000,B2699C36-B044-497C-A732-EDDFC16167CF,5418787345,PO BOX 1598,,,,,,,SHADY COVE,OR,97539,2025-08-19 10:50:22.000,BTAX-041376-08-2025,2026-08-31 10:50:22.000
"SUPERIOR COATINGS LLC         ",WEYLIN  LUCORE,Outside City Limits,238320,Painting & Wall Covering,,2006-04-01 00:00:00.000,D137E32A-56AB-4795-B397-332DA8DC44C6,5414765731,PO BOX,655,,,,,,GRANTS PASS,OR,97528,2025-11-06 16:05:11.000,BTAX-042229-11-2025,2026-11-30 16:05:11.000
"SUPERIOR WINDOW CLEANING      ",DARREN  LEIGHTON,Inside City Limits,561720,Cleaning Service,,2014-03-20 00:00:00.000,64CE257A-2F2D-45A7-85CE-86D32D918905,5418621662,905,GRANITE HILL,,,RD,,,GRANTS PASS,OR,97526,2025-07-22 12:48:17.000,BTAX-040884-07-2025,2026-07-31 12:48:17.000
"SWANBURG STAIRS               ",MARK  SWANBURG,Inside City Limits,238190,Contractor-General/Building Exterior,,1992-11-24 00:00:00.000,E9D0FFAA-14E8-4115-A200-4141E4D1E522,5414717017,355,SCENIC,,NE,DR,,,GRANTS PASS,OR,97526,2025-09-05 15:16:36.000,BTAX-041660-09-2025,2026-09-30 15:16:36.000
"SWISSMETRIC                   ",W.A.  TILLERY,Inside City Limits,339999,Manufacturing-Misc Manufacturing,,1990-01-01 00:00:00.000,603DC914-ECC5-47A4-BA2B-1FEA79B9A306,5414761771,1610,PARKDALE,,,DR,,,GRANTS PASS,OR,97527,2025-08-19 10:29:31.000,BTAX-041373-08-2025,2026-08-31 10:29:31.000
T & S TRANSMISSION SPECIALISTS," ",Inside City Limits,811113,Auto-Transmission Repair,,2018-04-11 00:00:00.000,dbb4e8b6-234f-4605-bad0-d74bba0375a3,5412958838,1496,ROGUE RIVER,,,HWY,,,GRANTS PASS,OR,97527,2025-04-03 14:32:45.000,BTAX-040154-04-2025,2026-04-30 14:32:45.000
T & S TRANSMISSION SPECIALISTS,TYLER GROVES,Inside City Limits,811113,Auto-Transmission Repair,,2018-04-11 00:00:00.000,dbb4e8b6-234f-4605-bad0-d74bba0375a3,5412958838,1496,ROGUE RIVER,,,HWY,,,GRANTS PASS,OR,97527,2025-04-03 14:32:45.000,BTAX-040154-04-2025,2026-04-30 14:32:45.000
T & S TRANSMISSION SPECIALISTS,WILLIAM MOSS JR,Inside City Limits,811113,Auto-Transmission Repair,,2018-04-11 00:00:00.000,dbb4e8b6-234f-4605-bad0-d74bba0375a3,5412958838,1496,ROGUE RIVER,,,HWY,,,GRANTS PASS,OR,97527,2025-04-03 14:32:45.000,BTAX-040154-04-2025,2026-04-30 14:32:45.000
"T L C CREATIONS               "," ",Inside City Limits,453998,All Other Miscellaneous Store Retailers (Except Tobacco Stores),,1987-05-27 00:00:00.000,120470A1-F60F-4833-A440-5D5DD488FFF8,5412958654,182,WHISPERING,,,DR,,,GRANTS PASS,OR,97527,2026-01-06 10:57:55.000,BTAX-042565-01-2026,2027-01-31 10:57:55.000
T3 ELECTRICAL & CONSTRUCTION LLC," ",Outside City Limits,238210,Contractor-Electrical,,2019-06-01 00:00:00.000,84244ec2-f402-4fbe-bc93-591de96b92f7,5419515790,4645,RISING GLEN,,,DR,,,CENTRAL POINT,OR,97502,2025-05-02 09:49:39.000,BTAX-040294-05-2025,2026-05-31 09:49:39.000
T3 ELECTRICAL & CONSTRUCTION LLC,NATHAN THORNTON,Outside City Limits,238210,Contractor-Electrical,,2019-06-01 00:00:00.000,84244ec2-f402-4fbe-bc93-591de96b92f7,5419515790,4645,RISING GLEN,,,DR,,,CENTRAL POINT,OR,97502,2025-05-02 09:49:39.000,BTAX-040294-05-2025,2026-05-31 09:49:39.000
"TAB PRODUCTS COMPANY LLC          ",G.W. AMPULSKI,Outside City Limits,541990,Professional-Misc,,1991-07-01 00:00:00.000,1DA51B8E-58FC-4425-9155-2CAC9AE319C6,9203873131,605 4TH STREET,,,,,,,MAYVILLE,WI,53050,2025-11-24 11:44:15.000,BTAX-042342-11-2025,2026-11-30 11:44:15.000
TACOMANIA STREET TACOS Y MAS,JUAN ESPINDOLA,Outside City Limits,722320,Caterer,TACOMANIA,2017-11-03 00:00:00.000,4c382694-8ed4-4eda-9cf9-daa1b003991b,5412919010,144,MERLIN,,,RD,,,MERLIN,OR,97532,2025-08-12 10:31:02.000,BTAX-041171-08-2025,2026-08-31 10:31:02.000
TACOMANIA STREET TACOS Y MAS,DAVID ANAYA,Outside City Limits,722320,Caterer,TACOMANIA,2017-11-03 00:00:00.000,4c382694-8ed4-4eda-9cf9-daa1b003991b,5412919010,144,MERLIN,,,RD,,,MERLIN,OR,97532,2025-08-12 10:31:02.000,BTAX-041171-08-2025,2026-08-31 10:31:02.000
TACOMANIA STREET TACOS Y MAS," ",Outside City Limits,722320,Caterer,TACOMANIA,2017-11-03 00:00:00.000,4c382694-8ed4-4eda-9cf9-daa1b003991b,5412919010,144,MERLIN,,,RD,,,MERLIN,OR,97532,2025-08-12 10:31:02.000,BTAX-041171-08-2025,2026-08-31 10:31:02.000
TACOS DON GOYO," ",Inside City Limits,722330,Food-Mobile/Ice Cream Truck,,2022-01-01 00:00:00.000,5d05d820-c5f0-4b21-8db0-5c08f1f9a80d,5418382919,207,CHESTNUT,,,LN,,,GRANTS PASS,OR,97526,2026-02-04 11:18:28.000,BTAX-042732-02-2026,2027-02-28 11:18:28.000
"TAHITI TANS LLC               "," ",Inside City Limits,812112,Beauty Salon,,2005-04-01 00:00:00.000,9CB697C4-61DA-4DAF-AA97-E67C31B05A9F,5414798267,1607,WILLIAMS HWY,,,HWY,,3B,GRANTS PASS,OR,97527,2025-11-10 11:43:25.000,BTAX-042261-11-2025,2026-10-31 11:43:25.000
"TAHITI TANS LLC               ",TAMMY HENRY,Inside City Limits,812112,Beauty Salon,,2005-04-01 00:00:00.000,9CB697C4-61DA-4DAF-AA97-E67C31B05A9F,5414798267,1607,WILLIAMS HWY,,,HWY,,3B,GRANTS PASS,OR,97527,2025-11-10 11:43:25.000,BTAX-042261-11-2025,2026-10-31 11:43:25.000
"TAHITI TANS LLC               ",BOB HENRY,Inside City Limits,812112,Beauty Salon,,2005-04-01 00:00:00.000,9CB697C4-61DA-4DAF-AA97-E67C31B05A9F,5414798267,1607,WILLIAMS HWY,,,HWY,,3B,GRANTS PASS,OR,97527,2025-11-10 11:43:25.000,BTAX-042261-11-2025,2026-10-31 11:43:25.000
TAILS AND TRAILS PACK WALKING LLC,Carlie Graessle,Outside City Limits,812910,Pet Care Services,,2023-11-13 00:00:00.000,8627bc73-6f2a-4051-8700-d9751394da50,7074953763,1457,GRANITE HILL,,,RD,,,GRANTS PASS,OR,97526,2025-11-24 08:46:00.000,BTAX-042336-11-2025,2026-11-30 08:46:00.000
TAILS AND TRAILS PACK WALKING LLC,CARLIE GRAESSLE,Outside City Limits,812910,Pet Care Services,,2023-11-13 00:00:00.000,8627bc73-6f2a-4051-8700-d9751394da50,7074953763,1457,GRANITE HILL,,,RD,,,GRANTS PASS,OR,97526,2025-11-24 08:46:00.000,BTAX-042336-11-2025,2026-11-30 08:46:00.000
TALK4LESS WIRELESS COMMUNICATION LLC,SERGIO FLORES,Inside City Limits,517110,Telecommunication-Wireless Carrier,,2019-11-27 00:00:00.000,85c207c7-cb15-4d5c-87b2-458358d0f1a2,5419158147,11380,MONTWOOD,,,DR,,A10,EL PASO,TX,79936,2025-07-11 09:06:28.000,BTAX-040638-07-2025,2026-07-31 09:06:28.000
TALK4LESS WIRELESS COMMUNICATION LLC," ",Inside City Limits,517110,Telecommunication-Wireless Carrier,,2019-11-27 00:00:00.000,85c207c7-cb15-4d5c-87b2-458358d0f1a2,5419158147,11380,MONTWOOD,,,DR,,A10,EL PASO,TX,79936,2025-07-11 09:06:28.000,BTAX-040638-07-2025,2026-07-31 09:06:28.000
TAMBRY VENTURES SOUTH OREGON LLC," ",Inside City Limits,812112,Beauty Salon,GREAT CLIPS,2004-07-19 00:00:00.000,FCFE590E-15AB-4B8D-BE8B-355E04A7B099,5419569200,12042,SUNNYSIDE,,SE,RD,,2112,CLACKAMAS,OR,97015,2025-08-14 09:30:09.000,BTAX-041228-08-2025,2026-08-31 09:30:09.000
TAMBRY VENTURES SOUTH OREGON LLC,TAMARA BITTICKS,Inside City Limits,812112,Beauty Salon,GREAT CLIPS,2004-07-19 00:00:00.000,FCFE590E-15AB-4B8D-BE8B-355E04A7B099,5419569200,12042,SUNNYSIDE,,SE,RD,,2112,CLACKAMAS,OR,97015,2025-08-14 09:30:09.000,BTAX-041228-08-2025,2026-08-31 09:30:09.000
TAMBRY VENTURES SOUTH OREGON LLC,BRYAN BITTICKS,Inside City Limits,812112,Beauty Salon,GREAT CLIPS,2004-07-19 00:00:00.000,FCFE590E-15AB-4B8D-BE8B-355E04A7B099,5419569200,12042,SUNNYSIDE,,SE,RD,,2112,CLACKAMAS,OR,97015,2025-08-14 09:30:09.000,BTAX-041228-08-2025,2026-08-31 09:30:09.000
TAMBRY VENTURES SOUTH OREGON LLC,BRYAN BITTICKS,Inside City Limits,812112,Beauty Salon,GREAT CLIPS,2019-07-01 00:00:00.000,0c145a54-087c-460b-9ea0-b8550af435e3,5419569200,12042,SUNNYSIDE,,SE,RD,,2112,CLACKAMAS,OR,97015,2025-08-14 10:43:35.000,BTAX-041236-08-2025,2026-08-31 10:43:35.000
TAMBRY VENTURES SOUTH OREGON LLC," ",Inside City Limits,812112,Beauty Salon,GREAT CLIPS,2019-07-01 00:00:00.000,0c145a54-087c-460b-9ea0-b8550af435e3,5419569200,12042,SUNNYSIDE,,SE,RD,,2112,CLACKAMAS,OR,97015,2025-08-14 10:43:35.000,BTAX-041236-08-2025,2026-08-31 10:43:35.000
TAMBRY VENTURES SOUTH OREGON LLC,TAMARA BITTICKS,Inside City Limits,812112,Beauty Salon,GREAT CLIPS,2019-07-01 00:00:00.000,0c145a54-087c-460b-9ea0-b8550af435e3,5419569200,12042,SUNNYSIDE,,SE,RD,,2112,CLACKAMAS,OR,97015,2025-08-14 10:43:35.000,BTAX-041236-08-2025,2026-08-31 10:43:35.000
"TAMLES ROSA MARIA            ",MARIA ROSA  LOPEZ,Inside City Limits,722320,Caterer,,2008-08-18 00:00:00.000,6B056F8C-8E4E-4CC6-8921-7ADA6E6CE66B,5414762515,2395,REDWOOD,,,AVE,,SPC 84,GRANTS PASS,OR,97527,2025-08-25 10:57:06.000,BTAX-041526-08-2025,2026-08-31 10:57:06.000
TANKS PLUMBING," ",Outside City Limits,238220,Plumber,,2021-12-16 00:00:00.000,f3a84c5e-4125-4662-939e-1b5e9dd1bec2,5418793777,PO BOX 2434,,,,,,,WHITE CITY,OR,97503,2025-12-23 16:42:13.000,BTAX-042478-12-2025,2026-12-31 16:42:13.000
TANKS PLUMBING,CLAYTON TANKERSLEY,Outside City Limits,238220,Plumber,,2021-12-16 00:00:00.000,f3a84c5e-4125-4662-939e-1b5e9dd1bec2,5418793777,PO BOX 2434,,,,,,,WHITE CITY,OR,97503,2025-12-23 16:42:13.000,BTAX-042478-12-2025,2026-12-31 16:42:13.000
TAPERZ HAIR CO.,SHERMAN S ENGLISH,Inside City Limits,812111,Barber Shop,,2019-08-19 00:00:00.000,3ecf1141-8963-4f0b-9426-cfa19f0df3c0,5412954252,1500,ROGUE RIVER,,,HWY,,A,GRANTS PASS,OR,97527,2026-02-10 08:40:59.000,BTAX-042771-02-2026,2027-02-28 08:40:59.000
TAPERZ HAIR CO.," ",Inside City Limits,812111,Barber Shop,,2019-08-19 00:00:00.000,3ecf1141-8963-4f0b-9426-cfa19f0df3c0,5412954252,1500,ROGUE RIVER,,,HWY,,A,GRANTS PASS,OR,97527,2026-02-10 08:40:59.000,BTAX-042771-02-2026,2027-02-28 08:40:59.000
"TAQUERIA MEXICO               ",JOSE  FLORES,Inside City Limits,722511,Restaurant,,1995-06-13 00:00:00.000,7BBB431C-6423-4C48-9696-23D4E27012A9,5419569254,137,H,,SE,ST,,,GRANTS PASS,OR,97526,2025-10-31 10:40:06.000,BTAX-042173-10-2025,2026-10-31 10:40:06.000
TAROKO LLC,CHRISTIE CHIANG,Inside City Limits,722511,Restaurant,TAROKO,2016-04-27 00:00:00.000,17fe5eb5-b5bb-4488-bb42-325332caa7e2,5414747108,1381,FOSS,,,RD,,,TALENT,OR,97540,2026-02-27 09:08:04.000,BTAX-042856-02-2026,2027-02-28 09:08:04.000
TAROKO LLC," ",Inside City Limits,722511,Restaurant,TAROKO,2016-04-27 00:00:00.000,17fe5eb5-b5bb-4488-bb42-325332caa7e2,5414747108,1381,FOSS,,,RD,,,TALENT,OR,97540,2026-02-27 09:08:04.000,BTAX-042856-02-2026,2027-02-28 09:08:04.000
"TC'S AUTO & TRANSMISSION      ",THEODORE  CONWAY,Inside City Limits,811113,Auto-Transmission Repair,,2008-10-02 00:00:00.000,FB0EF898-5DBF-4F49-9DCC-B8AF5219EA47,5414414132,1718,DOWELL,,,RD,,,GRANTS PASS,OR,97527,2025-08-28 15:09:13.000,BTAX-041580-08-2025,2026-08-31 15:09:13.000
TCS- TRAFFIC CONTROL SERVICES,WENDY REHWALD,Outside City Limits,238990,Contractor-Trade/Specialty,,2016-08-04 00:00:00.000,69e90b01-782b-4eed-ae58-4f077bd4823b,5416603967,6643,DONALDSON,,,RD,,,GRANTS PASS,OR,97526,2025-10-20 15:10:03.000,BTAX-042071-10-2025,2026-10-31 15:10:03.000
TCS- TRAFFIC CONTROL SERVICES," ",Outside City Limits,238990,Contractor-Trade/Specialty,,2016-08-04 00:00:00.000,69e90b01-782b-4eed-ae58-4f077bd4823b,5416603967,6643,DONALDSON,,,RD,,,GRANTS PASS,OR,97526,2025-10-20 15:10:03.000,BTAX-042071-10-2025,2026-10-31 15:10:03.000
TEAM CHERRY INC,NOEL & CHERILYN SHECKELLS,Inside City Limits,721110,Hotel/Motel,,2019-04-23 00:00:00.000,da83df8a-dc7c-47a8-a2df-edde629d6dd5,5417785400,915,ROSE,,SE,PL,," ",GRANTS PASS,OR,97526,2025-10-02 10:23:08.000,BTAX-041918-10-2025,2026-10-31 10:23:08.000
TEAM CHERRY INC," ",Inside City Limits,721110,Hotel/Motel,,2019-04-23 00:00:00.000,da83df8a-dc7c-47a8-a2df-edde629d6dd5,5417785400,915,ROSE,,SE,PL,," ",GRANTS PASS,OR,97526,2025-10-02 10:23:08.000,BTAX-041918-10-2025,2026-10-31 10:23:08.000
TEAM CONSTRUCTION LLC,DAVID GUNSUL,Outside City Limits,238190,Contractor-General/Building Exterior,,2021-01-04 00:00:00.000,0dacc6df-8088-486a-b16a-6e6869900edd,3608232418,6701,42ND,,NE,ST,,,VANCOUVER,WA,98661,2026-01-09 11:19:53.000,BTAX-042588-01-2026,2027-01-31 11:19:53.000
TEAM CONSTRUCTION LLC," ",Outside City Limits,238190,Contractor-General/Building Exterior,,2021-01-04 00:00:00.000,0dacc6df-8088-486a-b16a-6e6869900edd,3608232418,6701,42ND,,NE,ST,,,VANCOUVER,WA,98661,2026-01-09 11:19:53.000,BTAX-042588-01-2026,2027-01-31 11:19:53.000
TEAM CONSTRUCTION LLC,PAUL HODGE,Outside City Limits,238190,Contractor-General/Building Exterior,,2021-01-04 00:00:00.000,0dacc6df-8088-486a-b16a-6e6869900edd,3608232418,6701,42ND,,NE,ST,,,VANCOUVER,WA,98661,2026-01-09 11:19:53.000,BTAX-042588-01-2026,2027-01-31 11:19:53.000
TED EELLS TRUCKING & EXCAVATING,TED  EELLS,Outside City Limits,238990,Contractor-Trade/Specialty,,1996-01-01 00:00:00.000,3D3D9F4F-07F1-4766-8024-A99000714E43,5416606859,228,EMILY,,,WAY,,,GRANTS PASS,OR,97527,2025-07-15 12:14:39.000,BTAX-040756-07-2025,2026-07-31 12:14:39.000
TEHAMA TIRE SERVICE INC OREGON,NANCY  ZIRKLE,Inside City Limits,441320,Retail-Tire Dealer,,1987-04-01 00:00:00.000,7EBFCE73-D9F2-4349-B563-5520A7B99F3D,5035275272,525,ANTELOPE,,,BLVD,,,RED BLUFF,CA,96080,2025-08-18 14:19:19.000,BTAX-041323-08-2025,2026-08-31 14:19:19.000
"TERRAFIRMA FOUNDATION REPAIR  ",Ryan Beckley,Outside City Limits,238190,Contractor-General/Building Exterior,,2006-01-01 00:00:00.000,A2256674-0D7E-427E-8DF8-111365E4424C,8669737277,7700,OLD HIGHWAY 99,,,,N,,ROSEBURG,OR,974709875,2026-01-20 14:16:55.000,BTAX-042648-01-2026,2026-12-31 14:16:55.000
TFORCE FREIGHT INC," ",Inside City Limits,492110,Delivery Service-Courier & Express,,2009-07-01 00:00:00.000,8B65F96E-C81D-40C7-969D-6F3CDCF006D2,4072869704,C/O EY LCS,,PO BOX 25210,,,,,NASHVILLE,TN,37202,2025-09-05 10:29:22.000,BTAX-041646-09-2025,2026-09-30 10:29:22.000
"THAI BBQ OF GRANTS PASS, LLC"," ",Inside City Limits,722511,Restaurant,,2021-12-29 00:00:00.000,84f2bb50-be92-47ff-b77f-4739ffdeadfc,5414764304,428,6TH,,SW,ST,,,GRANTS PASS,OR,97526,2025-12-17 15:00:34.000,BTAX-042482-12-2025,2026-12-31 15:00:34.000
"THAI BBQ OF GRANTS PASS, LLC",RONALD  ELDRIDGE,Inside City Limits,722511,Restaurant,,2021-12-29 00:00:00.000,84f2bb50-be92-47ff-b77f-4739ffdeadfc,5414764304,428,6TH,,SW,ST,,,GRANTS PASS,OR,97526,2025-12-17 15:00:34.000,BTAX-042482-12-2025,2026-12-31 15:00:34.000
"THAI BBQ OF GRANTS PASS, LLC",KANAKPHON TAWEEPORNKUL,Inside City Limits,722511,Restaurant,,2021-12-29 00:00:00.000,84f2bb50-be92-47ff-b77f-4739ffdeadfc,5414764304,428,6TH,,SW,ST,,,GRANTS PASS,OR,97526,2025-12-17 15:00:34.000,BTAX-042482-12-2025,2026-12-31 15:00:34.000
THE 238 BAR,MICHAEL DALTON,Inside City Limits,722410,Bar/Tavern,,2019-10-01 00:00:00.000,73138ff2-e997-4707-9b89-a064701c8b2c,5415071447,1620,WILLIAMS,,,HWY,,,GRANTS PASS,OR,97527,2026-03-10 10:58:12.000,BTAX-042933-03-2026,2027-01-31 10:58:12.000
THE 238 BAR," ",Inside City Limits,722410,Bar/Tavern,,2019-10-01 00:00:00.000,73138ff2-e997-4707-9b89-a064701c8b2c,5415071447,1620,WILLIAMS,,,HWY,,,GRANTS PASS,OR,97527,2026-03-10 10:58:12.000,BTAX-042933-03-2026,2027-01-31 10:58:12.000
THE 238 BAR,TAYLOR BUCHANAN,Inside City Limits,722410,Bar/Tavern,,2019-10-01 00:00:00.000,73138ff2-e997-4707-9b89-a064701c8b2c,5415071447,1620,WILLIAMS,,,HWY,,,GRANTS PASS,OR,97527,2026-03-10 10:58:12.000,BTAX-042933-03-2026,2027-01-31 10:58:12.000
"THE ACCOUNTING OFFICE         ",EDWARD GOFFREDA,Inside City Limits,541211,Accountant-CPA,,1995-01-01 00:00:00.000,62C02B43-9F56-48DC-AA8D-AFEF1E9DB710,5412182776,1478,"ANDY GRIFFITH ",,SW,DR,,,GRANTS PASS,OR,97527,2025-07-22 08:33:15.000,BTAX-040844-07-2025,2026-07-31 08:33:15.000
"THE ART OF PLUMBING LLC       ",RORY  WHITE,Outside City Limits,238220,Plumber,,2008-08-01 00:00:00.000,5049C25C-72BF-4923-A9AD-9B00B8A14C76,5419519405,3521,TABLE ROCK,,,RD,,,MEDFORD,OR,97504,2025-07-28 08:46:49.000,BTAX-041007-07-2025,2026-07-31 08:46:49.000
"THE BOOKIE'S                  ",DAWN  MORTON,Inside City Limits,541211,Accountant-CPA,,2009-05-08 00:00:00.000,DEE78E8A-4FAD-43F3-96EA-14B3EFDCDF38,5414792987,PO BOX 1026,,,,,,,GRANTS PASS,OR,97528,2025-05-02 14:45:42.000,BTAX-040303-05-2025,2026-05-31 14:45:42.000
"THE BRIDGE                    "," GENERATIONS LLC",Inside City Limits,623312,Medical-Assisted Living Facility/Elderly,,2001-09-06 00:00:00.000,6DEC3722-00E5-4A7F-B126-E275532E4C0E,5419562110,201,BRIDGE,,SW,ST,,,GRANTS PASS,OR,97526,2025-12-26 11:06:15.000,BTAX-042506-12-2025,2026-11-30 11:06:15.000
THE CELLULAR CONNECTION LLC,SCOTT  MOOREHEAD,Inside City Limits,517110,Telecommunication-Wireless Carrier,,2015-05-01 00:00:00.000,7350286D-43BA-4688-81BF-A1B7A99643DC,3178197034,10300,"KINCAID ",,,DR,,100,FISHERS,IN,46037,2025-05-27 13:05:19.000,BTAX-040423-05-2025,2026-05-31 13:05:19.000
"THE CELLULAR CONNECTION LLC  "," ROUND ROOM HOLDINGS INC",Inside City Limits,517110,Telecommunication-Wireless Carrier,,2012-03-31 00:00:00.000,C2FE0C08-29D4-4740-BAA8-E5227B960E30,3178199088,10300,KINCAID,,,DR,,100,FISHERS,IN,46037,2025-05-27 13:00:08.000,BTAX-040421-05-2025,2026-05-31 13:00:08.000
"THE CLEANING CREW LLC        ",KAREN MORRIS,Outside City Limits,561720,Cleaning Service,,2005-01-01 00:00:00.000,49DDDB4E-AA38-4CCE-9819-CBE0CD63D5CC,5416016236,1467,"SISKIYOU ",,,BLVD,,#213,ASHLAND,OR,97520,2025-08-20 14:47:37.000,BTAX-041471-08-2025,2026-08-31 14:47:37.000
"THE CLEANING CREW LLC        "," ",Outside City Limits,561720,Cleaning Service,,2005-01-01 00:00:00.000,49DDDB4E-AA38-4CCE-9819-CBE0CD63D5CC,5416016236,1467,"SISKIYOU ",,,BLVD,,#213,ASHLAND,OR,97520,2025-08-20 14:47:37.000,BTAX-041471-08-2025,2026-08-31 14:47:37.000
"THE CLUTTER BEE, LLC",MARGARET SUNDIN-MCCANN,Inside City Limits,541990,Professional-Misc,EVERYTHING ENVY,2016-07-05 00:00:00.000,83f343dc-5d35-46ed-9333-f5707b0144be,5416600742,327,WAGNER MEADOWS,,SW,DR,,,GRANTS PASS,OR,97526,2025-08-18 14:15:43.000,BTAX-041322-08-2025,2026-08-31 14:15:43.000
"THE CLUTTER BEE, LLC"," ",Inside City Limits,541990,Professional-Misc,EVERYTHING ENVY,2016-07-05 00:00:00.000,83f343dc-5d35-46ed-9333-f5707b0144be,5416600742,327,WAGNER MEADOWS,,SW,DR,,,GRANTS PASS,OR,97526,2025-08-18 14:15:43.000,BTAX-041322-08-2025,2026-08-31 14:15:43.000
"THE CLUTTER BEE, LLC",STETSON H. WEICHERS,Inside City Limits,541990,Professional-Misc,EVERYTHING ENVY,2016-07-05 00:00:00.000,83f343dc-5d35-46ed-9333-f5707b0144be,5416600742,327,WAGNER MEADOWS,,SW,DR,,,GRANTS PASS,OR,97526,2025-08-18 14:15:43.000,BTAX-041322-08-2025,2026-08-31 14:15:43.000
THE COFFEE REPAIR COMPANY LLC," ",Outside City Limits,811310,Machinery/Equipment Maint,,2019-12-01 00:00:00.000,641948e6-5962-41c4-9104-453ab8edf153,5412261504,PO BOX 385,,,,,,,GRANTS PASS,OR,97528,2025-12-26 12:42:07.000,BTAX-042519-12-2025,2026-12-31 12:42:07.000
THE COFFEE REPAIR COMPANY LLC,KENNETH COOPER,Outside City Limits,811310,Machinery/Equipment Maint,,2019-12-01 00:00:00.000,641948e6-5962-41c4-9104-453ab8edf153,5412261504,PO BOX 385,,,,,,,GRANTS PASS,OR,97528,2025-12-26 12:42:07.000,BTAX-042519-12-2025,2026-12-31 12:42:07.000
THE CREATOR'S GALLERY & BOUTIQUE," ",Inside City Limits,452990,"Retail-General Merchandise ",,2022-12-27 00:00:00.000,02607041-c95e-4d6d-93f8-cf9225e7e981,5419449787,PO BOX 115,,,,,,,MERLIN,OR,97532,2026-02-04 14:38:20.000,BTAX-042733-02-2026,2027-02-28 14:38:20.000
THE CREATOR'S GALLERY & BOUTIQUE,ANNA CHAUFFE FAITH CHAUFFE,Inside City Limits,452990,"Retail-General Merchandise ",,2022-12-27 00:00:00.000,02607041-c95e-4d6d-93f8-cf9225e7e981,5419449787,PO BOX 115,,,,,,,MERLIN,OR,97532,2026-02-04 14:38:20.000,BTAX-042733-02-2026,2027-02-28 14:38:20.000
THE FIREARMS PRACTITIONER," ",Inside City Limits,811490,GUNSMITHING,,2022-02-02 00:00:00.000,1123c0e9-902c-4a95-a14d-2c1c567ef4ee,5416594567,143,BELINDY,,,CIR,,,GRANTS PASS,OR,97527,2026-02-12 16:15:26.000,BTAX-042806-02-2026,2027-02-28 16:15:26.000
THE FIREARMS PRACTITIONER,DONNIE BOYUM,Inside City Limits,811490,GUNSMITHING,,2022-02-02 00:00:00.000,1123c0e9-902c-4a95-a14d-2c1c567ef4ee,5416594567,143,BELINDY,,,CIR,,,GRANTS PASS,OR,97527,2026-02-12 16:15:26.000,BTAX-042806-02-2026,2027-02-28 16:15:26.000
THE GAS MAN LLC," ",Outside City Limits,238190,Contractor-General/Building Exterior,,2018-03-26 00:00:00.000,079c052e-c039-4922-b226-4a5b2ea61e96,5306400730,PO BOX 942,,,,,,,GRANTS PASS,OR,97528,2025-10-20 15:18:03.000,BTAX-042072-10-2025,2026-10-31 15:18:03.000
THE GAS MAN LLC,SAMUEL LUTZ,Outside City Limits,238190,Contractor-General/Building Exterior,,2018-03-26 00:00:00.000,079c052e-c039-4922-b226-4a5b2ea61e96,5306400730,PO BOX 942,,,,,,,GRANTS PASS,OR,97528,2025-10-20 15:18:03.000,BTAX-042072-10-2025,2026-10-31 15:18:03.000
THE GLASS FORGE GALLERY & STUDIO LLC,L. WASSINK &  N. SHEAFOR,Inside City Limits,711510,Artist,,1998-04-01 00:00:00.000,E2961612-2C65-4895-8684-612E680411C9,5419550815,501,G,,SW,ST,,,GRANTS PASS,OR,97526,2025-07-23 11:42:25.000,BTAX-040949-07-2025,2026-07-31 11:42:25.000
"THE GOLDEN RULE INCOME TAX AND BOOKKEEPING SERV., LLC"," ",Inside City Limits,541213,Tax Preparation Services,,2018-01-05 00:00:00.000,f68e34d1-654c-4b2d-a113-c7fcd3237338,5414791568,PO BOX,1346,,,,,,MERLIN,OR,97532,2026-02-27 10:10:51.000,BTAX-042862-02-2026,2027-02-28 10:10:51.000
"THE GOLDEN RULE INCOME TAX AND BOOKKEEPING SERV., LLC",MARYBETH CAMIRE,Inside City Limits,541213,Tax Preparation Services,,2018-01-05 00:00:00.000,f68e34d1-654c-4b2d-a113-c7fcd3237338,5414791568,PO BOX,1346,,,,,,MERLIN,OR,97532,2026-02-27 10:10:51.000,BTAX-042862-02-2026,2027-02-28 10:10:51.000
THE GOLDEN THREAD LLC,SALLY COLE,Inside City Limits,811490,Tailor,,2009-08-25 00:00:00.000,5D736959-ACA3-48F1-8DF1-4520955934B5,5416596166,432,6TH,,NW,ST,,SUITE 102,GRANTS PASS,OR,97526,2025-07-01 15:20:02.000,BTAX-040596-07-2025,2026-07-31 15:20:02.000
"THE GROOM SHOP LLC            ",RITA FARRIS,Inside City Limits,812910,Pet Care Services,,2014-09-08 00:00:00.000,476CC67A-8909-4CEE-B6D9-866992567184,5414793622,645,CROW,,,RD,,,MERLIN,OR,97532,2025-08-28 16:24:16.000,BTAX-041588-08-2025,2026-08-31 16:24:16.000
"THE HAIRPORT SALON            ",VIRGINIA  SKUDSTAD,Inside City Limits,812112,Beauty Salon,,1995-03-17 00:00:00.000,0103710E-7877-4C87-B673-F78E7D63ACA2,5416605688,424,6TH,,NW,ST,,SUITE 108,GRANTS PASS,OR,97526,2025-07-15 14:29:00.000,BTAX-040759-07-2025,2026-07-31 14:29:00.000
THE HANGRY HOUSE LLC," ",Inside City Limits,722330,Food-Mobile/Ice Cream Truck,,2022-05-09 00:00:00.000,3466f03d-ff7b-4b5e-8b79-25534401f7c5,,915,SAVAGE,,NE,ST,,,GRANTS PASS,OR,97526,2025-04-14 12:59:36.000,BTAX-040202-04-2025,2026-04-30 12:59:36.000
THE HANGRY HOUSE LLC,DEBORAH FRASZER,Inside City Limits,722330,Food-Mobile/Ice Cream Truck,,2022-05-09 00:00:00.000,3466f03d-ff7b-4b5e-8b79-25534401f7c5,,915,SAVAGE,,NE,ST,,,GRANTS PASS,OR,97526,2025-04-14 12:59:36.000,BTAX-040202-04-2025,2026-04-30 12:59:36.000
"THE HAUL LLC                  ",JON CONNER,Inside City Limits,722511,Restaurant,,2014-07-01 00:00:00.000,1F227CE2-72C2-472C-B3D5-BE948CBB121E,5414744991,121,H,,SW,ST,,,GRANTS PASS,OR,97526,2025-11-06 16:03:20.000,BTAX-042228-11-2025,2026-11-30 16:03:20.000
"THE HAUL LLC                  "," ",Inside City Limits,722511,Restaurant,,2014-07-01 00:00:00.000,1F227CE2-72C2-472C-B3D5-BE948CBB121E,5414744991,121,H,,SW,ST,,,GRANTS PASS,OR,97526,2025-11-06 16:03:20.000,BTAX-042228-11-2025,2026-11-30 16:03:20.000
THE HILLMAN GROUP INC," ",Inside City Limits,424210,Vending Machine Operator,(INSIDE WALMART),2010-06-08 00:00:00.000,faee47ea-8bbf-4fd8-8245-8ff53c406666,5138514900,1280,KEMPER MEADOW,,,RD,,ATTN: JOE VOGEL,CINCINNATI,OH,45240,2026-01-05 14:22:00.000,BTAX-042561-01-2026,2026-12-31 14:22:00.000
"THE HOME DEPOT #4034          "," HOME DEPOT USA INC            ",Inside City Limits,444130,Retail-Hardware,,2012-02-23 00:00:00.000,1D09E016-C35E-4FCD-AB18-600B311FC7D7,7704338211,ATTN: BUSINESS LICENSING,,251 LITTLE FALLS DR,,,,,WILMINGTON,DE,19808,2025-08-11 14:47:59.000,BTAX-041151-08-2025,2026-08-31 14:47:59.000
"THE JAY CHRISTIAN COMPANY INC ",MYLES KENNEDY,Outside City Limits,541320,Landscaping Services,SUPERIOR LANDSCAPE MAINT,1995-02-03 00:00:00.000,241F455C-29EA-44AA-B11B-79308A247EAE,5414418507,233,ROGUE RIVER,," ",HWY,," 1137",GRANTS PASS,OR,97527,2026-01-07 12:21:16.000,BTAX-042573-01-2026,2027-01-31 12:21:16.000
"THE JELLY DONUT               ",PATTI  VIGUS,Inside City Limits,722511,Restaurant,,1988-02-19 00:00:00.000,7E9D6A0F-CE20-4027-A1B9-6953F8160687,5416596246,775,TROLLVIEW,,,RD,,,GRANTS PASS,OR,97527,2025-08-14 10:29:05.000,BTAX-041232-08-2025,2026-08-31 10:29:05.000
"THE KEY MAN                   ",CHARLES  TATOM,Inside City Limits,561622,Locksmith,,1988-09-01 00:00:00.000,E8E0D79E-31DA-4206-B5B2-DEF48C787E7E,5414745397,333,8TH,,SE,ST,,,GRANTS PASS,OR,97526,2026-03-13 14:42:04.000,BTAX-042964-03-2026,2027-02-28 14:42:04.000
"THE KEY MAN II                ",CHARLES TATOM,Inside City Limits,561622,Locksmith,,1988-09-01 00:00:00.000,822C30D4-C530-4ECD-9E92-00E0C7B388BC,5414745397,333,8TH,,SE,ST,,,GRANTS PASS,OR,97526,2026-03-13 14:49:59.000,BTAX-042965-03-2026,2027-02-28 14:49:59.000
"THE KITCHEN COMPANY LLC       ",ROY HEINZLE FRANK WRIGHT,Inside City Limits,454390,Retail-Misc Direct Selling Establishment,,2003-03-01 00:00:00.000,DC70530C-2002-4EE5-A6EB-78DF5BDC1771,5419555311,301,6TH,,SE,ST,,,GRANTS PASS,OR,97526,2025-08-19 14:56:07.000,BTAX-041415-08-2025,2026-07-31 14:56:07.000
THE LANDSCAPE AUTHORITY,DONNIE  BOYUM,Inside City Limits,541320,Landscaping Services,,2008-09-05 00:00:00.000,B2A9DBE9-EDFE-48D7-B7C5-6C5F8A987203,5416594567,143,BELINDY,,,CIR,,,GRANTS PASS,OR,97527,2026-02-12 15:39:45.000,BTAX-042804-02-2026,2027-02-28 15:39:45.000
"THE LAUGHING CLAM LLC        ",KETURAH M & MICHAEL J  ALGER,Inside City Limits,722511,Restaurant,,1996-05-01 00:00:00.000,AEFB03F4-E59C-4437-8A0C-D2623D106823,5414791110,121,G,,SW,ST,,,GRANTS PASS,OR,97526,2025-09-05 15:25:50.000,BTAX-041662-09-2025,2026-09-30 15:25:50.000
THE LOFTS AT 6TH & G,CARL JOHNSON,Inside City Limits,531110,Rental Units/Landlord,,2019-05-24 00:00:00.000,24149d36-0589-4620-93d3-57d90b42a7de,5419560231,PO BOX 910,,,,,,,GRANTS PASS,OR,97528,2025-06-13 14:54:42.000,BTAX-040508-06-2025,2026-06-30 14:54:42.000
THE LOFTS AT 6TH & G," ",Inside City Limits,531110,Rental Units/Landlord,,2019-05-24 00:00:00.000,24149d36-0589-4620-93d3-57d90b42a7de,5419560231,PO BOX 910,,,,,,,GRANTS PASS,OR,97528,2025-06-13 14:54:42.000,BTAX-040508-06-2025,2026-06-30 14:54:42.000
"THE MARKET                    ",DAVID WILLIAMS,Inside City Limits,452990,"Retail-General Merchandise ",,2005-04-15 00:00:00.000,D37C3D8F-B398-4A7A-AEF1-109CDB6316E2,5414797506,1060,M,,SE,ST,,,GRANTS PASS,OR,97526,2025-07-15 10:13:59.000,BTAX-040738-07-2025,2026-07-31 10:13:59.000
"THE MUFF SHOP                 ",RUDY CAMPOS,Inside City Limits,441310,Retail-Automotive Parts & Accessories,,1999-03-01 00:00:00.000,A37D52ED-A247-4440-94DB-EEDB6BD06FC2,5414795333,321,H,,SE,ST,,,GRANTS PASS,OR,97526,2025-07-28 10:35:23.000,BTAX-041022-07-2025,2026-07-31 10:35:23.000
THE OPAL HOUSE LLC," ",Inside City Limits,812112,Beauty Salon,THE OPAL HOUSE,2023-05-05 00:00:00.000,3f9d2210-98b8-4207-b48c-55e51eb5f10b,5416604779,751,11TH,,NE,ST,,,GRANTS PASS,OR,97526,2025-04-23 12:55:48.000,BTAX-040256-04-2025,2026-04-30 12:55:48.000
THE OPAL HOUSE LLC,JAMIE HERKLOTZ,Inside City Limits,812112,Beauty Salon,THE OPAL HOUSE,2023-05-05 00:00:00.000,3f9d2210-98b8-4207-b48c-55e51eb5f10b,5416604779,751,11TH,,NE,ST,,,GRANTS PASS,OR,97526,2025-04-23 12:55:48.000,BTAX-040256-04-2025,2026-04-30 12:55:48.000
"THE ORCHID GRILL              ",EDUARDO  LEDESMA,Inside City Limits,722511,Restaurant,,2006-08-15 00:00:00.000,41BDD8E4-0C93-4D88-89AA-74943B569A87,5418409917,1330,"6TH ",,NW,ST,,,GRANTS PASS,OR,97526,2025-09-23 10:45:55.000,BTAX-041855-09-2025,2026-09-30 10:45:55.000
THE PERFECT LOCATION,REBECCA ANDERSON,Inside City Limits,531110,Rental Units/Landlord,,2019-08-12 00:00:00.000,e6492e41-3257-4030-ae61-7dab5cf12157,5415071669,4129,HIGHLAND,,,AVE,,,GRANTS PASS,OR,97526,2025-08-12 14:45:48.000,BTAX-041189-08-2025,2026-08-31 14:45:48.000
THE PERFECT LOCATION,ROBERT ANDERSON,Inside City Limits,531110,Rental Units/Landlord,,2019-08-12 00:00:00.000,e6492e41-3257-4030-ae61-7dab5cf12157,5415071669,4129,HIGHLAND,,,AVE,,,GRANTS PASS,OR,97526,2025-08-12 14:45:48.000,BTAX-041189-08-2025,2026-08-31 14:45:48.000
THE PERFECT LOCATION," ",Inside City Limits,531110,Rental Units/Landlord,,2019-08-12 00:00:00.000,e6492e41-3257-4030-ae61-7dab5cf12157,5415071669,4129,HIGHLAND,,,AVE,,,GRANTS PASS,OR,97526,2025-08-12 14:45:48.000,BTAX-041189-08-2025,2026-08-31 14:45:48.000
THE PETERSON TRUST RENTALS,GARY L & MARIANNE  PETERSON,Inside City Limits,531110,Rental Units/Landlord,,1986-04-15 00:00:00.000,08AAE4B3-2895-47B3-BC94-6FA40305AE7A,5414792981,505,11TH,,NW,ST,,,BATTLE GROUND,WA,98604,2025-10-20 14:43:33.000,BTAX-042067-10-2025,2026-10-31 14:43:33.000
THE PITTSBURGH PAINTS CO.," ",Inside City Limits,444120,Retail-Paint & Wallpaper,,2013-06-01 00:00:00.000,A5BE4126-5990-4BC3-9CFC-97436D63DF29,7247425507,ATTN: PERMIT DEPT,,400 BERTHA LAMME DR,,,,,CRANBERRY TWP,PA,16066,2026-02-10 11:02:32.000,BTAX-042778-02-2026,2026-12-31 11:02:32.000
THE PLAYGROUND EARLY LEARNING CENTER,MISTY  BRADBEER,Inside City Limits,624410,Child Day Care,,2016-04-01 00:00:00.000,901CE3DA-72D6-48D1-976B-F855D5A625D6,5414790019,1351,M,,SE,ST,,,GRANTS PASS,OR,97527,2025-07-15 12:22:35.000,BTAX-040758-07-2025,2026-07-31 12:22:35.000
"THE POKEMON COMPANY INTERNATIONAL, INC."," ",Inside City Limits,451120,"Retail-Hobbies, Toys & Games ",,2021-03-23 00:00:00.000,8b1c18ee-76d6-468e-829a-a2f5ea0faf7b,2066412623,PO BOX 8000,,,,,,,MONSEY,NY,10952,2025-06-20 14:23:51.000,BTAX-040539-06-2025,2026-06-30 14:23:51.000
"THE POWER COMPANY             ",DARIN  FOWLER,Inside City Limits,811490,Personal & Household Goods Repair/Maint,,1999-05-01 00:00:00.000,63F555A0-0596-44C7-AC75-1EE845425397,5416591878,4315,LOWER RIVER,,,RD,,,GRANTS PASS,OR,97526,2025-09-29 12:14:49.000,BTAX-041896-09-2025,2026-09-30 12:14:49.000
THE RED CANARY GIFT SHOP & CRAFTERS OUTLET,WENDY WONNELL,Inside City Limits,453220,Retail-Gift & Novelty Store,,2015-11-09 00:00:00.000,A0A66DEB-FD5B-4387-9D1E-3C5CCBA3026A,5412180154,1580,WILLOW,,,LN,,,GRANTS PASS,OR,97527,2025-08-21 16:05:30.000,BTAX-041490-08-2025,2026-08-31 16:05:30.000
THE RETROFIT PROFESSIONALS," ",Inside City Limits,238190,Contractor-General/Building Exterior,,2023-05-15 00:00:00.000,767a95b5-7605-458f-8b31-66d6a1370de5,5416607980,500,F,,NW,ST,,,GRANTS PASS,OR,97526,2025-06-03 11:28:14.000,BTAX-040456-06-2025,2026-06-30 11:28:14.000
THE RETROFIT PROFESSIONALS,EDWARD DEEMER CASEY LOFTUS,Inside City Limits,238190,Contractor-General/Building Exterior,,2023-05-15 00:00:00.000,767a95b5-7605-458f-8b31-66d6a1370de5,5416607980,500,F,,NW,ST,,,GRANTS PASS,OR,97526,2025-06-03 11:28:14.000,BTAX-040456-06-2025,2026-06-30 11:28:14.000
THE SHERWIN-WILLIAMS COMPANY #8192," THE SHERWIN-WILLIAMS COMPANY  ",Inside City Limits,444120,Retail-Paint & Wallpaper,,2006-11-27 00:00:00.000,419F2636-5CF7-4100-8770-2F4EB33193CC,5414745985,PO BOX 6027,TAX DEPT #8192,,,,,,CLEVELAND,OH,44101,2025-08-05 15:06:31.000,BTAX-041104-08-2025,2026-08-31 15:06:31.000
THE SOUND LOUNGE LLC,DANA TOBLER,Inside City Limits,722410,Bar/Tavern,,2016-08-29 00:00:00.000,d6a7da0f-34c5-45a3-9c16-641608973886,5414790712,225,H,,SE,ST,,,GRANTS PASS,OR,97526,2026-02-03 11:55:13.000,BTAX-042719-02-2026,2027-01-31 11:55:13.000
THE SOUND LOUNGE LLC," ",Inside City Limits,722410,Bar/Tavern,,2016-08-29 00:00:00.000,d6a7da0f-34c5-45a3-9c16-641608973886,5414790712,225,H,,SE,ST,,,GRANTS PASS,OR,97526,2026-02-03 11:55:13.000,BTAX-042719-02-2026,2027-01-31 11:55:13.000
THE STICKER DUDE INC DBA THE SIGN DUDE," ",Outside City Limits,238990,Sign Installation/Painting,THE SIGN DUDE,2019-05-14 00:00:00.000,7ba2dae6-5370-4c02-97e6-96e51fbc5333,5418582701,PO BOX 3272,,,,,,,CENTRAL POINT,OR,97502,2025-06-04 12:37:36.000,BTAX-040463-06-2025,2026-06-30 12:37:36.000
THE STICKER DUDE INC DBA THE SIGN DUDE,BRIAN MORSE,Outside City Limits,238990,Sign Installation/Painting,THE SIGN DUDE,2019-05-14 00:00:00.000,7ba2dae6-5370-4c02-97e6-96e51fbc5333,5418582701,PO BOX 3272,,,,,,,CENTRAL POINT,OR,97502,2025-06-04 12:37:36.000,BTAX-040463-06-2025,2026-06-30 12:37:36.000
THE SUITES ASSISTED LIVING COMMUNITY," THE SUITES ASSISTED LIVING    ",Inside City Limits,623110,Medical-Nursing Care Facility,THE SUITES ASSISTED LIVING COMMUNITY,2007-07-01 00:00:00.000,09C5669E-D20B-46FD-9BAA-17B28AA3D9D5,5033759016,1301,"PARKDALE ",,SE,DR,,,GRANTS PASS,OR,97527,2025-05-13 16:06:41.000,BTAX-040361-05-2025,2026-05-31 16:06:41.000
"THE SWEET LIFE HAIR SALON, LLC"," ",Inside City Limits,812112,Beauty Salon,,2021-06-15 00:00:00.000,18679c53-12c3-422b-83c7-7abfbfc68357,5414761388,1681,7TH,,NE,ST,,,GRANTS PASS,OR,97526,2025-06-13 11:04:17.000,BTAX-040494-06-2025,2026-06-30 11:04:17.000
"THE SWEET LIFE HAIR SALON, LLC",CIARA OWEN,Inside City Limits,812112,Beauty Salon,,2021-06-15 00:00:00.000,18679c53-12c3-422b-83c7-7abfbfc68357,5414761388,1681,7TH,,NE,ST,,,GRANTS PASS,OR,97526,2025-06-13 11:04:17.000,BTAX-040494-06-2025,2026-06-30 11:04:17.000
THE TJX COMPANIES INC," ",Inside City Limits,448150,Retail-Clothing & Accessories,TJ MAXX #1565,2019-08-06 00:00:00.000,93a77602-daf2-4f85-930c-0a462bbcc14f,7743085854,PO BOX 9358,,,,,,,FRAMINGHAM,MA,01701,2026-03-02 12:38:20.000,BTAX-042872-03-2026,2027-03-31 12:38:20.000
"THE TRAIN DEPOT LLC.  ",BOB  FEIL,Inside City Limits,722511,Restaurant,,1995-01-01 00:00:00.000,DEADF483-4703-4944-B25B-C72C5E732ED7,5414714800,577,F,,NE,ST,,,GRANTS PASS,OR,97526,2025-07-15 10:50:06.000,BTAX-040744-07-2025,2026-07-31 10:50:06.000
"THE TWISTED CORK              "," EATON & FORSHAY               ",Inside City Limits,722511,Restaurant,,2011-10-01 00:00:00.000,72CE8D6A-4257-4118-916E-E26D51B0F69B,5417613695,210,6TH,,SW,ST,,,GRANTS PASS,OR,97526,2025-10-29 12:07:14.000,BTAX-042144-10-2025,2026-10-31 12:07:14.000
"THE WATERBOY DELIVERY SERVICE, LLC",JASON MARTINDALE,Inside City Limits,492210,Delivery Service-Local,,2017-05-19 00:00:00.000,fb3b6ef7-fdf5-4a72-b68b-10965cb6007d,5412261389,1011,VISTA,,SE,DR,,,GRANTS PASS,OR,97527,2025-07-22 15:49:25.000,BTAX-040914-07-2025,2026-07-31 15:49:25.000
"THE WATERBOY DELIVERY SERVICE, LLC"," ",Inside City Limits,492210,Delivery Service-Local,,2017-05-19 00:00:00.000,fb3b6ef7-fdf5-4a72-b68b-10965cb6007d,5412261389,1011,VISTA,,SE,DR,,,GRANTS PASS,OR,97527,2025-07-22 15:49:25.000,BTAX-040914-07-2025,2026-07-31 15:49:25.000
"THE WINDOW MAN 1, LLC",JUSTIN  FLICKINGER,Outside City Limits,561720,Cleaning Service,,2007-12-11 00:00:00.000,E0767A05-76C4-4B5C-BE96-D6F725F54108,5414415868,1220,GRANITE HILL,,,RD,,,GRANTS PASS,OR,97526,2025-08-19 10:01:44.000,BTAX-041364-08-2025,2026-08-31 10:01:44.000
"THE WRIGHT WAY                ",PHILLIP  WRIGHT,Outside City Limits,541611,Consulting Service,,2012-02-27 00:00:00.000,750533A7-0D47-4726-BFFE-D6842CECEFB5,3039565891,PO BOX 5242,,,,,,,GRANTS PASS,OR,97527,2025-10-01 08:39:59.000,BTAX-041909-10-2025,2026-10-31 08:39:59.000
THERAPEUTIC INDUSTRIES INC," ",Inside City Limits,621399,Medical-Massage Therapy,,2020-12-15 00:00:00.000,3828dd54-fa53-41e1-8c85-94e9e7870a5c,7602754454,1700,NEBRASKA,,,AVE,,#C,GRANTS PASS,OR,97527,2025-12-18 12:05:28.000,BTAX-042484-12-2025,2026-12-31 12:05:28.000
THERAPEUTIC INDUSTRIES INC,CHRISTIAN  LEHUEDE,Inside City Limits,621399,Medical-Massage Therapy,,2020-12-15 00:00:00.000,3828dd54-fa53-41e1-8c85-94e9e7870a5c,7602754454,1700,NEBRASKA,,,AVE,,#C,GRANTS PASS,OR,97527,2025-12-18 12:05:28.000,BTAX-042484-12-2025,2026-12-31 12:05:28.000
"THOMASON BEAN CO INC         ",DAVID  THOMASON,Inside City Limits,722515,Snack and Nonalcoholic Beverage Shop,"THE HUMAN BEAN ",2003-12-31 00:00:00.000,3AABC166-85C0-4849-966E-0DA2F880EFAD,5419559506,206,7TH,,NE,ST,," ",GRANTS PASS,OR,97526,2025-08-25 15:31:02.000,BTAX-041538-08-2025,2026-08-31 15:31:02.000
"THOMASON BEAN CO INC         ",DAVID  THOMASON,Inside City Limits,722515,Snack and Nonalcoholic Beverage Shop,"THE HUMAN BEAN II ",2004-04-20 00:00:00.000,6D82D1DF-89A7-4BB2-9241-2DADA9977C28,5419559506,206,7TH,,NE,ST,," ",GRANTS PASS,OR,97526,2025-08-25 15:27:09.000,BTAX-041537-08-2025,2026-08-31 15:27:09.000
"THOMASON BEAN CO INC         ",DAVID  THOMASON,Inside City Limits,722515,Snack and Nonalcoholic Beverage Shop,HUMAN BEAN,2022-05-19 00:00:00.000,480fc675-ea5a-492b-a3b0-ca4df3abf3b0,5419559506,206,7TH,,NE,ST,,,GRANTS PASS,OR,97526,2025-05-15 09:13:17.000,BTAX-040369-05-2025,2026-05-31 09:13:17.000
"THOMASON BEAN CO INC         ",DAVID  THOMASON,Inside City Limits,722515,Snack and Nonalcoholic Beverage Shop,"THE HUMAN BEAN III ",2006-12-20 00:00:00.000,6433B935-A1C8-42EA-9A4F-A21442FF193C,5419559506,206,7TH,,NE,ST,," ",GRANTS PASS,OR,97526,2025-08-25 15:34:33.000,BTAX-041539-08-2025,2026-08-31 15:34:33.000
THREE DIMENSIONAL CONTRACTING LLC DBA 3DC,FRANK MCELHERAN,Outside City Limits,238190,Contractor-General/Building Exterior,3DC,2021-01-01 00:00:00.000,fec2ab4c-b7b6-4c43-bf29-a0000e4dad96,5412615491,PO BOX 1278,,,,,,,MERLIN,OR,97532,2026-03-10 11:03:07.000,BTAX-042934-03-2026,2027-03-31 11:03:07.000
THREE DIMENSIONAL CONTRACTING LLC DBA 3DC,FRANK MCELHERAN,Outside City Limits,238190,Contractor-General/Building Exterior,3DC,2021-01-01 00:00:00.000,fec2ab4c-b7b6-4c43-bf29-a0000e4dad96,5412615491,PO BOX 1278,,,,,,,MERLIN,OR,97532,2026-03-10 11:03:07.000,BTAX-042934-03-2026,2027-03-31 11:03:07.000
THREE OAKS LANDSCAPE DESIGN & LAWN CARE,RONALD SCOTT,Outside City Limits,541320,Landscaping Services,,2002-10-11 00:00:00.000,3DB3BD94-9072-4889-A97C-85DE9A5CBA0C,5412181779,3363,HELGESON,,,LN,,,GRANTS PASS,OR,97527,2025-07-15 10:09:25.000,BTAX-040737-07-2025,2026-07-31 10:09:25.000
THREE RIVERS ADULT FOSTER HOME,MICHELLE  ROBERTS,Inside City Limits,623312,Medical-Assisted Living Facility/Elderly,,2011-02-14 00:00:00.000,B6FE7D6D-DAC2-47FB-A412-A5A0F33496C4,5417617093,1422,"G ",,SW,ST,,,GRANTS PASS,OR,97526,2025-11-19 09:00:45.000,BTAX-042315-11-2025,2026-11-30 09:00:45.000
"THREE RIVERS HEATING & AIR INC   ",LARRY  TACHELL,Inside City Limits,238220,Contractor-HVAC Services,,2012-04-10 00:00:00.000,65B09450-E885-4AFB-9972-6BA7C0C83191,5414795181,PO BOX 2696,,,,,,,GRANTS PASS,OR,97527,2026-02-10 12:23:11.000,BTAX-042782-02-2026,2027-02-28 12:23:11.000
THREE RIVERS HOUSING LLC,SHEILA HADDAD B. HAITHAM,Outside City Limits,531110,Rental Units/Landlord,,2002-07-05 00:00:00.000,FC5455A6-118B-486F-B743-11F6305F88EC,5417618238,PO BOX 5744,,,,,,,GRANTS PASS,OR,97527,2025-07-07 15:37:51.000,BTAX-040623-07-2025,2026-07-31 15:37:51.000
THREE RIVERS LANDSCAPE MAINTENANCE,TIFFANY BONNEY,Inside City Limits,541320,Landscaping Services,THREE RIVERS LANDSCAPE MANAGEMENT,2001-04-26 00:00:00.000,DB35D2B4-A24C-4E33-AA24-B0456437813E,5416603046,314,E,,NE,ST,,,GRANTS PASS,OR,97526,2026-02-03 11:45:38.000,BTAX-042718-02-2026,2026-12-31 11:45:38.000
THREE RIVERS LANDSCAPE MAINTENANCE,SCOTT BONNEY,Inside City Limits,541320,Landscaping Services,THREE RIVERS LANDSCAPE MANAGEMENT,2001-04-26 00:00:00.000,DB35D2B4-A24C-4E33-AA24-B0456437813E,5416603046,314,E,,NE,ST,,,GRANTS PASS,OR,97526,2026-02-03 11:45:38.000,BTAX-042718-02-2026,2026-12-31 11:45:38.000
THREE RIVERS LANDSCAPE MAINTENANCE," ",Inside City Limits,541320,Landscaping Services,THREE RIVERS LANDSCAPE MANAGEMENT,2001-04-26 00:00:00.000,DB35D2B4-A24C-4E33-AA24-B0456437813E,5416603046,314,E,,NE,ST,,,GRANTS PASS,OR,97526,2026-02-03 11:45:38.000,BTAX-042718-02-2026,2026-12-31 11:45:38.000
THREE RIVERS RENTALS LLC," ",Inside City Limits,531110,Rental Units/Landlord,,2021-09-01 00:00:00.000,350270b8-1140-450c-8192-b08432aa8a41,5416016522,1108,ROGUE,,SE,DR,,,GRANTS PASS,OR,97526,2025-09-09 16:18:23.000,BTAX-041719-09-2025,2026-09-30 16:18:23.000
THREE RIVERS RENTALS LLC,KARIN WIDMAIER,Inside City Limits,531110,Rental Units/Landlord,,2021-09-01 00:00:00.000,350270b8-1140-450c-8192-b08432aa8a41,5416016522,1108,ROGUE,,SE,DR,,,GRANTS PASS,OR,97526,2025-09-09 16:18:23.000,BTAX-041719-09-2025,2026-09-30 16:18:23.000
THREE TREES INDUSTRIES," ",Inside City Limits,561720,Cleaning Service,,2021-12-16 00:00:00.000,68489c78-ac19-48ad-a976-156462aa178a,,1043,THELMA,,,WAY,,,GRANTS PASS,OR,97527,2026-01-22 14:32:33.000,BTAX-042677-01-2026,2027-01-31 14:32:33.000
THREE TREES INDUSTRIES,CHRIS DE WITT,Inside City Limits,561720,Cleaning Service,,2021-12-16 00:00:00.000,68489c78-ac19-48ad-a976-156462aa178a,,1043,THELMA,,,WAY,,,GRANTS PASS,OR,97527,2026-01-22 14:32:33.000,BTAX-042677-01-2026,2027-01-31 14:32:33.000
THREESONS LLC," ",Inside City Limits,722511,Restaurant,LULU'S FOR THE LOVE OF FOOD,2021-08-24 00:00:00.000,0d06488e-cadf-4c28-b7f0-cd0f323fc913,,"8833 ",APPLEGATE,,N,RD,,,GRANTS PASS,OR,97527,2025-11-13 12:04:16.000,BTAX-042279-11-2025,2026-11-30 12:04:16.000
THREESONS LLC,NATALLE O'DRISCOLL,Inside City Limits,722511,Restaurant,LULU'S FOR THE LOVE OF FOOD,2021-08-24 00:00:00.000,0d06488e-cadf-4c28-b7f0-cd0f323fc913,,"8833 ",APPLEGATE,,N,RD,,,GRANTS PASS,OR,97527,2025-11-13 12:04:16.000,BTAX-042279-11-2025,2026-11-30 12:04:16.000
THREESONS LLC,GABE O'DRISCOLL,Inside City Limits,722511,Restaurant,LULU'S FOR THE LOVE OF FOOD,2021-08-24 00:00:00.000,0d06488e-cadf-4c28-b7f0-cd0f323fc913,,"8833 ",APPLEGATE,,N,RD,,,GRANTS PASS,OR,97527,2025-11-13 12:04:16.000,BTAX-042279-11-2025,2026-11-30 12:04:16.000
"THRIFTY PAYLESS INC           "," THRIFTY PAYLESS INC           ",Inside City Limits,446110,Pharmacy/Drug Store,RITE AID #5386,1993-10-25 00:00:00.000,BF1C965A-DE89-4C7C-B4BC-29F265381046,5414793358,ATTN: LICENSING,,200 NEWBERRY COMMONS,,,,,ETTERS,PA,173199363,2025-07-16 10:09:45.000,BTAX-040788-07-2025,2026-07-31 10:09:45.000
"THRIFTY PAYLESS INC           "," ",Inside City Limits,446110,Pharmacy/Drug Store,CVS/PHARMACY # 11660,2025-08-06 00:00:00.000,813B07B5-5295-4EEB-8F4F-F3B3542ED3EB,5414796698,ATTN: LICENSING DEPT/MC 1160,ONE CVS,,,DR,,,WOONSOCKET,RI,02895,2025-07-01 15:49:27.000,BTAX-040598-07-2025,2026-07-31 15:49:27.000
"TICOR TITLE #26               ",MARK HOLMES,Inside City Limits,524291,Insurance Claims Adjusting,,1985-10-01 00:00:00.000,A709854E-C46A-4B8E-9397-5E13E3BC451F,5414761171,744,7TH,,NE,ST,,,GRANTS PASS,OR,97526,2026-03-09 14:56:40.000,BTAX-042915-03-2026,2027-02-28 14:56:40.000
TIJUANA'S BIRRIA CORP,ANA LLELY RODRIGUEZ LOPEZ,Inside City Limits,722511,Restaurant,,2023-07-10 00:00:00.000,8e05a0a8-6d59-4ba7-ae71-bf247189a6a4,5412188105,PO BOX 4072,,,,,,,MEDFORD,OR,97501,2026-01-07 15:34:33.000,BTAX-042574-01-2026,2026-12-31 15:34:33.000
TIJUANA'S BIRRIA CORP," ",Inside City Limits,722511,Restaurant,,2023-07-10 00:00:00.000,8e05a0a8-6d59-4ba7-ae71-bf247189a6a4,5412188105,PO BOX 4072,,,,,,,MEDFORD,OR,97501,2026-01-07 15:34:33.000,BTAX-042574-01-2026,2026-12-31 15:34:33.000
TIM HUBBARD CONSTRUCTION,TIM  HUBBARD,Outside City Limits,238190,Contractor-General/Building Exterior,,1992-01-24 00:00:00.000,B21363CB-6991-4911-AC6A-C7EE5497BAA8,5414795943,12080,REDWOOD,,,HWY,,,WILDERVILLE,OR,97543,2025-11-10 12:07:13.000,BTAX-042264-11-2025,2026-11-30 12:07:13.000
TIMARI LLC,TIMARI DAVIS,Inside City Limits,561990,Auctioneer,ROGUE OREGON AUCTIONEERS AND PROPERTIES,2015-07-01 00:00:00.000,0C5EABC9-09CC-4CDE-A827-230143673E6C,5414710916,233,ROGUE RIVER,," ",HWY,,#259,GRANTS PASS,OR,97527,2025-09-17 12:31:31.000,BTAX-041793-09-2025,2026-09-30 12:31:31.000
"TIMBER MOUNTAIN CONSTRUCTION  ",ROBERT PEARCE,Outside City Limits,238190,Contractor-General/Building Exterior,,1997-09-09 00:00:00.000,21B45181-28C5-44E7-A9F3-C54BE7A05BEB,5419568700,PO BOX 930,,,,,,,ROGUE RIVER,OR,97537,2025-09-05 15:45:39.000,BTAX-041665-09-2025,2026-09-30 15:45:39.000
"TIMBER PRODUCTS CO    ",JOHN BARKER,Inside City Limits,321999,Manufacturing-Wood Products,,1997-06-22 00:00:00.000,7FE28354-5276-4E15-B9E9-EE3B7DD604A5,5414799735,PO BOX 1669,,,,,,,MEDFORD,OR,97501,2025-08-27 11:54:33.000,BTAX-041574-08-2025,2026-08-31 11:54:33.000
TIMBERLINE MOBILE HOME SERVICE,CURTIS  JONES,Outside City Limits,238190,Contractor-General/Building Exterior,,2010-05-27 00:00:00.000,5E814511-A970-4E07-94C1-36116DCFD03B,5417616559,3600,RIVER,,N,RD,,,GOLD HILL,OR,97525,2025-07-11 09:44:30.000,BTAX-040666-07-2025,2026-07-31 09:44:30.000
"TIMELESS CONSTRUCTION         ",STEVE  PERRY,Outside City Limits,238190,Contractor-General/Building Exterior,,1997-03-21 00:00:00.000,8242D5D8-14F7-4C90-9AA9-FDC59E8C001F,5414714457,826,SKYLARK,,,LN,,,GRANTS PASS,OR,97527,2025-12-15 12:15:36.000,BTAX-042463-12-2025,2026-12-31 12:15:36.000
TIMELESS PIECES CLOCK REPAIR," ",Inside City Limits,811490,"Watch, Clock, Jewelry Repair",,2023-01-01 00:00:00.000,b4291a8d-1206-4df8-a68e-149a9710cf59,5412262785,810,DELSIE,,,DR,,,GRANTS PASS,OR,97527,2025-11-04 11:20:47.000,BTAX-042210-11-2025,2026-11-30 11:20:47.000
TIMELESS PIECES CLOCK REPAIR,JOHN MANN,Inside City Limits,811490,"Watch, Clock, Jewelry Repair",,2023-01-01 00:00:00.000,b4291a8d-1206-4df8-a68e-149a9710cf59,5412262785,810,DELSIE,,,DR,,,GRANTS PASS,OR,97527,2025-11-04 11:20:47.000,BTAX-042210-11-2025,2026-11-30 11:20:47.000
TJ GUELDNER YARD MAINTENANCE," ",Inside City Limits,561730,Yard Services,,2021-10-01 00:00:00.000,a7b9a47e-fd79-48e2-8608-d1c3aea66b35,5412265354,1026,LEE ROZE,,,LN,,,GRANTS PASS,OR,97527,2025-11-06 12:12:20.000,BTAX-042225-11-2025,2026-11-30 12:12:20.000
TJ GUELDNER YARD MAINTENANCE,LISA GUELDNER,Inside City Limits,561730,Yard Services,,2021-10-01 00:00:00.000,a7b9a47e-fd79-48e2-8608-d1c3aea66b35,5412265354,1026,LEE ROZE,,,LN,,,GRANTS PASS,OR,97527,2025-11-06 12:12:20.000,BTAX-042225-11-2025,2026-11-30 12:12:20.000
TJ GUELDNER YARD MAINTENANCE,TIMOTHY GUELDNER,Inside City Limits,561730,Yard Services,,2021-10-01 00:00:00.000,a7b9a47e-fd79-48e2-8608-d1c3aea66b35,5412265354,1026,LEE ROZE,,,LN,,,GRANTS PASS,OR,97527,2025-11-06 12:12:20.000,BTAX-042225-11-2025,2026-11-30 12:12:20.000
TOM BERNHART," ",Inside City Limits,531110,Rental Units/Landlord,,2016-04-05 00:00:00.000,1ce8cd3f-20b3-4caa-9805-b25d9beb7220,5416592697,1952,CROWN,,NW,ST,," ",GRANTS PASS,OR,97526,2026-01-13 15:38:41.000,BTAX-042629-01-2026,2027-01-31 15:38:41.000
TOM BERNHART,TOM BERNHART,Inside City Limits,531110,Rental Units/Landlord,,2016-04-05 00:00:00.000,1ce8cd3f-20b3-4caa-9805-b25d9beb7220,5416592697,1952,CROWN,,NW,ST,," ",GRANTS PASS,OR,97526,2026-01-13 15:38:41.000,BTAX-042629-01-2026,2027-01-31 15:38:41.000
TOM RANDALL INSURANCE AGENCY," ",Inside City Limits,524210,Insurance Agency & Brokerages,TOM RANDALL STATE FARM,2017-09-01 00:00:00.000,4ed7b538-69ba-4077-aa0a-da49e7bbf48e,5414744900,337,UNION,,,Ave,,A,GRANTS PASS,OR,97527,2025-10-06 15:31:20.000,BTAX-041947-10-2025,2026-10-31 15:31:20.000
TOM RANDALL INSURANCE AGENCY,THOMAS RANDALL,Inside City Limits,524210,Insurance Agency & Brokerages,TOM RANDALL STATE FARM,2017-09-01 00:00:00.000,4ed7b538-69ba-4077-aa0a-da49e7bbf48e,5414744900,337,UNION,,,Ave,,A,GRANTS PASS,OR,97527,2025-10-06 15:31:20.000,BTAX-041947-10-2025,2026-10-31 15:31:20.000
"TOM'S AUTO SERVICE            ",THOMAS  HILL,Inside City Limits,811111,Auto-General Repair,,1997-01-01 00:00:00.000,CEEF1023-A0C8-4A36-BBD2-6510325910AF,5414764144,242,F,,NW,ST,,,GRANTS PASS,OR,97526,2023-11-13 14:10:10.000,BTAX-036410-11-2023,2024-11-30 14:10:10.000
TONY HARO MA LPC,TONY  HARO,Inside City Limits,621112,Medical-Mental Health Specialist,,2005-10-25 00:00:00.000,6210BAD4-6ECF-4868-BB96-90396E785A47,5417874217,777,7TH,,NE,ST,,SUITE 214,GRANTS PASS,OR,97526,2025-08-18 15:58:54.000,BTAX-041342-08-2025,2026-08-31 15:58:54.000
TOOL TECH LLC,LEE HANSEN,Outside City Limits,238990,Contractor-Trade/Specialty,,2017-08-31 00:00:00.000,6bdd828e-1024-4aaa-8f0e-238c72564032,5416544198,PO BOX 40817,,,,,,,EUGENE,OR,97404,2025-10-06 16:06:05.000,BTAX-041953-10-2025,2026-09-30 16:06:05.000
TOOL TECH LLC," ",Outside City Limits,238990,Contractor-Trade/Specialty,,2017-08-31 00:00:00.000,6bdd828e-1024-4aaa-8f0e-238c72564032,5416544198,PO BOX 40817,,,,,,,EUGENE,OR,97404,2025-10-06 16:06:05.000,BTAX-041953-10-2025,2026-09-30 16:06:05.000
TOP NOTCH TREE SERVICE LLC,KYLE ARMIJO,Outside City Limits,238190,Contractor-General/Building Exterior,,2016-08-29 00:00:00.000,676225f2-a55c-4e2b-b246-f9ed9fc1693e,5412913029,2497,MIDWAY,,,AVE,,,GRANTS PASS,OR,97527,2026-03-11 16:14:22.000,BTAX-042949-03-2026,2027-03-31 16:14:22.000
TOP NOTCH TREE SERVICE LLC," ",Outside City Limits,238190,Contractor-General/Building Exterior,,2016-08-29 00:00:00.000,676225f2-a55c-4e2b-b246-f9ed9fc1693e,5412913029,2497,MIDWAY,,,AVE,,,GRANTS PASS,OR,97527,2026-03-11 16:14:22.000,BTAX-042949-03-2026,2027-03-31 16:14:22.000
TOPS & TEES LLC," ",Inside City Limits,454390,Retail-Misc Direct Selling Establishment,,2018-12-14 00:00:00.000,72571a0e-183f-44de-a82d-555b7824afc8,5414762226,1460,WILLIAMS,,,HWY,,,GRANTS PASS,OR,97527,2025-08-04 15:39:42.000,BTAX-041089-08-2025,2026-08-31 15:39:42.000
TOPS & TEES LLC,JARED RYDELL,Inside City Limits,454390,Retail-Misc Direct Selling Establishment,,2018-12-14 00:00:00.000,72571a0e-183f-44de-a82d-555b7824afc8,5414762226,1460,WILLIAMS,,,HWY,,,GRANTS PASS,OR,97527,2025-08-04 15:39:42.000,BTAX-041089-08-2025,2026-08-31 15:39:42.000
TORQUE MONKEY AUTO REPAIR,KURTIS DYMOCK,Inside City Limits,811111,Auto-General Repair,,2018-12-14 00:00:00.000,5b0a2569-6e5d-42e1-860b-1244bb4e1055,5419559541,2600,CLOVERLAWN,,,DR,,,GRANTS PASS,OR,97527,2025-08-08 15:27:33.000,BTAX-041137-08-2025,2026-08-31 15:27:33.000
TORQUE MONKEY AUTO REPAIR," ",Inside City Limits,811111,Auto-General Repair,,2018-12-14 00:00:00.000,5b0a2569-6e5d-42e1-860b-1244bb4e1055,5419559541,2600,CLOVERLAWN,,,DR,,,GRANTS PASS,OR,97527,2025-08-08 15:27:33.000,BTAX-041137-08-2025,2026-08-31 15:27:33.000
"TOTAL LOOK-TOPLINE            ",LINDA & PAUL KING,Inside City Limits,446120,Retail-Beauty Supply/Cosmetics,,1991-04-02 00:00:00.000,038A5D95-2D18-48F7-AB2A-82F724C9EB52,5414769098,106,F,,NW,ST,,#94,GRANTS PASS,OR,97526,2025-09-10 11:20:50.000,BTAX-041727-09-2025,2026-08-31 11:20:50.000
"TOTAL PERFORMANCE SPORTS MEDICINE, PC      ",SCOTT  THORSEN,Inside City Limits,621310,Medical-Chiropractor,,2007-12-03 00:00:00.000,A075F908-BFA0-4058-A40B-68A69B824E9D,5414764010,PO BOX 774,,,,,,,GRANTS PASS,OR,97528,2025-07-22 12:20:33.000,BTAX-040868-07-2025,2026-07-31 12:20:33.000
"TOUCHPOINT NETWORKS LLC      ",CHUCK  WHITELEY,Outside City Limits,238990,Contractor-Trade/Specialty,,2010-11-15 00:00:00.000,C224EB0A-1482-49E3-92E0-9CE3B02CC4CF,5418421000,122,MAIN,,E,ST,,# 400-140,MEDFORD,OR,97501,2025-12-15 11:54:26.000,BTAX-042460-12-2025,2026-07-31 11:54:26.000
TOWNE CENTRE INSURANCE SERVICE,BOB HENRY,Inside City Limits,524210,Insurance Agency & Brokerages,,2009-06-05 00:00:00.000,459898BB-FA91-46EA-B711-B03C7A78D7F3,5414763311,315,7TH,,SE,ST,,,GRANTS PASS,OR,97526,2025-12-02 12:54:54.000,BTAX-042377-12-2025,2026-11-30 12:54:54.000
TOWNE CENTRE INSURANCE SERVICE," ",Inside City Limits,524210,Insurance Agency & Brokerages,,2009-06-05 00:00:00.000,459898BB-FA91-46EA-B711-B03C7A78D7F3,5414763311,315,7TH,,SE,ST,,,GRANTS PASS,OR,97526,2025-12-02 12:54:54.000,BTAX-042377-12-2025,2026-11-30 12:54:54.000
TRACTOR SUPPLY COMPANY WEST LLC #2299," ",Inside City Limits,444220,Retail-Farm Supplies,,2018-08-24 00:00:00.000,f8c55471-5c32-4302-83af-e7b2fb374844,5414744321,251,LITTLE FALLS,,,DR,,,WILMINGTON,DE,19808,2025-08-01 09:01:58.000,BTAX-041053-08-2025,2026-08-31 09:01:58.000
"TRAFFIC SAFETY TRAFFIC CONTROL FLAGGING, LLC",LARRY RUNYAN,Outside City Limits,238990,Contractor-Trade/Specialty,,2023-11-30 00:00:00.000,9b2b5953-d55b-4cf4-a2b0-aa61a65c6562,5418210673,5273,CROWFOOT,,,RD,,,TRAIL,OR,97541,2025-12-01 14:47:31.000,BTAX-042361-12-2025,2026-12-31 14:47:31.000
"TRAFFIC SAFETY TRAFFIC CONTROL FLAGGING, LLC"," ",Outside City Limits,238990,Contractor-Trade/Specialty,,2023-11-30 00:00:00.000,9b2b5953-d55b-4cf4-a2b0-aa61a65c6562,5418210673,5273,CROWFOOT,,,RD,,,TRAIL,OR,97541,2025-12-01 14:47:31.000,BTAX-042361-12-2025,2026-12-31 14:47:31.000
TRAINING WITH JOCELYN LLC," ",Inside City Limits,711120,Dance Studio,,2021-04-05 00:00:00.000,81704571-062e-4f47-ad4e-813080e76b4f,5414412652,1107,PINNON,,N,RD,,,GRANTS PASS,OR,97526,2025-04-14 16:26:59.000,BTAX-040217-04-2025,2026-04-30 16:26:59.000
TRAINING WITH JOCELYN LLC,JOCELYN SCHMIDT,Inside City Limits,711120,Dance Studio,,2021-04-05 00:00:00.000,81704571-062e-4f47-ad4e-813080e76b4f,5414412652,1107,PINNON,,N,RD,,,GRANTS PASS,OR,97526,2025-04-14 16:26:59.000,BTAX-040217-04-2025,2026-04-30 16:26:59.000
"TRANSFORM YOUTH AND FAMILY COUNSELING, LLC"," ",Inside City Limits,624190,Social Svcs-Individual & Family Svcs,,2021-03-25 00:00:00.000,d3eefa2c-ef6d-4b92-8587-da28c6f75f2c,5415076400,PO BOX 4365,,,,,,,MEDFORD,OR,97501,2025-05-27 15:20:17.000,BTAX-040432-05-2025,2026-05-31 15:20:17.000
"TRANSFORM YOUTH AND FAMILY COUNSELING, LLC",LAUREN BELLENBAUM,Inside City Limits,624190,Social Svcs-Individual & Family Svcs,,2021-03-25 00:00:00.000,d3eefa2c-ef6d-4b92-8587-da28c6f75f2c,5415076400,PO BOX 4365,,,,,,,MEDFORD,OR,97501,2025-05-27 15:20:17.000,BTAX-040432-05-2025,2026-05-31 15:20:17.000
"TRESSI ALBEE, MA, LPC","TRESSI ALBEE, MA, LPC",Inside City Limits,621420,Medical-Mental Health/Substance Abuse Center,,2014-01-01 00:00:00.000,e9c60f28-0435-4ef3-a199-5751fc028696,5414150436,PO BOX 445,,,,,,,WILLIAMS,OR,97544,2025-06-13 11:58:36.000,BTAX-040496-06-2025,2026-06-30 11:58:36.000
"TRESSI ALBEE, MA, LPC"," ",Inside City Limits,621420,Medical-Mental Health/Substance Abuse Center,,2014-01-01 00:00:00.000,e9c60f28-0435-4ef3-a199-5751fc028696,5414150436,PO BOX 445,,,,,,,WILLIAMS,OR,97544,2025-06-13 11:58:36.000,BTAX-040496-06-2025,2026-06-30 11:58:36.000
TRI PROFESSIONAL SERVICES," ",Inside City Limits,541320,Landscaping Services,TRI PROFESSIONAL SERVICES,2018-02-13 00:00:00.000,ce5fbe37-894a-4e71-bd0c-7132def59a06,5416592031,1630,WILLIAMS,,,HWY,,PMB #23,GRANTS PASS,OR,97527,2026-03-10 10:10:28.000,BTAX-042926-03-2026,2027-03-31 10:10:28.000
TRI PROFESSIONAL SERVICES,DUSTIN BLOCKER,Inside City Limits,541320,Landscaping Services,TRI PROFESSIONAL SERVICES,2018-02-13 00:00:00.000,ce5fbe37-894a-4e71-bd0c-7132def59a06,5416592031,1630,WILLIAMS,,,HWY,,PMB #23,GRANTS PASS,OR,97527,2026-03-10 10:10:28.000,BTAX-042926-03-2026,2027-03-31 10:10:28.000
TRINITY HOME CARE LLC,CAROL & RICHARD  LENNON,Outside City Limits,621610,Medical-Home Health Care Services,,2006-03-13 00:00:00.000,1151C092-AAF1-46DB-BE3D-9FC2CCC4F064,5414790874,263,FELKNER,,,RD,,,GRANTS PASS,OR,97527,2026-02-10 09:22:07.000,BTAX-042774-02-2026,2027-02-28 09:22:07.000
"TRINITY VALLEY PHARMACY LLC  ",NANCY HINKE PAUL KERLEY,Inside City Limits,446110,Pharmacy/Drug Store,,2001-12-15 00:00:00.000,5D90F6B0-15FE-48AB-928E-B4825265656C,5414749437,2001,FOOTHILL,,NE,BLVD,,F3,GRANTS PASS,OR,97526,2025-09-29 14:05:06.000,BTAX-041902-09-2025,2026-09-30 14:05:06.000
TRITON COMMUNICATION LLC,AARON & JULIE  VAN FLEET,Outside City Limits,238990,Contractor-Trade/Specialty,,2003-03-10 00:00:00.000,04C61006-58FB-4B51-B74E-3837E0DF6EFE,5036155800,8215,"CIRRUS ",,SW,DR,,,BEAVERTON,OR,97008,2025-07-23 09:47:46.000,BTAX-040928-07-2025,2026-07-31 09:47:46.000
"TRM ENTERPRISES INC           "," TRM ENTERPRISES INC           ",Inside City Limits,339999,Manufacturing-Misc Manufacturing,REDWOOD GLASS SERVICE,2002-09-04 00:00:00.000,D67C9994-A74E-44F6-8B14-A6FAA75EBAFD,3193501935,1886,DEMARAY,,,DR,,,GRANTS PASS,OR,97527,2025-07-22 11:46:31.000,BTAX-040861-07-2025,2026-07-31 11:46:31.000
"TROJAN WALL PRODUCTS INC     ",TROY SMITH,Outside City Limits,238990,Contractor-Trade/Specialty,,2002-03-31 00:00:00.000,63A6ACD5-69D2-4719-8870-275E797DCFFF,2535206545,2219,"GRAND ",,,AVE,,,SACRAMENTO,CA,95838,2025-12-16 11:34:45.000,BTAX-042476-12-2025,2026-12-31 11:34:45.000
TROPIC AIR INC," ",Outside City Limits,238220,Contractor-HVAC Services,"TROPIC AIR, INC",2019-09-16 00:00:00.000,298f380d-67f4-49b0-a1da-91a10704e2a0,5417739866,518,JEANETTE,,,AVE,,,MEDFORD,OR,97501,2026-02-10 12:39:27.000,BTAX-042785-02-2026,2027-02-28 12:39:27.000
TROPIC AIR INC,ROLANDO RODRIGUEZ,Outside City Limits,238220,Contractor-HVAC Services,"TROPIC AIR, INC",2019-09-16 00:00:00.000,298f380d-67f4-49b0-a1da-91a10704e2a0,5417739866,518,JEANETTE,,,AVE,,,MEDFORD,OR,97501,2026-02-10 12:39:27.000,BTAX-042785-02-2026,2027-02-28 12:39:27.000
"TRUAX CORPORATION             ",JOHN TRUAX,Inside City Limits,447190,Gas Station,"TOWNE PUMP ",1986-07-01 00:00:00.000,09E86BEE-92E0-41C1-836A-86E050BA0C31,5417581500,PO BOX 3002,,,,,,,CORVALLIS,OR,97339,2025-08-20 12:29:35.000,BTAX-041452-08-2025,2026-08-31 12:29:35.000
TRUE NORTH CARPET CARE,ALAN ANDERSON,Inside City Limits,561740,Carpet & Upholstery Cleaning,,2023-11-08 00:00:00.000,5e3fca11-ae0b-4a40-b54d-bd849a69ecd3,5416607195,1417,HERITAGE,,NE,DR,,,GRANTS PASS,OR,97526,2025-11-10 12:29:25.000,BTAX-042270-11-2025,2026-11-30 12:29:25.000
TRUE NORTH CARPET CARE," ",Inside City Limits,561740,Carpet & Upholstery Cleaning,,2023-11-08 00:00:00.000,5e3fca11-ae0b-4a40-b54d-bd849a69ecd3,5416607195,1417,HERITAGE,,NE,DR,,,GRANTS PASS,OR,97526,2025-11-10 12:29:25.000,BTAX-042270-11-2025,2026-11-30 12:29:25.000
"TRUE SOUTH SOLAR INC          ",ERIC HANSEN,Outside City Limits,238220,Solar Equipment Installation,,2010-08-31 00:00:00.000,3B2C6358-F750-4A23-9D51-11F6F3DEA732,5418166230,125,CLEAR CREEK,,,DR,,,ASHLAND,OR,97520,2025-09-18 12:53:26.000,BTAX-041816-09-2025,2026-09-30 12:53:26.000
"TRUEBUILT HOMES LLC           ",EUGENE ROBERTSON,Outside City Limits,238190,Contractor-General/Building Exterior,,2007-01-19 00:00:00.000,66D96E0F-10C0-4CDA-9D18-B54A3D01FF97,5416609868,PO BOX 899,,,,,,,MERLIN,OR,97532,2025-05-13 15:24:07.000,BTAX-040355-05-2025,2026-05-31 15:24:07.000
"TRUEBUILT HOMES LLC           ",GENE ROBERTSON,Outside City Limits,238190,Contractor-General/Building Exterior,,2007-01-19 00:00:00.000,66D96E0F-10C0-4CDA-9D18-B54A3D01FF97,5416609868,PO BOX 899,,,,,,,MERLIN,OR,97532,2025-05-13 15:24:07.000,BTAX-040355-05-2025,2026-05-31 15:24:07.000
"TRUEBUILT HOMES LLC           ",JULIE ROBERTSON,Outside City Limits,238190,Contractor-General/Building Exterior,,2007-01-19 00:00:00.000,66D96E0F-10C0-4CDA-9D18-B54A3D01FF97,5416609868,PO BOX 899,,,,,,,MERLIN,OR,97532,2025-05-13 15:24:07.000,BTAX-040355-05-2025,2026-05-31 15:24:07.000
"TRYTAN SERVICES INC           ",LARRY  PLEW,Outside City Limits,238210,Contractor-Electrical,,2005-01-01 00:00:00.000,FBB378F9-3E57-465C-93F9-09CEFB76B650,5412604333,154,"SQUIRREL LN    ",,,LN,,,GRANTS PASS,OR,97527,2026-03-13 14:21:09.000,BTAX-042961-03-2026,2027-03-31 14:21:09.000
TS GUTTER CLEANING SERVICE,TRAVIS  SHREERE,Outside City Limits,561790,Gutter Cleaning Service,,2022-10-07 00:00:00.000,b1d2d286-04a9-4e37-abbb-77a3ea38b589,5412184619,2188,LONNON,,,RD,,,GRANTS PASS,OR,97527,2025-10-10 15:55:04.000,BTAX-041997-10-2025,2026-10-31 15:55:04.000
TS GUTTER CLEANING SERVICE,TRAVIS SHREEVE,Outside City Limits,561790,Gutter Cleaning Service,,2022-10-07 00:00:00.000,b1d2d286-04a9-4e37-abbb-77a3ea38b589,5412184619,2188,LONNON,,,RD,,,GRANTS PASS,OR,97527,2025-10-10 15:55:04.000,BTAX-041997-10-2025,2026-10-31 15:55:04.000
"TUCKERS                       ",JEFFREY  TUCKER,Inside City Limits,812111,Barber Shop,,2013-09-09 00:00:00.000,D74E1C0C-6C17-42B9-934A-9359C6ADBBDD,5412264952,PO BOX 1488,,,,,,,MERLIN,OR,97532,2025-10-20 14:34:38.000,BTAX-042065-10-2025,2026-10-31 14:34:38.000
"TUFF SHED, INC"," ",Outside City Limits,238190,Contractor-General/Building Exterior,,2022-06-02 00:00:00.000,db956e41-e40e-494d-a4ca-f3e8a25912b6,3034745524,1777,HARRISON,,S,ST,,600,DENVER,CO,80210,2025-06-27 10:26:51.000,BTAX-040571-06-2025,2026-06-30 10:26:51.000
"TUFF SHED, INC",TOM SAUREY,Outside City Limits,238190,Contractor-General/Building Exterior,,2022-06-02 00:00:00.000,db956e41-e40e-494d-a4ca-f3e8a25912b6,3034745524,1777,HARRISON,,S,ST,,600,DENVER,CO,80210,2025-06-27 10:26:51.000,BTAX-040571-06-2025,2026-06-30 10:26:51.000
TURN 2 SOLAR LLC," ",Outside City Limits,238210,Contractor-Electrical,,2019-01-15 00:00:00.000,c92e80f8-693b-4d6a-981b-49fea1ea8780,5039797832,833,HAWK,,,DR,,,Silverton,OR,97381,2025-11-18 12:57:21.000,BTAX-042302-11-2025,2026-11-30 12:57:21.000
TURN 2 SOLAR LLC,DUSTY STEELE,Outside City Limits,238210,Contractor-Electrical,,2019-01-15 00:00:00.000,c92e80f8-693b-4d6a-981b-49fea1ea8780,5039797832,833,HAWK,,,DR,,,Silverton,OR,97381,2025-11-18 12:57:21.000,BTAX-042302-11-2025,2026-11-30 12:57:21.000
TURN 2 SOLAR LLC,RYAN STUBBS,Outside City Limits,238210,Contractor-Electrical,,2019-01-15 00:00:00.000,c92e80f8-693b-4d6a-981b-49fea1ea8780,5039797832,833,HAWK,,,DR,,,Silverton,OR,97381,2025-11-18 12:57:21.000,BTAX-042302-11-2025,2026-11-30 12:57:21.000
"TWO RIVERS VINEYARD, LLC"," ",Outside City Limits,111332,Vineyard,TWO RIVERS VINEYARD,2019-05-15 00:00:00.000,1f001760-4a31-4b00-8c39-e012512f7650,5414728873,2123,RIVERBANKS,,,RD,,,GRANTS PASS,OR,97527,2025-07-28 10:55:59.000,BTAX-041026-07-2025,2026-07-31 10:55:59.000
"TWO RIVERS VINEYARD, LLC",SARA DINSDALE,Outside City Limits,111332,Vineyard,TWO RIVERS VINEYARD,2019-05-15 00:00:00.000,1f001760-4a31-4b00-8c39-e012512f7650,5414728873,2123,RIVERBANKS,,,RD,,,GRANTS PASS,OR,97527,2025-07-28 10:55:59.000,BTAX-041026-07-2025,2026-07-31 10:55:59.000
"TWO'S COMPANY                 "," ANDERSON & TROTTER            ",Inside City Limits,561720,Cleaning Service,,2013-07-01 00:00:00.000,FF0B1594-AC83-4328-816A-8FDBDD7F075B,7074603600,1416,STURGEON,,SW,CT,,,GRANTS PASS,OR,97527,2026-01-22 12:33:36.000,BTAX-042674-01-2026,2027-01-31 12:33:36.000
U NAME IT LLC," ",Inside City Limits,238190,Contractor-General/Building Exterior,,2019-05-22 00:00:00.000,b5d5aa07-ab31-44b0-8bb1-ad57d73a1f8f,5412956117,300,3RD,,SW,ST,,,GRANTS PASS,OR,97526,2025-07-02 14:01:51.000,BTAX-040603-07-2025,2026-07-31 14:01:51.000
U NAME IT LLC,JONATHAN MITCHELL,Inside City Limits,238190,Contractor-General/Building Exterior,,2019-05-22 00:00:00.000,b5d5aa07-ab31-44b0-8bb1-ad57d73a1f8f,5412956117,300,3RD,,SW,ST,,,GRANTS PASS,OR,97526,2025-07-02 14:01:51.000,BTAX-040603-07-2025,2026-07-31 14:01:51.000
"U S BANK                      "," U.S BANCORP",Inside City Limits,522110,Finance-Commercial Bank,,2001-08-01 00:00:00.000,5C7C7A71-C479-4438-8372-534D4B19DECB,5414741121,400,6TH,,SW,ST,,,GRANTS PASS,OR,97527,2026-02-17 14:40:15.000,BTAX-042752-02-2026,2027-02-28 14:40:15.000
"UBHILL ONE CONCESSIONS INC   ",JOHN UBHAUS,Outside City Limits,722320,Caterer,,1994-05-16 00:00:00.000,8ABE1C80-9167-4110-BFF3-016A5D1C50E8,5414794787,881,ST. ANDREWS,,,,,,EAGLE POINT,OR,97524,2025-10-09 14:38:59.000,BTAX-041980-10-2025,2026-10-31 14:38:59.000
U-HAUL CO. OF OREGON," ",Inside City Limits,532120,Rental-Truck & RV Rentals,,2023-07-18 00:00:00.000,70601afe-0f43-4190-8b7d-57e630afb9d5,6022636577,PO BOX 21517,,,,,,,PHOENIX,AZ,85036,2025-11-10 10:12:54.000,BTAX-042243-11-2025,2026-11-30 10:12:54.000
ULTRA PURE WATER INC,ROBERT  OAKS,Outside City Limits,452990,"Retail-General Merchandise ",,2002-11-11 00:00:00.000,E9CB062F-5824-4D67-A379-DFA188E990C6,5417340828,716,GRAPE,,S,ST,,,MEDFORD,OR,97501,2025-06-13 14:57:39.000,BTAX-040509-06-2025,2026-06-30 14:57:39.000
"UMPQUA DAIRY PRODUCTS CO      ",DOUGLAS FELDKAMP,Inside City Limits,425120,Wholesale Agent,,2003-07-01 00:00:00.000,F547EB09-542D-4489-A115-3FAA92D64AD6,5414796832,PO BOX 1306,,,,,,,ROSEBURG,OR,97470,2025-08-20 16:24:54.000,BTAX-041485-08-2025,2026-08-31 16:24:54.000
"UMPQUA DAIRY PRODUCTS CO      "," ",Inside City Limits,425120,Wholesale Agent,,2003-07-01 00:00:00.000,F547EB09-542D-4489-A115-3FAA92D64AD6,5414796832,PO BOX 1306,,,,,,,ROSEBURG,OR,97470,2025-08-20 16:24:54.000,BTAX-041485-08-2025,2026-08-31 16:24:54.000
"UMPQUA SHEET METAL INC       ","DERRICK, MICHAEL, ROBERT DEANNA & JAN REIGARD",Outside City Limits,238220,Contractor-HVAC Services,,2002-05-07 00:00:00.000,CF967C29-DE11-42E8-BBBF-EDCC3F70DF13,5416723888,5084,STEPHENS,,NE,,,,WINCHESTER,OR,97495,2025-07-23 10:15:21.000,BTAX-040933-07-2025,2026-07-31 10:15:21.000
"UMPQUA SHEET METAL INC       ","DERRICK, MICHAEL, ROBERT DEANNA & JAN REIGARD",Outside City Limits,238220,Contractor-HVAC Services,,2002-05-07 00:00:00.000,CF967C29-DE11-42E8-BBBF-EDCC3F70DF13,5416723888,PO BOX 872,,,,,,,WINCHESTER,OR,97495,2025-07-23 10:15:21.000,BTAX-040933-07-2025,2026-07-31 10:15:21.000
"UMPQUA VALLEY FIRE SERVICES   ",DOUG  SCHULZE,Outside City Limits,238990,Contractor-Trade/Specialty,A-1 FIRE PROTECTION,2009-07-01 00:00:00.000,9935302E-7A00-4E19-B593-54106C3C0AD9,5412290911,1353,"PINE ",,SE,,,,ROSEBURG,OR,97470,2025-08-18 12:22:35.000,BTAX-041314-08-2025,2026-08-31 12:22:35.000
"UNFI GROCERS DISTRIBUTION, INC",ROBERT LING JR,Outside City Limits,425120,Wholesale Agent,,2008-02-10 00:00:00.000,A57A532D-5AF7-49D3-8050-1A142A7E0014,9528284529,ATTN: LICENSE GROUP,,PO BOX 990,,,,,MINNEAPOLIS,MN,55440,2025-09-03 11:19:27.000,BTAX-041621-09-2025,2026-09-30 11:19:27.000
UNICORN COUNSELING SERVICES,PAMELA  MCCORKLE,Inside City Limits,621330,Medical - Mental Health Counselor,,2022-08-17 00:00:00.000,7d425f12-dc99-4a8e-82b8-f7cc4be60e48,5416300079,215,6TH,,SE,ST,,SUITE 201,GRANTS PASS,OR,97526,2025-08-05 09:50:19.000,BTAX-041092-08-2025,2026-08-31 09:50:19.000
UNICORN COUNSELING SERVICES," ",Inside City Limits,621330,Medical - Mental Health Counselor,,2022-08-17 00:00:00.000,7d425f12-dc99-4a8e-82b8-f7cc4be60e48,5416300079,215,6TH,,SE,ST,,SUITE 201,GRANTS PASS,OR,97526,2025-08-05 09:50:19.000,BTAX-041092-08-2025,2026-08-31 09:50:19.000
UNITED COMMUNITY ACTION NETWORK," ",Inside City Limits,624210,Social Svcs-Community Food Svcs,UCAN,2014-07-08 00:00:00.000,0426244b-ab8c-4b06-b6f0-9eca9f08b855,5416723421,251,GARDEN VALLEY,,NE,BLVD,,SUITE 205,ROSEBURG,OR,97470,2025-11-07 09:46:32.000,BTAX-042233-11-2025,2026-11-30 09:46:32.000
UNITED COMMUNITY ACTION NETWORK,SHAUN PRITCHARD,Inside City Limits,624210,Social Svcs-Community Food Svcs,UCAN,2014-07-08 00:00:00.000,0426244b-ab8c-4b06-b6f0-9eca9f08b855,5416723421,251,GARDEN VALLEY,,NE,BLVD,,SUITE 205,ROSEBURG,OR,97470,2025-11-07 09:46:32.000,BTAX-042233-11-2025,2026-11-30 09:46:32.000
"UNITED FINANCE COMPANY        "," UNITED GROUP INC",Inside City Limits,522291,Finance-Consumer Lending,,1998-03-07 00:00:00.000,11187B53-95F9-464B-8762-3C80E9DA6AA2,5414766801,PO BOX 370,,,,,,,GRANTS PASS,OR,97528,2025-08-20 15:12:28.000,BTAX-041475-08-2025,2026-08-31 15:12:28.000
UNITED HERITAGE LIFE INSURANCE COMPANY," ",Outside City Limits,524210,Insurance Agency & Brokerages,,1934-07-07 00:00:00.000,23a5659e-5c71-4807-bfe2-990c16275d5b,2084936100,ATTN: ACCOUNTING DEPT,707 UNITED HERITAGE,,E,CT,,,MERIDIAN,ID,83642,2026-03-10 08:32:27.000,BTAX-042921-03-2026,2027-02-28 08:32:27.000
UNITED HERITAGE LIFE INSURANCE COMPANY," ",Outside City Limits,524210,Insurance Agency & Brokerages,,1934-07-07 00:00:00.000,23a5659e-5c71-4807-bfe2-990c16275d5b,2084936100,ATTN: ACCOUNTING DEPT,707 UNITED HERITAGE,,E,CT,,,MERIDIAN,ID,83642,2026-03-10 08:32:27.000,BTAX-042921-03-2026,2027-02-28 08:32:27.000
UNITED PARCEL SERVICE CORP,BRIAN ISOM,Outside City Limits,492110,Delivery Service-Courier & Express,UPS,1987-07-01 00:00:00.000,867EC8AD-FD8B-4C3D-BF55-92831F0B134A,5414766077,ATTN: BUSINESS LICENSE COMPLAINCE,,55 GLENLAKE PARKWAY NE,,,,,SANDY SPRINGS,GA,30328,2025-12-09 09:43:39.000,BTAX-042430-12-2025,2026-12-31 09:43:39.000
UNITY ELECTRICAL SERVICES LLC," ",Outside City Limits,238210,Contractor-Electrical,,2021-10-05 00:00:00.000,aaaeb32c-a246-4f71-97e3-143329d70e95,3609368552,15715,42ND,,NE,ST,,,VANCOUVER,WA,98682,2025-10-29 11:44:21.000,BTAX-042142-10-2025,2026-10-31 11:44:21.000
UNITY ELECTRICAL SERVICES LLC,PHILIP DOYLE,Outside City Limits,238210,Contractor-Electrical,,2021-10-05 00:00:00.000,aaaeb32c-a246-4f71-97e3-143329d70e95,3609368552,15715,42ND,,NE,ST,,,VANCOUVER,WA,98682,2025-10-29 11:44:21.000,BTAX-042142-10-2025,2026-10-31 11:44:21.000
UNIVERSAL PROTECTION SERVICE LP,STEVE JONES,Outside City Limits,561612,Security Guard & Patrol Services,ALLIED UNIVERSAL SECURITY SERVICES,2018-02-22 00:00:00.000,01efc312-08ae-4553-9ea3-7e3d61040953,4843511422,"251 ",LITTLE FALLS,,,DR,,,WILMINGTON,DE,19808,2025-07-11 12:16:38.000,BTAX-040686-07-2025,2026-07-31 12:16:38.000
UNIVERSAL PROTECTION SERVICE LP," ",Outside City Limits,561612,Security Guard & Patrol Services,ALLIED UNIVERSAL SECURITY SERVICES,2018-02-22 00:00:00.000,01efc312-08ae-4553-9ea3-7e3d61040953,4843511422,"251 ",LITTLE FALLS,,,DR,,,WILMINGTON,DE,19808,2025-07-11 12:16:38.000,BTAX-040686-07-2025,2026-07-31 12:16:38.000
UNIVERSAL PROTECTION SERVICE LP,WILLIAM TORZOLINI,Outside City Limits,561612,Security Guard & Patrol Services,ALLIED UNIVERSAL SECURITY SERVICES,2018-02-22 00:00:00.000,01efc312-08ae-4553-9ea3-7e3d61040953,4843511422,"251 ",LITTLE FALLS,,,DR,,,WILMINGTON,DE,19808,2025-07-11 12:16:38.000,BTAX-040686-07-2025,2026-07-31 12:16:38.000
UNLIMITED DREAMS LLC,MOHIT SINGLA,Inside City Limits,721110,Hotel/Motel,TRAVELODGE GRANTS PASS,2008-02-01 00:00:00.000,CA15909A-AD76-4862-AF11-6518A42937CD,5414796611,2852,WILLAMETTE,,,ST,,#205,EUGENE,OR,97405,2026-02-18 11:13:39.000,BTAX-042824-02-2026,2027-01-31 11:13:39.000
UNLIMITED DREAMS LLC," ",Inside City Limits,721110,Hotel/Motel,TRAVELODGE GRANTS PASS,2008-02-01 00:00:00.000,CA15909A-AD76-4862-AF11-6518A42937CD,5414796611,2852,WILLAMETTE,,,ST,,#205,EUGENE,OR,97405,2026-02-18 11:13:39.000,BTAX-042824-02-2026,2027-01-31 11:13:39.000
UNLIMITED DREAMS LLC,UPINDER DHANJU,Inside City Limits,721110,Hotel/Motel,TRAVELODGE GRANTS PASS,2008-02-01 00:00:00.000,CA15909A-AD76-4862-AF11-6518A42937CD,5414796611,2852,WILLAMETTE,,,ST,,#205,EUGENE,OR,97405,2026-02-18 11:13:39.000,BTAX-042824-02-2026,2027-01-31 11:13:39.000
URBAN DESIGN LANDSCAPE MAINTENANCE,TED STEPHENSON,Outside City Limits,541320,Landscaping Services,,2007-07-02 00:00:00.000,1CFE9D1C-C24B-439F-9A5E-B80776E59DEA,5416591852,425,STONERIDGE,,,DR,,,GRANTS PASS,OR,97527,2025-12-18 12:09:35.000,BTAX-042486-12-2025,2026-12-31 12:09:35.000
URBAN LEGEND SALON,RYLEY KRENUM,Inside City Limits,812112,Beauty Salon,,2022-11-21 00:00:00.000,d71e21cb-df6b-41f9-896c-70cd655074c0,7016094299,123,TENNESSE VIEW,,,LN,,,CAVE JUNCTION,OR,97523,2025-12-15 12:49:50.000,BTAX-042468-12-2025,2026-12-31 12:49:50.000
"U-SAVE GAS & TACKLE LLC       ",TROY  WHITAKER,Inside City Limits,447190,Gas Station,,2006-10-01 00:00:00.000,05B155A4-D125-4163-8E86-0A2D80B04FA2,5414769871,935,ROGUE RIVER,,,HWY,,,GRANTS PASS,OR,97527,2025-07-15 10:55:27.000,BTAX-040745-07-2025,2026-07-31 10:55:27.000
U-TURN FOR CHRIST," ",Inside City Limits,453310,Retail-Thrift Store,U-TURN FOR CHRIST CHARITY SHOPPE,2018-06-14 00:00:00.000,cf6888bd-8f8b-4851-add1-7599d3b5523c,5412913040,100,LEWIS,,,AVE,,,GRANTS PASS,OR,97527,2026-01-05 10:03:10.000,BTAX-042555-01-2026,2026-11-30 10:03:10.000
U-TURN FOR CHRIST,KEVIN DARR,Inside City Limits,453310,Retail-Thrift Store,U-TURN FOR CHRIST CHARITY SHOPPE,2018-06-14 00:00:00.000,cf6888bd-8f8b-4851-add1-7599d3b5523c,5412913040,100,LEWIS,,,AVE,,,GRANTS PASS,OR,97527,2026-01-05 10:03:10.000,BTAX-042555-01-2026,2026-11-30 10:03:10.000
VALDIVIA LLC,RAYMUNDO VALDIVIA,Outside City Limits,722330,Food-Mobile/Ice Cream Truck,BOBABLASTIC,2021-04-27 00:00:00.000,ad2faa8b-710a-41e5-b47f-c00a1cfa74bc,5416224875,2601,PALOMA,,,AVE,,,MEDFORD,OR,97504,2025-06-11 11:58:29.000,BTAX-040487-06-2025,2026-06-30 11:58:29.000
VALDIVIA LLC,RAYMUNDO VALDIVIA,Outside City Limits,722330,Food-Mobile/Ice Cream Truck,BOBABLASTIC,2021-04-27 00:00:00.000,ad2faa8b-710a-41e5-b47f-c00a1cfa74bc,5416224875,2601,PALOMA,,,AVE,,,MEDFORD,OR,97504,2025-06-11 12:58:22.000,BTAX-040488-06-2025,2026-06-30 12:58:22.000
VALDIVIA LLC,RAYMUNDO VALDIVIA,Outside City Limits,722330,Food-Mobile/Ice Cream Truck,BOBABLASTIC,2021-04-27 00:00:00.000,ad2faa8b-710a-41e5-b47f-c00a1cfa74bc,5416224875,2601,PALOMA,,,AVE,,,MEDFORD,OR,97504,2025-06-11 14:38:26.000,BTAX-040490-06-2025,2026-06-30 14:38:26.000
VALDIVIA LLC,RAYMUNDO VALDIVIA,Outside City Limits,722330,Food-Mobile/Ice Cream Truck,BOBABLASTIC,2021-04-27 00:00:00.000,ad2faa8b-710a-41e5-b47f-c00a1cfa74bc,5416224875,2601,PALOMA,,,AVE,,,MEDFORD,OR,97504,2025-06-11 12:58:22.000,BTAX-040488-06-2025,2026-06-30 12:58:22.000
VALDIVIA LLC,RAYMUNDO VALDIVIA,Outside City Limits,722330,Food-Mobile/Ice Cream Truck,BOBABLASTIC,2021-04-27 00:00:00.000,ad2faa8b-710a-41e5-b47f-c00a1cfa74bc,5416224875,2601,PALOMA,,,AVE,,,MEDFORD,OR,97504,2025-06-11 14:38:26.000,BTAX-040490-06-2025,2026-06-30 14:38:26.000
VALDIVIA LLC,RAYMUNDO VALDIVIA,Outside City Limits,722330,Food-Mobile/Ice Cream Truck,BOBABLASTIC,2021-04-27 00:00:00.000,ad2faa8b-710a-41e5-b47f-c00a1cfa74bc,5416224875,2601,PALOMA,,,AVE,,,MEDFORD,OR,97504,2025-06-11 11:58:29.000,BTAX-040487-06-2025,2026-06-30 11:58:29.000
VALENTINO'S,"   ",Outside City Limits,722330,Food-Mobile/Ice Cream Truck,,2012-08-23 00:00:00.000,6B15ED7E-A6DF-46FC-9113-E264A0D61FCE,5416591862,1630,WILLIAMS,,,HWY,,PMB 500,GRANTS PASS,OR,97527,2025-12-16 08:35:18.000,BTAX-042474-12-2025,2026-12-31 08:35:18.000
VALERIAN HOMES LLC,SARA  THORP,Inside City Limits,238190,Contractor-General/Building Exterior,,2009-02-25 00:00:00.000,BE2FCCE6-83B7-4701-9D05-A83DA4185E39,5419554663,PO BOX 157,,,,,,,GRANTS PASS,OR,97528,2025-08-12 15:16:34.000,BTAX-041198-08-2025,2026-08-31 15:16:34.000
"VALLE'S AUTO BODY AND PAINT   ",SCOTT & POLLY  VALLE,Inside City Limits,811121,"Auto-Body, Paint & Interior",,1995-02-08 00:00:00.000,C7D686A5-E240-4FAB-BA08-4C41E79CB643,5414713498,2744,HIGHLAND,,NW,AVE,,,GRANTS PASS,OR,97526,2026-02-02 16:38:57.000,BTAX-042714-02-2026,2026-12-31 16:38:57.000
VALLEY FIRE SERVICE," RURAL/METRO CORPORATION       ",Inside City Limits,541990,Professional-Misc,RURAL METRO FIRE DEPARTMENT,1986-03-24 00:00:00.000,8000FE52-35B7-4403-9E46-29948CD8D227,5414741218,PO BOX 729,,,,,,,GRANTS PASS,OR,97528,2026-03-10 14:35:47.000,BTAX-042939-03-2026,2027-02-28 14:35:47.000
"VALLEY FLEET MAINTENANCE      ",JAYME  BAKER,Outside City Limits,811111,Auto-General Repair,,1995-01-01 00:00:00.000,CD65012A-523D-4A2D-87B5-439EFF098060,5414769536,9115,LOWER RIVER,,,RD,,,GRANTS PASS,OR,97526,2025-09-03 11:23:34.000,BTAX-041622-09-2025,2026-08-31 11:23:34.000
VALLEY HEATING AND AIR CONDITIONING LLC,"ERIC WILLIAMS        ",Inside City Limits,238220,Contractor-HVAC Services,,2012-05-22 00:00:00.000,3DE59C00-ED75-44C1-9054-FE900487069A,5414796700,2750,BOARD SHANTY CREEK,,,RD,,,GRANTS PASS,OR,97527,2025-09-09 12:10:03.000,BTAX-041699-09-2025,2026-09-30 12:10:03.000
"VALLEY IMMEDIATE CARE LLC    ",JEFFREY  WILLIAMS,Inside City Limits,621111,Medical-Physician,,2007-06-13 00:00:00.000,22BD2BE8-62B6-4F40-A0DC-1E5A8C478C54,5414791090,162,BEACON,,NE,DR,,SUITE 103,GRANTS PASS,OR,97526,2025-11-10 10:44:56.000,BTAX-042248-11-2025,2026-11-30 10:44:56.000
"VALLEY LOCK & KEY             ",JAMES  LAPP,Outside City Limits,561622,Locksmith,,1997-09-30 00:00:00.000,DDDBC12A-1529-4B6C-B7F7-3C5B8E16735E,5414797212,200,LAPPLAND,,,DR,,,GRANTS PASS,OR,97527,2025-10-15 09:45:02.000,BTAX-042023-10-2025,2026-10-31 09:45:02.000
VALLEY MOBILE SHARPENING SERVICE," ",Outside City Limits,811310,Machinery/Equipment Maint,,2020-08-24 00:00:00.000,fee20f16-3bec-47c1-9a74-7378e89cafc1,5416138330,2215,"UPPER APPLEGATE ",,,RD,,,JACKSONVILLE,OR,97530,2026-03-11 14:34:24.000,BTAX-042945-03-2026,2027-03-31 14:34:24.000
VALLEY MOBILE SHARPENING SERVICE,PAUL SARGANIS,Outside City Limits,811310,Machinery/Equipment Maint,,2020-08-24 00:00:00.000,fee20f16-3bec-47c1-9a74-7378e89cafc1,5416138330,2215,"UPPER APPLEGATE ",,,RD,,,JACKSONVILLE,OR,97530,2026-03-11 14:34:24.000,BTAX-042945-03-2026,2027-03-31 14:34:24.000
"VALLEY OAKS LANDSCAPING       ",LOU  SCAPARO,Outside City Limits,541320,Landscaping Services,,2011-11-01 00:00:00.000,D046D36A-6109-4EF3-9CB6-8EC45024EA16,5414711709,1018,FERRY,,,RD,,,GRANTS PASS,OR,97526,2026-02-27 09:39:08.000,BTAX-042860-02-2026,2027-02-28 09:39:08.000
"VALLEY TEL SERVICE INC       ",RICHARD FELTZ,Outside City Limits,517110,Telecommunication-Wireless Carrier,,2006-12-28 00:00:00.000,2679C42B-06C2-40FD-BD54-41AEBE533C98,5417798904,2210,"STEPHENS ",,NE,ST,,,ROSEBURG,OR,97470,2025-08-20 11:32:31.000,BTAX-041449-08-2025,2026-08-31 11:32:31.000
VAL'S ICE CREAM LLC,VALERIE BLACKWOOD,Inside City Limits,722330,Food-Mobile/Ice Cream Truck,,2018-04-09 00:00:00.000,135d0e9a-304d-4b6d-8f86-b9e12655fb24,5419734723,931,FERN,,SE,ST,,,GRANTS PASS,OR,97526,2025-04-24 15:05:02.000,BTAX-040267-04-2025,2026-04-30 15:05:02.000
VAL'S ICE CREAM LLC," ",Inside City Limits,722330,Food-Mobile/Ice Cream Truck,,2018-04-09 00:00:00.000,135d0e9a-304d-4b6d-8f86-b9e12655fb24,5419734723,931,FERN,,SE,ST,,,GRANTS PASS,OR,97526,2025-04-24 15:05:02.000,BTAX-040267-04-2025,2026-04-30 15:05:02.000
"VAN OLPTON SHOES              ",PATRICIA SHANOR,Inside City Limits,448210,Retail-Shoes,,2009-01-20 00:00:00.000,A4A9F273-5658-49F9-AB52-DC045565F48C,5414760321,231,6TH,,SE,ST,,,GRANTS PASS,OR,97526,2025-10-29 11:27:19.000,BTAX-042140-10-2025,2026-10-31 11:27:19.000
"VAN ROW MECH INC             ","ROWAN & VAN SICKLE            ",Outside City Limits,811111,Auto-General Repair,,2005-06-29 00:00:00.000,892C26DA-C93E-493A-B574-D94F75702B56,5415389119,PO BOX 3813,,,,,,,CENTRAL POINT,OR,97502,2025-09-29 12:18:07.000,BTAX-041897-09-2025,2026-09-30 12:18:07.000
"VANDUSEN DESIGN               ",JASON & BONNIE  VANDUSEN,Inside City Limits,541430,Graphic Design,,2010-01-11 00:00:00.000,85EE46E9-36EB-4477-B351-792589762DF3,5413518566,1375,"REDWOOD ",,,CIR,,,GRANTS PASS,OR,97527,2025-10-06 12:46:49.000,BTAX-041941-10-2025,2026-09-30 12:46:49.000
"VERSATILE COMPANY LLC  ",Shawn Cote,Inside City Limits,238190,Contractor-General/Building Exterior,VERSATILE BUILDERS,1999-10-12 00:00:00.000,9157993F-6DCA-46E1-A5D0-EECFFD37A983,5414791810,2170,REDWOOD,,,AVE,,,GRANTS PASS,OR,97527,2025-08-15 16:12:30.000,BTAX-041299-08-2025,2026-07-31 16:12:30.000
"VERSATILE COMPANY LLC  ",SHAWN  COTE,Inside City Limits,238190,Contractor-General/Building Exterior,VERSATILE BUILDERS,1999-10-12 00:00:00.000,9157993F-6DCA-46E1-A5D0-EECFFD37A983,5414791810,2170,REDWOOD,,,AVE,,,GRANTS PASS,OR,97527,2025-08-15 16:12:30.000,BTAX-041299-08-2025,2026-07-31 16:12:30.000
VESTIS SERVICES LLC," ",Outside City Limits,812320,Dry Cleaning Services,,1987-07-01 00:00:00.000,1AE6CFFE-D59F-4B18-95D0-41EE69F9D0F6,8189733693,5880,NOLENSVILLE PK,,,,,,NASHVILLE,TN,37211,2025-10-20 14:20:21.000,BTAX-042060-10-2025,2026-10-31 14:20:21.000
"VETERANS OF FOREIGN WARS      ",DON GERMAN,Inside City Limits,813990,Organization-Misc,,2008-05-01 00:00:00.000,74B015FA-C92C-4443-B1BC-1FF5AF2B79AB,5417870380,PO BOX 686,,,,,,,GRANTS PASS,OR,97528,2025-11-19 09:16:28.000,BTAX-042318-11-2025,2026-11-30 09:16:28.000
"VICKI'S CLEANING SERVICES     ",VICKI  LAMAR,Inside City Limits,561720,Cleaning Service,,1997-07-01 00:00:00.000,F335F273-59AB-494B-9B31-146DC41F3334,5416605501,1404,ROGUE RIVER,,SW,AVE,,,GRANTS PASS,OR,97526,2025-09-02 15:58:23.000,BTAX-041608-09-2025,2026-09-30 15:58:23.000
"VICTORIA SANCHEZ, LMT"," ",Inside City Limits,621399,Medical-Massage Therapy,,2021-11-04 00:00:00.000,4b30c226-8762-4fc7-ab48-9ba47e5216f9,5414507506,746,MINNOW,,,LN,,,WILDERVILLE,OR,97543,2025-11-19 10:24:07.000,BTAX-042320-11-2025,2026-11-30 10:24:07.000
"VICTORIA SANCHEZ, LMT",VICTORIA  SANCHEZ,Inside City Limits,621399,Medical-Massage Therapy,,2021-11-04 00:00:00.000,4b30c226-8762-4fc7-ab48-9ba47e5216f9,5414507506,746,MINNOW,,,LN,,,WILDERVILLE,OR,97543,2025-11-19 10:24:07.000,BTAX-042320-11-2025,2026-11-30 10:24:07.000
"VICTOR'S CARS FOR LESS        ",VITALY & GALINA  GRITSIOUK,Inside City Limits,441120,Auto-Used Car Dealer,,1995-04-27 00:00:00.000,63FF010E-7D86-4855-B26D-4B1DF04A0CC9,5414413839,1959,"CROWN ",,NW,ST,,,GRANTS PASS,OR,97526,2025-07-02 14:04:33.000,BTAX-040604-07-2025,2026-07-31 14:04:33.000
"VIDEO WORLD                   ",JAMES L & KRYSTAL D  ARNETTE,Inside City Limits,532230,Movie Rentals,,1990-03-16 00:00:00.000,66712D1E-0CA7-4574-A201-17E88730B17A,5414718888,942-A,6TH,,SW,ST,,,GRANTS PASS,OR,97526,2025-10-31 12:16:41.000,BTAX-042181-10-2025,2026-10-31 12:16:41.000
VIKING AUTOMATIC SPRINKLER COMPANY,DEBORAH  MINER,Outside City Limits,238990,Contractor-Trade/Specialty,,2001-05-07 00:00:00.000,B1335928-FC35-4C9E-8E57-5AC0000AFC5C,5032271171,3245,"FRONT ",,NW,AVE,,,PORTLAND,OR,97210,2025-09-15 09:39:28.000,BTAX-041753-09-2025,2026-09-30 09:39:28.000
"VIKING CONCRETE CUTTING INC   ",MORGAN & ELLEN  STEINER,Outside City Limits,238110,Contractor-Concrete/Found/Structural,,1989-05-31 00:00:00.000,30C6014C-DAFD-42F8-8864-9295A729253C,5418919400,186,AYRES,,,RD,,,EAGLE POINT,OR,97524,2025-08-14 12:52:38.000,BTAX-041257-08-2025,2026-08-31 12:52:38.000
VINCE LEE CONSTRUCTION,VINCE LEE,Outside City Limits,238190,Contractor-General/Building Exterior,,2018-08-01 00:00:00.000,6a8cc852-8240-4770-ace7-66269503fbbd,,2868,WARDS,,,,,,ROGUE RIVER,OR,97537,2026-01-05 09:31:58.000,BTAX-042554-01-2026,2027-01-31 09:31:58.000
VINE STREET CARDLOCK,LANCE WOODBURY,Inside City Limits,447190,Gas Station,,2007-12-17 00:00:00.000,A30C2610-D357-4A26-8434-CCD15791B3D1,5417722053,3125,35TH,,NW,AVE,,,PORTLAND,OR,97210,2025-10-21 10:14:38.000,BTAX-042094-10-2025,2026-10-31 10:14:38.000
VINTAGE HOTELS,CARL JOHNSON,Inside City Limits,721110,Hotel/Motel,RIVERSIDE INN,1990-07-01 00:00:00.000,9DDBC6CB-09FB-436D-A5A9-1F396DA3D7CF,5414766873,PO BOX 910,,,,,,,GRANTS PASS,OR,97528,2025-08-19 12:57:57.000,BTAX-041408-08-2025,2026-08-31 12:57:57.000
"VINTAGE HOTELS   ",CARL JOHNSON,Inside City Limits,721110,Hotel/Motel,THE LODGE AT RIVERSIDE,2005-07-01 00:00:00.000,980F990B-7EB9-44B0-8EBF-4F4632D2B2CC,5419550600,PO BOX 910,,,,,,,GRANTS PASS,OR,97526,2025-08-19 12:29:30.000,BTAX-041401-08-2025,2026-07-31 12:29:30.000
"VINYL REVOLUTIONS             ",LARRY  HADSELL,Inside City Limits,451140,Retail-Music/Instruments & Supplies,,2005-11-07 00:00:00.000,DB073E02-13E2-4E5C-B9D2-C4B4B45EA3D6,5416591043,221,5TH,,NW,ST,,,GRANTS PASS,OR,97526,2025-08-21 15:48:20.000,BTAX-041489-08-2025,2026-08-31 15:48:20.000
"VIRGINIA BETETA RENTALS       ",VIRGINIA  BETETA,Outside City Limits,531110,Rental Units/Landlord,,2004-08-27 00:00:00.000,0E456B0E-3F55-4D3D-91AB-275B8C71AA0F,5412870395,17171,REDWOOD,,,HWY,,,SELMA,OR,97538,2025-10-08 09:34:42.000,BTAX-041968-10-2025,2026-10-31 09:34:42.000
"VISUAL EFX SIGNS & GRAPHICS   ",RJ  MCGAHUEY,Inside City Limits,541430,Graphic Design,,2012-03-23 00:00:00.000,CB42938B-6BB8-4031-90FC-FF4A8B6F71A9,5416608145,2939,REDWOOD,,,AVE,,,GRANTS PASS,OR,97527,2025-10-15 08:55:35.000,BTAX-042016-10-2025,2026-10-31 08:55:35.000
"VITUS CONSTRUCTION            ",COREY VITUS,Outside City Limits,238190,Contractor-General/Building Exterior,,1991-06-21 00:00:00.000,EB82D9B8-E6F0-4ECC-A93C-226B89506D09,5418557177,PO BOX 1097,,,,,,,GOLD HILL,OR,97525,2025-08-20 09:57:47.000,BTAX-041439-08-2025,2026-08-31 09:57:47.000
VIVID WHITENING STUDIO,SHAWNA WELCH AMANDA STEWART,Inside City Limits,812990,All Other Personal Services,,2022-11-21 00:00:00.000,f5aaa127-5f8e-41ac-b6a3-fafa184922c0,5416601118,2172,FORD,,SW,ST,,,GRANTS PASS,OR,97526,2026-01-08 16:25:29.000,BTAX-042584-01-2026,2027-01-31 16:25:29.000
VIVINT LLC," PEDERSON & BRENCHLEY          ",Outside City Limits,561621,Security System Services,,2011-05-19 00:00:00.000,A7FE20B4-FB9D-4E6E-8FC6-719F22CB1074,8774791670,3401,ASHTON,,N,BLVD,,,LEHI,UT,84043,2025-10-31 11:46:01.000,BTAX-042179-10-2025,2026-10-31 11:46:01.000
VIVINT LLC," PEDERSON & BRENCHLEY          ",Outside City Limits,561621,Security System Services,,2011-05-19 00:00:00.000,A7FE20B4-FB9D-4E6E-8FC6-719F22CB1074,8774791670,3401,ASHTON,,N,BLVD,,,LEHI,UT,84043,2025-10-31 11:46:01.000,BTAX-042179-10-2025,2026-10-31 11:46:01.000
VIVINT LLC," PEDERSON & BRENCHLEY          ",Outside City Limits,238990,Contractor-Trade/Specialty,,1988-09-21 00:00:00.000,6DCFE47E-B4A5-42DC-8D87-EAD9ADB51C35,8774791670,3401,ASHTON,,N,BLVD,,,LEHI,UT,84043,2026-01-09 15:55:50.000,BTAX-042592-01-2026,2026-12-31 15:55:50.000
"VORIS ENTERPRISES INC        "," ",Inside City Limits,445310,Liquor Store,GRANTS PASS LIQUOR STORE,2015-01-07 00:00:00.000,1F170DEE-F9FB-471B-B624-8675B2EAA1D8,5414793729,210,8TH,,SE,ST,,,GRANTS PASS,OR,97526,2025-07-28 08:50:29.000,BTAX-041008-07-2025,2026-07-31 08:50:29.000
VP INVESTMENTS LLC,NUNN &  DIMATTEO,Inside City Limits,445110,Food-Deli,THE O'ACES III,2009-12-01 00:00:00.000,E3BEF804-FC21-468D-B46B-B9240F6CA5B3,5414793896,690,REDWOOD,,,HWY,,,GRANTS PASS,OR,97527,2025-10-17 09:48:29.000,BTAX-042043-10-2025,2026-10-31 09:48:29.000
"VP INVESTMENTS LLC            ","JACK & GABRIELLE DIMATTEO RON & MARCIA NUNN               ",Inside City Limits,445110,Food-Deli,THE LUCKY DUCK,2002-04-30 00:00:00.000,7C0E9C05-26D2-4E75-9231-BE048543568E,5414712170,690,"REDWOOD ",,,HWY,,,GRANTS PASS,OR,97527,2025-10-17 09:50:56.000,BTAX-042044-10-2025,2026-10-31 09:50:56.000
"VP INVESTMENTS LLC            ","JACK & GABRIELLE DIMATTEO RON & MARCIA NUNN               ",Inside City Limits,445110,Food-Deli,THE LUCKY DUCK & DELI II,2016-05-01 00:00:00.000,600232e6-ee3a-4b15-bbea-929df86ee6c2,5414712170,690,REDWOOD,,,HWY,,,GRANTS PASS,OR,97527,2025-10-17 09:55:02.000,BTAX-042045-10-2025,2026-10-31 09:55:02.000
VYANET OPERATING GROUP INC,TRACY  JONES,Inside City Limits,561621,Security System Services,"VYANET SECURITY ",2014-10-07 00:00:00.000,8CD82867-67F4-4AD4-AA5B-F33B5FF3FD34,5412953223,410,COLUMBIA,,SW,ST,,SUITE 120,BEND,OR,97702,2025-07-18 12:32:14.000,BTAX-040820-07-2025,2026-07-31 12:32:14.000
"WACHTER INC                  ",BRAD  BOTTERON,Outside City Limits,238990,Contractor-Trade/Specialty,,2002-12-11 00:00:00.000,BA907419-3FF1-4AFF-98B6-3FE93176BEEB,9135412500,16001,"99TH ",,W,ST,,,LENEXA,KS,66219,2025-09-03 11:26:29.000,BTAX-041623-09-2025,2026-08-31 11:26:29.000
"WALGREENS #07373              "," WALGREENS CO                  ",Inside City Limits,446110,Pharmacy/Drug Store,,2003-04-25 00:00:00.000,0C55F8FA-805F-4A8C-BC5C-1B7626EE8596,5414714873,PO BOX 901,,,,,,MS 3215,DEERFIELD,IL,60015,2025-08-26 12:23:10.000,BTAX-041568-08-2025,2026-08-31 12:23:10.000
"WALLY SCHMIDT ELECTRIC INC       ",MICHEALE SCHMIDT,Outside City Limits,238210,Contractor-Electrical,,1991-06-21 00:00:00.000,26BFA641-BE33-42BC-A6A7-780544D456D2,5414798016,PO BOX 946,,,,,,,GRANTS PASS,OR,97528,2026-02-27 11:05:15.000,BTAX-042864-02-2026,2027-02-28 11:05:15.000
"WALLY SCHMIDT ELECTRIC INC       ","WALLY SCHMIDT, MICHELLE SCHMIDT JOSH SCHMIDT",Outside City Limits,238210,Contractor-Electrical,,1991-06-21 00:00:00.000,26BFA641-BE33-42BC-A6A7-780544D456D2,5414798016,PO BOX 946,,,,,,,GRANTS PASS,OR,97528,2026-02-27 11:05:15.000,BTAX-042864-02-2026,2027-02-28 11:05:15.000
WALMART INC,"ATTN: LICENSING ",Inside City Limits,452111,Retail-Department Store,WALMART #1834,1992-07-25 00:00:00.000,B5BC1D23-C75C-4E81-BC5C-1D19906C612E,5414712822,ATTN:  WALMART LICENSING,,"702 SW 8TH ST, MS # 0500",,,,,BENTONVILLE,AR,727160500,2025-08-12 10:37:22.000,BTAX-041172-08-2025,2026-08-31 10:37:22.000
WARD RENTALS,JAMES B & VICKI  WARD,Outside City Limits,531110,Rental Units/Landlord,,2008-02-10 00:00:00.000,CC76840F-7BB0-4CA7-88FF-822428616D32,5416609525,560,F,,NE,ST,,"SUITE A, PMB 433",GRANTS PASS,OR,97526,2025-09-09 11:36:47.000,BTAX-041697-09-2025,2026-08-31 11:36:47.000
"WASHBURN APPRAISALS INC      ",DEBRA & DAN  WASHBURN,Outside City Limits,531320,Real Estate Appraisal & Sales,,2004-09-07 00:00:00.000,7A3FF606-A265-499E-913B-A20416667BF5,5414710228,PO BOX 2365,,,,,,,GRANTS PASS,OR,97528,2025-07-14 15:09:39.000,BTAX-040725-07-2025,2026-07-31 15:09:39.000
"WASHINGTON FEDERAL #284       "," WASHINGTON FEDERAL            ",Inside City Limits,522110,Finance-Commercial Bank,,2012-10-31 00:00:00.000,54262239-3F6F-45EF-B026-92DE3F95CB9F,5414714993,PO BOX 817,,,,,,,GRANTS PASS,OR,97528,2025-07-25 15:43:36.000,BTAX-041001-07-2025,2026-07-31 15:43:36.000
"WASHINGTON FEDERAL #285       "," WASHINGTON FEDERAL            ",Inside City Limits,522110,Finance-Commercial Bank,,2012-10-31 00:00:00.000,3A65985D-2B4C-4897-88A7-6FAE2F3D6FA4,5414762337,290,UNION,,,AVE,,,GRANTS PASS,OR,97527,2025-12-08 12:25:54.000,BTAX-042412-12-2025,2026-12-31 12:25:54.000
WATCH ENTERPRISES LLC," ",Inside City Limits,339999,Manufacturing-Misc Manufacturing,,2020-03-03 00:00:00.000,0fece406-fe52-45dc-833c-d9a2cd21113d,5414728095,2185,SPALDING,,NE,AVE,,#10,GRANTS PASS,OR,97526,2025-08-25 16:20:51.000,BTAX-041544-08-2025,2026-08-31 16:20:51.000
WATCH ENTERPRISES LLC,JACK GOLDWASSER,Inside City Limits,339999,Manufacturing-Misc Manufacturing,,2020-03-03 00:00:00.000,0fece406-fe52-45dc-833c-d9a2cd21113d,5414728095,2185,SPALDING,,NE,AVE,,#10,GRANTS PASS,OR,97526,2025-08-25 16:20:51.000,BTAX-041544-08-2025,2026-08-31 16:20:51.000
WATERHOUSE LANDSCAPE MAINTENANCE," ",Inside City Limits,541320,Landscaping Services,,2023-09-27 00:00:00.000,95d9384f-966a-435f-b03b-c6bb1b2ecfa8,5412448898,560,F,,NE,ST,,A #532,GRANTS PASS,OR,97526,2026-02-20 16:24:34.000,BTAX-042830-02-2026,2027-02-28 16:24:34.000
WATERHOUSE LANDSCAPE MAINTENANCE,SHERRIE WATERHOUSE,Inside City Limits,541320,Landscaping Services,,2023-09-27 00:00:00.000,95d9384f-966a-435f-b03b-c6bb1b2ecfa8,5412448898,560,F,,NE,ST,,A #532,GRANTS PASS,OR,97526,2026-02-20 16:24:34.000,BTAX-042830-02-2026,2027-02-28 16:24:34.000
WATKINSON LAIRD RUBENSTEIN PC,"RUBENSTEIN, PALMER, BURGESS SIMMONS, DOLE & YATES",Inside City Limits,541110,Lawyer,,2013-02-06 00:00:00.000,9E0D4EEB-0650-4D76-8023-18623CD0F7EB,5412953218,1246,"7TH ",,NE,ST,,SUITE B,GRANTS PASS,OR,97526,2025-12-03 09:36:02.000,BTAX-042382-12-2025,2026-12-31 09:36:02.000
WAYNE ANTHONY MARTHALLER HVAC," ",Outside City Limits,238220,Contractor-HVAC Services,,2016-02-10 00:00:00.000,8afa3739-4999-45ad-8b70-7ea87e68de1d,5418408767,1300,MAIN,,E,ST,,,MEDFORD,OR,97504,2025-11-04 11:12:26.000,BTAX-042207-11-2025,2026-11-30 11:12:26.000
WAYNE ANTHONY MARTHALLER HVAC,WAYNE MARTHALLER,Outside City Limits,238220,Contractor-HVAC Services,,2016-02-10 00:00:00.000,8afa3739-4999-45ad-8b70-7ea87e68de1d,5418408767,1300,MAIN,,E,ST,,,MEDFORD,OR,97504,2025-11-04 11:12:26.000,BTAX-042207-11-2025,2026-11-30 11:12:26.000
"WAYNE OWEN FIGHTING ARTS      ",WAYNE & BUNNY  OWEN,Inside City Limits,713940,Fitness Center,,1997-01-01 00:00:00.000,65D1D9E6-D4EE-4FAD-B869-A5A1C3C7A171,5414769794,113,K,,SE,ST,,,GRANTS PASS,OR,97526,2025-07-22 14:51:05.000,BTAX-040898-07-2025,2026-07-31 14:51:05.000
WE CONDUIT," ",Outside City Limits,238220,Plumber,ROTO-ROOTER SEWER & DRAIN SERVICE,2007-06-01 00:00:00.000,29CD6EFB-5886-4AF5-8E83-53C25E7369C9,5414792901,PO BOX 1792,,,,,,,MEDFORD,OR,97501,2025-08-19 12:38:01.000,BTAX-041403-08-2025,2026-08-31 12:38:01.000
"WEBBERS FABRICATION           ",GABRIEL JOHN  WEBBER,Inside City Limits,238190,Welding/Fabrication,,2015-01-06 00:00:00.000,D783981B-A6E2-43A8-BFAB-094BBA13477C,5412957722,2001,FOOTHILL,,,BLVD,,,GRANTS PASS,OR,97526,2025-09-12 10:23:11.000,BTAX-041737-09-2025,2026-09-30 10:23:11.000
WEBFORMIX INTERNET COMPANY,MATT VANSOOY,Inside City Limits,517110,Telecommunication-Wireless Carrier,,2018-02-22 00:00:00.000,0de991dc-70b5-4731-b3ec-bfea2d43714d,5414746082,204,4TH,,NW,ST,,,GRANTS PASS,OR,97526,2026-03-09 14:08:26.000,BTAX-042914-03-2026,2027-03-31 14:08:26.000
WEBFORMIX INTERNET COMPANY,ERIC OZRELIC,Inside City Limits,517110,Telecommunication-Wireless Carrier,,2018-02-22 00:00:00.000,0de991dc-70b5-4731-b3ec-bfea2d43714d,5414746082,204,4TH,,NW,ST,,,GRANTS PASS,OR,97526,2026-03-09 14:08:26.000,BTAX-042914-03-2026,2027-03-31 14:08:26.000
WEBFORMIX INTERNET COMPANY," ",Inside City Limits,517110,Telecommunication-Wireless Carrier,,2018-02-22 00:00:00.000,0de991dc-70b5-4731-b3ec-bfea2d43714d,5414746082,204,4TH,,NW,ST,,,GRANTS PASS,OR,97526,2026-03-09 14:08:26.000,BTAX-042914-03-2026,2027-03-31 14:08:26.000
WEEKEND BREWING COMPANY LLC,KELSEY & TROY YOHO,Inside City Limits,312120,Brewery,WEEKEND BEER COMPANY,2017-12-28 00:00:00.000,94cfc03c-7b5d-46ba-ae77-c6ac2ff56eb4,5415500585,1863,WASHINGTON,,NW,BLVD,,,GRANTS PASS,OR,97526,2025-12-16 15:09:15.000,BTAX-042477-12-2025,2026-12-31 15:09:15.000
WEEKEND BREWING COMPANY LLC,ASHLEY & BRANDON CREWS,Inside City Limits,312120,Brewery,WEEKEND BEER COMPANY,2017-12-28 00:00:00.000,94cfc03c-7b5d-46ba-ae77-c6ac2ff56eb4,5415500585,1863,WASHINGTON,,NW,BLVD,,,GRANTS PASS,OR,97526,2025-12-16 15:09:15.000,BTAX-042477-12-2025,2026-12-31 15:09:15.000
WEEKEND BREWING COMPANY LLC," ",Inside City Limits,312120,Brewery,WEEKEND BEER COMPANY,2017-12-28 00:00:00.000,94cfc03c-7b5d-46ba-ae77-c6ac2ff56eb4,5415500585,1863,WASHINGTON,,NW,BLVD,,,GRANTS PASS,OR,97526,2025-12-16 15:09:15.000,BTAX-042477-12-2025,2026-12-31 15:09:15.000
WELBURN ELECTRIC INC,GARY WELBURN,Outside City Limits,238210,Contractor-Electrical,,1991-12-27 00:00:00.000,70BEE02C-E40F-47D6-A547-A9CB64DD452B,5415353727,PO BOX 329,,,,,,,PHOENIX,OR,97535,2025-07-25 15:03:16.000,BTAX-040996-07-2025,2026-07-31 15:03:16.000
"WELCH INVESTMENT GROUP LLC   ",STEVEN  WELCH,Inside City Limits,523999,Finance-Investment Activities,,1996-04-19 00:00:00.000,28961385-F644-40A4-8EC1-8716E385B6F6,5414746616,313,A,,NW,ST,,,GRANTS PASS,OR,97526,2023-07-10 13:35:34.000,BTAX-034774-07-2023,2023-07-31 13:35:34.000
"WELLHAVEN PETHEALTH OR, LLC","MARGARET FORSBERG BOWMAN, GLENN",Inside City Limits,541940,Veterinary,,2003-05-01 00:00:00.000,171EDAB5-4A81-4CB0-8E12-FAA680470A33,5419559655,PO BOX 98503,,,,,,,LAS VEGAS,NV,89193,2026-03-20 10:15:44.000,BTAX-043004-03-2026,2027-03-31 10:15:44.000
WELLONS INC," ",Inside City Limits,238190,Contractor-General/Building Exterior,WELLONS RPI,2008-10-31 00:00:00.000,4763B5A8-EB92-4F6A-A19C-8144361B9A4C,5415824526,2525,FIRESTONE,,W,LN,,,VANCOUVER,WA,98660,2025-10-15 10:09:36.000,BTAX-042028-10-2025,2026-10-31 10:09:36.000
WELLS FARGO BANK NA II," WELLS FARGO (CORP)            ",Inside City Limits,522110,Finance-Commercial Bank,,1990-09-08 00:00:00.000,971753FC-5817-4671-AEAB-6F93511B18EA,5415079500,BUSINESS LICENSE DEPARTMENT,,2030 MAIN ST FL 10 #E2231-101,,,,,IRVINE,CA,92614,2025-07-28 11:15:13.000,BTAX-041029-07-2025,2026-07-31 11:15:13.000
WELLS FARGO CLEARING SERVICES LLC,MARY  MACK,Inside City Limits,525990,Finance-Misc Finance,WELLS FARGO ADVISORS LLC,2014-08-21 00:00:00.000,39CA0715-7535-4349-841A-1132E6691B87,3148758719,1,JEFFERSON,,N,,,,SAINT LOUIS,MO,63103,2025-07-28 11:17:57.000,BTAX-041030-07-2025,2026-07-31 11:17:57.000
"WELLSPRING FAMILY PRACTICE    ",JON  ERMSHAR,Inside City Limits,621111,Medical-Physician,,1991-07-01 00:00:00.000,8BAD7936-9993-4B68-8570-550B73D8C40D,5414746053,220,CLYDESDALE,,,DR,,,GRANTS PASS,OR,97526,2025-07-23 13:10:30.000,BTAX-040952-07-2025,2026-07-31 13:10:30.000
"WENDY'S RESTAURANT #12805     "," WENOREGON LLC                 ",Inside City Limits,722513,Limited-Service Restaurant,,2006-12-01 00:00:00.000,9EF7FF69-6338-427C-80A0-CC89DE5DF00A,5414763797,9503,MONTGOMERY,,E,AVE,,FLOOR 1,SPOKANE VALLEY,WA,99206,2025-09-18 15:02:51.000,BTAX-041830-09-2025,2026-09-30 15:02:51.000
WESCO GROUP INC," ",Inside City Limits,811121,"Auto-Body, Paint & Interior",AUTOMOTIVE PAINT SPECIALTIES,2007-12-14 00:00:00.000,D401AC63-4046-4345-8819-72B65A0C99E4,4257710926,PO BOX 5003,,,,,,,LYNNWOOD,WA,98046,2025-05-13 15:54:25.000,BTAX-040358-05-2025,2026-05-31 15:54:25.000
WEST COAST METAL BUILDINGS INC,VENANCIO TORRES,Outside City Limits,238990,Contractor-Trade/Specialty,,2019-01-10 00:00:00.000,721f0ffb-1842-4794-85b2-ba370a8f91bb,5035667788,5232,SALEM DALLAS,,,HWY,NW,,SALEM,OR,97304,2025-04-16 15:20:35.000,BTAX-040232-04-2025,2026-04-30 15:20:35.000
WEST COAST METAL BUILDINGS INC,ALVARO ARELLANO,Outside City Limits,238990,Contractor-Trade/Specialty,,2019-01-10 00:00:00.000,721f0ffb-1842-4794-85b2-ba370a8f91bb,5035667788,5232,SALEM DALLAS,,,HWY,NW,,SALEM,OR,97304,2025-04-16 15:20:35.000,BTAX-040232-04-2025,2026-04-30 15:20:35.000
WEST COAST METAL BUILDINGS INC," ",Outside City Limits,238990,Contractor-Trade/Specialty,,2019-01-10 00:00:00.000,721f0ffb-1842-4794-85b2-ba370a8f91bb,5035667788,5232,SALEM DALLAS,,,HWY,NW,,SALEM,OR,97304,2025-04-16 15:20:35.000,BTAX-040232-04-2025,2026-04-30 15:20:35.000
"WESTERN REFINING RETAIL, LLC #9477/62524"," ",Inside City Limits,447190,Gas Station,,2020-10-01 00:00:00.000,1cba9ce1-95a4-4b06-b800-b4ab6c9667ec,9728287820,PO BOX 139044,,,,,,,DALLAS,TX,75313,2025-11-25 12:13:28.000,BTAX-042326-11-2025,2026-11-30 12:13:28.000
"WESTERN REFINING RETAIL, LLC #9477/62524"," ",Inside City Limits,447190,Gas Station,,2020-10-01 00:00:00.000,1cba9ce1-95a4-4b06-b800-b4ab6c9667ec,9728287820,PO BOX 139044,,,,,,,DALLAS,TX,75313,2025-11-25 12:13:28.000,BTAX-042326-11-2025,2026-11-30 12:13:28.000
"WESTERN SIGN SYSTEMS          ",CLINT WRIGHT,Inside City Limits,238990,Sign Installation/Painting,,1997-01-01 00:00:00.000,6D41302B-B85E-4BBE-A8ED-A3C720B142EE,5414799747,2852,"HIGHLAND ",,NW,AVE,,,GRANTS PASS,OR,97526,2025-08-01 10:54:20.000,BTAX-041061-08-2025,2026-07-31 10:54:20.000
"WESTERN STATES ENVIRONMENTAL, LLC",KERRY CHESTNUT,Outside City Limits,238190,Contractor-General/Building Exterior,,1997-12-01 00:00:00.000,770796CA-EAF7-4362-851D-653EE46AD1AE,5417702482,PO BOX 1745,,,,,,,JACKSONVILLE,OR,97530,2025-08-19 15:49:58.000,BTAX-041422-08-2025,2026-08-31 15:49:58.000
WESTERN STATES FIRE PROTECTION DBA OMLID & SWINNEY FIRE PROTECTION,"   ",Outside City Limits,238190,Contractor-General/Building Exterior,OMLID & SWINNEY FIRE PRO & SCR WESTERN STATES PROTECTION,1997-07-01 00:00:00.000,06013911-EF55-4832-B7D3-407E0E559BA6,5417411775,610,30TH,,,ST,,,SPRINGFIELD,OR,97478,2026-01-12 11:36:44.000,BTAX-042556-01-2026,2027-01-31 11:36:44.000
"WESTERN WOOD STRUCTURES, INC"," ",Outside City Limits,238990,Contractor-Trade/Specialty,,2017-06-02 00:00:00.000,9bb44478-720c-4433-8f35-ab2a1c3b0645,5036926900,PO BOX 130,,,,,,,TUALATIN,OR,97062,2025-07-02 10:38:21.000,BTAX-040602-07-2025,2026-07-31 10:38:21.000
WHITELAW WHOLESALE INC," W.A. WHITELAW & CO INC.       ",Outside City Limits,425120,Wholesale Agent,,1997-01-01 00:00:00.000,2E558B30-3845-4445-B240-2315CD2F7C1F,5417729261,20,JACKSON,,W,ST,,,MEDFORD,OR,97501,2025-07-22 12:57:00.000,BTAX-040888-07-2025,2026-07-31 12:57:00.000
WHITING ARTS,KYLOR WHITING,Inside City Limits,711510,Artist,,2021-09-02 00:00:00.000,325c2e96-dddb-4a52-85e2-c355b54528fb,5414410625,1630,WILLIAMS,,,HWY,,PMB 210,GRANTS PASS,OR,97527,2025-10-01 15:49:47.000,BTAX-041911-10-2025,2026-09-30 15:49:47.000
WHITING ARTS," ",Inside City Limits,711510,Artist,,2021-09-02 00:00:00.000,325c2e96-dddb-4a52-85e2-c355b54528fb,5414410625,1630,WILLIAMS,,,HWY,,PMB 210,GRANTS PASS,OR,97527,2025-10-01 15:49:47.000,BTAX-041911-10-2025,2026-09-30 15:49:47.000
"WICKED TOYS LLC              "," ",Inside City Limits,811121,"Auto-Body, Paint & Interior","GRANTS PASS COLLISION ",2006-06-27 00:00:00.000,FBA0BA80-AF7E-4E1B-819E-0D0D664FEF45,5414742599,418,F,,NE,ST,,,GRANTS PASS,OR,97526,2025-12-11 11:34:59.000,BTAX-042445-12-2025,2026-12-31 11:34:59.000
"WICKED TOYS LLC              ",SAGE DAVIS,Inside City Limits,811121,"Auto-Body, Paint & Interior","GRANTS PASS COLLISION ",2006-06-27 00:00:00.000,FBA0BA80-AF7E-4E1B-819E-0D0D664FEF45,5414742599,418,F,,NE,ST,,,GRANTS PASS,OR,97526,2025-12-11 11:34:59.000,BTAX-042445-12-2025,2026-12-31 11:34:59.000
"WICKED TOYS LLC              ",PAUL DEVEY,Inside City Limits,811121,"Auto-Body, Paint & Interior","GRANTS PASS COLLISION ",2006-06-27 00:00:00.000,FBA0BA80-AF7E-4E1B-819E-0D0D664FEF45,5414742599,418,F,,NE,ST,,,GRANTS PASS,OR,97526,2025-12-11 11:34:59.000,BTAX-042445-12-2025,2026-12-31 11:34:59.000
WICKS EMMETT LLP,"STEVE OLESON, JIM TREANOR-WEAVER",Inside City Limits,541211,Accountant-CPA,,2011-02-02 00:00:00.000,4280f88e-9b60-4726-8107-cebb8652bd3f,5414741040,PO BOX 2350,,,,,,,ROSEBURG,OR,97470,2025-10-15 09:14:56.000,BTAX-042018-10-2025,2026-10-31 09:14:56.000
WICKS EMMETT LLP,"CHUCK CHAPPELL, BRIAN MENEFEE",Inside City Limits,541211,Accountant-CPA,,2011-02-02 00:00:00.000,4280f88e-9b60-4726-8107-cebb8652bd3f,5414741040,PO BOX 2350,,,,,,,ROSEBURG,OR,97470,2025-10-15 09:14:56.000,BTAX-042018-10-2025,2026-10-31 09:14:56.000
WICKS EMMETT LLP," ",Inside City Limits,541211,Accountant-CPA,,2011-02-02 00:00:00.000,4280f88e-9b60-4726-8107-cebb8652bd3f,5414741040,PO BOX 2350,,,,,,,ROSEBURG,OR,97470,2025-10-15 09:14:56.000,BTAX-042018-10-2025,2026-10-31 09:14:56.000
"WICKS ENGINEERING & SURVEYING ",GARY WICKS,Inside City Limits,541330,Engineering Services,,1987-10-01 00:00:00.000,E6AA7E4D-B28F-42F1-9EBD-70D5F613D105,5414793436,962,N,,SE,ST,,,GRANTS PASS,OR,97526,2025-08-06 12:42:19.000,BTAX-041113-08-2025,2026-08-31 12:42:19.000
WIGGLE BUMS DOG GROOMING," ",Inside City Limits,812910,Pet Care Services,,2021-03-08 00:00:00.000,16f51952-620f-4e01-a04b-631ffd8b9f3a,,1370,ROGUE RIVER,,,HWY,,STE 2,GRANTS PASS,OR,97527,2025-04-11 12:28:09.000,BTAX-040192-04-2025,2026-04-30 12:28:09.000
WIGGLE BUMS DOG GROOMING,MORGAN WOLFE,Inside City Limits,812910,Pet Care Services,,2021-03-08 00:00:00.000,16f51952-620f-4e01-a04b-631ffd8b9f3a,,1370,ROGUE RIVER,,,HWY,,STE 2,GRANTS PASS,OR,97527,2025-04-11 12:28:09.000,BTAX-040192-04-2025,2026-04-30 12:28:09.000
WIGGLE BUMS DOG GROOMING,JASON WOLFE,Inside City Limits,812910,Pet Care Services,,2021-03-08 00:00:00.000,16f51952-620f-4e01-a04b-631ffd8b9f3a,,1370,ROGUE RIVER,,,HWY,,STE 2,GRANTS PASS,OR,97527,2025-04-11 12:28:09.000,BTAX-040192-04-2025,2026-04-30 12:28:09.000
"WILCON ELECTRIC, LLC"," ",Outside City Limits,238210,Contractor-Electrical,,2022-08-22 00:00:00.000,b230a027-e0aa-4e33-b624-f026117f50b6,5419416997,4935,PIONEER,,,RD,,,MEDFORD,OR,97501,2025-08-14 10:47:45.000,BTAX-041237-08-2025,2026-08-31 10:47:45.000
"WILCON ELECTRIC, LLC",MATTHEW WILCOX,Outside City Limits,238210,Contractor-Electrical,,2022-08-22 00:00:00.000,b230a027-e0aa-4e33-b624-f026117f50b6,5419416997,4935,PIONEER,,,RD,,,MEDFORD,OR,97501,2025-08-14 10:47:45.000,BTAX-041237-08-2025,2026-08-31 10:47:45.000
WILD SOUL PHOTOGRAPHY," ",Outside City Limits,541921,Photography,,2017-07-17 00:00:00.000,0c2f5a53-0b07-4a8a-8148-e30ab540b29c,5413103655,321,HONEYLYNN,,,LN,,,GRANTS PASS,OR,97527,2025-10-02 15:14:03.000,BTAX-041921-10-2025,2026-10-31 15:14:03.000
WILD SOUL PHOTOGRAPHY,JESSICA HALL,Outside City Limits,541921,Photography,,2017-07-17 00:00:00.000,0c2f5a53-0b07-4a8a-8148-e30ab540b29c,5413103655,321,HONEYLYNN,,,LN,,,GRANTS PASS,OR,97527,2025-10-02 15:14:03.000,BTAX-041921-10-2025,2026-10-31 15:14:03.000
"WILLAMETTE DENTAL GROUP       ",EUGENE  SKOURTES,Inside City Limits,621210,Medical-Dentist,,1995-01-01 00:00:00.000,DF7F58C1-9EC7-453C-B39D-93FB1B59333C,5039522000,6950,CAMPUS,,NE,WAY,,,HILLSBORO,OR,97124,2025-10-10 08:55:26.000,BTAX-041982-10-2025,2026-10-31 08:55:26.000
"WILLAMETTE GRAYSTONE          "," PAVESTONE LLC",Inside City Limits,452990,"Retail-General Merchandise ",,2011-01-01 00:00:00.000,AB55392F-3C45-4BAF-A9C4-E1F94A614316,5417471225,3700,"FRANKLIN ",,,BLVD,,,EUGENE,OR,97403,2025-11-04 11:03:31.000,BTAX-042204-11-2025,2026-10-31 11:03:31.000
"WILLIAM POWELL LCSW          ",WILLIAM  POWELL,Inside City Limits,621112,Medical-Mental Health Specialist,,2003-12-01 00:00:00.000,6E5F535B-866D-428B-BEA3-E4D899166B31,5414728222,1201,"7TH ",,NE,ST,,SUITE C,GRANTS PASS,OR,97526,2025-07-23 14:38:22.000,BTAX-040957-07-2025,2026-07-31 14:38:22.000
WILLIAM R WARNER RESIDENTIAL RENTALS,WILLIAM  WARNER,Inside City Limits,531110,Rental Units/Landlord,,1989-07-01 00:00:00.000,648D1FDC-D3C3-46AE-B790-075430A6C070,5414766595,716,FRY,,NW,ST,,,GRANTS PASS,OR,97526,2025-08-28 14:53:50.000,BTAX-041579-08-2025,2026-08-31 14:53:50.000
WILLIAMS VENTURE 3878 LLC,LEW SAELEE,Inside City Limits,722511,Restaurant,JIMMY JOHNS',2022-03-31 00:00:00.000,1e2fca41-4715-4edc-800e-4e67a9f5f765,5412958031,3005,MEADOWBROOK,,S,ST,,,VISALIA,CA,93292,2025-06-30 15:38:49.000,BTAX-040582-06-2025,2026-06-30 15:38:49.000
WILLIAMS VENTURE 3878 LLC," ",Inside City Limits,722511,Restaurant,JIMMY JOHNS',2022-03-31 00:00:00.000,1e2fca41-4715-4edc-800e-4e67a9f5f765,5412958031,3005,MEADOWBROOK,,S,ST,,,VISALIA,CA,93292,2025-06-30 15:38:49.000,BTAX-040582-06-2025,2026-06-30 15:38:49.000
WILLIAMS VENTURE 3878 LLC,NICK  SAELEE,Inside City Limits,722511,Restaurant,JIMMY JOHNS',2022-03-31 00:00:00.000,1e2fca41-4715-4edc-800e-4e67a9f5f765,5412958031,3005,MEADOWBROOK,,S,ST,,,VISALIA,CA,93292,2025-06-30 15:38:49.000,BTAX-040582-06-2025,2026-06-30 15:38:49.000
"WILSON-HEIRGOOD ASSOCIATION   "," ",Outside City Limits,524210,Insurance Agency & Brokerages,"WHA INSURANCE AGENCY, INC",2011-10-31 00:00:00.000,8BF519A4-6D14-45F0-9822-E830F7100CF6,8008526140,2930,CHAD,,,DR,,,EUGENE,OR,97408,2026-01-02 15:09:19.000,BTAX-042543-01-2026,2026-12-31 15:09:19.000
"WILSON-HEIRGOOD ASSOCIATION   ","  GRIFFIN",Outside City Limits,524210,Insurance Agency & Brokerages,"WHA INSURANCE AGENCY, INC",2011-10-31 00:00:00.000,8BF519A4-6D14-45F0-9822-E830F7100CF6,8008526140,2930,CHAD,,,DR,,,EUGENE,OR,97408,2026-01-02 15:09:19.000,BTAX-042543-01-2026,2026-12-31 15:09:19.000
"WIN ELDER CONSTRUCTION LLC       ",WIN  ELDER,Outside City Limits,238190,Contractor-General/Building Exterior,,2010-09-03 00:00:00.000,F676BD90-8F3C-465D-8E3A-D0DB2E4EDB99,5414413740,8185,MONUMENT,,,DR,,,GRANTS PASS,OR,97526,2025-08-14 12:00:01.000,BTAX-041245-08-2025,2026-08-31 12:00:01.000
"WINCO FOODS LLC              "," WINCO FOODS LLC",Inside City Limits,445110,Food-Grocery Store,,2016-01-28 00:00:00.000,10E7C3D4-BE1E-44DF-8F1B-474E6802FC54,4582127000,PO BOX 5756,,,,,,,BOISE,ID,83705,2025-10-29 11:30:07.000,BTAX-042141-10-2025,2026-10-31 11:30:07.000
WINDERMERE REAL ESTATE SOUTHERN OREGON," ",Inside City Limits,531210,Real Estate Agents/Brokers,,1999-08-26 00:00:00.000,BFDC1D18-BAA8-4AF3-A271-C1C7EADB1C7E,5414762000,202,EVELYN,,NE,AVE,," ",GRANTS PASS,OR,97526,2026-01-06 14:12:40.000,BTAX-042571-01-2026,2027-01-31 14:12:40.000
WINDERMERE REAL ESTATE SOUTHERN OREGON,MARIAN SZEWC,Inside City Limits,531210,Real Estate Agents/Brokers,,1999-08-26 00:00:00.000,BFDC1D18-BAA8-4AF3-A271-C1C7EADB1C7E,5414762000,202,EVELYN,,NE,AVE,," ",GRANTS PASS,OR,97526,2026-01-06 14:12:40.000,BTAX-042571-01-2026,2027-01-31 14:12:40.000
WINDERMERE REAL ESTATE SOUTHERN OREGON,SUSAN JAEGER,Inside City Limits,531210,Real Estate Agents/Brokers,,1999-08-26 00:00:00.000,BFDC1D18-BAA8-4AF3-A271-C1C7EADB1C7E,5414762000,202,EVELYN,,NE,AVE,," ",GRANTS PASS,OR,97526,2026-01-06 14:12:40.000,BTAX-042571-01-2026,2027-01-31 14:12:40.000
WINSTON'S PROFESSIONAL PAINTING,WINSTON  ODOM,Inside City Limits,238320,Painting & Wall Covering,,2003-10-01 00:00:00.000,843E76F9-3D91-421F-8A06-D2F30B96D080,5414729579,715,AMELIA,,NW,DR,,,GRANTS PASS,OR,97526,2025-08-12 15:56:25.000,BTAX-041205-08-2025,2026-08-31 15:56:25.000
"WINTERS ELECTRIC LLC         "," ",Outside City Limits,238210,Contractor-Electrical,,2011-06-06 00:00:00.000,BA17D616-4922-49FA-96CB-2B1010D6534F,5416644505,PO BOX 3757,,,,,,,CENTRAL POINT,OR,97502,2025-07-22 10:24:24.000,BTAX-040853-07-2025,2026-07-31 10:24:24.000
"WISE ROOTS YOGA               ",CRYSTAL  NOLL,Inside City Limits,713940,Fitness Center,,2015-05-04 00:00:00.000,1BE195A2-0364-459A-BB2B-FB737492F2AC,5416591045,304,ELM,,NW,ST,,,GRANTS PASS,OR,97526,2025-08-13 09:21:47.000,BTAX-041215-08-2025,2026-07-31 09:21:47.000
"WLM & NONNIE EVENSEN RENTALS  ",WILLIAM & NONNIE  EVENSEN,Inside City Limits,531110,Rental Units/Landlord,,1994-06-01 00:00:00.000,79C294AF-6875-4001-A5AC-7D11D528447C,5416601372,134,KINGSGATE,,,WAY,,,GRANTS PASS,OR,97527,2025-07-23 11:16:18.000,BTAX-040944-07-2025,2026-07-31 11:16:18.000
WOMEN'S HEALTH CENTER OF SOUTHERN OREGON PC,"OHEN, MEDLEY, EAGAN & BATTEY",Inside City Limits,621111,Medical-Physician,,2005-09-12 00:00:00.000,6A410D0B-C6D6-41D3-814D-535CF958A8C6,5414798363,1075,GRANDVIEW,,SW,AVE,,SUITE 200,GRANTS PASS,OR,97527,2025-07-22 14:04:14.000,BTAX-040891-07-2025,2026-07-31 14:04:14.000
"WONDERLAND LLC               ",A. COSTANTINO  J. HECKER,Outside City Limits,531110,Rental Units/Landlord,,1996-01-01 00:00:00.000,35BBD5E9-3B84-4A5E-AC79-BFA8D2C05092,5417871380,3610,"ROGUE RIVER ",,,HWY,,,GRANTS PASS,OR,97527,2026-01-30 16:24:41.000,BTAX-042707-01-2026,2027-01-31 16:24:41.000
WOOD CONSULTING INC," WOOD",Inside City Limits,621399,Medical-Massage Therapy,RIVERSIDE PHYSICAL THERAPY,2004-07-09 00:00:00.000,0B8D3254-BAD0-495D-AD66-D66FC7F41173,5419550940,544,UNION,,,AVE,,,GRANTS PASS,OR,97527,2025-07-25 09:32:55.000,BTAX-040966-07-2025,2026-07-31 09:32:55.000
"WOODBURY ENERGY CO, INC        "," ",Inside City Limits,447190,Gas Station,,1986-02-10 00:00:00.000,A30761F4-D387-458F-9CD9-40B0083544E5,5034714331,PO BOX 6030,,,,,,,PORTLAND,OR,97228,2025-08-19 11:25:57.000,BTAX-041386-08-2025,2026-07-31 11:25:57.000
WOODLAND HILL DEVELOPMENT LLC,RANDY WYTCHERLEY,Inside City Limits,236118,Const-Residential Remodeler,,2020-05-01 00:00:00.000,5882acbf-2d19-4b0d-88ad-fd992e64c7b3,,3250,WOODLAND PARK,,,RD,,,GRANTS PASS,OR,97527,2025-11-24 12:08:46.000,BTAX-042345-11-2025,2026-10-31 12:08:46.000
WOODLAND HILL DEVELOPMENT LLC,RANDY WYTCHERLEY,Inside City Limits,236118,Const-Residential Remodeler,,2020-05-01 00:00:00.000,5882acbf-2d19-4b0d-88ad-fd992e64c7b3,,3250,WOODLAND PARK,,,RD,,,GRANTS PASS,OR,97527,2025-11-24 12:08:46.000,BTAX-042345-11-2025,2026-10-31 12:08:46.000
WOVEN AND WYLD LLC,THOMAS  BRACY,Inside City Limits,454390,Retail-Misc Direct Selling Establishment,,2022-05-20 00:00:00.000,56d947c2-cde6-46ef-a11d-5462690fbe9a,8435434604,"1730 ",DUTCHER CREEK,,,RD,,,GRANTS PASS,OR,97527,2025-07-16 15:58:19.000,BTAX-040817-07-2025,2026-07-31 15:58:19.000
WOVEN AND WYLD LLC," ",Inside City Limits,454390,Retail-Misc Direct Selling Establishment,,2022-05-20 00:00:00.000,56d947c2-cde6-46ef-a11d-5462690fbe9a,8435434604,"1730 ",DUTCHER CREEK,,,RD,,,GRANTS PASS,OR,97527,2025-07-16 15:58:19.000,BTAX-040817-07-2025,2026-07-31 15:58:19.000
"WSF, INC. DBA GRANTS PASS PLUMBING",WILLIAM FAIRHURST,Inside City Limits,238220,Plumber,GRANTS PASS PLUMBING,2004-07-01 00:00:00.000,8A091176-D01B-46BA-8A46-ED7A2E2BDDAE,5419550330,432,"6TH ",,NW,ST,,SUITE 106,GRANTS PASS,OR,97526,2025-07-10 15:39:50.000,BTAX-040662-07-2025,2026-07-31 15:39:50.000
"XEROX CORPORATION             ",URSULA BURNS,Outside City Limits,453210,Retail-Office Supplies,,1997-01-01 00:00:00.000,21AC8A89-9DC0-430B-8499-6A8FBBAC3E0A,2148418487,251,LITTLE FALLS,,,DR,,,WILMINGTON,DE,19808,2025-07-22 08:56:17.000,BTAX-040846-07-2025,2026-07-31 08:56:17.000
Y&D AUTOMOTIVE,DANIELLE CASTRO,Inside City Limits,811111,Auto-General Repair,,2020-07-17 00:00:00.000,d8cfd996-41dd-4442-a268-76eb6fc7fc5a,5414508052,1179,GARDEN TERRACE,,,RD,,,GRANTS PASS,OR,97527,2025-07-30 15:04:54.000,BTAX-041041-07-2025,2026-07-31 15:04:54.000
Y&D AUTOMOTIVE,YENSY CASTRO,Inside City Limits,811111,Auto-General Repair,,2020-07-17 00:00:00.000,d8cfd996-41dd-4442-a268-76eb6fc7fc5a,5414508052,1179,GARDEN TERRACE,,,RD,,,GRANTS PASS,OR,97527,2025-07-30 15:04:54.000,BTAX-041041-07-2025,2026-07-31 15:04:54.000
Y&D AUTOMOTIVE," ",Inside City Limits,811111,Auto-General Repair,,2020-07-17 00:00:00.000,d8cfd996-41dd-4442-a268-76eb6fc7fc5a,5414508052,1179,GARDEN TERRACE,,,RD,,,GRANTS PASS,OR,97527,2025-07-30 15:04:54.000,BTAX-041041-07-2025,2026-07-31 15:04:54.000
"YORK ELECTRIC                 ",DANNY YORK,Outside City Limits,238210,Contractor-Electrical,,1999-05-12 00:00:00.000,31B3C16B-BC6E-4238-A9A3-9A7B5D35EB7D,5416602793,1528,SCHUTZWOHL,,,LN,,,GRANTS PASS,OR,97527,2025-11-10 12:11:12.000,BTAX-042265-11-2025,2026-11-30 12:11:12.000
YOUR STORAGE SOLUTION,CRAIG & BEVERLY NELSON,Inside City Limits,493110,Storage & General Warehousing,,2021-12-01 00:00:00.000,3114e8c0-ae3e-489e-8fa9-4ca47f4e42e2,5412958337,1270,ROGUE RIVER,," ",HWY,," ",GRANTS PASS,OR,97527,2026-01-05 13:01:04.000,BTAX-042558-01-2026,2027-01-31 13:01:04.000
YOUR STORAGE SOLUTION," ",Inside City Limits,493110,Storage & General Warehousing,,2021-12-01 00:00:00.000,3114e8c0-ae3e-489e-8fa9-4ca47f4e42e2,5412958337,1270,ROGUE RIVER,," ",HWY,," ",GRANTS PASS,OR,97527,2026-01-05 13:01:04.000,BTAX-042558-01-2026,2027-01-31 13:01:04.000
"YOUTH 71FIVE MINISTRIES ","YOUTH 71FIVE  MINISTRIES ",Inside City Limits,813110,Religious Organization,,2021-01-01 00:00:00.000,da759aef-f6fc-45e5-b1f4-788f5f3af8b2,5417793275,529,EDWARDS,,,ST,,,"MEDFORD ",OR,97501,2025-08-07 11:37:50.000,BTAX-041118-08-2025,2026-08-31 11:37:50.000
"ZCS ENGINEERING & ARCHITECTURE       "," ",Inside City Limits,541330,Engineering Services,,2006-11-01 00:00:00.000,F0C8712B-4101-4D87-84CE-83666204FCA9,5414793865,900,KLAMATH,,,AVE,,,KLAMATH FALLS,OR,97601,2025-07-18 16:25:30.000,BTAX-040839-07-2025,2026-07-31 16:25:30.000
ZERO GRAVITY ENTERPRISE LLC," ",Inside City Limits,238190,Contractor-General/Building Exterior,,2021-10-01 00:00:00.000,ca05588b-8af0-418d-bc9b-ffc89b0f67b7,5412185877,855,RAINBOW,,,DR,,,GRANTS PASS,OR,97526,2025-10-17 09:58:41.000,BTAX-042046-10-2025,2026-10-31 09:58:41.000
ZERO GRAVITY ENTERPRISE LLC,BRIAN  BRENNAN,Inside City Limits,238190,Contractor-General/Building Exterior,,2021-10-01 00:00:00.000,ca05588b-8af0-418d-bc9b-ffc89b0f67b7,5412185877,855,RAINBOW,,,DR,,,GRANTS PASS,OR,97526,2025-10-17 09:58:41.000,BTAX-042046-10-2025,2026-10-31 09:58:41.000
ZERO GRAVITY ENTERPRISE LLC,KEVIN  BRENNAN,Inside City Limits,238190,Contractor-General/Building Exterior,,2021-10-01 00:00:00.000,ca05588b-8af0-418d-bc9b-ffc89b0f67b7,5412185877,855,RAINBOW,,,DR,,,GRANTS PASS,OR,97526,2025-10-17 09:58:41.000,BTAX-042046-10-2025,2026-10-31 09:58:41.000
ZERO GRAVITY ENTERPRISE LLC,DANIEL BRENNAN,Inside City Limits,238190,Contractor-General/Building Exterior,,2021-10-01 00:00:00.000,ca05588b-8af0-418d-bc9b-ffc89b0f67b7,5412185877,855,RAINBOW,,,DR,,,GRANTS PASS,OR,97526,2025-10-17 09:58:41.000,BTAX-042046-10-2025,2026-10-31 09:58:41.000
ZERO GRAVITY ENTERPRISE LLC,CHARLIE  BRENNAN,Inside City Limits,238190,Contractor-General/Building Exterior,,2021-10-01 00:00:00.000,ca05588b-8af0-418d-bc9b-ffc89b0f67b7,5412185877,855,RAINBOW,,,DR,,,GRANTS PASS,OR,97526,2025-10-17 09:58:41.000,BTAX-042046-10-2025,2026-10-31 09:58:41.000
ZONTA CLUB OF GRANTS PASS FOUNDATION,ANNA DEHOOG ANTIONETTE MARKLEY,Outside City Limits,813990,Organization-Misc,,1947-04-17 00:00:00.000,93C28C5A-9C17-41D3-9931-04871AA4914D,5416602225,PO BOX 1615,,,,,,,GRANTS PASS,OR,97528,2025-12-02 14:20:16.000,BTAX-042380-12-2025,2026-11-30 14:20:16.000
"Z'S T'S                       ",ZACHARY  HINKLE,Inside City Limits,448150,Retail-Clothing & Accessories,,2010-07-22 00:00:00.000,63506F9D-33FF-47B4-B6EA-AA4F20C70AB6,5417616562,1211,OAK,,SW,ST,," ",GRANTS PASS,OR,97526,2025-10-29 12:01:08.000,BTAX-042143-10-2025,2026-10-31 12:01:08.000
"ZZ ELECTRIC LLC              ",MARK ZAKOWSKI,Outside City Limits,238210,Contractor-Electrical,,2004-06-25 00:00:00.000,EFBDC819-F969-4EB7-96BF-75B5F3809C93,5416655386,744,GRAPE,,S,ST,,,MEDFORD,OR,97501,2025-07-28 11:10:01.000,BTAX-041028-07-2025,2026-07-31 11:10:01.000
