LICENSENUMBER,ContactName,CompanyName,DBA,NumberOfEmployees,Location,CodeNumber,BusinessType,BUSINESSPHONE,OpenedDate,BLGLOBALENTITYEXTENSIONID,situs_addressline1,situs_addressline2,situs_addressline3,situs_predirection,situs_streettype,situs_postdirection,situs_unitorsuite,situs_city,situs_state,situs_postalcode,mailing_addressline1,mailing_addressline2,mailing_addressline3,mailing_predirection,mailing_streettype,mailing_postdirection,mailing_unitorsuite,mailing_city,mailing_state,mailing_postalcode,ISSUEDDATE,EXPIRATIONDATE
BTAX-043015-03-2026,,PLATT ELECTRIC SUPPLY         ,,5,Outside City Limits,444140,Retail-Hardware,9723873600,2/23/1998 0:00,023C8A90-2BB6-43B7-B761-3774E19EDC7B,1980,WASHINGTON,,NW,BLVD,,,GRANTS PASS,OR,97526,ATTN LICENSING DEPARTMENT,,PO BOX 9085,,,,,ADDISON,TX,75001,3/23/2026 12:08,3/31/2027 12:08
BTAX-042897-03-2026,,NORTHCORE USA LLC,,5,Outside City Limits,238910,Excavation - Site Preparation,5033917944,11/8/2012 0:00,ee2f0fde-906f-4e7b-9581-57cb4b17dc1c,,,,,,,,,,,36259,HWY 226,,,,SE,,ALBANY,OR,97322,3/24/2026 15:02,3/31/2027 15:02
BTAX-043900-07-2026,,KEY BANK                      ,,5,Inside City Limits,522110,Finance-Commercial Bank,5414792299,12/7/1993 0:00,9D088F71-F51D-4CD1-8D36-C14A4AB180FD,1646,WILLIAMS,, ,HWY,, ,GRANTS PASS,OR,97527,PO BOX 1865,,,,,,,ALBANY,NY,122011865,7/21/2026 9:27,7/31/2027 9:27
BTAX-041858-09-2025,MOSE WAHLSTROM,MOSE & PARIS WAHLSTROM RENTALS,,2,Outside City Limits,531110,Rental Units/Landlord,5033498559,8/10/2018 0:00,94baf608-9602-4693-b20d-9c331ace43d9,,,,,,,,,,,19075,MADELINE,,SW,ST,,,ALOHA,OR,97078,9/23/2025 10:56,9/30/2026 10:56
BTAX-043935-07-2026,,LIN R ROGERS ELECTRICAL CONTRACTORS INC,,5,Outside City Limits,238210,Contractor-Electrical,7707723400,11/3/2014 0:00,BEC4C764-60F2-4C87-8088-802E3DE96710,,,,,,,,,,,2050,MARCONI,,,DR,,SUITE 100,ALPHARETTA,GA,30005,7/27/2026 10:30,7/31/2027 10:30
BTAX-042112-10-2025,JERRY DIETRICK,JERRY DIETRICK CONSTRUCTION INC,,3,Outside City Limits,238190,Contractor-General/Building Exterior,5418460343,8/9/2002 0:00,5E827CD1-D885-4F82-866E-E5B8B95FA4BB,,,,,,,,,,,9491,THOMPSON CREEK,,,RD,,,APPLEGATE,OR,97530,10/23/2025 10:17,10/31/2026 10:17
BTAX-042654-01-2026,CLAY ROARK,INDUSTRIAL BOLT AND SUPPLY INC,,2,Inside City Limits,444140,Retail-Hardware,5414742212,2/2/2016 0:00,7f6671f7-d92e-4bef-bb97-c07c2bb50616,1616,DOWELL,,,RD,,SUITE D/E,GRANTS PASS,OR,97527,7111,COOPER,,S,ST,,SUITE 175,ARLINGTON,TX,76001,1/20/2026 14:30,1/31/2027 14:30
BTAX-041371-08-2025,,IBM CORPORATION               ,,1,Outside City Limits,541519,Computer Services,9147651915,12/20/2006 0:00,FD89CF2E-EF70-4AEC-914B-0E9FB667EB12,,,,,,,,,,,1,CASTLE,,,DR,,MD 243,ARMONK,NY,10504,8/19/2025 10:21,8/31/2026 10:21
BTAX-041471-08-2025,KAREN MORRIS,THE CLEANING CREW LLC        ,,4,Outside City Limits,561720,Cleaning Service,5416016236,1/1/2005 0:00,49DDDB4E-AA38-4CCE-9819-CBE0CD63D5CC,258,A,,,ST,,20,ASHLAND,OR,97520,1467,SISKIYOU ,,,BLVD,,#213,ASHLAND,OR,97520,8/20/2025 14:47,8/31/2026 14:47
BTAX-041816-09-2025,,TRUE SOUTH SOLAR INC          ,,7,Outside City Limits,238220,Solar Equipment Installation,5418166230,8/31/2010 0:00,3B2C6358-F750-4A23-9D51-11F6F3DEA732,,,,,,,,,,,125,CLEAR CREEK,,,DR,,,ASHLAND,OR,97520,9/18/2025 12:53,9/30/2026 12:53
BTAX-042021-10-2025,WILLIAM  RODDEN ,RETINA & VITREOUS CENTER SO PC,,24,Inside City Limits,621111,Medical-Physician,5414883192,1/11/2008 0:00,F0FFBB78-D38D-4A4C-A134-12B1A4E0CDA4,1019,7TH,,NE,ST,, ,GRANTS PASS,OR,97526,246,CATALINA,,,DR,,SUITE 1,ASHLAND,OR,97520,10/15/2025 9:33,10/31/2026 9:33
BTAX-042146-10-2025,JOHN  SCHWEIGER,COMING ATTRACTIONS THEATRES   ,SOUTHGATE CINEMAS,11,Inside City Limits,512131,Movie Theater,5414718503,12/31/1997 0:00,65C3C579-2845-4EDA-AB84-34D63ACAC433,1625,RINGUETTE,, ,ST,, ,GRANTS PASS,OR,97527,PO BOX 219,ASHLAND ,,,ST,,,ASHLAND,OR,97520,10/29/2025 12:17,10/31/2026 12:17
BTAX-042227-11-2025,BERTO VILLASENOR,GP AUTO GROUP LLC,,16,Inside City Limits,811191,Auto-Oil Change/Lubrication Shop,5415071116,10/3/2022 0:00,b8dda78e-9ef5-4658-97d9-b10f6e19ecbd,819,MILL,,SE,ST,, ,GRANTS PASS,OR,97526,2210,ASHLAND,,,ST,,,ASHLAND,OR,97520,11/6/2025 12:23,11/30/2026 12:23
BTAX-042253-11-2025,MARK  HUTTO,J AUSTIN & COMPANY           ,,2,Inside City Limits,458310,Retail-Jewelry Store,5414884312,3/1/2013 0:00,25A0A789-95F5-4EAC-ACFA-5CA695F27792,217,6TH,,SE,ST,, ,GRANTS PASS,OR,97526,1632,ASHLAND ,,,ST,,,ASHLAND,OR,97520,11/10/2025 11:09,11/30/2026 11:09
BTAX-042660-01-2026,NICK  BAIDA,,,2,Inside City Limits,812320,Dry Cleaning Services,5419971608,12/1/2006 0:00,7DFE1F9C-709F-4D82-BE36-9963FAE7A5EC,870,D,,NE,ST,, ,GRANTS PASS,OR,97526,2855,MAIN ,,E,ST,,,ASHLAND,OR,97520,1/20/2026 14:53,12/31/2026 14:53
BTAX-042661-01-2026,NICK  BAIDA,E-Z WASH LAUNDROMAT           ,,2,Inside City Limits,812320,Dry Cleaning Services,5414412210,8/29/2001 0:00,F06F96C7-E0E8-425D-B40D-360EDDAF57AF,1300,G,,SW,ST,, ,GRANTS PASS,OR,97526,2855,MAIN,,E,ST,,,ASHLAND,OR,97520,1/20/2026 14:55,12/31/2026 14:55
BTAX-043140-04-2026,NICK  BAIDA,CLEANLIFE LAUNDRY,,2,Inside City Limits,812320,Dry Cleaning Services,5416598546,3/1/2023 0:00,b8c6b472-61c6-4a46-81ec-f2051246535b,1720,REDWOOD,,,AVE,,G,GRANTS PASS,OR,97527,2855,MAIN,,E,ST,,,ASHLAND,OR,97520,4/14/2026 16:06,3/31/2027 16:06
BTAX-043275-05-2026,DENNIS WALKER,GP COTTAGES,,1,Inside City Limits,721199,All Other Traveler Accommodation,5037067353,11/1/2022 0:00,32cae5ba-f437-4c19-8f93-3bb280f05043,416,M,,SE,ST,,,GRANTS PASS,OR,97526,1467,SISKIYOU BLVD,,,,,2047,ASHLAND,OR,97520,5/12/2026 10:06,4/30/2027 10:06
BTAX-043462-06-2026,BRANDON CLARK,BRANDON CLARK ELECTRIC DBA BEAR CREEK ELECTRIC INC,BEAR CREEK ELECTRIC INC,2,Outside City Limits,238210,Contractor-Electrical,5414882799,4/28/2016 0:00,42749e6d-96fa-4c8a-ad29-4cb1a1bc89ae,,,,,,,,,,,PO BOX 368,,,,,,,ASHLAND,OR,97520,6/15/2026 11:54,6/30/2027 11:54
BTAX-043762-07-2026,,ADROIT CONSTRUCTION           ,,2,Outside City Limits,238190,Contractor-General/Building Exterior,5414824098,6/5/1995 0:00,D3C92555-1B8B-4070-8ECB-0B855D957D7A,,,,,,,,,,,PO BOX 609,,,,,,,ASHLAND,OR,97520,7/14/2026 11:51,7/31/2027 11:51
BTAX-043763-07-2026,STEVEN LAWRENCE,"ADROIT CONSTRUCTORS, INC.",,2,Outside City Limits,238190,Contractor-General/Building Exterior,5414824098,7/1/2020 0:00,9836c406-22cf-4288-94b2-8bae833eef40,,,,,,,,,,,PO BOX 936,,,,,,,ASHLAND,OR,97520,7/14/2026 11:54,7/31/2027 11:54
BTAX-043832-07-2026,HOWARD OSVOLD,AA INSULATION,,2,Outside City Limits,238190,Contractor-General/Building Exterior,5415351818,4/21/2017 0:00,97f04923-4951-4e3d-8aca-000d5df28116,407,BOARDMAN ,,,ST,,,MEDFORD,OR,97501,PO BOX 1119,,,,,,,ASHLAND,OR,97520,7/16/2026 10:43,7/31/2027 10:43
BTAX-042153-10-2025,DAVID ZAHKA,"SPECTROTEL, INC.",,1,Outside City Limits,517919,Telecommunications,6782577764,10/1/2020 0:00,36dac492-1a05-41b2-813d-e23d8bc05da7,3535 ROUTE 66 BLDG 7,,,,,,,NEPTUNE,NJ,07753,3575,PIEDMONT,,,RD,NE,BLDG 15-1550,ATLANTA,GA,30305,10/29/2025 14:24,10/31/2026 14:24
BTAX-042366-12-2025,MICHAEL HAYFORD,NCR VOYIX CORPORATION,,2,Outside City Limits,425120,Wholesale Agent,6788087909,9/3/2014 0:00,30334c8b-860c-4520-9025-1abfe8b7086a,,,,,,,,,,,ATTN: TAX DEPARTMENT,,864 SPRING ST NW,,,,,ATLANTA,GA,30308,12/2/2025 11:08,11/30/2026 11:08
BTAX-042598-01-2026,,AARON'S LLC,AARON'S SALES AND LEASE OWNERSHIP #C2054,7,Inside City Limits,449110,Retail-Furniture Store,5414711300,11/1/2020 0:00,f94424bf-f2d3-43d5-9655-79cc21ce2348,834,E,,NE,ST,, ,GRANTS PASS,OR,97526,400,GALLERIA,ATTN: TAX DEPT,,PKWY,SE,STE 300,ATLANTA,GA,30339,1/12/2026 11:57,12/31/2026 11:57
BTAX-042983-03-2026,,FREEDOM BUILDERS LLC          ,,6,Outside City Limits,238190,Contractor-General/Building Exterior,5418373720,2/1/2013 0:00,4B5776CF-1F37-499E-9D91-475643C2D726,,,,,,,,,,,238,LIVING SPRINGS,,,LN,,,AZALEA,OR,97410,3/16/2026 15:14,3/31/2027 15:14
BTAX-041989-10-2025,JEOFFREY FEGHALI,CEDARS GROUP INC,LITTLE CAESARS PIZZA,19,Inside City Limits,722511,Restaurant,6.61831E+12,5/4/2022 0:00,3e0ff9ef-9ed9-480a-b7fe-5cba3b784ba4,1616,WILLIAMS,,,Hwy,,,GRANTS PASS,OR,97527,5501,STOCKDALE,,,HWY,,11926,BAKERSFIELD,CA,93389,10/10/2025 10:55,10/31/2026 10:55
BTAX-042067-10-2025,GARY L & MARIANNE  PETERSON,THE PETERSON TRUST RENTALS,,1,Inside City Limits,531110,Rental Units/Landlord,5414792981,4/15/1986 0:00,08AAE4B3-2895-47B3-BC94-6FA40305AE7A,910,M,,SE,ST,, ,GRANTS PASS,OR,97526,505,11TH,,NW,ST,,,BATTLE GROUND,WA,98604,10/20/2025 14:43,10/31/2026 14:43
BTAX-042876-03-2026,KAREN JACKSON,"NICE DATA, LLC",NICE DATA,1,Inside City Limits,541519,Computer Services,6178352212,10/31/2019 0:00,5b9d771b-3c33-4289-9fc3-1aa1c819998c,1867,WILLIAMS,, ,HWY,,SUITE 279,GRANTS PASS,OR,97527,9450,GEMINI,,SW,DR,,PMB 696538,BEAVERTON,OR,970087105,3/2/2026 13:43,2/28/2027 13:43
BTAX-043854-07-2026,AARON & JULIE  VAN FLEET,TRITON COMMUNICATION LLC,,1,Outside City Limits,238990,Contractor-Trade/Specialty,5036155800,3/10/2003 0:00,04C61006-58FB-4B51-B74E-3837E0DF6EFE,,,,,,,,,,,8215,CIRRUS ,,SW,DR,,,BEAVERTON,OR,97008,7/17/2026 10:06,7/31/2027 10:06
BTAX-041609-09-2025,KEVIN MCCOLLY,COINSTAR ASSET HOLDINGS,COINSTAR,1,Outside City Limits,424210,Vending Machine Operator,4254107713,6/2/2016 0:00,3b695d1e-b95c-4071-9941-dfa934164184,,,,,,,,,,,COINSTAIR REGISTRATION,,PO BOX 91258,,,,,BELLEVUE,WA,98009,9/2/2025 16:01,8/31/2026 16:01
BTAX-041269-08-2025,TYSON SHORES,AAKEN CONSTRUCTION,,3,Outside City Limits,238210,Contractor-Electrical,5413309545,8/12/2022 0:00,18f4f4de-7ca9-43ae-abf9-9e17c4f84235,,,,,,,,,,,1260,1ST,,NE,,,,BEND,OR,97701,8/14/2025 15:06,8/31/2026 15:06
BTAX-041383-08-2025,DWYER WILLIAMS CHERKOSS ATTORNEYS,"DWYER WILLIAMS CHERKOSS ATTORNEYS, P.C.",,1,Outside City Limits,541110,Lawyer,5416170555,7/1/2007 0:00,942D17F3-FB32-4ED5-A2A2-223988636B63,777,7TH,,NE,ST,,SUITE 106,GRANTS PASS,OR,97526,1558,NANCY,,SW,WAY,,STE 101,BEND,OR,97702,8/19/2025 11:22,8/31/2026 11:22
BTAX-041908-10-2025,,LES SCHWAB TIRE CENTER        ,,27,Inside City Limits,441340,Retail-Tire Dealer,5414792671,4/6/2006 0:00,E4DB973C-67C0-44DF-A30E-CD1751EB0794,1694,6TH,,NW,ST,, ,GRANTS PASS,OR,97526,ATTN: STORE ACCOUNTING,PO BOX 5350,,,,,,BEND,OR,97708,10/1/2025 11:22,10/31/2026 11:22
BTAX-042193-11-2025,,ADVANTAGE DENTAL ORAL HEALTH CENTER,,9,Inside City Limits,621210,Medical-Dentist,5414921687,8/31/2016 0:00,08d1ebee-ce1d-4ddf-9d52-9cf246d8d353,1228,7TH,,NE,ST,, ,GRANTS PASS,OR,97526,63140 BRITTA,,,S,,,D104,BEND,OR,97703,11/6/2025 11:07,11/30/2026 11:07
BTAX-042287-11-2025,MIKE RICHARDSON,CB & R LLC,,3,Outside City Limits,238190,Contractor-General/Building Exterior,5414412271,11/16/2017 0:00,17621fa4-f33c-404f-b459-6b6b452bac5d,,,,,,,,,,,PO BOX 5366,,,,,,,BEND,OR,97708,11/14/2025 14:06,11/30/2026 14:06
BTAX-042435-12-2025,,CARLSON SIGN CO               ,,2,Outside City Limits,238990,Sign Installation/Painting,5413822182,1/2/2004 0:00,B22033BC-3C08-4768-B079-0C22B95D9EA3,,,,,,,,,,,1605,FORBES ,,NE,RD,,,BEND,OR,97701,12/10/2025 11:29,12/31/2026 11:29
BTAX-043749-07-2026,Stacy Irwin,LES SCHWAB TIRE CENTER #263   ,,36,Inside City Limits,441340,Retail-Tire Dealer,5419555200,9/13/2004 0:00,4A8F4981-F6E6-4C59-9CA1-F4A0D29B9407,320,UNION,, ,AVE,, ,GRANTS PASS,OR,97527,PO BOX 5350,,,,,,,BEND,OR,977085540,7/14/2026 10:43,7/31/2027 10:43
BTAX-043862-07-2026,TRACY  JONES,VYANET OPERATING GROUP INC,VYANET SECURITY ,4,Inside City Limits,561621,Security System Services,5412953223,10/7/2014 0:00,8CD82867-67F4-4AD4-AA5B-F33B5FF3FD34,916,TOWN CENTRE ,,,DR,,,MEDFORD,OR,97504,410,COLUMBIA,,SW,ST,,SUITE 120,BEND,OR,97702,7/20/2026 10:49,7/31/2027 10:49
BTAX-041172-08-2025,,WALMART INC,WALMART #1834,312,Inside City Limits,455110,Retail-Department Store,5414712822,7/25/1992 0:00,B5BC1D23-C75C-4E81-BC5C-1D19906C612E,135,TERRY,,NE,LN,, ,GRANTS PASS,OR,97526,ATTN:  WALMART LICENSING,,"702 SW 8TH ST, MS # 0500",,,,,BENTONVILLE,AR,727160500,8/12/2025 10:37,8/31/2026 10:37
BTAX-041218-08-2025,PETER  READ,"RI - GRANTS PASS, LLC           ",,2,Outside City Limits,531110,Rental Units/Landlord,5107045700,9/1/2011 0:00,E094A0C6-6523-44CB-9817-D8AB33A29A91,"270, 304, 310-350",AGNESS,,NE,AVE,,,GRANTS PASS,OR,97526,2025,FOURTH ,,,ST,,,BERKELEY,CA,94710,8/13/2025 10:17,8/31/2026 10:17
BTAX-041840-09-2025,BRYAN BARGANIER,IMPACT REHABILITATION PARTNERS LLC,BENCHMARK PHYSICAL THERAPY,3,Inside City Limits,621111,Medical-Physician,4232388921,7/1/2005 0:00,21234E1E-8100-43B5-9AAB-46271D3B8CCE,497,RAMSEY,,SW,AVE,,,GRANTS PASS,OR,97527,1200,CORPORATE,,,DR,,SUITE 400,BIRMINGHAM,AL,35242,9/22/2025 12:52,8/31/2026 12:52
BTAX-041841-09-2025,BRYAN BARGANIER,IMPACT REHABILITATION PARTNERS LLC,BENCHMARK PHYSICAL THERAPY,8,Inside City Limits,621111,Medical-Physician,4238034816,11/1/1999 0:00,7A0C5B3E-6B7F-4D37-A158-78A0980F56D9,625,RAMSEY,,SW,AVE,,SUITE B,GRANTS PASS,OR,97527,1200,CORPORATE,,,DR,,SUITE 400,BIRMINGHAM,AL,35242,9/22/2025 12:54,9/30/2026 12:54
BTAX-042339-11-2025,BRYAN BARGANIER,IMPACT REHABILITATION PARTNERS LLC,BENCHMARK PHYSICAL THERAPY,2,Inside City Limits,621111,Medical-Physician,4232388921,11/1/2008 0:00,F096DE3E-17CB-46BF-8BA0-776348853167,162,BEACON,,NE,DR,,SUITE 101,GRANTS PASS,OR,97526,1200,CORPORATE,,,DR,,SUITE 400,BIRMINGHAM,AL,35242,11/24/2025 10:40,11/30/2026 10:40
BTAX-042405-12-2025,BRYAN BARGANIER,IMPACT REHABILITATION PARTNERS LLC  ,BENCHMARK PHYSICAL THERAPY,4,Inside City Limits,621111,Medical-Physician,4232388921,7/1/2005 0:00,17DEB544-729F-440A-A39F-AEBC7DD8681B,2160,VINE,,NW,ST,, ,GRANTS PASS,OR,97526,1200,CORPORATE,,,DR,,SUITE 300,BIRMINGHAM,AL,35242,12/8/2025 11:53,11/30/2026 11:53
BTAX-037145-04-2024,,ADT LLC,,1,Outside City Limits,561621,Security System Services,5612262843,6/29/2012 0:00,92AD429E-8F55-4315-A753-69942CD1E203,7989,CIRRUS,,SW,DR,,22,BEAVERTON,OR,97008,PO BOX 310702,,ATTN: LICENSING DEPT,,,,,BOCA RATON,FL,33431,4/4/2024 11:54,1/31/2027 11:54
BTAX-041680-09-2025,,JOHNSON CONTROLS FIRE PROTECTION LP      ,,2,Outside City Limits,561621,Security System Services,5619126108,11/15/1993 0:00,A09FD8DF-1B38-41EB-9B34-26D797D1E03A,,,,,,,,,,,ATTN: LICENSING,,PO BOX 3042,,,,,BOCA RATON,FL,33431,9/8/2025 12:59,9/30/2026 12:59
BTAX-041943-10-2025,,JOHNSON CONTROLS SECURITY SOLUTIONS LLC,,2,Outside City Limits,561621,Security System Services,4075483622,7/25/1992 0:00,40DAC232-F992-4FCE-A246-50633A9F25B6,,,,,,,,,,,ATTN: LICENSING DEPT,,PO BOX 3042,,,,,BOCA RATON,FL,334310942,10/6/2025 14:55,9/30/2026 14:55
BTAX-043208-04-2026,DAVID SMAIL,ADT LLC,ADT SECURITY SERVICES,2,Inside City Limits,561621,Security System Services,5612262843,2/23/2021 0:00,98a6fda4-4eea-4cae-af73-f8a690ec913d,824,ROGUE RIVER,,,HWY,,UNIT D,GRANTS PASS,OR,97527,1501,YAMATO,,,RD,,DEPT 200,BOCA RATON,FL,33431,4/28/2026 9:59,3/31/2027 9:59
BTAX-042141-10-2025,,WINCO FOODS LLC              ,,134,Inside City Limits,445110,Food-Grocery Store,4582127000,1/28/2016 0:00,10E7C3D4-BE1E-44DF-8F1B-474E6802FC54,231,TERRY,,NE,LN,, ,GRANTS PASS,OR,97526,PO BOX 5756,,,,,,,BOISE,ID,83705,10/29/2025 11:30,10/31/2026 11:30
BTAX-042249-11-2025,TONY PARDI,CONTROL SYSTEMS NW LLC,,2,Outside City Limits,238210,Contractor-Electrical,4259515400,5/15/2019 0:00,1207e378-b551-476c-ba6a-3b272adb1840,,,,,,,,,,,22722,29TH,,,DR,SE,#210,BOTHELL,WA,98021,11/10/2025 10:49,11/30/2026 10:49
BTAX-043482-06-2026,Bernard Rowlett,"COOLSYS COMMERCIAL & INDUSTRIAL SOLUTIONS, INC.",,6,Outside City Limits,238220,Contractor-HVAC Services,7145109579,12/1/1989 0:00,3D85D9FE-519D-4C9B-9862-863CCC5B5BC0,,,,,,,,,,,145,STATE COLLEGE,,S,BLVD,,SUITE 200,BREA,CA,92821,6/22/2026 11:25,6/30/2027 11:25
BTAX-041514-08-2025,,GRANTS PASS II DIALYSIS #02074,,11,Inside City Limits,621492,Medical-Dialysis Center,5414790545,1/19/2007 0:00,F96FD43A-0472-4C46-99C9-54B931485B3E,1055,REDWOOD,, ,AVE,, ,GRANTS PASS,OR,97527,ATTN: L&C DEPT,,5200 VIRGINIA WAY,,,,,BRENTWOOD,TN,37027,8/22/2025 14:29,8/31/2026 14:29
BTAX-041515-08-2025,,REDWOOD DIALYSIS #05517    ,,10,Inside City Limits,621492,Medical-Dialysis Center,5414740776,7/18/1994 0:00,632B72BC-D579-438A-894C-20853A3B5F3C,201,L,,SW,ST,, ,GRANTS PASS,OR,97526,ATTN: L&C DEPT,,5200 VIRGINIA WAY,,,,,BRENTWOOD,TN,37027,8/22/2025 14:35,8/31/2026 14:35
BTAX-042434-12-2025,ANDREW MYER,"PALM INDUSTRIES, INC. DBA PALM RESTORE",,17,Inside City Limits,238190,Contractor-General/Building Exterior,5414740403,8/1/2019 0:00,e35de136-bc7c-4b97-9e51-8bf79bd4cf66,300,TECH,,,WAY,,BLDG A,GRANTS PASS,OR,97526,PO BOX 8038,,,,,,,BROOKINGS,OR,97415,12/10/2025 11:23,12/31/2026 11:23
BTAX-042908-03-2026,MARK  TOWNES,MARK TOWNES RENTALS           ,,1,Inside City Limits,531110,Rental Units/Landlord,5416592871,7/1/2008 0:00,B359301E-229B-4686-8648-071A1B1B8D8D,,,,,,,,,,,97981,HAZY,,,LN,,,BROOKINGS,OR,97415,3/9/2026 8:44,3/31/2027 8:44
BTAX-043941-07-2026,,SLAYDEN CONSTRUCTORS INC,,34,Outside City Limits,238190,Contractor-General/Building Exterior,5037691969,8/1/2006 0:00,4A0117E5-4265-450B-AB48-CAE637AF8B32,550,HAWTHORNE,,,AVE,SE,200,SALEM,OR,97301,8001,ARISTA,,,PL,,500,BROOMFIELD,CO,80021,7/27/2026 12:00,7/31/2027 12:00
BTAX-042547-01-2026,,"MICHELS CONSTRUCTION, INC.",,6,Outside City Limits,238190,Contractor-General/Building Exterior,9205833132,11/1/2021 0:00,1889d997-2831-42e1-9bd0-6d8975c8ccc4,,,,,,,,,,,PO BOX 128,,,,,,,BROWNSVILLE,WI,53006,1/2/2026 16:06,11/30/2026 16:06
BTAX-043413-06-2026,,"MICHELS UTILITY SERVICES, INC",,6,Outside City Limits,238190,Contractor-General/Building Exterior,9205833132,6/28/2021 0:00,74bc527a-48d2-4cc1-b2a8-3054f015910a,,,,,,,,,,,817,MAIN,,,ST,,,BROWNSVILLE,WI,53006,6/8/2026 14:15,6/30/2027 14:15
BTAX-043899-07-2026,,"MICHELS PIPELINE, INC.",,5,Outside City Limits,238190,Contractor-General/Building Exterior,9205833132,6/28/2021 0:00,1edd6753-2956-41b6-a2bc-5ec2f92032d7,,,,,,,,,,,PO BOX 128,,,,,,,BROWSVILLE,WI,53006,7/21/2026 9:23,7/31/2027 9:23
BTAX-043362-06-2026,CHRISTOPHER SPAFFORD,"CAP CONCRETE COATINGS, INC",CAP CONCRETE COATINGS,2,Outside City Limits,238990,Contractor-Trade/Specialty,5416462237,5/1/2018 0:00,853ebfde-085c-4e02-a70f-36e73f127a14,250,COMMERCIAL,,,CT,,STE 101,MEDFORD,OR,97501,17413,167TH,,NE,AVE,,,BRUSH PRARIRE,WA,98606,6/1/2026 9:31,6/30/2027 9:31
BTAX-043708-07-2026,DAVID BITTERLING,FAUCET BROTHERS PLUMBING LLC,,2,Inside City Limits,238220,Plumber,5418405258,3/5/2018 0:00,7ec0e5e2-065e-4778-b536-06846b6c3c02,,,,,,,,,,,379,FOSSIL STONE,,,TRL,,,BUDA,TX,78610,7/10/2026 11:35,7/31/2027 11:35
BTAX-042251-11-2025,TONY PARDI,RH2 ENGINEERING INC,,3,Outside City Limits,541330,Engineering Services,4259515400,7/1/1980 0:00,a91a1d83-a088-4e98-a815-2014bb94839e,,,,,,,,,,,22722,29TH,,,DR,SE,#210,BUTHELL,WA,98021,11/10/2025 10:54,11/30/2026 10:54
BTAX-043550-07-2026,,HARBOR FREIGHT TOOLS #811,,13,Inside City Limits,444140,Retail-General Merchandise ,8188365001,4/25/2017 0:00,7e033ffd-1c9c-46bd-ace5-37e93358a953,340,BEACON,,NE,DR,, ,GRANTS PASS,OR,97526,ATTN LEGAL COMPLIANCE HQE,,26677 AGOURA RD,,,,,CALABASAS,CA,913021959,7/6/2026 12:01,7/31/2027 12:01
BTAX-042930-03-2026,JAMES CORNISH,JAMES M CORNISH LIV TRUST,,2,Inside City Limits,531110,Rental Units/Landlord,5412182979,5/5/2016 0:00,e3291e10-d22e-43f6-85bc-cda92a945cc8,7808,QUINAULT,,NW,ST,, ,CAMAS,WA,98607,7808,QUINAULT,,NW,ST,, ,CAMAS,WA,98607,3/10/2026 10:40,3/31/2027 10:40
BTAX-041712-09-2025,Elizabeth Howard,NORTHWEST MECHANICAL GROUP LLC,,6,Outside City Limits,238220,Contractor-HVAC Services,5036524444,1/17/2001 0:00,3EDE9790-FF74-4018-AE97-C691B8AF2A98,,,,,,,,,,,1250,3RD,,NW,AVE,,,CANBY,OR,97013,9/10/2025 14:20,9/30/2026 14:20
BTAX-042069-10-2025,,CENTIMARK CORPORATION         ,,5,Outside City Limits,238990,Contractor-Trade/Specialty,8005584100,7/12/1997 0:00,CC1B1C20-84AD-4E4E-99AD-C2D2CE4FDC11,,,,,,,,,,,ATTN: COREY BROWN,,12 GRANDVIEW CIRCLE,,,,,CANONSBURG,PA,15317,10/20/2025 14:54,10/31/2026 14:54
BTAX-042416-12-2025,REANNA MEISNER,HANNIGAN ELECTRIC LLC,,7,Outside City Limits,238210,Contractor-Electrical,5416702588,12/6/2021 0:00,dcec66cc-64b0-4c80-98ae-6f5f7f811b2f,452,MAIN,,N,ST,,,CANYONVILLE,OR,97417,452,MAIN,,N,ST,,,CANYONVILLE,OR,97417,12/8/2025 12:54,12/31/2026 12:54
BTAX-042615-01-2026,,"MULTI-SITE MANAGEMENT, LLC",MSM 532,9,Inside City Limits,457120,Gas Station,7606074511,10/8/2014 0:00,6CCB6AA3-00AC-4FF5-A094-B148FEA7CDC8,1094,E,,NE,ST,, ,GRANTS PASS,OR,97526,2385,CAMINO VIDA ROBLE,,,RD,,102,CARLSBAD,CA,92011,1/13/2026 10:57,1/31/2027 10:57
BTAX-042786-02-2026,,ARS FRESNO LLC                ,MSM 533,12,Inside City Limits,457120,Gas Station,7606074511,10/8/2014 0:00,9C50D656-5342-468F-B793-D3D373D0EB84,1650,ALLEN CREEK,, ,RD,, ,GRANTS PASS,OR,97527,2385,CAMINO VIDA ROBLE,,,,,102,CARLSBAD,CA,92011,2/10/2026 12:49,2/28/2027 12:49
BTAX-042232-11-2025,TIMOTHY SCHAEFFER,SCHAEFFER CONSTRUCTION LLC,,3,Outside City Limits,238190,Contractor-General/Building Exterior,5414150158,11/4/2019 0:00,721f4753-8674-45ea-ac5f-2ad29850ff01,,,,,,,,,,,600,SCHUMACHER,,,ST,,,CAVE JUNCTION,OR,97523,11/7/2025 9:37,11/30/2026 9:37
BTAX-042415-12-2025,,JAMES O'GRADY,,1,Outside City Limits,238190,Contractor-General/Building Exterior,5416592159,11/20/2017 0:00,71c92bd3-bb2f-4264-b1ff-f0ea83a6fbd5,,,,,,,,,,,PO BOX 2491,,,,,,,CAVE JUNCTION,OR,97523,12/8/2025 12:52,12/31/2026 12:52
BTAX-042468-12-2025,RYLEY KRENUM,URBAN LEGEND SALON,,1,Inside City Limits,812112,Beauty Salon,7016094299,11/21/2022 0:00,d71e21cb-df6b-41f9-896c-70cd655074c0,203,BRIDGE,,SW,ST,, ,GRANTS PASS,OR,97526,123,TENNESSE VIEW,,,LN,,,CAVE JUNCTION,OR,97523,12/15/2025 12:49,12/31/2026 12:49
BTAX-042958-03-2026,TYRONE HOUCK,OREGON SOLARWORKS LLC,,3,Outside City Limits,238220,Solar Equipment Installation,5412990402,10/20/2017 0:00,775cc792-10f3-462c-9939-1f8eb7499020,4304,DICK GEORGE,,,RD,,,CAVE JUNCTION,OR,97523,PO BOX 2199,,,,,,,CAVE JUNCTION,OR,97523,3/12/2026 15:30,3/31/2027 15:30
BTAX-043253-05-2026,CORY DAVIS,DAVIS ROOFING AND CONSTRUCTION INC.,,3,Outside City Limits,238160,Roofing,4063811826,11/1/2023 0:00,010496f7-7b76-4469-a1f8-e5e2a7685967,265,SHADOWBROOK,,,DR,,,CAVE JUNCTION,OR,97523,265,SHADOWBROOK,,,DR,,,CAVE JUNCTION,OR,97523,5/8/2026 12:26,5/31/2027 12:26
BTAX-043257-05-2026,HARVEY CARON,HARVEY'S CONSTRUCTION LLC,,15,Outside City Limits,236118,Const-Residential Remodeler,5094401415,2/5/2020 0:00,6aa16aef-62e9-4767-b236-7400c72bdd30,,,,,,,,,,,PO BOX 2505,,,,,,,CAVE JUNCTION,OR,97523,5/8/2026 12:43,3/31/2027 12:43
BTAX-043270-05-2026,MARC SPAETH,SPAETH CONTRACTING LLC,,1,Inside City Limits,238190,Contractor-General/Building Exterior,5417271035,4/19/2018 0:00,65dd9f43-e6ef-4dab-bfc5-fd943c840250,601,FORKS,,E,CIR,,,CAVE JUNCTION,OR,97523,601,FORKS,,E,CIR,,,CAVE JUNCTION,OR,97523,5/12/2026 9:23,5/31/2027 9:23
BTAX-043841-07-2026,JAMES & LYNN  O'GRADY,JAMES & LYNN O'GRADY RENTALS  ,,2,Outside City Limits,531311,Property Management,5415924995,9/30/2002 0:00,80668CDE-28AD-4AB7-976D-1D49B47C5D29,,,,,,,,,,,PO BOX 2491,,,,,,,CAVE JUNCTION,OR,97523,7/16/2026 11:47,7/31/2027 11:47
BTAX-041170-08-2025,JULIA RYDEN,JULIA ANNE RYDEN LIVING TRUST,,1,Outside City Limits,531110,Rental Units/Landlord,5412185863,4/4/2016 0:00,bb14664b-e1a2-48a4-936c-3b4f65d031cb,,,,,,,,,,,PO BOX 3663,,,,,,,CENTRAL POINT,OR,97502,8/12/2025 10:15,8/31/2026 10:15
BTAX-041176-08-2025,NOE CORTES HERRERA,N & D HANDYMAN LABOR LLC,,2,Outside City Limits,541320,Landscaping Services,5416134943,5/22/2018 0:00,08a1df9a-704a-4993-8372-20a2c3fbf99d,,,,,,,,,,,1027,PITVIEW,,,AVE,,,CENTRAL POINT,OR,97502,8/12/2025 12:16,8/31/2026 12:16
BTAX-041181-08-2025,DAVID COOK,"DAVID W. COOK, INC        ",HOAG ROOFING,31,Outside City Limits,238160,Roofing,5417797743,9/18/1995 0:00,735B7276-1BB4-4E6F-8D79-A57FC2A0B070,,,,,,,,,,,842,ENTERPRISE,,,DR,,,CENTRAL POINT,OR,97502,8/12/2025 14:10,8/31/2026 14:10
BTAX-041230-08-2025,JASON  FEDERICO,FEDERICO VENTURES             ,DAIRY QUEEN,21,Inside City Limits,722513,Limited-Service Restaurant,5419417658,2/1/2006 0:00,B508CC18-7787-423F-9B7D-CAEF96EB99A4,610,REDWOOD,, ,HWY,, ,GRANTS PASS,OR,97527,9328,PUMICE,,,LN,,,CENTRAL POINT,OR,97502,8/14/2025 10:20,8/31/2026 10:20
BTAX-041351-08-2025,VERNON  ROBERTS,PACIFIC FIRE PROTECTION LLC   ,,3,Outside City Limits,238990,Contractor-Trade/Specialty,5416017627,9/18/2012 0:00,2928945B-44E3-4ECE-B094-501872427D33,,,,,,,,,,,PO BOX 5263,,,,,,,CENTRAL POINT,OR,97502,8/18/2025 16:26,8/31/2026 16:26
BTAX-041506-08-2025,JAIME SNYDER,MDS CONTRACTING LLC,,2,Outside City Limits,238190,Contractor-General/Building Exterior,5416603359,12/29/2017 0:00,72042441-2fc3-4f3a-8736-a610f6237564,,,,,,,,,,,4824,GLEN ECHO,,,WAY,,,CENTRAL POINT,OR,97502,8/22/2025 11:38,8/31/2026 11:38
BTAX-041524-08-2025,,JT ELECTRIC INC               ,,6,Outside City Limits,238210,Contractor-Electrical,5417345714,7/1/2001 0:00,80C72371-B48A-405E-86EE-405FB7EF30B2,,,,,,,,,,,4849,AIRWAY,,,DR,,SUITE 105,CENTRAL POINT,OR,97502,8/25/2025 10:22,8/31/2026 10:22
BTAX-041531-08-2025,,PRESSURE POINT ROOFING LLC,,4,Outside City Limits,238160,Roofing,5417721945,6/17/1991 0:00,F68A0C8A-A932-4B62-8C7D-B6868A0F796B,,,,,,,,,,,5235,RAINBOW,,,DR,,,CENTRAL POINT,OR,97502,8/25/2025 14:35,8/31/2026 14:35
BTAX-041653-09-2025,TED & PAULA  CHILDRESS,CHILDRESS ROOFING INC         ,,4,Outside City Limits,238160,Roofing,5416659889,7/28/2003 0:00,5B5B643F-8F37-4BE3-B726-061B9EC6D94A,,,,,,,,,,,6353,VENTURA,,,LN,,,CENTRAL POINT,OR,97502,9/5/2025 12:06,9/30/2026 12:06
BTAX-041741-09-2025,,CRATER ELECTRIC INC          ,,6,Outside City Limits,238210,Contractor-Electrical,5419448528,1/18/1997 0:00,7F6319E2-0DEA-4FF0-9357-88E09A142BC2,,,,,,,,,,,PO BOX 3562,,,,,,,CENTRAL POINT,OR,97502,9/12/2025 11:15,9/30/2026 11:15
BTAX-041743-09-2025,TRACY MALONE,CALCULATED COMFORT LLC,,12,Outside City Limits,238220,Contractor-HVAC Services,5416908391,10/24/2016 0:00,0642dee1-5cae-40d5-aa35-9109c41e24d1,,,,,,,,,,,4615,TABLE ROCK,,,RD,,,CENTRAL POINT,OR,97502,9/12/2025 11:55,9/30/2026 11:55
BTAX-041842-09-2025,ROBERT SHELMAN,ENGAGE ELECTRIC,,4,Outside City Limits,238210,Contractor-Electrical,5418217576,8/6/2018 0:00,86e833fb-67d1-423e-9416-3de5bea389c3,,,,,,,,,,,4706,TABLE ROCK,,,RD,,UNIT C,CENTRAL POINT,OR,97502,9/22/2025 12:57,9/30/2026 12:57
BTAX-041847-09-2025,WILLIE  GINGG,"SOUTHERN OREGON TREE CARE, LLC",,3,Outside City Limits,541990,Professional-Misc,5417720404,4/10/2007 0:00,C56B109F-80A9-4FB3-8641-5FA7D6D7D3EF,1564,GIBBON,,,RD,,,CENTRAL POINT,OR,97502,PO BOX 3815,,,,,,,CENTRAL POINT,OR,97502,9/22/2025 16:25,9/30/2026 16:25
BTAX-041897-09-2025,,VAN ROW MECH INC             ,,4,Outside City Limits,811111,Auto-General Repair,5415389119,6/29/2005 0:00,892C26DA-C93E-493A-B574-D94F75702B56,,,,,,,,,,,PO BOX 3813,,,,,,,CENTRAL POINT,OR,97502,9/29/2025 12:18,9/30/2026 12:18
BTAX-041951-10-2025,JAMES C & MARCIA A  LAVIA,CRATER MUSIC COMPANY LLC,,2,Outside City Limits,713110,Amusement/Theme Park,5416650011,7/1/1995 0:00,F7D02343-62A3-4D79-AE14-906C0E87CB4E,980,FRONT,,S,,,,CENTRAL POINT,OR,97502,PO BOX 3430,,,,,,,CENTRAL POINT,OR,97502,10/6/2025 15:50,9/30/2026 15:50
BTAX-041969-10-2025,,CENTRAL POINT ELECTRIC        ,,2,Outside City Limits,238210,Contractor-Electrical,5418268223,1/1/1999 0:00,8CD313AD-910D-46A1-969B-E9ADA0BACB34,,,,,,,,,,,PO BOX 5170,,,,,,,CENTRAL POINT,OR,97502,10/8/2025 9:37,10/31/2026 9:37
BTAX-041975-10-2025,BOB ISTWAN,MOTIVE ENERGY LLC,,3,Outside City Limits,423610,Retail-Misc Direct Selling Establishment,5414999778,9/14/2022 0:00,496853b3-43c5-4e8e-aa88-6b9cc9b72312,,,,,,,,,,,4642,TABLE ROCK RD,,,,,1,CENTRAL POINT,OR,97502,10/9/2025 12:47,10/31/2026 12:47
BTAX-041985-10-2025,RYAN DUNTSCH CRAIG SMITH,ROGUE RIVER DIST. INC         ,INTERSTATE BATTERIES,3,Inside City Limits,441330,Retail-Automotive Parts & Accessories,5416643417,12/4/2008 0:00,2832C00E-A3FF-4620-97FC-AF86D53CC9F2,824,E,,NE,ST,, ,GRANTS PASS,OR,97526,894,FRON,,S,ST,,,CENTRAL POINT,OR,97502,10/10/2025 10:31,10/31/2026 10:31
BTAX-042052-10-2025,SEAN KOSEN,COMPLETED ELECTRIC PLUS LLC,,1,Inside City Limits,238210,Contractor-Electrical,5416305018,7/21/2022 0:00,463f2b60-0274-4d6e-8e53-7053d8ccaa14,,,,,,,,,,,209,KINGS,,,WAY,,,CENTRAL POINT,OR,97502,10/17/2025 15:03,10/31/2026 15:03
BTAX-042086-10-2025,,LAWCO FIRE PROTECTION LLC    ,,4,Outside City Limits,238990,Contractor-Trade/Specialty,5416901631,7/21/2009 0:00,22D995EB-482A-40E0-8A31-B73A7234FF6A,,,,,,,,,,,5350,BOUNTY,,,LN,,,CENTRAL POINT,OR,97502,10/21/2025 9:20,10/31/2026 9:20
BTAX-042205-11-2025,CHRISTOPHER BAUMER,"BROOKS HEATING & AIR, LLC",,1,Outside City Limits,238220,Plumber,5412752215,8/11/2021 0:00,343bf516-dbb3-48b6-b3bb-2a3a13e4c937,,,,,,,,,,,PO BOX 5037,,,,,,,CENTRAL POINT,OR,97502,11/4/2025 11:06,10/31/2026 11:06
BTAX-042231-11-2025,WILLIAM CHRISTENSEN,"ALL PHAZE ELECTRIC, INC",,2,Outside City Limits,238210,Contractor-Electrical,5412041121,9/22/2022 0:00,8f3fefc8-6e76-45ce-8123-c3b8669a7420,,,,,,,,,,,103,APPLEWOOD,,,DR,,,CENTRAL POINT,OR,97502,11/7/2025 9:07,10/31/2026 9:07
BTAX-042292-11-2025,GRANT PUHL,RIVERLINE CONSTRUCTION,,6,Outside City Limits,238190,Contractor-General/Building Exterior,5417277334,3/11/2019 0:00,fef13a77-b893-4bb2-a487-be09a84b0d3e,,,,,,,,,,,4706,TABLE ROCK,,,RD,,STE E,CENTRAL POINT,OR,97502,11/17/2025 15:28,11/30/2026 15:28
BTAX-042301-11-2025,DIANE & CHRISTOPHER  WILLIAMS,PACWEST PLUMBING INC         ,,4,Outside City Limits,238220,Plumber,,1/16/2004 0:00,7FC30152-A050-4EEB-812D-EB3D3499C587,,,,,,,,,,,PO BOX 3967,,,,,,,CENTRAL POINT,OR,97502,11/18/2025 10:31,10/31/2026 10:31
BTAX-042305-11-2025,NATHAN BRANDES,BRANDES PLUMBING INC,,2,Outside City Limits,238220,Plumber,5419442240,7/1/2003 0:00,2ea79f85-567f-476a-b5ee-185ba546e082,,,,,,,,,,,4872,GRANT,,,RD,,,CENTRAL POINT,OR,97502,11/18/2025 11:59,11/30/2026 11:59
BTAX-042343-11-2025,RUSSELL & RANDY  SNEED,ACME FIRE & SAFETY INC        ,,4,Outside City Limits,561621,Security System Services,5417704050,11/16/2007 0:00,B366714A-4375-499A-BC4D-4151CD0D3A3B,,,,,,,,,,,6698,PONDEROSA     ,,,,,,CENTRAL POINT,OR,97502,11/24/2025 11:47,11/30/2026 11:47
BTAX-042680-01-2026,,"HUNTER COMMUNICATIONS & TECHNOLOGIES, LLC        ",,2,Inside City Limits,517112,Telecommunication-Wireless Carrier,5417729282,7/18/1997 0:00,789788C8-C6A4-44C3-8AC8-04E4D133DF91,624,J,,SE,ST,, ,GRANTS PASS,OR,97526,801,ENTERPRISE,,,DR,,,CENTRAL POINT,OR,97502,1/23/2026 10:11,1/31/2027 10:11
BTAX-042755-02-2026,WILLIAM & ENITA GEIGER,SENTINEL TECHNOLOGY LLC,,3,Outside City Limits,561621,Security System Services,5417738551,3/1/2015 0:00,1C8A6EBC-1AF3-491B-A15A-04840DFAF57A,,,,,,,,,,,6475,CRATER LAKE,,,HWY,,,CENTRAL POINT,OR,97502,2/6/2026 12:36,2/28/2027 12:36
BTAX-042986-03-2026,KIMBERLY JANAKES,ALL MECHANICAL PLUMBING SOLUTIONS INC.,,3,Outside City Limits,238220,Plumber,5417343236,12/24/2019 0:00,13e77e9f-9174-4577-a0cb-7def631d0b45,,,,,,,,,,,PO BOX 5468,,,,,,,CENTRAL POINT,OR,97502,3/17/2026 9:21,3/31/2027 9:21
BTAX-043036-03-2026,MIKE FLIPPO,MONKEY BUSINESS LANDSCAPE,,3,Outside City Limits,541320,Landscaping Services,5419738207,8/26/2019 0:00,9104b143-bd9c-448c-9cf9-2a575d5bfa8a,,,,,,,,,,,PO BOX 5168,,,,,,,CENTRAL POINT,OR,97502,3/27/2026 9:19,3/31/2027 9:19
BTAX-043096-04-2026,BOB  HOWARD,BOB HOWARD BUILDER            ,,1,Outside City Limits,238190,Contractor-General/Building Exterior,5417612495,2/26/1998 0:00,FD17C71A-851A-419C-9F90-285C45ACCC35,,,,,,,,,,,1245,ROCHELLE ,,,CT,,,CENTRAL POINT,OR,97502,4/7/2026 10:15,4/30/2027 10:15
BTAX-043111-04-2026,MATT STONE,STONE HEATING & AIR INC,,2,Outside City Limits,238220,Contractor-HVAC Services,5418555521,1/18/2019 0:00,c8c1516c-9db6-4398-9f96-6bf21cef24bf,,,,,,,,,,,5235,RAINBOW,,,DR,,,CENTRAL POINT,OR,97502,4/9/2026 10:50,4/30/2027 10:50
BTAX-043136-04-2026,GENE  HILL,MCDONALD'S OF GRANTS PASS     ,,48,Inside City Limits,722513,Limited-Service Restaurant,5417277727,4/28/2003 0:00,52CFDB95-770C-4332-AD72-CEF03CC3F3E2,1630,ALLEN CREEK,, ,RD,, ,GRANTS PASS,OR,97527,49,4TH,,S,ST,,,CENTRAL POINT,OR,97502,4/14/2026 15:11,3/31/2027 15:11
BTAX-043137-04-2026,GENE  HILL,MCDONALD'S OF GRANTS PASS #11214,,47,Inside City Limits,722513,Limited-Service Restaurant,5417277727,11/30/1989 0:00,DAB45E47-BEF6-434A-BAEE-9172093545B1,204,BEACON,,NE,DR,, ,GRANTS PASS,OR,97526,49,4TH,,S,ST,,,CENTRAL POINT,OR,97502,4/14/2026 15:15,3/31/2027 15:15
BTAX-043138-04-2026,GENE  HILL,MCDONALD'S OF GRANTS PASS #3318,,52,Inside City Limits,722513,Limited-Service Restaurant,5414796333,9/23/2009 0:00,D0B9ADDA-AEAB-4B2F-8893-FC6320DB9370,1891,6TH,,NE,ST,, ,GRANTS PASS,OR,97526,49,4TH,,S,ST,,,CENTRAL POINT,OR,97502,4/14/2026 15:17,3/31/2027 15:17
BTAX-043272-05-2026,Joby Sandoval,"FIRST RESPONSE RESTORATION SERVICES, INC.",,2,Outside City Limits,562112,Waste Collection-Hazardous,5416210911,9/1/2011 0:00,1F9838F7-693E-46FA-9CCC-BFB594A0669D,,,,,,,,,,,PO BOX 3323,,,,,,,CENTRAL POINT,OR,97502,5/12/2026 9:30,5/31/2027 9:30
BTAX-043361-06-2026,HARDEEP SINGH,DIVYA RESTAURANT LLC,,3,Inside City Limits,722511,Restaurant,5418547866,2/3/2020 0:00,b601624a-492d-4170-ba09-c2d8c16f9b3f,1644,N,,SE,ST,,6B,GRANTS PASS,OR,97526,2845,HANLEY,,,RD,,,CENTRAL POINT,OR,97502,6/1/2026 9:12,6/30/2027 9:12
BTAX-043470-06-2026,BRIAN MORSE,THE STICKER DUDE INC DBA THE SIGN DUDE,THE SIGN DUDE,1,Outside City Limits,238990,Sign Installation/Painting,5418582701,5/14/2019 0:00,7ba2dae6-5370-4c02-97e6-96e51fbc5333,,,,,,,,,,,PO BOX 3272,,,,,,,CENTRAL POINT,OR,97502,6/17/2026 9:10,6/30/2027 9:10
BTAX-043532-07-2026,NATHAN THORNTON,T3 ELECTRICAL & CONSTRUCTION LLC,,6,Outside City Limits,238210,Contractor-Electrical,5419515790,6/1/2019 0:00,84244ec2-f402-4fbe-bc93-591de96b92f7,,,,,,,,,,,PO BOX 3092,,,,,,,CENTRAL POINT,OR,97502,7/8/2026 10:15,5/31/2027 10:15
BTAX-043626-07-2026,SCOTT FRIESEN & ROSENDAHL,ADVANCED AIR & METAL INC      ,,2,Outside City Limits,238220,Contractor-HVAC Services,5417726866,6/1/1998 0:00,C9BD9F1E-5CC7-4D9D-A089-E0B47841A493,,,,,,,,,,,695,VILA,,E,RD,,,CENTRAL POINT,OR,97502,7/8/2026 12:24,7/31/2027 12:24
BTAX-043654-07-2026,GREGORY STEWART,GREENWAY SPRAY LLC,,3,Inside City Limits,561710,Pest Control,5416229949,4/10/2017 0:00,ad1076b9-0296-4498-96f8-6e256e079b1b,,,,,,,,,,,3155,OLD STAGE,,,RD,,,CENTRAL POINT,OR,97502,7/9/2026 11:28,7/31/2027 11:28
BTAX-043661-07-2026,LAWRENCE & JOYCE  MOORE,J & L MOORE PROPERTY MANAGEMENT LLC,,2,Outside City Limits,531311,Property Management,5416643187,6/1/2013 0:00,EAC26FE5-206D-4C2B-8D26-763DFED36E6B,,,,,,,,,,,5247,TERESA ,,,WAY,,,CENTRAL POINT,OR,97502,7/9/2026 12:20,7/31/2027 12:20
BTAX-043686-07-2026,AUGUST J & DINO E  PICOLLO,PICOLLO CONCRETE CONSTRUCTION ,,5,Outside City Limits,238110,Contractor-Concrete/Found/Structural,5418210713,11/1/1988 0:00,FB5EC4B7-3F8D-467D-AA03-746ECEBE057D,,,,,,,,,,,PO BOX 3515,,,,,,,CENTRAL POINT,OR,97502,7/10/2026 9:35,7/31/2027 9:35
BTAX-043688-07-2026,JIM & JODI  SALYER,MILL STREET MINI STORAGE      ,,4,Inside City Limits,493110,Storage & General Warehousing,5414792361,1/14/1997 0:00,6F9E62C3-5E08-4023-A290-3C34D5341983,696,J,,SE,ST,, ,GRANTS PASS,OR,97526,PO BOX 5420,,,,,,,CENTRAL POINT,OR,97502,7/10/2026 9:43,7/31/2027 9:43
BTAX-043713-07-2026,DEAN & CHADD  PURDY,PURDY CONSTRUCTION INC,,6,Outside City Limits,238110,Contractor-Concrete/Found/Structural,5418264473,7/9/2001 0:00,03366637-CC7F-4134-8211-D86B0349E681,,,,,,,,,,,2885,RANDAL,,,AVE,,,CENTRAL POINT,OR,97502,7/10/2026 12:09,7/31/2027 12:09
BTAX-043718-07-2026,,SPARTAN PLUMBING              ,,3,Outside City Limits,238220,Plumber,,6/16/2015 0:00,BFD5CE85-1807-4BC7-9A1A-77B372D0C214,,,,,,,,,,,PO BOX 3317,,,,,,,CENTRAL POINT,OR,97502,7/10/2026 12:34,7/31/2027 12:34
BTAX-043742-07-2026,JASON  FEDERICO,FEDERICO VENTURES             ,DAIRY QUEEN,19,Inside City Limits,722513,Limited-Service Restaurant,5414768282,1/1/1997 0:00,844E4ACB-EC6F-401D-BA56-9B563E132769,1674,6TH,,NW,ST,, ,GRANTS PASS,OR,97526,9328,PUMICE,,,LN,,,CENTRAL POINT,OR,97502,7/13/2026 14:49,7/31/2027 14:49
BTAX-043747-07-2026,STEVE  RIETMANN,QUALITY FENCE COMPANY         ,RELIABLE ELECTRIC,12,Inside City Limits,238190,Contractor-General/Building Exterior,5414798052,2/6/2008 0:00,D54B210F-EDAA-461F-8949-802DC2F5CF1A,180,MCDONALD ,,,LN,,,GRANTS PASS,OR,97527,PO BOX 3985,,,,,,,CENTRAL POINT,OR,97502,7/14/2026 9:45,7/31/2027 9:45
BTAX-043755-07-2026,RANDY DAVIS,INTELECTRIC,,1,Inside City Limits,238210,Contractor-Electrical,5417272593,9/28/2018 0:00,b867772a-5025-4c64-b17d-87808d362a58,,,,,,,,,,,PO BOX 3176,,,,,,,CENTRAL POINT,OR,97502,7/14/2026 11:02,6/30/2027 11:02
BTAX-043812-07-2026,DAVID  BATTY,DAVID BATTY                   ,,1,Outside City Limits,531110,Rental Units/Landlord,5416643187,6/1/2013 0:00,4C856BD1-C6EB-4FCF-8839-1A9CE14F48FA,,,,,,,,,,,5247,TERESA ,,,WAY,,,CENTRAL POINT,OR,97502,7/15/2026 10:14,7/31/2027 10:14
BTAX-041728-09-2025,,DOLLAR TREE STORES INC #2945 ,,27,Inside City Limits,455219,Retail-Misc Direct Selling Establishment,5414791777,10/18/2006 0:00,584C8F22-204D-4CFF-8BCE-F54F9442F5F7,320,AGNESS,,NE,AVE,,,GRANTS PASS,OR,97526,500,VOLVO,,,PKWY,,,CHESAPEAKE,VA,23320,9/10/2025 14:32,8/31/2026 14:32
BTAX-043034-03-2026,,DOLLAR TREE STORES #1370      ,,13,Inside City Limits,455219,Retail-General Merchandise ,5414740434,10/25/1993 0:00,960D11EC-2409-4E45-92AE-89E3D4F24419,1200,6TH,,NW,ST,, ,GRANTS PASS,OR,97526,500,VOLVO,,,PKWY,,,CHESAPEAKE,VA,23320,3/26/2026 12:34,3/31/2027 12:34
BTAX-043444-06-2026,BRADLEY BARROTT,BIG DOG RENEWABLE ENERGY LLC,,1,Outside City Limits,238990,Contractor-Trade/Specialty,2082423352,5/5/2020 0:00,7e77f0eb-daeb-400b-a087-18dc2759084a,620,PHEASANT RIDGE,,,DR,,,CHUBBUCK,ID,83202,620,PHEASANT RIDGE ,,,DR,,,CHUBBUCK,ID,83202,6/12/2026 14:28,6/30/2027 14:28
BTAX-041160-08-2025,,FIRST STUDENT                 ,,70,Inside City Limits,485113,Transportation-Bus System,5414767733,7/18/1994 0:00,D53CE9D6-5BB6-4CFA-9C45-5E29BA4520F8,126,RINGUETTE,, ,ST,, ,GRANTS PASS,OR,97527,191,ROSA PARKS ST,8TH FLOOR - TAX DEPT,,,,,CINCINNATI,OH,45202,8/14/2025 16:09,8/31/2026 16:09
BTAX-042561-01-2026,,THE HILLMAN GROUP INC,(INSIDE WALMART),1,Inside City Limits,424210,Vending Machine Operator,5138514900,6/8/2010 0:00,faee47ea-8bbf-4fd8-8245-8ff53c406666,135,TERRY,,NE,LN,, ,GRANTS PASS,OR,97526,1280,KEMPER MEADOW,,,RD,,ATTN: JOE VOGEL,CINCINNATI,OH,45240,1/5/2026 14:22,12/31/2026 14:22
BTAX-042739-02-2026,JOHN CASSAR,RICK'S MEDICAL SUPPLY,,11,Inside City Limits,423450,Medical Equipment and Supplies Merchant,8882602550,12/1/2021 0:00,842976ff-1048-4ffe-93d9-2afa612d80b6,1610,7TH,,NE,ST,, ,GRANTS PASS,OR,97526,16017,VALLEY,,,BLVD,,,CITY OF INDUSTRY,CA,91744,2/10/2026 14:49,2/28/2027 14:49
BTAX-041228-08-2025,BRYAN BITTICKS,TAMBRY VENTURES SOUTH OREGON LLC,GREAT CLIPS,6,Inside City Limits,812112,Beauty Salon,5419569200,7/19/2004 0:00,FCFE590E-15AB-4B8D-BE8B-355E04A7B099,1610,ALLEN CREEK,, ,RD,,,GRANTS PASS,OR,97527,12042,SUNNYSIDE,,SE,RD,,2112,CLACKAMAS,OR,97015,8/14/2025 9:30,8/31/2026 9:30
BTAX-041236-08-2025,BRYAN BITTICKS,TAMBRY VENTURES SOUTH OREGON LLC,GREAT CLIPS,6,Inside City Limits,812112,Beauty Salon,5419569200,7/1/2019 0:00,0c145a54-087c-460b-9ea0-b8550af435e3,211,TERRY,,NE,LN,,SUITE B,GRANTS PASS,OR,97526,12042,SUNNYSIDE,,SE,RD,,2112,CLACKAMAS,OR,97015,8/14/2025 10:43,8/31/2026 10:43
BTAX-042002-10-2025,,OREGON BEVERAGE RECYCLING COOPERATIVE,BOTTLE DROP REDEMPTION CENTER,8,Inside City Limits,541990,Professional-Misc,5032222266,7/1/2016 0:00,68911959-1946-4f9c-9d58-c9b171b645a9,1040,ROGUE RIVER,, ,HWY,, ,GRANTS PASS,OR,97527,17300,120TH,,SE,AVE,,,CLACKAMAS,OR,97015,10/14/2025 12:18,10/31/2026 12:18
BTAX-043116-04-2026,,MASTEC NETWORK SOLUTIONS LLC,,3,Outside City Limits,238190,Contractor-General/Building Exterior,5032019751,12/16/2016 0:00,ae46413a-6762-4f45-9ea5-9e34d13f3d0c,,,,,,,,,,,14400,INDUSTRIAL,,SE,WAY,,,CLACKAMAS,OR,97015,4/15/2026 10:25,4/30/2027 10:25
BTAX-041060-08-2025,,"CAPITOL DENTAL GROUP, P.C.",GENTLE DENTAL GRANTS PASS,22,Inside City Limits,621210,Medical-Dentist,8664418538,4/1/2011 0:00,2200802F-35EF-4B85-9FC4-444AED0B0D2F,1519,F,,NE,ST,,,GRANTS PASS,OR,97526,120,CENTRAL,,S,AVE,,STE 400,CLAYTON,MO,63105,8/1/2025 10:18,8/31/2026 10:18
BTAX-042000-10-2025,GEORGE SAKELLARIS,"AMERESCO, INC.",,2,Outside City Limits,238220,Solar Equipment Installation,5086612200,9/4/2020 0:00,01cd28cc-51ab-4f44-8654-205402d23b11,,,,,,,,,,,120,CENTRAL,,S,AVE,,SUITE 400,CLAYTON,MO,63105,10/14/2025 9:22,10/31/2026 9:22
BTAX-043866-07-2026,,LINCARE INC                   ,,2,Inside City Limits,423450,Medical Equipment and Supplies Merchant,5417732211,5/27/1998 0:00,A5F78010-A016-43C3-998B-AA65489DABE9,3263,BIDDLE,,,RD,,,MEDFORD,OR,97504,ATTN: TAX DEPT,,PO BOX 9004,,,,,CLEARWATER,FL,33758,7/20/2026 11:20,7/31/2027 11:20
BTAX-041104-08-2025,,THE SHERWIN-WILLIAMS COMPANY #8192,,6,Inside City Limits,444120,Retail-Paint & Wallpaper,5414745985,11/27/2006 0:00,419F2636-5CF7-4100-8770-2F4EB33193CC,1072,ROGUE RIVER,, ,HWY,,,GRANTS PASS,OR,97527,PO BOX 6027,TAX DEPT #8192,,,,,,CLEVELAND,OH,44101,8/5/2025 15:06,8/31/2026 15:06
BTAX-041672-09-2025,INC  ELWOOD STAFFING SERVICES,ELWOOD STAFFING SERVICES INC ,,4,Outside City Limits,561330,Professional Employer Organization,8123726200,1/1/1997 0:00,C8F0524D-1480-4971-B27A-FD70EAFB4786,2368,CRATER LAKE,,,AVE,,,MEDFORD,OR,97504,PO BOX 1024,,,,,,,COLUMBUS,IN,47202,9/8/2025 10:22,9/30/2026 10:22
BTAX-042710-02-2026,,"JPMORGAN CHASE BANK, N.A.        ",,10,Inside City Limits,522110,Finance-Commercial Bank,5414793802,6/8/1992 0:00,2516593E-5ADC-4A29-A660-976A67005D92,151,MIDLAND,,NE,AVE,, ,GRANTS PASS,OR,97526,1111,POLARIS,ATTN. ANGELA MORGAN,,PKWY,,FLOOR 2A,COLUMBUS,OH,43240,2/3/2026 12:54,2/28/2027 12:54
BTAX-043950-07-2026,THOMAS FEENEY,SAFELITE FULFILLMENT INC,SAFELITE AUTOGLASS #3394,2,Outside City Limits,811122,Auto-Glass Replacement Shop,6142109309,3/1/2016 0:00,64ef573e-d3b3-4841-b2e7-cce1bfa1ca4e,683,BRIAN,,,WAY,,,MEDFORD,OR,97501,PO BOX 182000,,,,,,,COLUMBUS,OH,43218,7/27/2026 15:29,7/31/2027 15:29
BTAX-041484-08-2025,,FIRST COMMUNITY CREDIT UNION,,51,Inside City Limits,522110,Finance-Commercial Bank,5414792601,7/25/2017 0:00,fa635481-6fe8-4611-9c2f-d3efbe3b5e1b,1551,HARBECK,, ,RD,, ,GRANTS PASS,OR,97527,200,ADAMS,,N,ST,,,COQUILLE,OR,97423,8/20/2025 16:14,8/31/2026 16:14
BTAX-041343-08-2025,KIMBERLY  SARGENT,SARGENT RENTALS               ,,1,Outside City Limits,531110,Rental Units/Landlord,5412319654,10/9/1995 0:00,716FEF35-E34B-4501-87A3-D9580C8F6361,,,,,,,,,,,PO BOX 297,,,,,,,CORVALLIS,OR,97339,8/18/2025 16:01,8/31/2026 16:01
BTAX-041452-08-2025,JOHN TRUAX,TRUAX CORPORATION             ,TOWNE PUMP ,9,Inside City Limits,457120,Gas Station,5417581500,7/1/1986 0:00,09E86BEE-92E0-41C1-836A-86E050BA0C31,1820,7TH,,NE,ST,, ,GRANTS PASS,OR,97526,PO BOX 3002,,,,,,,CORVALLIS,OR,97339,8/20/2025 12:29,8/31/2026 12:29
BTAX-043014-03-2026,,NORTHWEST DENTAL ASSOCIATES PC     ,BRIGHT NOW! DENTAL,10,Inside City Limits,621210,Medical-Dentist,5414796696,2/12/2008 0:00,DBF15AFA-EA20-431E-BAA5-F1D5B1B8C163,1035,6TH,,NE,ST,,SUITE B,GRANTS PASS,OR,97526,675,ANTON,,,BLVD,,SUITE 500,COSTA MESA,CA,92618,3/23/2026 11:31,3/31/2027 11:31
BTAX-042778-02-2026,,THE PITTSBURGH PAINTS CO.,,4,Inside City Limits,444120,Retail-Paint & Wallpaper,7247425507,6/1/2013 0:00,A5BE4126-5990-4BC3-9CFC-97436D63DF29,310,BEACON,,NE,DR,,,GRANTS PASS,OR,97526,ATTN: PERMIT DEPT,,400 BERTHA LAMME DR,,,,,CRANBERRY TWP,PA,16066,2/10/2026 11:02,12/31/2026 11:02
BTAX-041482-08-2025,,ACCENTCARE HOME HEALTH OF ROGUE VALLEY INC ,,22,Inside City Limits,621610,Medical-Home Health Care Services,9722013819,8/1/2014 0:00,3ECCE2C5-37CE-49BF-B79F-65AED0EB5764,1545,F,,NE,ST,,,GRANTS PASS,OR,97526,17855,NORTH DALLAS ,,,PKWY,,SUITE 200,DALLAS,TX,75287,8/20/2025 16:00,8/31/2026 16:00
BTAX-042200-11-2025,,OOGP INC,,25,Inside City Limits,425120,Wholesale Agent,5414794743,7/16/1996 0:00,a631621f-8188-4e43-8b0c-821cb244b005,557,WESTBROOK,,NE,WAY,, ,GRANTS PASS,OR,97526,ESSILOR OF AMERICA- ATTN TAX DEPARTMENT,,13515 N STEMMONS FWY,,,,,DALLAS,TX,75234,11/4/2025 10:24,11/30/2026 10:24
BTAX-042326-11-2025,,"WESTERN REFINING RETAIL, LLC #9477/62524",,6,Inside City Limits,457120,Gas Station,9728287820,10/1/2020 0:00,1cba9ce1-95a4-4b06-b800-b4ab6c9667ec,1650,ALLEN CREEK,, ,RD,, ,GRANTS PASS,OR,97527,PO BOX 139044,,,,,,,DALLAS,TX,75313,11/25/2025 12:13,11/30/2026 12:13
BTAX-041674-09-2025,"BUILDER SERVICES GROUP, INC","BUILDER SERVICES GROUP, INC",,3,Inside City Limits,238190,Contractor-General/Building Exterior,3863042222,8/13/2019 0:00,de5e1a6c-7140-4a64-a262-df68f1e1569b,1900,39TH,,W,ST,,,VANCOUVER,WA,98660,475,WILLIAMSON,,N,BLVD,,,DAYTONA BEACH,FL,32114,9/8/2025 10:27,9/30/2026 10:27
BTAX-043878-07-2026,,BUILDER SERVICES GROUP INC   ,JB INSULATION,3,Outside City Limits,238190,Contractor-General/Building Exterior,5417762848,8/1/2007 0:00,60878E6F-E185-49A1-BF6F-D9F080C4AFE5,,,,,,,,,,,475,WILLIAMSON,,N,BLVD,,,DAYTONA BEACH,FL,32114,7/20/2026 13:34,7/31/2027 13:34
BTAX-041568-08-2025,,WALGREENS #07373              ,,22,Inside City Limits,456110,Pharmacy/Drug Store,5414714873,4/25/2003 0:00,0C55F8FA-805F-4A8C-BC5C-1B7626EE8596,111,UNION,, ,AVE,, ,GRANTS PASS,OR,97527,PO BOX 901,,,,,,MS 3215,DEERFIELD,IL,60015,8/26/2025 12:23,8/31/2026 12:23
BTAX-042145-10-2025,,SALLY BEAUTY SUPPLY #10817,,6,Inside City Limits,456120,Retail-Beauty Supply/Cosmetics,5417795346,5/7/2007 0:00,0FF45874-9A2C-453C-A9E2-FFA3AF0A99CD,314,BEACON,,NE,DR,,,GRANTS PASS,OR,97526,ATTN: TAX DEPARTMENT,,PO BOX 90220,,,,,DENTON,TX,76202,10/29/2025 12:12,10/31/2026 12:12
BTAX-042201-11-2025,,LUMEN TECHNOLOGIES,CENTURYLINK,5,Outside City Limits,517112,Telecommunication-Wireless Carrier,7208881000,5/1/1992 0:00,5665E7CE-99CD-4419-9223-6E7CAC1D03F2,205,MILL,,NE,ST,,,GRANTS PASS,OR,97526,931,14TH,,,ST,,,DENVER,CO,80202,11/4/2025 10:38,11/30/2026 10:38
BTAX-042431-12-2025,DOUGLAS  RICHARDS,LEVEL 3 COMMUNICATIONS LLC    ,,1,Outside City Limits,517112,Telecommunication-Wireless Carrier,7208880117,1/1/2014 0:00,DC657D57-4A56-4973-8682-0008D42022C1,,,,,,,,,,,931,14TH,,,ST,,,DENVER,CO,80202,12/9/2025 9:55,12/31/2026 9:55
BTAX-043443-06-2026,TOM SAUREY,"TUFF SHED, INC",,2,Outside City Limits,238190,Contractor-General/Building Exterior,3034745524,6/2/2022 0:00,db956e41-e40e-494d-a4ca-f3e8a25912b6,,,,,,,,,,,1777,HARRISON,,S,ST,,600,DENVER,CO,80210,6/12/2026 10:54,6/30/2027 10:54
BTAX-043706-07-2026,,DARRYL & TREVA FOUNTAIN RENTAL,,1,Outside City Limits,532289,Rental-Misc Rentals,9162966814,1/5/2006 0:00,7BB10971-4734-4F4A-9ECC-ACD445F0C189,,,,,,,,,,,215,EVERGLADE,,,WAY,,,DIXON,CA,95620,7/10/2026 11:23,7/31/2027 11:23
BTAX-043040-03-2026,,CAL-ORE TELECOMMUNICATION     ,,5,Outside City Limits,517112,Telecommunication-Wireless Carrier,5303972211,11/19/2012 0:00,DFAE027C-126D-4764-8E38-9FAC6F4B67C3,,,,,,,,,,,PO BOX 847,,,,,,,DORRIS,CA,96023,3/30/2026 12:42,3/31/2027 12:42
BTAX-041831-09-2025,,ROSS DRESS FOR LESS INC       ,,53,Inside City Limits,455110,Retail-Department Store,9259654831,3/8/2008 0:00,9174736C-EFF6-423D-BF74-0533697A066D,322,BEACON,,NE,DR,, ,GRANTS PASS,OR,97526,ATTN: LICENSING DEPT,,5130 HACIENDA DR GA#1124,,,,,DUBLIN,CA,94568,9/18/2025 15:05,9/30/2026 15:05
BTAX-041570-08-2025,,MAURICES INCORPORATED #2084   ,,12,Inside City Limits,458110,Retail-Clothing & Accessories,5414794587,11/2/2011 0:00,182D0BA3-8757-401A-87C9-81AFA587DE7B,1070,E,,NE,ST,, ,GRANTS PASS,OR,97526,425,SUPERIOR,,W,ST,,,DULUTH,MN,55802,8/26/2025 12:41,8/31/2026 12:41
BTAX-042338-11-2025,,LINCOLN ROAD VETERINARY CLINIC,LINCOLN ROAD VETERINARY LLC,18,Inside City Limits,541940,Veterinary,5414767769,10/1/2021 0:00,2169e836-c326-4170-85ef-6ad14e8b9d2d,585,LINCOLN,, ,RD,, ,GRANTS PASS,OR,97526,C/O AVALARA BUSINESS LICENSE,PO BOX 3824,,,,,,DURHAM,NC,27702,11/24/2025 8:58,11/30/2026 8:58
BTAX-042491-12-2025,,KCI USA INC DBA SOLVENTUM ADVANCED WOUND CARE,SOLVENTUM ADVANCED WOUND CARE,1,Outside City Limits,339113,Rental-Misc Rentals,7323645623,11/17/2003 0:00,0D0D0349-8E28-4040-8BBE-B2ACA7CCF24D,255,BARNETT,,E,RD,,STE 112,MEDFORD,OR,97501,C/O Avalara Inc,PO BOX 3824,,,,,,DURHAM,NC,27702,12/22/2025 9:54,12/31/2026 9:54
BTAX-043105-04-2026,SUSAN E  YORK,EWING IRRIGATION PRODUCTS INC,,5,Inside City Limits,423820,Retail-Misc Direct Selling Establishment,6024379530,1/1/2006 0:00,9E0D9F96-A1EE-4454-BE7F-5E35FFF1F256,906,6TH,,SW,ST,, ,GRANTS PASS,OR,97526,C/O AVALARA INC.,PO BOX 3824,,,,,,DURHAM,NC,27702,4/8/2026 13:55,4/30/2027 13:55
BTAX-043436-06-2026,,"THE POKEMON COMPANY INTERNATIONAL, INC.",,1,Inside City Limits,423920,"Retail-Hobbies, Toys & Games ",2066412623,3/23/2021 0:00,8b1c18ee-76d6-468e-829a-a2f5ea0faf7b,1101,GRANTS PASS,,,PKWY,,,GRANTS PASS,OR,97526,C/O AVALARA BUSINESS LICENSE,PO BOX 3824,,,,,,DURHAM,NC,27702,6/11/2026 9:03,6/30/2027 9:03
BTAX-041246-08-2025,LUKE  OZCELIK,"NWV GP 1, LLC",ARCO AMPM #82931,16,Inside City Limits,457120,Gas Station,5419688966,8/26/2008 0:00,ED8103A1-ADD7-49E4-808D-77AB03BA9163,190,TERRY,,NE,LN,, ,GRANTS PASS,OR,97526,PO BOX 574,,,,,,,EAGLE POINT,OR,97524,8/14/2025 12:03,8/31/2026 12:03
BTAX-041248-08-2025,LUKE  OZCELIK,NW VENTURES DOWNTOWN LLC      ,ARCO #04282,7,Inside City Limits,457120,Gas Station,5419556300,12/2/2010 0:00,2C8D8A70-30B9-4D5E-B772-FDF1023AA2AB,785,7TH,,SE,ST,, ,GRANTS PASS,OR,97526,PO BOX 574,,,,,,,EAGLE POINT,OR,97524,8/14/2025 12:07,8/31/2026 12:07
BTAX-041257-08-2025,MORGAN & ELLEN  STEINER,VIKING CONCRETE CUTTING INC   ,,8,Outside City Limits,238110,Contractor-Concrete/Found/Structural,5418919400,5/31/1989 0:00,30C6014C-DAFD-42F8-8864-9295A729253C,,,,,,,,,,,186,AYRES,,,RD,,,EAGLE POINT,OR,97524,8/14/2025 12:52,8/31/2026 12:52
BTAX-041308-08-2025,THEODORE BAUMER,BAUMER'S HEATING & AIR CONDITIONING LLC,,3,Outside City Limits,238220,Contractor-HVAC Services,5419511449,4/1/2010 0:00,7F20A7E5-0D07-449C-91B6-C200E04A1C2E,,,,,,,,,,,PO BOX 201,,,,,,,EAGLE POINT,OR,97524,8/18/2025 10:28,8/31/2026 10:28
BTAX-041778-09-2025,REGINALD  DEVORE,DEVORE ELECTRIC AND CONSTRUCTION,,2,Outside City Limits,238210,Contractor-Electrical,5419443380,3/22/1999 0:00,AA25C61A-F8C9-4844-86D5-F8817FFE7CAE,,,,,,,,,,,792,DUTTON,,E,RD,,,EAGLE POINT,OR,97524,9/17/2025 8:57,8/31/2026 8:57
BTAX-041980-10-2025,JOHN UBHAUS,UBHILL ONE CONCESSIONS INC   ,,5,Outside City Limits,722320,Caterer,5414794787,5/16/1994 0:00,8ABE1C80-9167-4110-BFF3-016A5D1C50E8,,,,,,,,,,,881,ST. ANDREWS,,,,,,EAGLE POINT,OR,97524,10/9/2025 14:38,10/31/2026 14:38
BTAX-041987-10-2025,JEREMY GIESELMAN,MILESTONE LANDSCAPE GROUP LLC,,4,Outside City Limits,541320,Landscaping Services,541-664-6453,9/9/2019 0:00,5c6941e9-b2b2-4f93-be8a-0e18ea32c8b1,,,,,,,,,,,PO BOX 394,,,,,,,EAGLE POINT,OR,97524,10/10/2025 10:38,10/31/2026 10:38
BTAX-042597-01-2026,MICHAEL BUTLER,"PRECISION CURBS AND CONCRETE, LLC",,4,Outside City Limits,238110,Contractor-Concrete/Found/Structural,5418409853,1/30/2023 0:00,896da137-ac83-4cda-811f-ce8ab9b26625,,,,,,,,,,,PO BOX 267,,,,,,,EAGLE POINT,OR,97524,1/12/2026 11:54,1/31/2027 11:54
BTAX-042883-03-2026,STACEY EICHNER,"DELTA LINK, INC",,12,Outside City Limits,237130,Contractor-Telecommunications,5418412776,9/26/2022 0:00,b15ad1e2-a407-4b4e-809f-e2280178c36f,202,WILSON,,,WAY,,,EAGLE POINT,OR,97524,202,WILSON,,,WAY,,,EAGLE POINT,OR,97524,3/3/2026 9:41,3/31/2027 9:41
BTAX-043466-06-2026,JAMES MOEHRING,PURIST PLUMBING AND EXCAVATION LLC,,2,Outside City Limits,238220,Plumber,5416900708,6/16/2022 0:00,3469c9a6-9d9d-4b03-a55f-92e484e2211d,,,,,,,,,,,9514,BUTTE FALLS,,,HWY,,,EAGLE POINT,OR,97524,6/23/2026 8:28,6/30/2027 8:28
BTAX-043653-07-2026,ROBERT WILLIAMS,ALTERNATE ENERGY SERVICES     ,,2,Outside City Limits,238220,Contractor-HVAC Services,5418267570,11/20/1997 0:00,5A057A9D-6CBC-4786-9622-516C211D2373,,,,,,,,,,,PO BOX 543,,,,,,,EAGLE POINT,OR,97524,7/9/2026 11:20,7/31/2027 11:20
BTAX-041818-09-2025,KAREN  SNOREK,SHUTTERFLY LIFETOUCH LLC,LIFETOUCH PHOTOGRAPHY,1,Outside City Limits,541921,Photography,9528264037,11/17/1986 0:00,32F20C8C-9617-42C7-A94D-BE007F34AE3B,,,,,,,,,,,ATTN: TAX DEPT,,11000 VIKING DR,,,,,EDEN PRAIRIE,MN,55344,9/18/2025 13:08,9/30/2026 13:08
BTAX-041939-10-2025,GENOA HEATHCARE LLC,GENOA HEALTHCARE LLC,,5,Inside City Limits,456110,Pharmacy/Drug Store,6516880258,8/28/2018 0:00,d43850ee-99a9-4f2a-bb88-60ff08c33281,1545,HARBECK,,,RD,,SUITE P1,GRANTS PASS,OR,97527,11000,OPTUM,,,CIR,,SUITE 100,EDEN PRAIRIE,MN,55344,10/21/2025 10:28,10/31/2026 10:28
BTAX-041392-08-2025,WILLIAM LOVELACE,GARDEN GROVE         ,,2,Inside City Limits,531110,Rental Units/Landlord,5414741764,7/1/1994 0:00,E4F4AED1-1F0A-45E8-AC40-6146C2D90677,1100,FRUITDALE,, ,DR,, ,GRANTS PASS,OR,97527,PO BOX 490,,,,,,,ENTERPRISE,OR,97828,8/19/2025 11:41,8/31/2026 11:41
BTAX-042502-12-2025,JOHN & JARED HILLOCK,ENTERPRISE ELECTRIC & RENTAL,,6,Outside City Limits,238210,Contractor-Electrical,5414263601,11/14/2022 0:00,78dd158d-2a24-4d90-9c89-9fd8194c0faf,,,,,,,,,,,803,RIVER,,S,ST,,,ENTERPRISE,OR,97828,12/24/2025 9:05,12/31/2026 9:05
BTAX-042910-03-2026,,HOLIDAY GARDEN APARTMENTS LLC,HOLIDAY GARDEN APARTMENTS GRANTS PASS,8,Inside City Limits,531110,Rental Units/Landlord,5412635676,12/27/2017 0:00,f79cba0f-627b-4978-9891-7439cf2f76be,,,,,,,,,,,PO BOX 490,,,,,,,ENTERPRISE,OR,97828,3/9/2026 12:24,3/31/2027 12:24
BTAX-043393-06-2026,ANGELA CHASE,AB CHASE CONSTRUCTION LLC,,5,Outside City Limits,238190,Contractor-General/Building Exterior,5419934835,2/17/2022 0:00,2d23a2aa-0bd5-441c-b7c6-689a51c7280c,,,,,,,,,,,200,MAIN,,E,ST,,,ENTERPRISE,OR,97828,6/8/2026 10:35,6/30/2027 10:35
BTAX-042105-10-2025,MICAH LEE MISTY LEE,,,2,Outside City Limits,488410,Towing,5034578534,10/18/2022 0:00,7f572cb8-5a49-4bf4-893d-d455b893f518,,,,,,,,,,,PO BOX 321,,,,,,,ESTACADA,OR,970230321,10/22/2025 14:10,10/31/2026 14:10
BTAX-041348-08-2025,WILLIAM & KRISTY MCINTYRE,MCINTYRE CONSTRUCTION INC    ,,1,Outside City Limits,238190,Contractor-General/Building Exterior,5416872841,12/22/2003 0:00,DAA1FAE8-F87B-4945-9385-FFB57E92E540,,,,,,,,,,,91,DANEBO,,S,AVE,,,EUGENE,OR,97402,8/18/2025 16:10,8/31/2026 16:10
BTAX-041387-08-2025,,JCK ENTERPRISES LLC          ,CARL'S JR #8185,27,Inside City Limits,722513,Limited-Service Restaurant,5413426557,6/24/2011 0:00,661A30F2-B326-4D4C-8364-F5331D172732,220,TERRY,,NE,LN,, ,GRANTS PASS,OR,97526,875,COUNTRY CLU,,,,,,EUGENE,OR,97401,8/19/2025 11:30,8/31/2026 11:30
BTAX-041388-08-2025,INC  JCK RESTAURANTS,JCK RESTAURANTS INC          ,CARL'S JR #8532 ,27,Inside City Limits,722513,Limited-Service Restaurant,5413426557,8/26/2014 0:00,C6CE09B1-FDE7-4365-B0CF-C13A11F87891,1802,6TH,,NW,ST,, ,GRANTS PASS,OR,97526,875,COUNTRY CLU,,,,,,EUGENE,OR,97401,8/19/2025 11:34,8/31/2026 11:34
BTAX-041389-08-2025,JOSEPH KARCHER,"JCK SUBS, INC",JERSEY MIKES,22,Inside City Limits,722511,Restaurant,5419160250,12/19/2018 0:00,13c6ca32-36f4-4bac-a9db-cab1e39b21f3,200,TERRY,,NE,LN,,C,GRANTS PASS,OR,97526,875,COUNTRY CLUB,,,RD,,,EUGENE,OR,97401,8/19/2025 11:38,8/31/2026 11:38
BTAX-041890-09-2025,BOB & TROY  CROSS,LEE-BUILT CROSS BROTHERS INC  ,,1,Outside City Limits,238190,Contractor-General/Building Exterior,5416882042,1/23/2007 0:00,A4E1B185-AEBB-47AB-9768-8E859DD64AC3,,,,,,,,,,,PO BOX 25557,,,,,,,EUGENE,OR,974020457,9/26/2025 14:43,9/30/2026 14:43
BTAX-041953-10-2025,LEE HANSEN,TOOL TECH LLC,,6,Outside City Limits,238990,Contractor-Trade/Specialty,5416544198,8/31/2017 0:00,6bdd828e-1024-4aaa-8f0e-238c72564032,,,,,,,,,,,PO BOX 40817,,,,,,,EUGENE,OR,97404,10/6/2025 16:06,9/30/2026 16:06
BTAX-042204-11-2025,,WILLAMETTE GRAYSTONE          ,,6,Inside City Limits,423320,Retail-General Merchandise ,5417471225,1/1/2011 0:00,AB55392F-3C45-4BAF-A9C4-E1F94A614316,1559,DOWELL,, ,RD,, ,GRANTS PASS,OR,97527,3700,FRANKLIN ,,,BLVD,,,EUGENE,OR,97403,11/4/2025 11:03,10/31/2026 11:03
BTAX-042432-12-2025,,OUTFRONT MEDIA LLC           ,,1,Outside City Limits,541890,Advertising Services,5416079355,8/1/1990 0:00,C828178D-264B-41E7-A494-62DA9C97CDCC,,,,,,,,,,,199,FIFTH,,E,AVE,,SUITE 25,EUGENE,OR,97401,12/9/2025 10:26,11/30/2026 10:26
BTAX-042507-12-2025,    ,LOST CREEK LLC,MARIO'S 2,5,Inside City Limits,722513,Limited-Service Restaurant,5414653966,NULL,8bee6ec7-5f5f-4a7d-a2ef-d86107e93b86,1889,7TH,,NE,ST,,,GRANTS PASS,OR,97526,363,HIGH,,,ST,,,EUGENE,OR,97401,12/26/2025 11:22,12/31/2026 11:22
BTAX-042508-12-2025,    ,LOST CREEK LLC,LUCKY LIZARD 2,5,Inside City Limits,722513,Limited-Service Restaurant,5414653966,10/6/2022 0:00,a12b69fa-02c0-4a96-8cde-0dfe03fcd174,261,ROGUE RIVER,, ,HWY,, ,GRANTS PASS,OR,97527,363,HIGH,,,ST,,,EUGENE,OR,97401,12/26/2025 11:25,12/31/2026 11:25
BTAX-042509-12-2025,    ,LOST CREEK LLC,RIVER CITY,5,Inside City Limits,722513,Limited-Service Restaurant,5414653966,NULL,4df32530-7b4f-4a45-bfed-262d7db2fc97,150,K,,SE,ST,, ,GRANTS PASS,OR,97526,363,HIGH,,,ST,,,EUGENE,OR,97401,12/26/2025 11:27,12/31/2026 11:27
BTAX-042510-12-2025,    ,LOST CREEK LLC,PURPLE PARROT #4,5,Inside City Limits,722513,Limited-Service Restaurant,5414653966,NULL,297e6659-3ad2-4ee0-ac84-a0fc46ad16e6,145,J,,SE,ST,,,GRANTS PASS,OR,97526,363,HIGH,,,ST,,,EUGENE,OR,97401,12/26/2025 11:29,12/31/2026 11:29
BTAX-042543-01-2026,  GRIFFIN,WILSON-HEIRGOOD ASSOCIATION   ,"WHA INSURANCE AGENCY, INC",2,Outside City Limits,524210,Insurance Agency & Brokerages,8008526140,10/31/2011 0:00,8BF519A4-6D14-45F0-9822-E830F7100CF6,,,,,,,,,,,2930,CHAD,,,DR,,,EUGENE,OR,97408,1/2/2026 15:09,12/31/2026 15:09
BTAX-042623-01-2026,CHRISTOPHER O'SHEEDY,INNOVATIVE AIR INC,,2,Outside City Limits,238220,Contractor-HVAC Services,5417461040,11/3/2016 0:00,4ef4db55-d160-4121-a1f3-535f81555fcf,,,,,,,,,,,5120,FRANKLIN,,,BLVD,,STE 7,EUGENE,OR,97403,1/13/2026 11:52,1/31/2027 11:52
BTAX-042657-01-2026,,FRANZ BAKERY OUTLET           ,,6,Inside City Limits,311811,Bakery,5032322191,12/12/2007 0:00,C679F6FA-3476-4C47-AB44-399830955535,550,F,,NE,ST,, ,GRANTS PASS,OR,97526,2000,NUGGET ,,,WAY,,,EUGENE,OR,97403,1/20/2026 14:40,1/31/2027 14:40
BTAX-042682-01-2026,ALI DEAN,"ALTRU HOME CARE, LLC",,146.5,Inside City Limits,621610,Medical-Home Health Care Services,5415071234,4/1/2019 0:00,668a80b8-3eb4-4ab1-aa11-597d1332a588,1555,WILLIAMS,,,HWY,,B,GRANTS PASS,OR,97527,3125,CHAD,,,DR,,SUITE 290,EUGENE,OR,97408,1/23/2026 11:24,1/31/2027 11:24
BTAX-042725-02-2026,GLENN  SMEED,"SMEED SOUND SERVICE, INC      ","SMEED COMMUNICATION SERVICES, INC.",4,Outside City Limits,237130,Contractor-Telecommunications,5416861654,9/4/2002 0:00,0C08F000-6152-4A14-A9E2-4C03557792F4,790,8TH,,W,AVE,,,EUGENE,OR,97402,790,8TH,,W,AVE,,,EUGENE,OR,97402,2/3/2026 15:07,2/28/2027 15:07
BTAX-042824-02-2026,UPINDER DHANJU,UNLIMITED DREAMS LLC,TRAVELODGE GRANTS PASS,8,Inside City Limits,721110,Hotel/Motel,5414796611,2/1/2008 0:00,CA15909A-AD76-4862-AF11-6518A42937CD,1950,VINE,,NW,ST,, ,GRANTS PASS,OR,97526,2852,WILLAMETTE,,,ST,,#205,EUGENE,OR,97405,2/18/2026 11:13,1/31/2027 11:13
BTAX-043203-04-2026,KENNETH MARQUARDT,RAM JACK WEST OF OREGON,RAM JACK,0,Outside City Limits,238190,Contractor-General/Building Exterior,5416887177,9/6/2016 0:00,85476ca0-b0c9-4db3-9178-f293b134bff4,,,,,,,,,,,PO BOX 11701,,,,,,,EUGENE,OR,97440,4/27/2026 11:57,4/30/2027 11:57
BTAX-043710-07-2026,ED PORTZ &  MICHELLE CROSS ,HARVEY & PRICE COMPANY        ,,2,Outside City Limits,238220,Contractor-HVAC Services,5417461621,1/1/1962 0:00,6C713167-1442-4A7C-9A75-21FE348F4FE5,,,,,,,,,,,2015,NUGGET ,,,WAY,,,EUGENE,OR,97403,7/10/2026 11:48,7/31/2027 11:48
BTAX-043774-07-2026,,BI-MART CORPORATION,BI-MART #610,31,Inside City Limits,455110,Retail-Department Store,5414798365,4/15/1997 0:00,A3A9396A-CB6A-4773-90D1-09B1E98491F8,230,REDWOOD,, ,HWY,, ,GRANTS PASS,OR,97527,PO BOX 2310,,,,,,,EUGENE,OR,97402,7/14/2026 12:44,7/31/2027 12:44
BTAX-043803-07-2026,,ES&A SIGN CORP DBA ES&A SIGN AND AWNING CO / BLAZE SIGN OF AMERICA,,2,Outside City Limits,238990,Sign Installation/Painting,5414855546,1/31/1997 0:00,7AAF3BD4-1DCE-453B-9BCC-16CAE370226E,,,,,,,,,,,89975,PRAIRIE ,,,RD,,,EUGENE,OR,97402,7/15/2026 9:37,7/31/2027 9:37
BTAX-043818-07-2026,,COLUMBIA BELLS LLC            ,TACO BELL #028002,28,Inside City Limits,722513,Limited-Service Restaurant,5414798521,10/28/1991 0:00,A9E97AB9-6A3D-429D-BC06-E9DB02E17DCB,195,TERRY,,NE,LN,,,GRANTS PASS,OR,97526,PO BOX 23408,,,,,,,EUGENE,OR,97402,7/15/2026 10:57,7/31/2027 10:57
BTAX-043921-07-2026,DAVID DEVILLENEUVE ITZAK SHLESINGER,SHLESINGER & DEVILLENEUVE     ,,1,Inside City Limits,541110,Lawyer,5414858411,6/1/1988 0:00,7C9E1AC1-CCFD-4B2D-9C40-3749A63F6513,777,7TH,,NE,ST,, ,GRANTS PASS,OR,97526,PO BOX 11616,,,,,,,EUGENE,OR,97440,7/24/2026 8:47,7/31/2027 8:47
BTAX-041863-09-2025,,"ALLIED EXHAUST SYSTEMS, INC   ",,1,Outside City Limits,441330,Retail-Automotive Parts & Accessories,5414763102,7/1/2004 0:00,2F90FEFE-21E7-4933-8714-EA4894F50EC7,2894,FOOTHILL,,,BLVD,,,GRANTS PASS,OR,975264160,4830,BUSINESS CENTER,,,DR,,SUITE 140,FAIRFIELD,CA,94534,9/23/2025 11:44,8/31/2026 11:44
BTAX-041766-09-2025,,"IDEAL SERVICES NW, LLC",,1,Outside City Limits,238190,Contractor-General/Building Exterior,2534758884,8/30/2016 0:00,dd8d8838-6e62-447b-9b73-e17c0214e323,,,,,,,,,,,5113,PACIFIC,,,HWY,E,SUITE 13,FIFE,WA,98424,9/16/2025 10:53,9/30/2026 10:53
BTAX-042536-12-2025,SANJIVE  DATTA,SA FOOD SERVICE LLC,ARBYS,17,Inside City Limits,722511,Restaurant,5414747995,2/5/2008 0:00,B2722C12-EC6C-4C2E-B304-E60B76692D2F,,,,,,,,,,,5005,PACIFIC HWY E #12,,,,,,FIFE,WA,98424,12/31/2025 9:24,12/31/2026 9:24
BTAX-041933-10-2025,,SECURITAS TECHNOLOGY CORPORATION,,2,Outside City Limits,561621,Security System Services,9713806054,7/1/2005 0:00,7E2D79FD-0470-4105-8C3E-9D7682F073A5,,,,,,,,,,,ATTN: LICENSING,,11899 EXIT 5 PARKWAY SUITE 100,,,,,FISHERS,IN,46037,10/3/2025 13:13,9/30/2026 13:13
BTAX-043342-05-2026,,THE CELLULAR CONNECTION LLC  ,,5,Inside City Limits,517112,Telecommunication-Wireless Carrier,3178199088,3/31/2012 0:00,C2FE0C08-29D4-4740-BAA8-E5227B960E30,142,TERRY,,NE,LN,, ,GRANTS PASS,OR,97526,10300,KINCAID,,,DR,,100,FISHERS,IN,46037,5/26/2026 15:30,5/31/2027 15:30
BTAX-043343-05-2026,SCOTT  MOOREHEAD,THE CELLULAR CONNECTION LLC,,5,Inside City Limits,517112,Telecommunication-Wireless Carrier,3178197034,5/1/2015 0:00,7350286D-43BA-4688-81BF-A1B7A99643DC,498,UNION,, ,AVE,, ,GRANTS PASS,OR,97527,10300,KINCAID ,,,DR,,100,FISHERS,IN,46037,5/26/2026 15:37,5/31/2027 15:37
BTAX-041521-08-2025,CYNTHIA NANCE,CYNTHIA NANCE TRUST,,1,Inside City Limits,541219,Other Accounting Services,5416015671,4/21/1994 0:00,2CEF1BD1-9848-4E84-8B36-18029C5E884C,,,,,,,,,,,PO BOX 1626,,,,,,,FLORENCE,OR,95439,8/22/2025 16:23,8/31/2026 16:23
BTAX-041624-09-2025,,FARMER BROTHERS COFFEE        ,,2,Outside City Limits,425120,Wholesale Agent,6825496600,1/1/1997 0:00,BBD82E73-7AE6-4298-A148-995EB1E9D369,,,,,,,,,,,ATTN TAX DEPT,,14501 N FREEWAY,,,,,FORT WORTH,TX,76177,9/3/2025 11:31,9/30/2026 11:31
BTAX-042872-03-2026,,THE TJX COMPANIES INC,TJ MAXX #1565,35,Inside City Limits,455110,Retail-Clothing & Accessories,7743085854,8/6/2019 0:00,93a77602-daf2-4f85-930c-0a462bbcc14f,939,D,,NE,ST,,,GRANTS PASS,OR,97526,PO BOX 9358,,,,,,,FRAMINGHAM,MA,01701,3/2/2026 12:38,3/31/2027 12:38
BTAX-042877-03-2026,Donna King,STAPLES THE OFFICE SUPER STORE,,10,Inside City Limits,459410,Retail-Office Supplies,5419555018,3/7/1998 0:00,393728EC-2E61-4741-9EE4-EA157452CDEF,901,D,,NE,ST,,,GRANTS PASS,OR,97526,500,STAPLES,,,DR,,,FRAMINGHAM,MA,1702,3/2/2026 13:48,2/28/2027 13:48
BTAX-041470-08-2025,THOMAS HENG,EXCLUSIVE WIRELESS INC,T-MOBILE,6,Inside City Limits,517112,Telecommunication-Wireless Carrier,5412958033,6/18/2019 0:00,386524af-2e29-4d67-94ca-adfbbe1b78c1,211,TERRY,,NE,LN,,C,GRANTS PASS,OR,97526,1320,HERNDON,,W,AVE,,,FRESNO,CA,93711,8/20/2025 14:45,8/31/2026 14:45
BTAX-043171-04-2026,,MOD PIZZA,,21,Inside City Limits,722513,Limited-Service Restaurant,8887706637,9/13/2018 0:00,c070972f-b634-4404-b786-1b7cc2393607,200,TERRY,,NE,LN,,A,GRANTS PASS,OR,97526,4185,FIGARDEN,,W,DR,,,FRESNO,CA,93722,4/24/2026 9:07,4/30/2027 9:07
BTAX-043603-07-2026,AARON TIERNEY,INDEPENDENT MANUFACTURING GROUP LLC,,1,Inside City Limits,459110,Retail-Sporting Goods,5416593201,5/10/2021 0:00,020aae58-ddf8-426a-9997-4fcc3323864f,714,KINNEY,,NW,ST,, ,GRANTS PASS,OR,97526,714,KINNEY,,NW,ST,,,GANTS PASS,OR,97526,7/7/2026 12:54,7/31/2027 12:54
BTAX-041905-09-2025,KERRY  KIRKLAND,KIRKLAND CONTRACTING          ,,1,Outside City Limits,238190,Contractor-General/Building Exterior,5416604358,11/12/1997 0:00,365CEDDA-ABFE-4384-AF6C-FF62A98219E2,,,,,,,,,,,PO BOX 391,,,,,,,GLENDALE,OR,97442,9/30/2025 11:28,9/30/2026 11:28
BTAX-042443-12-2025,RICKY SMITH,ABSOLUTE ROOFING & CONSTRUCTION,,5,Outside City Limits,238160,Roofing,5415317663,1/1/2004 0:00,c0489d2c-67b5-4f84-aedf-8d15d72b1bac,,,,,,,,,,,PO BOX 1,,,,,,,GLENDALE,OR,97442,12/11/2025 11:21,11/30/2026 11:21
BTAX-043039-03-2026,TIMOTHY PETERS,CLEAN DEEDS LLC,,2,Outside City Limits,561720,Cleaning Service,3603496451,10/12/2021 0:00,7406289b-0fe6-4b22-bd74-9c25640244b2,,,,,,,,,,,1305,MOUNT REUBEN,,,RD,,,GLENDALE,OR,97442,3/30/2026 12:37,3/31/2027 12:37
BTAX-043214-04-2026,TRICIA COOPER,LOW VOLTAGE SOLUTIONS OF OREGON,,1,Outside City Limits,238990,Contractor-Trade/Specialty,5412268333,3/16/2016 0:00,854dcc63-26bf-4a88-9842-db161aadf512,,,,,,,,,,,PO BOX 883,,,,,,,GLENDALE,OR,97442,4/29/2026 10:59,4/30/2027 10:59
BTAX-043309-05-2026,SID PACHECO,ASBESTOS SPECIALTIES,,1,Outside City Limits,238990,Specialty Trade Contractor,5412374661,4/1/2022 0:00,3d4d02c7-a745-4b4a-bc9c-29b33e2d644d,,,,,,,,,,,201,TWIN PINES,,,DR,,,GLENDALE,OR,97442,5/19/2026 9:15,5/31/2027 9:15
BTAX-041569-08-2025,TODD  ERNEST,CLIMATE PROS LLC,,6,Outside City Limits,238990,Specialty Trade Contractor,6308938511,7/1/2022 0:00,7a27b399-dd78-45cf-8853-f28b99530773,,,,,,,,,,,55,BRANDON,,N,DR,,,GLENDALE HEIGHTS,IL,60139,8/26/2025 12:38,8/31/2026 12:38
BTAX-041439-08-2025,COREY VITUS,VITUS CONSTRUCTION            ,,20,Outside City Limits,238190,Contractor-General/Building Exterior,5418557177,6/21/1991 0:00,EB82D9B8-E6F0-4ECC-A93C-226B89506D09,,,,,,,,,,,PO BOX 1097,,,,,,,GOLD HILL,OR,97525,8/20/2025 9:57,8/31/2026 9:57
BTAX-041919-10-2025,,ALL 2 CURRENT ELECTRIC INC    ,,3,Outside City Limits,221122,Electric Company,5416606590,7/1/2011 0:00,BD4B42C0-2A16-499B-A77A-94D12B6EFBA5,,,,,,,,,,,862,FOOTS CREEK,,,RD,,,GOLD HILL,OR,97525,10/10/2025 9:22,10/31/2026 9:22
BTAX-042247-11-2025,DONNA  MCLANE,MCLANE PROPERTIES             ,,4,Outside City Limits,531110,Rental Units/Landlord,5416650950,1/8/2008 0:00,60A19054-CE04-400E-B850-B4173BF01331,,,,,,,,,,,PO BOX 936,,,,,,,GOLD HILL,OR,97525,11/10/2025 10:37,9/30/2026 10:37
BTAX-042635-01-2026,JOSHUA  BABB,JOSHUA K BABB CONSTRUCTION,,1,Outside City Limits,238190,Contractor-General/Building Exterior,5416606963,7/19/2019 0:00,c1e3e857-d889-4b7c-954e-f261a21e40d1,2235,SARDINE CREEK,,,RD,,,GOLD HILL,OR,97525,2235,SARDINE CREEK,,,RD,,,GOLD HILL,OR,97525,1/14/2026 12:44,1/31/2027 12:44
BTAX-042927-03-2026,BRANDON SMITH,SMITH ENGINEERING LLC,,1,Outside City Limits,541330,Engineering Services,3604343148,3/21/2019 0:00,c4177ff2-525a-497e-aed7-90c63c74287b,,,,,,,,,,,1291,SARDINE CREEK,,,RD,,,GOLD HILL,OR,97525,3/10/2026 10:16,3/31/2027 10:16
BTAX-043790-07-2026,JIMMY  BROTHERTON,BROTHERTON PIPELINE INC       ,,1,Outside City Limits,221210,Natural Gas Company,5418557062,2/1/2004 0:00,77824E83-5D56-4898-8E64-A279DF86BC03,,,,,,,,,,,PO BOX 738,,,,,,,GOLD HILL,OR,97525,7/14/2026 15:23,7/31/2027 15:23
BTAX-042495-12-2025,,DG RETAIL LLC,DOLLAR GENERAL STORE #19768,7,Inside City Limits,455219,Retail-General Merchandise ,6158554000,5/8/2019 0:00,a1326253-dbdf-4f7f-a23c-1ebe623404b0,1950,BRIDGE,,SW,ST,, ,GRANTS PASS,OR,97526,100,MISSION RIDGE,ATTN: TAX DEPT,,,,,GOODLETTSVILLE,TN,37072,12/22/2025 11:44,12/31/2026 11:44
BTAX-042762-02-2026,,DOLLAR GENERAL STORE #16558,,9,Inside City Limits,455110,Retail-Department Store,6158554000,1/4/2016 0:00,736ac2d9-8b32-4aaf-b4a2-4c354a32fd47,1290,REDWOOD,, ,AVE,, ,GRANTS PASS,OR,97527,100,MISSION RIDGE,,,,,,GOODLETTSVILLE,TN,37072,2/9/2026 12:25,12/31/2026 12:25
BTAX-041056-08-2025,RON & KATHY DRAPER,IWELD,,2,Inside City Limits,238190,Welding/Fabrication,5305244013,7/19/2019 0:00,a158323b-20da-4ee8-ba8f-f3a028369513,,,,,,,,,,,560,F,,NE,ST,,STE A #235,GRANTS PASS,OR,97526,8/1/2025 9:49,8/31/2026 9:49
BTAX-041059-08-2025,,GRANTS PASS UNIVERSITY WOMEN CHARITABLE FUND,,0,Outside City Limits,813990,Organization-Misc,5414716435,5/5/2009 0:00,E5E71C30-7665-4841-B2EF-14A4D12969F6,,,,,,,,,,,PO BOX 1812,,,,,,,GRANTS PASS,OR,97528,8/1/2025 10:12,8/31/2026 10:12
BTAX-041068-08-2025,MARK LAMENSDORF,STAR COLLISION CENTERS INC,STAR BODYWORKS & STAR 24 HOUR TOWING,16,Inside City Limits,811121,"Auto-Body, Paint & Interior",5414791191,4/12/2013 0:00,B10EED79-14E8-4129-8BED-B61C1CE5EED9,715,UNION,, ,AVE,, ,GRANTS PASS,OR,97527,715,UNION,,,AVE,,,GRANTS PASS,OR,97527,8/1/2025 11:31,8/31/2026 11:31
BTAX-041076-08-2025,CLAUDIA  BEAUSOLEIL,SOUTHERN OREGON MEDIATION CENTER,,1,Inside City Limits,624190,Social Svcs-Individual & Family Svcs,5412266654,3/11/2004 0:00,A4E942AE-CBD5-4E13-8082-12FE107D8139,432,6TH,,NW,ST,,SUITE 209,GRANTS PASS,OR,97526,432,6TH,,NW,ST,,sUITE 209,GRANTS PASS,OR,97526,8/4/2025 9:48,8/31/2026 9:48
BTAX-041079-08-2025,KAREN & RICHARD  CROWLEY,K C DESIGNS GRANTS PASS       ,,1,Inside City Limits,811490,Tailor,5414792249,10/26/2007 0:00,4AC909B8-F638-4F82-9337-1DA955049C24,1145,ANNABELLE,, ,LN,, ,GRANTS PASS,OR,97527,1145,ANNABELLE,,,LN,,,GRANTS PASS,OR,97527,8/4/2025 10:38,8/31/2026 10:38
BTAX-041080-08-2025,HEIDI  KRANZ,DEANO'S DINER                 ,,2,Inside City Limits,722511,Restaurant,5412184256,12/3/2007 0:00,DF3148C2-7780-4641-89E2-F2953C8BAB22,2480,WILLIAMS,, ,HWY,, ,GRANTS PASS,OR,97527,233,ROGUE RIVER HWY,,,HWY,,#31,GRANTS PASS,OR,97527,8/4/2025 10:44,8/31/2026 10:44
BTAX-041085-08-2025,LYNN  COSTANTINO,ROGUE VALLEY MORTGAGE LLC     ,,3,Inside City Limits,522310,Finance-Loan Broker(Mortg/Nonmortg),5414766672,2/1/2008 0:00,45F0BF9F-DFF8-44FD-A23D-7BC4F6E1E4E1,222,B,,NE,ST,, ,GRANTS PASS,OR,97526,PO BOX 697,,,,,,,GRANTS PASS,OR,97528,8/4/2025 13:00,8/31/2026 13:00
BTAX-041086-08-2025,"GENE CARR,  GENE, BARBARA, DON & GAILMOCK",MOCK'S FORD SALES INC,,39,Inside City Limits,441330,Retail-Automotive Parts & Accessories,5414766656,7/1/1994 0:00,176D2EC4-B0F3-43A9-B02A-92F3025BD4BA,913,6TH,,SE,ST,, ,GRANTS PASS,OR,97526,PO BOX 68,,,,,,,GRANTS PASS,OR,97528,8/4/2025 13:04,8/31/2026 13:04
BTAX-041087-08-2025,,MOCK'S FORD SALES INC         ,MOCK'S FORD BODY SHOP,10,Inside City Limits,811111,Auto-General Repair,5414766656,3/10/2003 0:00,0E60B9DB-476E-4C6A-B864-34746786E794,2185,SPALDING,,NE,AVE,, ,GRANTS PASS,OR,97526,PO BOX 68,,,,,,,GRANTS PASS,OR,97528,8/4/2025 13:06,8/31/2026 13:06
BTAX-041088-08-2025,,CHERISHED FOOTSTEPS PRESCHOOL ,,7,Inside City Limits,624410,Child Day Care,5414790468,10/8/2007 0:00,AB3A9CE9-6586-4D39-97A4-2A3768ED2576,1832,DOWELL,, ,RD,, ,GRANTS PASS,OR,97527,1832,DOWELL,,,RD,,,GRANTS PASS,OR,97527,8/4/2025 15:28,8/31/2026 15:28
BTAX-041089-08-2025,JARED RYDELL,TOPS & TEES LLC,,7,Inside City Limits,458110,Retail-Misc Direct Selling Establishment,5414762226,12/14/2018 0:00,72571a0e-183f-44de-a82d-555b7824afc8,1460,WILLIAMS,, ,HWY,, ,GRANTS PASS,OR,97527,1460,WILLIAMS,,,HWY,,,GRANTS PASS,OR,97527,8/4/2025 15:39,8/31/2026 15:39
BTAX-041092-08-2025,PAMELA  MCCORKLE,UNICORN COUNSELING SERVICES,,1,Inside City Limits,621330,Medical - Mental Health Counselor,5416300079,8/17/2022 0:00,7d425f12-dc99-4a8e-82b8-f7cc4be60e48,215,6TH,,SE,ST,,,GRANTS PASS,OR,97526,215,6TH,,SE,ST,,SUITE 201,GRANTS PASS,OR,97526,8/5/2025 9:50,8/31/2026 9:50
BTAX-041097-08-2025,M G  PATEL,KNIGHTS INN MOTEL             ,,5,Inside City Limits,721110,Hotel/Motel,5414795595,12/1/1994 0:00,6E151652-6BFA-4592-8153-BB037075C53A,104,7TH,,SE,ST,, ,GRANTS PASS,OR,97526,104,7TH,,SE,ST,,,GRANTS PASS,OR,97526,8/5/2025 10:18,8/31/2026 10:18
BTAX-041100-08-2025,ATRICK & JACQUELINE PATTERSON,HIGHLAND HEIGHTS MOBILE HOME PARK,,2,Inside City Limits,721211,RV Parks & Campgrounds,5416609866,11/1/1990 0:00,45E86E34-0DB9-4EC4-B145-94F6CD7A1694,2525,HIGHLAND,,NW,AVE,,,GRANTS PASS,OR,97526,PO BOX 1749,,,,,,,GRANTS PASS,OR,97528,8/5/2025 11:04,8/31/2026 11:04
BTAX-041106-08-2025,PERRY  NICHOLSON,P R NICHOLSON PROPERTIES      ,,1,Outside City Limits,531311,Property Management,5414505572,3/18/1993 0:00,87298F18-D3F7-4E2C-9295-A818990D643E,,,,,,,,,,,3298,LOWER RIVER,,,RD,,,GRANTS PASS,OR,97526,8/5/2025 16:10,8/31/2026 16:10
BTAX-041107-08-2025,CASSIDEY  WILLIAMS,MISS CASSIDEY'S DAYCARE,,1,Inside City Limits,624410,Child Day Care,5416595052,6/27/2018 0:00,912c54a3-41f8-488b-ba0c-b936943a2712,952,CENTRAL,,SW,AVE,, ,GRANTS PASS,OR,97526,952,CENTRAL,,SW,AVE,,,GRANTS PASS,OR,97527,8/5/2025 16:16,8/31/2026 16:16
BTAX-041108-08-2025,DAVID WILLHITE,"NAUTILUS SHELL, LLC",POTTERY CANVAS & STONE,2,Inside City Limits,999999,Crafts & Hobbies,5416604772,4/20/2018 0:00,06f4d806-4fc9-4458-9358-3c2c4e097558,130,F,,NE,ST,,,GRANTS PASS,OR,97526,130,F,,NE,ST,,,GRANTS PASS,OR,97526,8/6/2025 11:31,8/31/2026 11:31
BTAX-041110-08-2025,QING YAN,GRANTS PASS INVESTMENTS LLC,DISCOVERY INN,3,Inside City Limits,721110,Hotel/Motel,5414767793,5/5/2003 0:00,D2ACBC96-1504-40D1-9EDF-A5FF145ED3CF,748,7TH,,SE,ST,, ,GRANTS PASS,OR,97526,748,7TH,,SE,ST,,,GRANTS PASS,OR,97526,8/6/2025 11:48,8/31/2026 11:48
BTAX-041113-08-2025,GARY WICKS,WICKS ENGINEERING & SURVEYING ,,2,Inside City Limits,541330,Engineering Services,5414793436,10/1/1987 0:00,E6AA7E4D-B28F-42F1-9EBD-70D5F613D105,311,D,,NE,ST,, ,GRANTS PASS,OR,97526,962,N,,SE,ST,,,GRANTS PASS,OR,97526,8/6/2025 12:42,8/31/2026 12:42
BTAX-041116-08-2025,AMBER OLDRIDGE,HOME AWAY FROM HOME FAMILY PRESCHOOL AND CHILDCARE LLC,,5,Inside City Limits,624410,Child Day Care,5412269824,12/26/2019 0:00,2485eb4b-27c1-425d-a115-7590789882e6,1460,GRABLE,,NE,DR,, ,GRANTS PASS,OR,97526,1460,GRABLE,,NE,DR,,,GRANTS PASS,OR,97526,8/6/2025 16:20,8/31/2026 16:20
BTAX-041120-08-2025,"EVELYN & SMITH, MAUREEN DAVIS",EVELYN DAVIS & MAUREEN SMITH RENTALS,,2,Inside City Limits,531110,Rental Units/Landlord,5418219112,7/1/1991 0:00,35F98FC9-7805-40BF-AE04-919D24D4C3D7,1249,PLUMMER,, ,AVE,, ,GRANTS PASS,OR,97527,1249,PLUMMER,,,AVE,,,GRANTS PASS,OR,97527,8/7/2025 12:31,8/31/2026 12:31
BTAX-041125-08-2025,,SMOKEY'S STOVES LLC          ,,12,Inside City Limits,423720,Retail-Home Appliances,5414762174,9/16/1985 0:00,0A7FF66B-A881-4F0E-972A-F6D3231C5BF5,926,6TH,,SW,ST,, ,GRANTS PASS,OR,97526,926,6TH ,,SW,ST,,,GRANTS PASS,OR,97526,8/8/2025 11:12,8/31/2026 11:12
BTAX-041126-08-2025,JOHN  GIAMMONA,HIGHER SELF TATTOO,,1,Inside City Limits,812199,Tattoo/Piercing Shop,5417614296,11/29/2016 0:00,8d0b63c8-6fc1-416a-91f2-49a33c8fe93e,1439,6TH,,NE,ST,,UNIT E,GRANTS PASS,OR,97526,709,MEMORIAL,,NE,DR,,,GRANTS PASS,OR,97526,8/8/2025 12:46,8/31/2026 12:46
BTAX-041133-08-2025,L  VINCE  WILLIAMS,DINGUS PHOTOGRAPHY     ,,2,Inside City Limits,541921,Photography,5414791466,1/1/2015 0:00,93F98403-85E4-4946-82FF-16E5C6314CBF,1138,WESTERLY,,SW,CT,, ,GRANTS PASS,OR,97527,1138,WESTERLY,,SW,CT,,,GRANTS PASS,OR,97527,8/8/2025 15:10,8/31/2026 15:10
BTAX-041134-08-2025,BARBARA CHANDLER,MOUNTAIN VIEW RENTALS LLC,TREE MOUNTAIN RENTALS LLC,2,Inside City Limits,531110,Rental Units/Landlord,5414743086,3/17/2009 0:00,C515E00C-ED93-4DAE-B2C2-2CFC96D2D89E,1037,N,,SE,ST,,,GRANTS PASS ,OR,97526,1037,N,,SE,ST,,,GRANTS PASS,OR,97526,8/8/2025 15:14,8/31/2026 15:14
BTAX-041136-08-2025,,SHAWN HUDDLESTON CONSTRUCTION,,1,Inside City Limits,238190,Contractor-General/Building Exterior,5417617185,3/8/2001 0:00,CA8AA9E9-89BC-4E43-8C26-13B1C7EC06F7,444,GLENWOOD,,E,ST,,,GRANTS PASS,OR,97527,444,GLENWOOD,,E,ST,,,GRANTS PASS,OR,97527,8/8/2025 15:19,8/31/2026 15:19
BTAX-041137-08-2025,KURTIS DYMOCK,TORQUE MONKEY AUTO REPAIR,,2,Inside City Limits,811111,Auto-General Repair,5419559541,12/14/2018 0:00,5b0a2569-6e5d-42e1-860b-1244bb4e1055,2600,CLOVERLAWN,, ,DR,, ,GRANTS PASS,OR,97527,2600,CLOVERLAWN,,,DR,,,GRANTS PASS,OR,97527,8/8/2025 15:27,8/31/2026 15:27
BTAX-041138-08-2025,RANDY  LEGLER,MAINTENANCE MATTERS           ,,1,Outside City Limits,561730,Yard Services,5416599239,3/11/2013 0:00,2B8614B4-1317-4B12-BCE0-D1C55BF53860,,,,,,,,,,,5860,FISH HATCHERY,,,RD,,,GRANTS PASS,OR,97527,8/8/2025 15:33,8/31/2026 15:33
BTAX-041139-08-2025,DAVID  DENNIS,D AND D AUTO SALES LLC,,3,Inside City Limits,441120,Auto-Used Car Dealer,5414760628,1/1/2009 0:00,9D615376-E702-4A02-A9C5-5D8088903207,110,PARK,,E,ST,, ,GRANTS PASS,OR,97527,110,PARK,,E,ST,,,GRANTS PASS,OR,97527,8/8/2025 15:38,8/31/2026 15:38
BTAX-041140-08-2025,DELBERT DWIGHT  SCOTT,DELBERT DWIGHT SCOTT TRUST    ,,1,Outside City Limits,531110,Rental Units/Landlord,5414749624,5/16/2005 0:00,25D2923A-F07B-485B-AA40-5D36D439D855,,,,,,,,,,,450,POTTS,,,WAY,,,GRANTS PASS,OR,97526,8/8/2025 15:48,8/31/2026 15:48
BTAX-041141-08-2025,JODY STEPHENS,JODY STEPHENS REMODELING & RESTORATION,,3,Inside City Limits,238190,Contractor-General/Building Exterior,5412955699,1/29/2020 0:00,50eb2c97-ccdd-43fa-b709-56508246c7e6,225,HILLCREST,,NE,Dr,,9,GRANTS PASS,OR,97526,225,HILLCREST,,NE,DR,,9,GRANTS PASS,OR,97526,8/8/2025 16:07,8/31/2026 16:07
BTAX-041142-08-2025,DAVID CEREDA,CEREDA CLEANING SERVICES,,1,Inside City Limits,561720,Cleaning Service,5414415809,4/28/2017 0:00,aba6945e-5e0f-446d-88b2-e04ea992d445,1935,HUNGRY HILL,,SW,DR,, ,GRANTS PASS,OR,97527,1935,HUNGRY HILL,,SW,DR,,,GRANTS PASS,OR,97527,8/8/2025 16:09,8/31/2026 16:09
BTAX-041143-08-2025,SANDRA  CROWDER,SANDI'S CANDIES               ,,2,Inside City Limits,445292,Food-Specialty Food Store,5419559112,10/15/1999 0:00,D858B7AD-DB5C-4930-B373-CFD48EA49D77,145,G,,SW,ST,, ,GRANTS PASS,OR,97526,145,G,,SW,ST,,,GRANTS PASS,OR,97526,8/8/2025 16:15,8/31/2026 16:15
BTAX-041144-08-2025,JOSH  BANCROFT,RIGS AND RIDES                ,,6,Inside City Limits,441110,Auto-New Car Dealer,5414747253,5/15/2003 0:00,08B124B8-BDF8-41D5-A4D7-ACDF5438B568,1600,7TH,,NE,ST,, ,GRANTS PASS,OR,97526,1600,7TH,,NE,ST,,,GRANTS PASS,OR,97526,8/8/2025 16:20,8/31/2026 16:20
BTAX-041146-08-2025,KAY J  WATTS,GREEN VALLEY PROPERTY MANAGEMENT,,3,Outside City Limits,531311,Property Management,5414797793,2/1/2007 0:00,79B140CF-3095-4990-AB7E-B514EFEDE6DE,,,,,,,,,,,PO BOX 1824,,,,,,,GRANTS PASS,OR,97528,8/11/2025 12:46,8/31/2026 12:46
BTAX-041147-08-2025,,AMNIES IN AND OUT CLEANING SERVICES ,AMNIE CLEANING,1,Inside City Limits,561720,Cleaning Service,5417870901,8/1/2022 0:00,f85ecdeb-b22a-46c3-99ec-1ddaba0438da,,,,,,,,,,,239,CENTRAL ,,SW,AVE,,,GRANTS PASS,OR,97526,8/11/2025 12:48,8/31/2026 12:48
BTAX-041149-08-2025,HUMBERTO  ORDAZ,GENERAL PABLO MELVA LANDSCAPING MAINTENANCE    ,,1,Inside City Limits,541320,Landscaping Services,5416216737,3/1/2012 0:00,72427AD1-A570-4E4D-859C-AF3DB8D06461,724,MADRONE,,NE,ST,, ,GRANTS PASS,OR,97526,PO BOX 683,,,,,,,GRANTS PASS,OR,97528,8/11/2025 14:16,8/31/2026 14:16
BTAX-041155-08-2025,CRAIG  GANT,CRAIG GANT AUTOMOTIVE SERVICES,,1,Inside City Limits,811111,Auto-General Repair,5105046168,7/30/2008 0:00,784E3C67-4FB4-45B0-AC18-A4BDBEF5AEDC,4725,ROGUE RIVER,, ,HWY,, ,GRANTS PASS,OR,97527,4725,ROGUE RIVER,,,HWY,,,GRANTS PASS,OR,97527,8/11/2025 16:12,8/31/2026 16:12
BTAX-041156-08-2025,,LOVELACE PROPERTIES/HARBECK VILLAGE,HARBECK VILLAGE APARTMENTS,2,Inside City Limits,531311,Property Management,5414795520,7/1/1999 0:00,461B9376-675A-4797-BA87-1315704E99C7,1760,HARBECK,,,Rd,, ,GRANTS PASS,OR,97527,910,D,,NE,ST,,SUITE 103,GRANTS PASS,OR,97526,8/11/2025 16:15,8/31/2026 16:15
BTAX-041157-08-2025,,JASMINE PARK,JASMINE PARK #1,2,Inside City Limits,531110,Rental Units/Landlord,5414792112,12/19/2007 0:00,D5E1A346-4C1A-4798-AAA9-2C066A07C511,501,ANDERSON,,NE,ST,, ,GRANTS PASS,OR,,910,D,,NE,ST,,SUITE 103,GRANTS PASS,OR,97526,8/11/2025 16:27,8/31/2026 16:27
BTAX-041158-08-2025,WILLIAM LOVELACE,OAK VIEW GARDENS               ,,3,Inside City Limits,623312,Medical-Assisted Living Facility/Elderly,5414792112,7/1/1993 0:00,7F22DF9B-6D30-4E1F-82B9-C7FA8537DF90,910,D,,NE,ST,, ,GRANTS PASS,OR,97526,910,D,,NE,ST,,#103,GRANTS PASS,OR,97526,8/12/2025 8:28,8/31/2026 8:28
BTAX-041159-08-2025,,PEOPLE'S BANK OF COMMERCE     ,,5,Inside City Limits,522110,Finance-Commercial Bank,5419558005,9/3/2013 0:00,A018D53C-C350-4923-8612-54A187FA0555,509,7TH,,SE,ST,, ,GRANTS PASS,OR,97526,509,7TH,,SE,ST,, ,GRANTS PASS,OR,97526,8/12/2025 8:36,8/31/2026 8:36
BTAX-041161-08-2025,DAISY D  THOMAS,DT ENTERPRISES & SERVICES LLC,,1,Inside City Limits,541990,Professional-Misc,5417877548,12/28/2015 0:00,1C4B1228-286D-48AF-A984-38D99A393B6C,414,E,,NW,ST,, ,GRANTS PASS,OR,97526,PO BOX 2772,,,,,,,GRANTS PASS,OR,97528,8/12/2025 9:10,8/31/2026 9:10
BTAX-041162-08-2025,William Thompson,"BBB TOOLS, LLC",SNAP ON TOOLS,1,Inside City Limits,444140,Retail-Hardware,5416590908,2/8/2021 0:00,1f26a743-668b-4501-b251-ccf7e01ee49f,,,,,,,,,,,732,J,,SE,ST,,,GRANTS PASS,OR,97526,8/12/2025 9:34,8/31/2026 9:34
BTAX-041163-08-2025,LARRY  KUENSTLER,ABSOLUTE PRECISION AUTOMOTIVE ,,2,Outside City Limits,811111,Auto-General Repair,5414795161,11/20/2013 0:00,630DE64C-E539-44BD-945B-FF6A48FA58BB,,,,,,,,,,,2894,#B FOOTHILL ,,,BLVD,,,GRANTS PASS,OR,97526,8/12/2025 9:37,8/31/2026 9:37
BTAX-041164-08-2025,RICHARD  HOWARD,MUSASHI                       ,,19,Inside City Limits,722511,Restaurant,5419558848,3/19/1999 0:00,4274DA53-7289-4059-B911-C294BF36A83F,220,H,,SW,ST,, ,GRANTS PASS,OR,97526,1135,SLEEPY HOLLOW,,,LP,,,GRANTS PASS,OR,97527,8/12/2025 9:41,8/31/2026 9:41
BTAX-041165-08-2025,CARRIE BOLTZ,DIAMOND ENTERPRISE LLC,,10,Inside City Limits,456110,Pharmacy/Drug Store,5419168355,5/1/2017 0:00,e03b72df-f3fb-4afc-8a15-c076829d94c2,300,6TH,,SW,ST,, ,GRANTS PASS,OR,97526,233,ROGUE RIVER,,,HWY,,896,GRANTS PASS,OR,97527,8/12/2025 9:44,8/31/2026 9:44
BTAX-041166-08-2025,MELTON K & MARY  BECK,MOBILE WASH OF AMERICA        ,,3,Inside City Limits,811192,Car Wash & Detailing,5414741245,6/1/1993 0:00,1F483B02-A5DD-4876-A3CE-ED1AA193F86C,701,CYPRESS,,SW,ST,, ,GRANTS PASS,OR,97526,PO BOX 594,,,,,,,GRANTS PASS,OR,97528,8/12/2025 9:46,8/31/2026 9:46
BTAX-041168-08-2025,JEANETTE MICHAEL,BLUE DOOR BOUTIQUE,THE WHITE OWL,1,Inside City Limits,459420,Retail-Gift & Novelty Store,2679025458,7/1/2020 0:00,19cdcf62-aacd-4bf1-b782-f9393a886841,144,G,,SE,ST,, ,GRANTS PASS,OR,97526,144,G,,SE,ST,,,GRANTS PASS,OR,97526,8/12/2025 9:56,8/31/2026 9:56
BTAX-041175-08-2025,JOSEPH REDD,PLUMBWORKS LLC                ,,1,Inside City Limits,238990,Contractor-Trade/Specialty,5414416068,6/1/2007 0:00,3590F421-C39E-4F10-8CE6-36A31AF9CCAC,,,,,,,,,,,300,CARTER,,,DR,,,GRANTS PASS,OR,97526,8/12/2025 12:12,8/31/2026 12:12
BTAX-041180-08-2025,CHRIS  DAVISON,RIVERSIDE READY MIX           ,,18,Inside City Limits,238110,Contractor-Concrete/Found/Structural,5414766206,5/8/1995 0:00,D56B7D3B-F28B-42CE-80AD-63FAD78452FD,531,MILL,,SE,ST,, ,GRANTS PASS,OR,97526,531,MILL,,SE,ST,,,GRANTS PASS,OR,97526,8/12/2025 13:07,8/31/2026 13:07
BTAX-041187-08-2025,JOSHUA BURDEN,JOSHUA NICHOLAS REULE BURDEN,,4,Inside City Limits,238190,Contractor-General/Building Exterior,5416599050,4/12/2017 0:00,dee362b7-d9d7-4624-9124-edc1e69d7b0e,,,,,,,,,,,1931,REGINA,,,WAY,,,GRANTS PASS,OR,97527,8/12/2025 14:41,8/31/2026 14:41
BTAX-041188-08-2025,DON & DONNA  LIPPARELLI,LIPPARELLI RENTALS            ,,2,Inside City Limits,531110,Rental Units/Landlord,5414799872,3/27/2012 0:00,0819F7A6-3AAA-403E-96A1-C40CAAD9ECDE,130,TROLLVIEW,, ,RD,, ,GRANTS PASS,OR,97527,130,TROLLVIEW,,,RD,,,GRANTS PASS,OR,97527,8/12/2025 14:44,8/31/2026 14:44
BTAX-041189-08-2025,ROBERT ANDERSON,THE PERFECT LOCATION,,2,Inside City Limits,531110,Rental Units/Landlord,5415071669,8/12/2019 0:00,e6492e41-3257-4030-ae61-7dab5cf12157,1102,C,,NW,ST,, ,GRANTS PASS,OR,97526,4129,HIGHLAND,,,AVE,,,GRANTS PASS,OR,97526,8/12/2025 14:45,8/31/2026 14:45
BTAX-041190-08-2025,PATTI  HEATH,PATTI HEATH                   ,,1,Inside City Limits,621111,Medical-Physician,5412265171,6/1/1993 0:00,C21063FB-F5AE-41D4-8546-E84BAD2A92A3,1607,WILLIAMS ,,,HWY,,SUITE 6,GRANTS PASS,OR,97527,275,JONES CREEK,,W,RD,,,GRANTS PASS,OR,97526,8/12/2025 14:47,8/31/2026 14:47
BTAX-041191-08-2025,MITCH ARNOLD,MITCH ARNOLD CONSTRUCTION INC,,1,Inside City Limits,238190,Contractor-General/Building Exterior,5414714301,12/20/1994 0:00,6301DAAA-E205-48A8-B7A7-E9E0A9BE8062,199,BLACK OAK,,,DR,,,GRANTS PASS,OR,97527,199,BLACK OAK,,,DR,,,GRANTS PASS,OR,97527,8/12/2025 14:50,8/31/2026 14:50
BTAX-041192-08-2025,MERISSA BURDEN,MERISSA BURDEN,,1,Inside City Limits,812112,Beauty Salon,5416596363,5/19/2020 0:00,ee799435-6968-4a1a-acca-6e854fa259de,1931,REGINA,, ,WAY,, ,GRANTS PASS,OR,97527,1931,REGINA,,,WAY,,,GRANTS PASS,OR,97527,8/12/2025 14:51,8/31/2026 14:51
BTAX-041194-08-2025,KENNETH HANNUM,HANNUM CONSTRUCTION           ,,1,Inside City Limits,238190,Contractor-General/Building Exterior,5416594579,8/22/1997 0:00,07466052-CD25-4D96-85A0-F10DEBDA97DF,1916,GAFFNEY,, ,WAY,, ,GRANTS PASS,OR,97527,1916,GAFFNEY ,,,WAY,,,GRANTS PASS,OR,97527,8/12/2025 14:57,8/31/2026 14:57
BTAX-041195-08-2025,JULI  DENNIS,ROGUE VALLEY TONER SERVICE    ,,1,Outside City Limits,459410,Retail-Office Supplies,5416609571,8/28/1997 0:00,9A3031BA-CD14-41A7-851C-AC715E3EB71F,,,,,,,,,,,1699,GRANITE HILL,,,RD,,,GRANTS PASS,OR,97526,8/12/2025 15:08,8/31/2026 15:08
BTAX-041196-08-2025,CHRISTOPHER TOLLIS,SOUTHERN OREGON TATTOO ACADEMY,,2,Inside City Limits,812199,Tattoo/Piercing Shop,5414502804,5/20/2021 0:00,172e1bfe-65f9-46e0-b25d-3fde2978a87f,560,E,,NE,ST,,,GRANTS PASS,OR,97526,560,F,,NE,ST,,STE A PMB 750,GRANTS PASS,OR,97526,8/12/2025 15:13,8/31/2026 15:13
BTAX-041198-08-2025,SARA  THORP,VALERIAN HOMES LLC,,6,Inside City Limits,238190,Contractor-General/Building Exterior,5419554663,2/25/2009 0:00,BE2FCCE6-83B7-4701-9D05-A83DA4185E39,1590,N,,SE,ST,, ,GRANTS PASS,OR,97526,PO BOX 157,,,,,,,GRANTS PASS,OR,97528,8/12/2025 15:16,8/31/2026 15:16
BTAX-041202-08-2025,KENNETH  AGUILAR,KA DESIGNS LLC               ,,17,Inside City Limits,238190,Contractor-General/Building Exterior,5412181752,10/1/2014 0:00,E2AA24E5-3592-4771-B8C0-E8AF332B5E5B,1470,M,,SE,ST,,BLDG 2E,GRANTS PASS,OR,97526,1470,M ,,SE,ST,,BLDG #2E,GRANTS PASS,OR,97526,8/12/2025 15:34,8/31/2026 15:34
BTAX-041203-08-2025,PATRICK BUKER,PATRICK D BUKER,,4,Inside City Limits,238320,Painting & Wall Covering,5412958400,2/1/2016 0:00,24a3fef1-a5a3-47f2-8cde-663cd328d5f1,2001,FOOTHILL,, ,BLVD,,#A5,GRANTS PASS,OR,97526,2001,FOOTHILL,, ,BLVD,, ,GRANTS PASS,OR,97526,8/12/2025 15:44,8/31/2026 15:44
BTAX-041204-08-2025,PETER  BENSON,BENSON JANITORIAL & SUPPLY    ,,1,Inside City Limits,561720,Janitorial Services,5414795200,7/1/1990 0:00,F4FF72FF-9B1D-4919-97F4-F546297C1059,1578,FRUITDALE,, ,DR,, ,GRANTS PASS,OR,97527,PO BOX 254,,,,,,,GRANTS PASS,OR,97528,8/12/2025 15:53,8/31/2026 15:53
BTAX-041205-08-2025,WINSTON  ODOM,WINSTON'S PROFESSIONAL PAINTING,,3,Inside City Limits,238320,Painting & Wall Covering,5414729579,10/1/2003 0:00,843E76F9-3D91-421F-8A06-D2F30B96D080,715,AMELIA,,NW,DR,, ,GRANTS PASS,OR,97526,715,AMELIA,,NW,DR,,,GRANTS PASS,OR,97526,8/12/2025 15:56,8/31/2026 15:56
BTAX-041207-08-2025,RYCKE  BROWN,RYCKE BROWN                   ,,1,Inside City Limits,541320,Landscaping Services,5419559040,10/8/1999 0:00,DA5DDA9C-4E0E-457A-92F2-FA12159317BB,1415,BRIDGE,,SW,ST,, ,GRANTS PASS,OR,97526,1415,BRIDGE ,,SW,ST,,,GRANTS PASS,OR,97526,8/12/2025 16:01,8/31/2026 16:01
BTAX-041208-08-2025,KIMBERLY TAMBELLINI,"BODYWISE, LLC",,1,Inside City Limits,621399,Medical-Massage Therapy,5419514930,8/9/2006 0:00,BE6AA77F-D12B-4B39-94EE-D180842240B6,714,5TH,,NW,ST,,A,GRANTS PASS,OR,97526,714,5TH,,NW,ST,,A,GRANTS PASS,OR,97526,8/12/2025 16:06,8/31/2026 16:06
BTAX-041209-08-2025,BOB  HAGLUND,BOB'S MECHANICAL        ,,2,Inside City Limits,811111,Auto-General Repair,5414711489,11/19/2010 0:00,CDFAD3AB-D40D-40E6-84B7-76F272F05409,500,KEEN,, ,RD,, ,GRANTS PASS,OR,97527,500,KEEN ROAD    ,,,RD,,,GRANTS PASS,OR,97527,8/12/2025 16:08,8/31/2026 16:08
BTAX-041210-08-2025,TERANGY PENA,MAS QUE CHIMI,,3,Inside City Limits,722511,Restaurant,5414256020,8/30/2023 0:00,058aaae3-97e4-4235-99da-2fba718f0bd0,1561,F,,NE,ST,,,GRANTS PASS,OR,97526,1561,F,,NE,ST,,,GRANTS PASS,OR,97526,8/12/2025 16:54,8/31/2026 16:54
BTAX-041212-08-2025,VIRGIL HULL,OAK KNOLL INC,HULL & HULL FUNERAL DIRECTORS,12,Inside City Limits,812210,Funeral Home/Services,5414764453,3/1/1928 0:00,FFA0B900-3B65-4D52-AB86-DCEB6584C59C,612,A,,NW,ST,, ,GRANTS PASS,OR,97526,PO BOX 67,,,,,,,GRANTS PASS,OR,97528,8/13/2025 8:40,8/31/2026 8:40
BTAX-041213-08-2025,VIRGIL HULL,"OAK KNOLL, INC.",HAWTHORNE MEMORIAL GARDENS,5,Inside City Limits,812220,Cemetery/Crematory,5414765203,1/1/1954 0:00,D7D62332-1174-439C-A6C3-3050260EB5E3,2500,UPPER RIVER,, ,RD,, ,GRANTS PASS,OR,97526,PO BOX 97,,,,,,,GRANTS PASS,OR,97528,8/13/2025 8:46,8/31/2026 8:46
BTAX-041214-08-2025,VIRGIL HULL,OAK KNOLL INC,SOUTHERN OREGON CREMATION,3,Inside City Limits,812210,Funeral Home/Services,5414764453,4/7/1982 0:00,4C3CB916-A83A-4E19-B812-68968743C3BA,612,A,,NW,ST,, ,GRANTS PASS,OR,97526,PO BOX 97,,,,,,,GRANTS PASS,OR,97528,8/13/2025 8:52,8/31/2026 8:52
BTAX-041221-08-2025,MILISSA & DOUG  DAVIS,ALL-CARE POOL & SPA           ,,5,Inside City Limits,459999,All Other Miscellaneous Store Retailers (Except Tobacco Stores),5414720586,3/1/1997 0:00,92030E12-4FD0-4231-A399-8D5B93C947B2,,,,,,,,,,,7400,MONUMENT,,,DR,,,GRANTS PASS,OR,97526,8/13/2025 11:18,8/31/2026 11:18
BTAX-041222-08-2025,22 CREATIONS LLC,SCOOPFLOW STUDIOS,,2,Inside City Limits,512240,Record Production,5035600905,8/25/2022 0:00,fc5ed376-0c45-4af5-8659-36d1d9b736fe,,,,,,,,,,,1325,9TH,,NE,ST,,,GRANTS PASS,OR,97526,8/13/2025 11:21,8/31/2026 11:21
BTAX-041223-08-2025,DANNY BOONE &  RICK GATES,R & D ENVIRONMENTAL SOLUTIONS ,,2,Inside City Limits,238190,Contractor-General/Building Exterior,5414717008,7/1/2004 0:00,24A691AC-9EFD-4653-B002-10AED7CF28D4,1439,6TH,,NE,ST,,SUITE 2,GRANTS PASS,OR,97526,1439,6TH,,NE,ST,,SUITE 2,GRANTS PASS,OR,97526,8/13/2025 14:40,8/31/2026 14:40
BTAX-041231-08-2025,SCOTT CARR II,FARMHOUSE NETWORKING,,4,Outside City Limits,541519,Computer Services,5417619549,4/25/2016 0:00,b5ce26a1-1c3c-4c2f-a7e6-743c6c5d0f0f,233,ROGUE RIVER,,,HWY,,# 873,GRANTS PASS,OR,97527,233,ROGUE RIVER,,,HWY,,#873,GRANTS PASS,OR,97527,8/14/2025 10:26,8/31/2026 10:26
BTAX-041232-08-2025,PATTI  VIGUS,THE JELLY DONUT               ,,6,Inside City Limits,722511,Restaurant,5416596246,2/19/1988 0:00,7E9D6A0F-CE20-4027-A1B9-6953F8160687,1695,7TH,,NE,ST,, ,GRANTS PASS,OR,97526,775,TROLLVIEW,,,RD,,,GRANTS PASS,OR,97527,8/14/2025 10:29,8/31/2026 10:29
BTAX-041233-08-2025,SAMUEL CRIMI,SAMUEL J CRIMI LLC,TIMBERLINE FENCE/DO WHAT YOU DO BEST CONSTRUCTION,8,Outside City Limits,238190,Contractor-General/Building Exterior,5417618339,1/15/2013 0:00,E9FC0361-885C-41CF-9F63-83BE21380698,,,,,,,,,,,5590,MONUMENT,,,DR,,,GRANTS PASS,OR,97526,8/14/2025 10:31,8/31/2026 10:31
BTAX-041234-08-2025,OCTAVIO  RUIZ,OCTAVIO RUIZ QUALITY YARD MAINTENANCE,,1,Inside City Limits,561730,Yard Services,5416605138,7/2/2007 0:00,0A68CA87-2FB9-43AB-95DB-1CF2D4519F88,313,JONES CREEK,,W,RD,,,GRANTS PASS,OR,97526,2395,REDWOOD,,,AVE,,SPACE #48,GRANTS PASS,OR,97527,8/14/2025 10:37,8/31/2026 10:37
BTAX-041235-08-2025,ROBERT & SHIRLEY  JENSEN,BEST WESTERN GRANTS PASS INN  ,,28,Inside City Limits,721110,Hotel/Motel,5414761117,10/4/1986 0:00,8E643B61-F426-4DED-8E08-0EA9395021A3,111,AGNESS,,NE,AVE,, ,GRANTS PASS,OR,97526,111,AGNESS,,NE,AVE,,,GRANTS PASS,OR,97526,8/14/2025 10:40,8/31/2026 10:40
BTAX-041238-08-2025,JULIE  HOFFMAN,JULIE'S UPTOWN BAR & GRILL LLC,,6,Inside City Limits,722410,Bar/Tavern,5414729375,4/4/2015 0:00,9D4B31D2-F024-4CAF-BEFB-7538CBFED754,2030,VINE,,NW,ST,, ,GRANTS PASS,OR,97526,2030,VINE ,,NW,ST,,,GRANTS PASS,OR,97526,8/14/2025 11:03,8/31/2026 11:03
BTAX-041239-08-2025,RICHARD  WARD,RICHARD WARD ASSOCIATES       ,,1,Inside City Limits,238190,Contractor-General/Building Exterior,5414415495,1/1/1997 0:00,D3CC1707-4A5B-49DE-9A3E-BD69E5788A80,,,,,,,,,,,140,BRYCE,,NE,CT,, ,GRANTS PASS,OR,97526,8/14/2025 11:05,8/31/2026 11:05
BTAX-041240-08-2025,ROYAL STANDLEY,OREGON PACIFIC FINANCIAL ADVISORS,,2,Inside City Limits,525990,Finance-Misc Finance,5414744307,7/8/2022 0:00,1ed9ab5b-cb54-4d85-b1ea-386cacb40ec6,116,MANZANITA,,NE,AVE,, ,GRANTS PASS,OR,97526,116,MANZANITA,,NE,AVE,,,GRANTS PASS,OR,97526,8/14/2025 11:11,8/31/2026 11:11
BTAX-041243-08-2025,ROBERT  BOYER,ROBERT W BOYER ATTORNEY AT LAW,,1,Inside City Limits,541110,Lawyer,5414746271,12/1/1998 0:00,58D3FF3A-3707-4703-A4EA-1257AEF1C177,980,6TH,,SW,ST,,SUITE 28,GRANTS PASS,OR,97526,980,6TH,,SW,ST,,SUITE 28,GRANTS PASS,OR,97526,8/14/2025 11:54,8/31/2026 11:54
BTAX-041244-08-2025,MAX HULL & TIM CUMMINGS,HULL CUMMINGS PROPERTIES LLC  ,,2,Inside City Limits,531110,Rental Units/Landlord,5414728817,7/1/1997 0:00,0EB7E202-D3C7-4239-A35E-1D3744308BA6,236,B,,NW,ST,, ,GRANTS PASS,OR,97526,236,B,,NW,ST,,,GRANTS PASS,OR,97526,8/14/2025 11:55,8/31/2026 11:55
BTAX-041245-08-2025,WIN  ELDER,WIN ELDER CONSTRUCTION LLC       ,,7,Outside City Limits,238190,Contractor-General/Building Exterior,5414413740,9/3/2010 0:00,F676BD90-8F3C-465D-8E3A-D0DB2E4EDB99,,,,,,,,,,,8185,MONUMENT,,,DR,,,GRANTS PASS,OR,97526,8/14/2025 12:00,8/31/2026 12:00
BTAX-041247-08-2025,JILL  DINI,"JAY AND JAY, LLC              ",BOHEMIAN BAR AND BISTRO,34,Inside City Limits,722511,Restaurant,5414717158,8/1/2012 0:00,A7772F71-04AD-4AA1-9584-0C48732461DE,221,G,,SW,ST,, ,GRANTS PASS,OR,97526,221,G,,SW,,,,GRANTS PASS,OR,97526,8/14/2025 12:04,8/31/2026 12:04
BTAX-041250-08-2025,DAN  VESTA CLAFLIN,HIGHLAND MARKET               ,,6,Inside City Limits,445131,Retail-General Merchandise ,5414790044,5/23/2024 0:00,3DD3A741-CC62-4D8A-B115-3B21619788EB,1824,HIGHLAND,,NW,AVE,, ,GRANTS PASS,OR,97526,1824,HIGHLAND ,,NW,AVE,,,GRANTS PASS,OR,97526,8/14/2025 12:13,8/31/2026 12:13
BTAX-041251-08-2025,,EMPIRE REFRIGERATION          ,,6,Outside City Limits,238990,Contractor-Trade/Specialty,5414729433,2/11/1997 0:00,D20063E8-D01B-47B4-B225-85D416888CB9,,,,,,,,,,,4570,REDWOOD,,,AVE,,,GRANTS PASS,OR,97527,8/14/2025 12:18,8/31/2026 12:18
BTAX-041252-08-2025,,FIRST COMMUNITY CREDIT UNION  ,,10,Inside City Limits,522130,Finance-Credit Union,5414792601,6/1/1995 0:00,06D031A7-F338-4708-9DF7-6059BEF866D0,108,SAVAGE,,NE,ST,, ,GRANTS PASS,OR,97526,108,SAVAGE,,NE,ST,,,GRANTS PASS,OR,97526,8/14/2025 12:22,8/31/2026 12:22
BTAX-041254-08-2025,,"SCOTT WARD CONSTRUCTION, LLC  ",,15,Outside City Limits,238190,Contractor-General/Building Exterior,5416609084,1/1/1997 0:00,1FA2FE8E-B5AC-4BED-B296-D5BCAF080E0B,,,,,,,,,,,4626,LEONARD,,,RD,,,GRANTS PASS,OR,97527,8/14/2025 12:32,8/31/2026 12:32
BTAX-041255-08-2025,CRYSTAL REED,CR BEAUTY,CR BEAUTY #167535195,1,Inside City Limits,812112,Beauty Salon,5414419987,10/5/2020 0:00,e520e1cd-bc4c-4db4-bd14-401d76cfd391,1144,QUAIL CROSSING,,NE,,, ,GRANTS PASS,OR,97526,1144,QUAIL CROSSING,,NE,,,,GRANTS PASS,OR,97526,8/14/2025 12:34,8/31/2026 12:34
BTAX-041258-08-2025,SUSAN & CHARLES E  LEWIS,CHARLES & SUSAN LEWIS RENTALS ,,2,Inside City Limits,531110,Rental Units/Landlord,5417619953,7/1/1994 0:00,5ADA5712-01DB-4F4B-BF3E-90512DD9AC8D,1023,7TH,,NE,ST,, ,GRANTS PASS,OR,97526,1023,7TH ,,NE,ST,,,GRANTS PASS,OR,97526,8/14/2025 12:57,8/31/2026 12:57
BTAX-041260-08-2025,DANIEL CHARBONNEAU,CHARBONNEAU CONSTRUCTION LTD  ,,5,Outside City Limits,238190,Contractor-General/Building Exterior,,10/22/2013 0:00,795C3E10-1146-4AF5-AE43-47052B9BD43B,,,,,,,,,,,PO BOX 308,,,,,,,GRANTS PASS,OR,97528,8/14/2025 14:27,8/31/2026 14:27
BTAX-041261-08-2025,,CEDARWOOD SALOON INC          ,,5,Inside City Limits,722410,Bar/Tavern,5414796160,12/5/2007 0:00,F06E3402-99DF-47C2-B482-BE6805C746B6,1345,REDWOOD,, ,AVE,, ,GRANTS PASS,OR,97527,403,PINE RIDGE,,,DR,,,GRANTS PASS,OR,97527,8/14/2025 14:30,8/31/2026 14:30
BTAX-041262-08-2025,JUAN VELAZQUEZ SR,JUAN VELAZQUEZ CONSTRUCTION   ,,1,Inside City Limits,238190,Contractor-General/Building Exterior,5416606538,4/12/2006 0:00,E203E413-9A14-46CE-9EAB-76F58A4F9DFD,1108,ROGUE RIVER,,SW,AVE,, ,GRANTS PASS,OR,97526,1108,ROGUE RIVER,,SW,AVE,,,GRANTS PASS,OR,97526,8/14/2025 14:37,8/31/2026 14:37
BTAX-041264-08-2025,THOMAS  POTTBERG,MET ONE INSTRUMENTS INC       ,,94,Inside City Limits,339999,Manufacturing-Misc Manufacturing,3108490022,6/22/1989 0:00,39B8FCF7-CE00-426C-9BE0-825211DF48AF,1600,WASHINGTON,,NW,BLVD,, ,GRANTS PASS,OR,97526,1600,WASHINGTON,,NW,BLVD,,,GRANTS PASS,OR,97526,8/14/2025 14:50,8/31/2026 14:50
BTAX-041265-08-2025,,SISKIYOU COMMUNITY HEALTH CENTER,,132,Inside City Limits,621111,Medical-Physician,5414713455,7/1/2004 0:00,18C97AF9-4048-45C4-9273-5C97E4A1E9BD,1701,HAWTHORNE,,NW,AVE,,,GRANTS PASS,OR,97526,1701,HAWTHORNE ,,NW,AVE,,,GRANTS PASS,OR,975261257,8/14/2025 14:58,8/31/2026 14:58
BTAX-041266-08-2025,,SISKIYOU COMMUNITY HEALTH CENTER,,8,Inside City Limits,621111,Medical-Physician,5414713455,6/7/2021 0:00,2b3bf33e-1ed0-4f0a-85c6-cf978c0b31fb,1207,7TH,,NE,ST,,,GRANTS PASS,OR,97526,1701,HAWTHORNE ,,NW,AVE,,STE 201,GRANTS PASS,OR,975261257,8/14/2025 15:00,8/31/2026 15:00
BTAX-041267-08-2025,JOHN & KATHLEEN INGRAM,A-1 ROADSIDE ASSIST & TOWING           ,,2,Inside City Limits,488410,Towing,5414719595,7/10/2014 0:00,0AC63E73-73F8-4744-BD62-F00B02216B75,130,SUSAN,,SW,LN,, ,GRANTS PASS,OR,97526,130,SUSAN,,SW,LN,,,GRANTS PASS,OR,97526,8/14/2025 15:03,8/31/2026 15:03
BTAX-041271-08-2025,RICHARD E  WILSON,PILOT ROCK FINANCIAL ADVISORS,,4,Inside City Limits,523999,Finance-Investment Activities,5414768573,10/6/2025 0:00,97DF4B08-CEFD-4698-9F11-03D6C4207FB8,755,6TH,,NE,ST,, ,GRANTS PASS,OR,97526,755,6TH,,NE,ST,, ,GRANTS PASS,OR,97526,8/14/2025 15:10,8/31/2026 15:10
BTAX-041272-08-2025,,COMMUNITY/HENDERSON RADIATOR  ,,2,Inside City Limits,811111,Auto-General Repair,5414766463,1/1/1997 0:00,8886DA5A-42CD-4D82-8207-78DDF2340AFB,112,M,,SW,ST,, ,GRANTS PASS,OR,97526,112,M,,SW,ST,,,GRANTS PASS,OR,97526,8/14/2025 15:12,8/31/2026 15:12
BTAX-041273-08-2025,ELIZABETH  HALL,HEALING TOUCH MASSAGE         ,,1,Inside City Limits,621399,Medical-Massage Therapy,5416018939,7/1/2013 0:00,3191C0CE-7578-4AD4-B109-4856E841D1DC,980,6TH,,SW,ST,,SUITE 17,GRANTS PASS,OR,97526,1016,FALL ,,NE,DR,,,GRANTS PASS,OR,97526,8/14/2025 15:14,8/31/2026 15:14
BTAX-041274-08-2025,HILARY BOTTI,HILARY'S HEALING HANDS,,1,Inside City Limits,621399,Medical-Massage Therapy,5414505762,8/12/2019 0:00,debc885d-eb90-4492-870c-4de31369c380,2900,VINE,,NW,ST,, ,GRANTS PASS,OR,97526,199,PALOS VERDES,,,DR,,,GRANTS PASS,OR,97526,8/14/2025 15:15,8/31/2026 15:15
BTAX-041275-08-2025,LINDA  EDWARDS,LET IT FLY GOLF LLC           ,LET IT FLY SPORTS,1,Inside City Limits,459110,Retail-Sporting Goods,5416602044,7/1/2008 0:00,16FB78C8-2DB2-4598-A73B-4AD74FB30D96,959,BUENA VISTA,, ,LN,, ,GRANTS PASS,OR,97527,959,BUENA VISTA,,,LN,,,GRANTS PASS,OR,97527,8/14/2025 15:17,8/31/2026 15:17
BTAX-041279-08-2025,LYMAN  HOPPINS,QUALITY FLOORING              ,,2,Inside City Limits,238330,Flooring,5414795800,2/15/2007 0:00,F3E5EDB2-B104-4781-A778-CFEAA82045D0,926,M,,SE,ST,,,GRANTS PASS,OR,97526,926,M,,SE,ST,,,GRANTS PASS,OR,97526,8/14/2025 15:25,8/31/2026 15:25
BTAX-041285-08-2025,"MERRITT, MAFFETT  LEAVITT",CASCADE SURGERY CENTER LLC    ,,10,Inside City Limits,622110,Medical-Hospital,5414742824,12/1/2005 0:00,68369F81-AB0D-4581-927C-9B4B0AF6EFC0,120,MANZANITA,,NE,AVE,, ,GRANTS PASS,OR,97526,120,MANZANITA,,NE,AVE,,,GRANTS PASS,OR,97526,8/14/2025 15:43,8/31/2026 15:43
BTAX-041286-08-2025,D. R. MERRITT &  M J MAFFETT,CASCADE EYE CARE CENTER PC    ,,30,Inside City Limits,621320,Medical-Optometrist,5414766636,1/1/1991 0:00,F616BB60-0341-4E94-9BE1-70702E175514,1226,7TH,,NE,ST,, ,GRANTS PASS,OR,97526,1226,7TH,,NE,ST,,,GRANTS PASS,OR,97526,8/14/2025 15:48,8/31/2026 15:48
BTAX-041287-08-2025,RICHARD  ADAMS,ROGUE LAW FIRM PC,,2,Inside City Limits,541110,Lawyer,5414762110,7/1/2014 0:00,E7AF11E9-FB39-4E86-ABC1-3C24286E4014,600,5TH,,NW,ST,, ,GRANTS PASS,OR,97526,600,5TH,,NW,ST,,,GRANTS PASS,OR,97526,8/14/2025 15:55,8/31/2026 15:55
BTAX-041288-08-2025,JAMES  CONNOLLY,CONNOLLY CUSTOM CABINETS      ,,2,Inside City Limits,321999,Manufacturing-Wood Products,5416599028,9/23/2013 0:00,D834CE38-0F7B-4252-8142-44D2EB84E9FD,1670,REDWOOD,,,Ave,,,GRANTS PASS,OR,97527,PO BOX 5702,,,,,,,GRANTS PASS,OR,97527,8/14/2025 15:59,8/31/2026 15:59
BTAX-041289-08-2025,Gibson Tucker,RIVERS EDGE RESTAURANT        ,,45,Inside City Limits,722511,Restaurant,5412441182,4/10/2012 0:00,14D71401-1D63-4821-9A6B-9DC481A6770B,1936,ROGUE RIVER,, ,HWY,, ,GRANTS PASS,OR,97527,1936,ROGUE RIVER,,,HWY,,,GRANTS PASS,OR,97527,8/14/2025 16:11,8/31/2026 16:11
BTAX-041291-08-2025,SUSAN  BURTON,PURA VIDA FOOD SOURCE LLC     ,,1,Inside City Limits,722320,Caterer,5417271511,5/11/2011 0:00,79A1A627-6A71-4658-95AB-B4F7CC54C445,2900,VINE,,NW,ST,,STE C,GRANTS PASS,OR,97526,325,BURGESS,,SW,ST,,,GRANTS PASS,OR,97526,8/15/2025 14:50,8/31/2026 14:50
BTAX-041293-08-2025,JOHN & KATHLEEN INGRAM,A-1 ROADSIDE ASSIST & TOWING           ,,2,Outside City Limits,488410,Towing,5414719595,7/16/2018 0:00,f235617b-a866-438e-8c83-32d09bb5174d,4200,HIGHLAND,, ,AVE,, ,GRANTS PASS,OR,97526,130,SUSAN,,SW,LN,,,GRANTS PASS,OR,97526,8/15/2025 15:07,8/31/2026 15:07
BTAX-041294-08-2025,CARL & NORMA  STEIN,ROGUE VALLEY OVERNIGHTERS     ,,6,Inside City Limits,721211,RV Parks & Campgrounds,5414798371,7/1/1987 0:00,E52A86E2-9ACB-4A99-A18C-DC2F4500E73F,1806,6TH,,NW,ST,,,GRANTS PASS,OR,97526,3591,HIGHLAND ,,NE,AVE,,,GRANTS PASS,OR,97526,8/15/2025 15:12,8/31/2026 15:12
BTAX-041296-08-2025,TERALL BLALOCK,PAPA TERALL'S BBQ,,2,Inside City Limits,722320,Caterer,5416602090,6/5/2015 0:00,30E48D66-D0E1-431C-A0FC-FB979DEACEB5,424,WALKER,, ,RD,, ,GRANTS PASS,OR,97527,424,WALKER,,,RD,,,GRANTS PASS,OR,97527,8/15/2025 15:39,8/31/2026 15:39
BTAX-041297-08-2025,DOUGLAS & BEVERLY  WALKER,DOUG & BEVERLY WALKER RENTALS ,,2,Outside City Limits,531110,Rental Units/Landlord,5416602178,4/2/2001 0:00,AC926EDA-F4D4-4F6B-876E-2C96F5B03065,,,,,,,,,,,PO BOX 721,,,,,,,GRANTS PASS,OR,97528,8/15/2025 15:57,8/31/2026 15:57
BTAX-041298-08-2025,,"CUCHIARA'S LANDSCAPE MANAGEMENT, INC.",,3,Inside City Limits,238220,Irrigation & Sprinkler Systems,5417875296,3/1/2001 0:00,8EB58FF7-A167-4AC6-A153-7700CE308A8F,3205,GRAY,, ,AVE,, ,GRANTS PASS,OR,97527,1630,WILLIAMS,,,HWY,,PMB #163,GRANTS PASS,OR,97527,8/15/2025 16:02,8/31/2026 16:02
BTAX-041300-08-2025,DANIEL BARTOW,HEN HOUSE TATTOO LLC,,2,Inside City Limits,812199,Tattoo/Piercing Shop,5412441141,8/1/2023 0:00,d2fad920-cfb6-4429-a40c-eb649a964f35,214,6TH,,NW,ST,,,GRANTS PASS,OR,97526,214,6TH,,NW,ST,,,GRANTS PASS,OR,97526,8/15/2025 16:15,8/31/2026 16:15
BTAX-041302-08-2025,,KAIROS/KAIROS NORTHWEST       ,,20,Inside City Limits,621420,Medical-Mental Health/Substance Abuse Center,5419564943,1/1/1978 0:00,69407C52-74BD-4AF8-B4DA-21F0171CC142,1920,KURTZ,, ,LN,,,GRANTS PASS,OR,97526,1750,NEBRASKA,,,AVE,,BLDG. A,GRANTS PASS,OR,97527,8/18/2025 9:03,8/31/2026 9:03
BTAX-041304-08-2025,GARY  JANTZER,JANTZER ENTERPRISES INC,,1,Inside City Limits,531110,Rental Units/Landlord,5414721100,1/1/1997 0:00,9F45DB68-0649-4D36-A98C-C9ABEF24431C,2200,INDUSTRY,,,DR,,,GRANTS PASS,OR,97526,PO BOX 1586,,,,,,,GRANTS PASS,OR,97528,8/18/2025 10:15,8/31/2026 10:15
BTAX-041305-08-2025,GARY JANTZER,GARY W JANTZER RENTALS        ,,1,Outside City Limits,531110,Rental Units/Landlord,5414721100,1/2/2008 0:00,D9BBD45C-78C6-40A5-BB89-66CBD04045FB,2200,INDUSTRY,,,DR,,,GRANTS PASS,OR,97526,PO BOX 1586,,,,,,,GRANTS PASS,OR,97528,8/18/2025 10:18,8/31/2026 10:18
BTAX-041306-08-2025,SHIRLEY  SAMMIS,MILL STREET CAR WASH          ,,5,Inside City Limits,811192,Car Wash & Detailing,5414795354,2/10/2004 0:00,94E74ECC-DB7A-46EF-B487-26D503656E0D,599,F,,NE,ST,, ,GRANTS PASS,OR,97526,PO BOX 1064,,,,,,,GRANTS PASS,OR,97528,8/18/2025 10:21,8/31/2026 10:21
BTAX-041307-08-2025,"JOHN & SAMMIS, SHIRLEY DUNKIN",GRANTS PASS MOULDING INC,,2,Inside City Limits,238190,Contractor-General/Building Exterior,5414795354,1/1/2004 0:00,7DAD2714-1DF3-48E6-9557-F7D6D0E970D1,123,BEACON,,NE,DR,, ,GRANTS PASS,OR,97526,PO BOX 2710,,,,,,,GRANTS PASS,OR,97528,8/18/2025 10:24,8/31/2026 10:24
BTAX-041310-08-2025,,EDGEWATER CHRISTIAN FELLOWSHIP,,20,Inside City Limits,813110,Religious Organization,5414747172,6/1/2003 0:00,E1E31500-3A46-4043-B708-4BFFCC01091D,101,ASSEMBLY,,,CIR,, ,GRANTS PASS,OR,97526,101,ASSEMBLY,,,CIR,,,GRANTS PASS,OR,97526,8/18/2025 10:46,8/31/2026 10:46
BTAX-041313-08-2025,ROSA  GONSALEZ,DERONS PAINTING SERVICES LLC,,4,Outside City Limits,238320,Painting & Wall Covering,5416597081,2/24/2020 0:00,0ba55e00-aae6-4753-9113-c95d43ce3050,,,,,,,,,,,811,COUTANT,,,LN,,,GRANTS PASS,OR,97527,8/18/2025 12:06,8/31/2026 12:06
BTAX-041315-08-2025,ROD  RAYBORNE,ROD'S GARDENING               ,,1,Inside City Limits,541320,Landscaping Services,5414762438,5/2/2012 0:00,A0463B90-8BF1-4B98-A5DA-0F802A17EA4B,,,,,,,,,,,PO BOX 621,,,,,,,GRANTS PASS,OR,97528,8/18/2025 12:30,8/31/2026 12:30
BTAX-041316-08-2025,RODGER  JORDAN JR,RODGER D JORDAN JR            ,,2,Inside City Limits,523999,Finance-Investment Activities,5414721767,1/11/1999 0:00,A9D0FF50-E9BA-485F-9B8E-C82EFA5CCFE9,237,K,,SE,ST,, ,GRANTS PASS,OR,97526,237,K,,SE,ST,,,GRANTS PASS,OR,97526,8/18/2025 12:33,8/31/2026 12:33
BTAX-041322-08-2025,STETSON H. WEICHERS,"THE CLUTTER BEE, LLC",EVERYTHING ENVY,2,Inside City Limits,541990,Professional-Misc,5416600742,7/5/2016 0:00,83f343dc-5d35-46ed-9333-f5707b0144be,327,WAGNER MEADOWS,,SW,DR,, ,GRANTS PASS,OR,97526,327,WAGNER MEADOWS,,SW,DR,,,GRANTS PASS,OR,97526,8/18/2025 14:15,8/31/2026 14:15
BTAX-041328-08-2025,TERRI L & WALLACE E  STARNER,ED STARNER EXCAVATING         ,,3,Inside City Limits,238190,Contractor-General/Building Exterior,5412262139,3/20/2009 0:00,F75AA81E-A9F5-4B18-BAFC-61FBA199E3BF,2906,MIDWAY,,,AVE,,,GRANTS PASS,OR,97527,2906,MIDWAY,,,AVE,,,GRANTS PASS,OR,97527,8/18/2025 14:45,8/31/2026 14:45
BTAX-041335-08-2025,JAMES B  HURLEY,"HURLEY ASSOCIATES, INC",,3,Inside City Limits,525990,Finance-Misc Finance,5414791934,1/1/2006 0:00,C7608724-D25C-4133-AF0A-A9CB2016E42F,831,7TH,,NE,ST,,,GRANTS PASS,OR,97526,831,7TH,,NE,ST,,,GRANTS PASS,OR,97526,8/18/2025 15:25,8/31/2026 15:25
BTAX-041336-08-2025,LESLIE RESUE,EPIC WATER SERVICE,,2,Inside City Limits,492210,Delivery Service-Local,5417618888,6/1/2021 0:00,e71deef6-3b5c-4fa2-ba61-cf327256f59e,,,,,,,,,,,319,JONES CREEK,,W,RD,,,GRANTS PASS,OR,97526,8/18/2025 15:28,8/31/2026 15:28
BTAX-041337-08-2025,REBECCA  PETERSON,REBECCA PETERSON ATTORNEY AT LAW,,3,Inside City Limits,541110,Lawyer,5414725291,1/2/2004 0:00,22484DA6-BDA3-4A15-A6DC-CD8DB9A0F574,247,E,,NW,ST,, ,GRANTS PASS,OR,97526,247,E,,NW,ST,,,GRANTS PASS,OR,97526,8/18/2025 15:32,8/31/2026 15:32
BTAX-041338-08-2025,DAVID R  WILLING,DAVID R WILLING DC LLC           ,,4,Inside City Limits,621310,Medical-Chiropractor,5414762112,7/6/1990 0:00,C4E56965-4B14-4FA6-94D2-5383A1B38659,237,ROGUE RIVER,, ,HWY,, ,GRANTS PASS,OR,97527,237,ROGUE RIVER,,,HWY,,,GRANTS PASS,OR,97527,8/18/2025 15:41,8/31/2026 15:41
BTAX-041339-08-2025,MARGARET  MARTIN,N STREET APARTMENTS           ,,1,Inside City Limits,531110,Rental Units/Landlord,7023282353,2/12/2008 0:00,705A983D-BBF3-4758-B3FC-80349444A9C1,1416,N,,SE,ST,,,GRANTS PASS,OR,97526,1414,N,,SE,ST,,A,GRANTS PASS,OR,97526,8/18/2025 15:49,8/31/2026 15:49
BTAX-041342-08-2025,TONY  HARO,TONY HARO MA LPC,,1,Inside City Limits,621112,Medical-Mental Health Specialist,5417874217,10/25/2005 0:00,6210BAD4-6ECF-4868-BB96-90396E785A47,777,7TH,,NE,ST,,SUITE 214,GRANTS PASS,OR,97526,777,7TH,,NE,ST,,SUITE 214,GRANTS PASS,OR,97526,8/18/2025 15:58,8/31/2026 15:58
BTAX-041349-08-2025,C J  MOSER III,MOSER PAVING INC              ,,15,Inside City Limits,237310,"Const-Highway, Street & Bridge",5414792424,6/8/1992 0:00,7CEBEB1F-66C3-4681-8364-882B9CEA393D,650,REDWOOD,, ,HWY,, ,GRANTS PASS,OR,97527,650,REDWOOD,,,HWY,,,GRANTS PASS,OR,97527,8/18/2025 16:13,8/31/2026 16:13
BTAX-041354-08-2025,"CARLA, BYRON & ERIC ROBERTSON",ROBCO INC                    ,,35,Outside City Limits,237310,"Const-Highway, Street & Bridge",5414762132,7/1/1987 0:00,6BB5EB55-BC01-44E0-91A5-05C187B53447,2790,FOOTHILL,,,BLVD,,,GRANTS PASS,OR,97526,PO BOX 1570,,,,,,,GRANTS PASS,OR,97528,8/19/2025 9:14,8/31/2026 9:14
BTAX-041356-08-2025,,CLOVERLAWN MARKET LLC         ,,3,Inside City Limits,445131,Retail-General Merchandise ,5414796280,7/1/2012 0:00,E86788AA-E797-48C9-94F4-E2EBE3F4AD8E,2600,CLOVERLAWN,, ,DR,, ,GRANTS PASS,OR,97527,1615,ALEXANDER,,,LN,,,GRANTS PASS,OR,97527,8/19/2025 9:25,8/31/2026 9:25
BTAX-041359-08-2025,DENNIS & BARBARA  BROWN,BROWN CUSTOM WINDOW COVERINGS,D BROWN FURNITURE & CABINET,2,Inside City Limits,449110,Retail-Home Furnishings ,5414796630,1/1/1997 0:00,A2A6D305-8F75-4686-84B6-565A1D659ACC,341,FAIRFIELD,, ,LN,, ,GRANTS PASS,OR,97526,341,FAIRFIELD,,,LN,,,GRANTS PASS,OR,97526,8/19/2025 9:37,8/31/2026 9:37
BTAX-041361-08-2025,BRYON  MACPHERSON,EVEN-TEMP REFRIGERATION       ,,2,Outside City Limits,811490,Personal & Household Goods Repair/Maint,5417612999,1/15/2004 0:00,C80C6C0E-0F43-424F-95A2-375F9B39FE66,,,,,,,,,,,PO BOX 1431,,,,,,,GRANTS PASS,OR,97528,8/19/2025 9:50,8/31/2026 9:50
BTAX-041363-08-2025,,REAL ESTATE DESIGNED TO SELL LLC,,2,Inside City Limits,531210,Real Estate Agents/Brokers,5416590554,7/26/2022 0:00,21d54a55-7988-4b97-8e94-f73bb05c2b4c,1831,ROGUE RIVER ,,,HWY,,,GRANTS PASS ,OR,97527,1215,6TH,,NE,ST,,,GRANTS PASS,OR,97526,8/19/2025 9:59,8/31/2026 9:59
BTAX-041364-08-2025,JUSTIN  FLICKINGER,"THE WINDOW MAN 1, LLC",,2,Outside City Limits,561720,Cleaning Service,5414415868,12/11/2007 0:00,E0767A05-76C4-4B5C-BE96-D6F725F54108,,,,,,,,,,,1220,GRANITE HILL,,,RD,,,GRANTS PASS,OR,97526,8/19/2025 10:01,8/31/2026 10:01
BTAX-041365-08-2025,BOB EMERY,MARANTHA PAINTING             ,,6,Outside City Limits,444120,Retail-Paint & Wallpaper,5414769010,11/6/2002 0:00,4501E2FD-F297-4A80-8561-B0F4240974DC,,,,,,,,,,,1007,VANNOY CREEK,,S,RD,,,GRANTS PASS,OR,97526,8/19/2025 10:04,8/31/2026 10:04
BTAX-041366-08-2025,JOHN C  JONES,JC JONES REALTY INC,CENTURY 21 JC JONES AMERICAN DREAM,6,Inside City Limits,531210,Real Estate Agents/Brokers,5414766502,7/6/2010 0:00,CEA521A5-9932-440B-B805-5D7647B909FA,858,6TH,,NW,ST,, ,GRANTS PASS,OR,97526,858,6TH,,NW,,,,GRANTS PASS,OR,97526,8/19/2025 10:07,8/31/2026 10:07
BTAX-041367-08-2025,BEN SHAPIRO  JOE SALEH,INDIAN CREEK MANAGEMENT INC,INDIAN CREEK DISMANTLERS,6,Inside City Limits,541990,Professional-Misc,5414797203,11/18/1986 0:00,B9E44D7E-B4D7-422C-BE53-B170DB612CA4,1098,M,,SE,ST,, ,GRANTS PASS,OR,97526,1098,M,,SE,ST,,,GRANTS PASS,OR,97526,8/19/2025 10:09,8/31/2026 10:09
BTAX-041368-08-2025,ELSA MAE  WALZ,AUNTIE MAE'S SWEET TREATS     ,,1,Inside City Limits,445298,Food-Specialty Food Store,5414500174,8/24/2012 0:00,C762ECFA-FBDA-4821-ADF8-68E74FF475F2,1712,ROUNDS,,,AVE,, ,GRANTS PASS,OR,97527,1712,ROUNDS,,,AVE,,,GRANTS PASS,OR,97527,8/19/2025 10:12,8/31/2026 10:12
BTAX-041370-08-2025,,"REINHART, FOURIER, DAY, DRIVER LLP",,13,Inside City Limits,541110,Lawyer,5414766627,1/1/1997 0:00,75EFEFE3-6BB5-4494-A457-2DFD4E5FACFC,600,5TH,,NW,ST,, ,GRANTS PASS,OR,97526,600,5TH,,NW,ST,,,GRANTS PASS,OR,97526,8/19/2025 10:18,8/31/2026 10:18
BTAX-041372-08-2025,MITCH  SHEELER,ROGUE RIVER DENTURE SERVICE   ,,4,Inside City Limits,621210,Medical-Dentist,5414760254,12/4/2003 0:00,0C0AFF33-D2A7-478E-B053-BD96F52F7BE9,1850,WILLIAMS,, ,HWY,, ,GRANTS PASS,OR,97527,1850,WILLIAMS ,,,HWY,,,GRANTS PASS,OR,97527,8/19/2025 10:26,8/31/2026 10:26
BTAX-041373-08-2025,W.A.  TILLERY,SWISSMETRIC                   ,,15,Inside City Limits,339999,Manufacturing-Misc Manufacturing,5414761771,1/1/1990 0:00,603DC914-ECC5-47A4-BA2B-1FEA79B9A306,1610,PARKDALE,, ,DR,, ,GRANTS PASS,OR,97527,1610,PARKDALE,,,DR,,,GRANTS PASS,OR,97527,8/19/2025 10:29,8/31/2026 10:29
BTAX-041374-08-2025,"HIGGS, CRAMER, ALVIS ALLEN",KRISTI'S ALL NATURAL PET FOOD ,,2,Inside City Limits,459910,Retail-Pets & Pet Supplies,5412958095,10/1/2003 0:00,65FFDB54-79CE-4CF3-A926-2E60F705C3C5,356,K,,SW,ST,, ,GRANTS PASS,OR,97526,356,K,,SW,ST,,,GRANTS PASS,OR,97526,8/19/2025 10:36,8/31/2026 10:36
BTAX-041375-08-2025,ROBERT  FINE,ROBERT L FINE CONSTRUCTION    ,,1,Inside City Limits,238190,Contractor-General/Building Exterior,5417610750,10/1/1999 0:00,A62A3FC2-99FD-4535-B496-C0F6EAE7D0FF,353,CIENAGA,, ,LN,, ,GRANTS PASS,OR,97526,353,CIENAGA,,,LN,,,GRANTS PASS,OR,97526,8/19/2025 10:43,8/31/2026 10:43
BTAX-041378-08-2025,VANESSA BROWN,GRANTS PASS EQUIPMENT RENTAL  ,,7,Inside City Limits,532490,Rental-Equipment/Machinery Rentals,5414765219,2/1/2002 0:00,68CF78AE-B742-4AAE-8EF7-884B28A211F6,285,ROGUE RIVER,, ,HWY,, ,GRANTS PASS,OR,97527,285,ROGUE RIVER,,,HWY,,,GRANTS PASS,OR,97527,8/19/2025 11:05,8/31/2026 11:05
BTAX-041379-08-2025,LAURIE CROWE,PEDICURES BY LAURIE,,1,Inside City Limits,812113,Nail Salon,5416605881,7/13/2018 0:00,dca87dd2-cba8-4efd-a0e4-2df6b9b03ebd,1252,6TH,,NW,ST,,UNIT 7,GRANTS PASS,OR,97526,1252,6TH,,NW,ST,,UNIT 7,GRANTS PASS,OR,97526,8/19/2025 11:06,8/31/2026 11:06
BTAX-041380-08-2025,MERLE  SMITH,MERLE SMITH RENTALS           ,,1,Outside City Limits,531110,Rental Units/Landlord,5413016996,4/1/1990 0:00,011D7170-1BD7-4446-B50F-88E0F8169F50,,,,,,,,,,,C/O CENTURY 21 JC JONES AMERICAN DREAM,,858 NW 6TH ST,,,,,GRANTS PASS,OR,97526,8/19/2025 11:10,8/31/2026 11:10
BTAX-041399-08-2025,MARY GARESE,MARY'S CLEANING SERVICE,,1,Inside City Limits,561720,Cleaning Service,5414500244,4/11/2018 0:00,f26455d5-0884-45e0-a7e9-f168f2b9a8e7,,,,,,,,,,,1200,MARCUS,, ,WAY,, ,GRANTS PASS,OR,97527,8/19/2025 12:26,8/31/2026 12:26
BTAX-041400-08-2025,TAMMIE SCHMIDT-KIRK,ROGUE SOLUTIONS ACCOUNTING & BOOKKEEPING LLC,,8,Inside City Limits,4239,OTHER MISCELLANEOUS DURABLE GOODS MERCHANT WHOLESALERS,5412266488,8/1/2017 0:00,bfa5725d-5437-4c83-b4b9-428a2914fac3,303,E,,NE,ST,,200C,GRANTS PASS,OR,97526,PO BOX 582,,,,,, ,GRANTS PASS,OR,97528,8/19/2025 12:35,8/31/2026 12:35
BTAX-041402-08-2025,TIMOTHY P & BRENDA S  HILL,PARTS-N-THINGS                ,,2,Outside City Limits,441330,Retail-Automotive Parts & Accessories,5414745965,9/1/2015 0:00,1570F2EA-92D6-4841-B9FE-74E93D8BAD32,,,,,,,,,,,8245,RIVERBANKS,,,RD,,,GRANTS PASS,OR,97527,8/19/2025 12:32,8/31/2026 12:32
BTAX-041405-08-2025,LOWELL  GIBSON,RECOGNITION SPECIALTIES INC   ,,16,Inside City Limits,425120,Wholesale Agent,5414763166,5/1/1985 0:00,E2B6F77E-3FD4-4D38-AA1D-4D59B98FFED2,1710,HARBECK,, ,RD,, ,GRANTS PASS,OR,97527,1710,HARBECK,,,RD,,,GRANTS PASS,OR,97527,8/19/2025 12:40,8/31/2026 12:40
BTAX-041407-08-2025,SUE LARSON,SUE A LARSON RENTALS          ,,1,Outside City Limits,531110,Rental Units/Landlord,5414769032,1/1/1997 0:00,0668A31B-78AE-4981-A504-067DD055948A,,,,,,,,,,,5155,AZALEA,,,DR,,,GRANTS PASS,OR,97526,8/19/2025 12:49,8/31/2026 12:49
BTAX-041408-08-2025,,VINTAGE HOTELS,RIVERSIDE INN,23,Inside City Limits,721110,Hotel/Motel,5414766873,7/1/1990 0:00,9DDBC6CB-09FB-436D-A5A9-1F396DA3D7CF,986,6TH,,SW,ST,, ,GRANTS PASS,OR,97526,PO BOX 910,,,,,,,GRANTS PASS,OR,97528,8/19/2025 12:57,8/31/2026 12:57
BTAX-041409-08-2025,LUCAS & BETH  WERTZ,LMW LANDSCAPE MANAGEMENT      ,,2,Outside City Limits,541320,Landscaping Services,5416604121,2/18/2013 0:00,A0885C2E-9F94-4D13-BAC1-02E9D27D18F8,,,,,,,,,,,135,STONE CANYON,,,DR,,,GRANTS PASS,OR,97527,8/19/2025 14:18,8/31/2026 14:18
BTAX-041411-08-2025,,IN HIS TIMEFRAME              ,,2,Inside City Limits,541990,Professional-Misc,5414791541,4/13/2010 0:00,A5203B8C-9577-4DF9-BFC9-7E0754092D40,139,G,,SW,ST,, ,GRANTS PASS,OR,97526,139,G,,SW,ST,,,GRANTS PASS,OR,97526,8/19/2025 14:27,8/31/2026 14:27
BTAX-041412-08-2025,KATHLEEN KELLY,KATHLEEN M KELLY CPA         ,,4,Inside City Limits,4239,OTHER MISCELLANEOUS DURABLE GOODS MERCHANT WHOLESALERS,5414712487,1/1/1999 0:00,2B6ACA85-F40B-478C-ACAC-E33F0E31D367,717,5TH,,NW,ST,, ,GRANTS PASS,OR,97526,717,5TH,,NW,ST,,,GRANTS PASS,OR,97526,8/19/2025 14:36,8/31/2026 14:36
BTAX-041414-08-2025,,MOUNTAIN ALLOYS CORPORATION   ,,26,Inside City Limits,339999,Manufacturing-Misc Manufacturing,5414799755,4/1/1989 0:00,DAE328D0-52A4-4F13-8B29-ADAB54A1EAFC,201,10TH,,SE,ST,,,GRANTS PASS,OR,97526,201,10TH,,SE,ST,,,GRANTS PASS,OR,97526,8/19/2025 14:51,8/31/2026 14:51
BTAX-041417-08-2025,DAVID  WILLIAMS,MINI PET MART                 ,,7,Inside City Limits,459910,Retail-Pets & Pet Supplies,5414797506,1/1/1990 0:00,7C363014-08E9-4B14-9FFE-014FF036DC2E,1072,ROGUE RIVER,, ,HWY,,,GRANTS PASS,OR,97527,1072,ROGUE RIVER,,SE,HWY,,,GRANTS PASS,OR,97527,8/19/2025 15:11,8/31/2026 15:11
BTAX-041418-08-2025,Tiffany Ogren,GRANDMA'S HAVEN LLC,,7,Inside City Limits,621610,Medical-Home Health Care Services,5419555054,3/9/2017 0:00,f5e58109-3c27-4d3d-a835-dc693d694a36,192,SARADAN,,,LN,,,GRANTS PASS,OR,97527,1630,WILLIAMS,,,HWY,,#98,GRANTS PASS,OR,97527,8/19/2025 15:21,8/31/2026 15:21
BTAX-041420-08-2025,R DANIEL  SIMCOE,DANIEL SIMCOE ATTORNEY        ,,2,Inside City Limits,541110,Lawyer,5414741162,1/1/1990 0:00,5D4F2D55-1719-4200-9AA6-6F4430B6C498,242,E,,NW,ST,, ,GRANTS PASS,OR,97526,242,E,,NW,ST,,,GRANTS PASS,OR,97526,8/19/2025 15:46,8/31/2026 15:46
BTAX-041421-08-2025,CALVIN G  SCHMIDT,CALVIN G SCHMIDT RENTALS      ,,2,Outside City Limits,531110,Rental Units/Landlord,5418469985,2/2/1996 0:00,C39D087C-52C5-4822-B6C0-128787977D31,,,,,,,,,,,242,MISSOURI FLAT,,,RD,,,GRANTS PASS,OR,97527,8/19/2025 15:47,8/31/2026 15:47
BTAX-041423-08-2025,ROBERT WATTS,IMPERIAL HOMES                ,,4,Inside City Limits,238190,Contractor-General/Building Exterior,5414797793,1/4/1994 0:00,39CD924F-880F-4792-8D09-9FFDE0BD4896,297,PARK,,E,ST,, ,GRANTS PASS,OR,97527,PO BOX 1824,,,,,,,GRANTS PASS,OR,97528,8/19/2025 15:50,8/31/2026 15:50
BTAX-041425-08-2025,JAMES WARRINER,JW COMPUTER SERVICE           ,,2,Inside City Limits,811210,Computer/Office Machine Maint,5414720300,10/5/2007 0:00,C9C4BEA6-CF90-4EEF-B8D9-75E40331386D,536,MANZANITA,,NW,AVE,, ,GRANTS PASS,OR,97526,536,MANZANITA,,NW,AVE,,,GRANTS PASS,OR,97526,8/19/2025 15:55,8/31/2026 15:55
BTAX-041427-08-2025,RANDY  JENTZSCH,RANDY K JENTZSCH CPA LLC   ,,8,Inside City Limits,4239,OTHER MISCELLANEOUS DURABLE GOODS MERCHANT WHOLESALERS,5414798082,1/1/1997 0:00,98996B3B-0667-4FC8-94AE-069529AEBD37,211,ROGUE RIVER,, ,HWY,, ,GRANTS PASS,OR,97527,211,ROGUE RIVER,,,HWY,,,GRANTS PASS,OR,97527,8/19/2025 16:00,8/31/2026 16:00
BTAX-041429-08-2025,LUCAS IAN & AUDREA JEAN  HYDE,L HYDE TRUCKING LLC           ,,2,Outside City Limits,484220,Transportation-Trucking (Freight),5414768989,6/1/2007 0:00,BE211106-6685-4C77-9B1D-674185E6BC66,,,,,,,,,,,2472,LOWER RIVER,,,RD,,,GRANTS PASS,OR,97526,8/19/2025 16:11,8/31/2026 16:11
BTAX-041430-08-2025,,MID ROGUE IMAGING CENTER      ,,9,Inside City Limits,621512,Medical-Diagnostic Imaging Center,5414725154,1/1/2014 0:00,67F1F39B-AD9D-47C7-864C-8CA07AAB1135,1619,HAWTHORNE,,NW,AVE,, ,GRANTS PASS,OR,97526,1619,HAWTHORNE ,,NW,AVE,,SUITE 102,GRANTS PASS,OR,97526,8/19/2025 16:14,8/31/2026 16:14
BTAX-041431-08-2025,,BOOTH STREET SELF STORAGE     ,,3,Inside City Limits,493110,Storage & General Warehousing,5414791505,5/1/1990 0:00,9AADF8A4-E796-4ECB-9926-4B5F400D1DA4,214,BOOTH,,NW,ST,, ,GRANTS PASS,OR,97526,PO BOX 674,,,,,,,GRANTS PASS,OR,97526,8/19/2025 16:16,8/31/2026 16:16
BTAX-041435-08-2025,"LISA/MATHEWS, AMBER  JOHNSON",A NAIL DETAIL                 ,,2,Inside City Limits,812113,Nail Salon,5414729210,11/3/2003 0:00,C667CB3C-DB4C-4A70-B524-A0D98957405C,1573,6TH,,NE,ST,,,GRANTS PASS,OR,97526,1573,6TH,,NE,ST,,,GRANTS PASS,OR,97526,8/19/2025 16:23,8/31/2026 16:23
BTAX-041436-08-2025,DAVID  MAYS,BUGS NORTHWEST                ,,6,Inside City Limits,561710,Pest Control,5414725003,11/4/2009 0:00,8789FD83-E949-4ECC-9376-C804410143CD,2027,G,,SW,ST,, ,GRANTS PASS,OR,97526,2027,G,,SW,ST,, ,GRANTS PASS,OR,97526,8/19/2025 16:24,8/31/2026 16:24
BTAX-041437-08-2025,ANDREW J & ALEXANDER  SANDEEN,SANDEEN MASONRY               ,,9,Outside City Limits,238140,Contractor-Masonry,5414798844,3/1/1993 0:00,DDE26400-AFDC-4BD2-B9FD-D55C8C764305,1600,DOWELL,,,RD,,,GRANTS PASS,OR,97526,PO BOX 2247,,,,,,,GRANTS PASS,OR,97528,8/19/2025 16:30,8/31/2026 16:30
BTAX-041440-08-2025,MELISSA DEPUE,FANCY VANILLA BEAN LLC,,1,Inside City Limits,424490,Retail-Misc Direct Selling Establishment,5035109206,8/8/2023 0:00,e87e9f0c-0ddf-4d41-8cc1-1cfdfc8c30bd,,,,,,,,,,,367,EL CAMINO,,,WAY,,,GRANTS PASS,OR,97526,8/20/2025 10:13,8/31/2026 10:13
BTAX-041441-08-2025,KURT & MARIANNE  HEATER,KURT & MARIANNE HEATER RENTALS,,2,Inside City Limits,531110,Rental Units/Landlord,5414794073,10/1/2005 0:00,229AF80E-BB0E-4E5D-BF29-2A02509D574C,,,,,,,,,,,1454,PINECREST,,,DR,,,GRANTS PASS,OR,97526,8/20/2025 10:19,8/31/2026 10:19
BTAX-041442-08-2025,TERRY D  MILLER,CITY PLYWOOD CENTER           ,,11,Inside City Limits,321999,Manufacturing-Wood Products,5414796114,11/6/1997 0:00,0567798B-E6C2-47B4-9AA2-150975A328C5,515,F,,NE,ST,, ,GRANTS PASS,OR,97526,515,F,,NE,ST,,,GRANTS PASS,OR,97526,8/20/2025 10:23,8/31/2026 10:23
BTAX-041445-08-2025,BRENDA  COURTNEY,STUDIO G HAIR AND NAIL COMPANY,,2,Inside City Limits,812112,Beauty Salon,5414762591,7/1/2003 0:00,7E5B8C68-FDCC-4F0E-AFF9-75881732EFCE,432,6TH,,NW,ST,,STE 109,GRANTS PASS,OR,97526,432,6TH,,NW,ST,,STE 109,GRANTS PASS,OR,97526,8/20/2025 10:45,8/31/2026 10:45
BTAX-041446-08-2025,SHERYL  MORACE-MIKEL,DIVERSIFIED INVESTMENTS       ,,1,Inside City Limits,523999,Finance-Investment Activities,5414747371,1/8/2008 0:00,2600590E-8881-4D54-88B2-E20783F0449A,777,7TH,,NE,ST,,,GRANTS PASS,OR,97526,777,7TH,,NE,ST,, ,GRANTS PASS,OR,97526,8/20/2025 11:01,8/31/2026 11:01
BTAX-041448-08-2025,JIM  CLARK,JIM CLARK'S CONSIGNMENT COUNTRY,,5,Inside City Limits,441120,Auto-Used Car Dealer,5414760818,12/4/1982 0:00,9A31864E-1D62-4D58-A6F9-38214E2A5BAF,1630,ROGUE RIVER,, ,HWY,, ,GRANTS PASS,OR,97527,1630,ROGUE RIVER,,,HWY,,,GRANTS PASS,OR,97527,8/20/2025 11:28,8/31/2026 11:28
BTAX-041451-08-2025,,HENDERSON'S LINE-UP BRAKE     ,,20,Inside City Limits,811111,Auto-General Repair,5414792882,1/1/1961 0:00,1C9AF8E6-95D3-4C3A-B659-FC3B29679821,417,HENDERSON,,SW,LN,, ,GRANTS PASS,OR,97527,417,HENDERSON,,SW,LN,,,GRANTS PASS,OR,97527,8/20/2025 12:25,8/31/2026 12:25
BTAX-041455-08-2025,"MICHAEL & COLE, MARK  MORRIS",HEIRLOOM ORGANICS LLC        ,,31,Inside City Limits,456191,Retail-Health Food & Supplements,5413064278,9/15/2009 0:00,EC3F41E8-9037-4D62-8188-79B611D3EF18,,,,,,,,,,,2001,FOOTHILL,,NE,BLVD,,STE A9,GRANTS PASS,OR,97526,8/20/2025 12:46,8/31/2026 12:46
BTAX-041457-08-2025,SHANNON  HEALEY,SHANNON'S PUB LLC            ,,6,Inside City Limits,722410,Bar/Tavern,5414796216,10/1/2006 0:00,3A1A4FC4-3725-4E39-8B27-E637F3D872DA,772,6TH,,SW,ST,, ,GRANTS PASS,OR,97526,301,RIDGERCREST,,,DR,,,GRANTS PASS,OR,97527,8/20/2025 12:49,8/31/2026 12:49
BTAX-041459-08-2025,WILLIAM JOHNSON,B. JOHNSON & FAMILY LLC,TIMBERLINE DESIGNS,9,Inside City Limits,238190,Contractor-General/Building Exterior,5416213195,1/4/2017 0:00,db5cccf9-fc2c-43cb-97f3-0eb34bb4e6f1,1584,N,,SE,ST,, ,GRANTS PASS,OR,97526,1584,N,,SE,ST,,,GRANTS PASS,OR,97526,8/20/2025 12:52,8/31/2026 12:52
BTAX-041460-08-2025,FAYE F & ROBERT  DAWSON,JEFFERSON STATE MORTGAGE COMPANY,,7,Inside City Limits,522310,Finance-Loan Broker(Mortg/Nonmortg),5414790967,2/6/1989 0:00,AE7B6FA6-D448-4433-8541-DC907444506A,122,SAVAGE,,NE,ST,, ,GRANTS PASS,OR,97526,122,SAVAGE,,NE,ST,,,GRANTS PASS,OR,97526,8/20/2025 12:55,8/31/2026 12:55
BTAX-041462-08-2025,FAYE  DAWSON,FAYE DAWSON RENTALS           ,,2,Inside City Limits,531110,Rental Units/Landlord,5414790967,7/1/1990 0:00,79E817C1-BCF5-4987-8ADD-11E47DAA60B5,122,SAVAGE,,NE,ST,, ,GRANTS PASS,OR,97526,122,SAVAGE,,NE,ST,,,GRANTS PASS,OR,97526,8/20/2025 13:01,8/31/2026 13:01
BTAX-041464-08-2025,KIM E  BURTON,ETERNAL BODY ART              ,,1,Inside City Limits,812199,Tattoo/Piercing Shop,5414710607,1/3/2011 0:00,984B61E4-07E1-489C-866B-EF2300AF7662,729,G,,SW,ST,, ,GRANTS PASS,OR,97526,729,G,,SW,ST,,,GRANTS PASS,OR,97526,8/20/2025 13:06,8/31/2026 13:06
BTAX-041466-08-2025,JORDAN MORTENSON,RECTECH LLC.,RECTECH,1,Inside City Limits,561621,Security System Services,5412913887,10/2/2017 0:00,ba066fd2-3b81-4dbd-9675-929a73468e62,,,,,,,,,,,155,JASON,,,WAY,,,GRANTS PASS,OR,97527,8/20/2025 14:33,8/31/2026 14:33
BTAX-041469-08-2025,,"ROBIN C.  DAVIS dba 1881 PROPERTIES, LLC",1881 PROPERTIES LLC,3,Outside City Limits,531110,Rental Units/Landlord,5414711881,1/1/1993 0:00,2D0B975E-4518-4145-8C18-DBA630A15C3B,,,,,,,,,,,PO BOX 1881,,,,,,,GRANTS PASS,OR,97528,8/20/2025 14:45,8/31/2026 14:45
BTAX-041475-08-2025,,UNITED FINANCE COMPANY        ,,4,Inside City Limits,522291,Finance-Consumer Lending,5414766801,3/7/1998 0:00,11187B53-95F9-464B-8762-3C80E9DA6AA2,1303,7TH,,NE,ST,, ,GRANTS PASS,OR,97526,PO BOX 370,,,,,,,GRANTS PASS,OR,97528,8/20/2025 15:12,8/31/2026 15:12
BTAX-041476-08-2025,,CNC PROPERTIES LLC           ,,1,Inside City Limits,531210,Real Estate Agents/Brokers,5414796708,5/14/2001 0:00,C80F907A-A8CF-46B6-BF75-F08E47FD797F,832,D,,NE,ST,,,GRANTS PASS,OR,97526,337,COPELAND,,NW,DR,,,GRANTS PASS,OR,97526,8/20/2025 15:13,8/31/2026 15:13
BTAX-041477-08-2025,RAY D & MAUREEN M  COLSON,ORCHARD HILLS TRUST,,1,Inside City Limits,531110,Rental Units/Landlord,5414769150,12/14/2007 0:00,8A072614-906F-4E41-A3B7-4345D062C6DF,1500,HIGHLAND,,NW,AVE,, ,GRANTS PASS,OR,97526,1500,HIGHLAND,,NW,AVE,,,GRANTS PASS,OR,97526,8/20/2025 15:39,8/31/2026 15:39
BTAX-041478-08-2025,,EVERGREEN FEDERAL SAVINGS & LOAN,,6,Inside City Limits,522130,Finance-Credit Union,5414793351,11/17/1997 0:00,34CA8DC7-3037-4925-B6E9-203F6BC8FBF4,1329,6TH,,NE,ST,, ,GRANTS PASS,OR,97526,PO BOX 2020,,,,,,,GRANTS PASS,OR,97528,8/20/2025 15:41,8/31/2026 15:41
BTAX-041479-08-2025,,EVERGREEN FEDERAL SAVINGS & LOAN,,66,Inside City Limits,522130,Finance-Credit Union,5414793351,11/17/1997 0:00,F2F2F72A-1CA0-4E3F-A698-C5CA23DC51A9,969,6TH,,SE,ST,, ,GRANTS PASS,OR,97526,PO BOX 2020,,,,,,,GRANTS PASS,OR,97528,8/20/2025 15:48,8/31/2026 15:48
BTAX-041483-08-2025,WESLEY  LIPPERT,LIPPERT'S CARPET ONE          ,,11,Inside City Limits,449121,Floor Covering Retailers,5414767641,7/1/1986 0:00,B34D9C85-A35D-408B-89D2-5B07C76EFF79,1150,ROGUE RIVER,, ,HWY,, ,GRANTS PASS,OR,97527,PO BOX 580,,,,,,,GRANTS PASS,OR,97528,8/20/2025 16:10,8/31/2026 16:10
BTAX-041486-08-2025,,LA QUINTA INN & SUITES        ,,27,Inside City Limits,721110,Hotel/Motel,5414720152,7/29/1998 0:00,F5BDD054-DF3C-4146-BCD1-190AA340A17A,243,MORGAN,,NE,LN,, ,GRANTS PASS,OR,97526,243,MORGAN,,NE,LN,,,GRANTS PASS,OR,97526,8/21/2025 15:10,8/31/2026 15:10
BTAX-041489-08-2025,LARRY  HADSELL,VINYL DOG RECORDS,,1,Inside City Limits,459140,Retail-Music/Instruments & Supplies,5416591043,11/7/2005 0:00,DB073E02-13E2-4E5C-B9D2-C4B4B45EA3D6,220,7TH,,SE,ST,,STE B,GRANTS PASS,OR,97526,220,7TH,,SE,ST,,STE B,GRANTS PASS,OR,97526,8/21/2025 15:48,8/31/2026 15:48
BTAX-041490-08-2025,WENDY WONNELL,THE RED CANARY GIFT SHOP & CRAFTERS OUTLET,,1,Inside City Limits,459420,Retail-Gift & Novelty Store,5412180154,11/9/2015 0:00,A0A66DEB-FD5B-4387-9D1E-3C5CCBA3026A,129,H,,SE,ST,,,GRANTS PASS,OR,97526,1580,WILLOW,,,LN,,,GRANTS PASS,OR,97527,8/21/2025 16:05,8/31/2026 16:05
BTAX-041492-08-2025,BRIAN & ALISON  MALONE,BRIAN & ALISON MALONE RENTALS ,,1,Outside City Limits,531110,Rental Units/Landlord,5414742881,7/1/1989 0:00,242C7C8D-3C71-4E6E-A4E5-7E348F84AD46,,,,,,,,,,,C/O REALWISE PROPERTY MANAGEMENT,141 NW C,,,ST,,,GRANTS PASS,OR,97526,8/22/2025 9:30,8/31/2026 9:30
BTAX-041498-08-2025,SEAN WARD,PRIME SEAN WARD PROPERTIES,,1,Inside City Limits,531210,Real Estate Agents/Brokers,5414411140,8/28/2020 0:00,609ecad9-2bce-443e-94f1-c6a70e034166,,,,,,,,,,,147,BRYCE,,NE,CT,,,GRANTS PASS,OR,97526,8/22/2025 10:58,8/31/2026 10:58
BTAX-041499-08-2025,TED  HOLMAN,AUTOMANIA LLC                 ,,1,Inside City Limits,441120,Auto-Used Car Dealer,5414798888,4/1/1993 0:00,21AF6B14-2C78-4361-88E6-5690615B1A61,895,GLADIOLA,,SE,DR,, ,GRANTS PASS,OR,97526,PO BOX 1927,,,,,,,GRANTS PASS,OR,97528,8/22/2025 11:01,8/31/2026 11:01
BTAX-041500-08-2025,LEE HOPKINS,LEE H HOPKINS RENTALS         ,,1,Inside City Limits,531110,Rental Units/Landlord,5419412221,11/28/2005 0:00,D3802F33-2AB4-4E9C-B709-A2489AED5C73,,,,,,,,,,,C/O CENTURY 21 JC JONES,,858 NW 6TH ST,,,,,GRANTS PASS,OR,97526,8/22/2025 11:06,8/31/2026 11:06
BTAX-041503-08-2025,,"MY HEARING CENTERS, LLC",,7,Inside City Limits,456199,All Other Miscellaneous Store Retailers (Except Tobacco Stores),8014466380,8/5/2021 0:00,bd2e6c3d-9f22-4434-a21c-1c8c155592a7,1833,NEBRASKA,,,AVE,,D,GRANTS PASS,OR,97527,1833,NEBRASKA,,,AVE,,D,GRANTS PASS,OR,97527,8/22/2025 11:23,8/31/2026 11:23
BTAX-041508-08-2025,,SCOTT C RUGH                  ,,1,Outside City Limits,238110,Contractor-Concrete/Found/Structural,5412182888,3/30/2009 0:00,2BCF4071-4C98-416B-8EFC-B2706E749E98,,,,,,,,,,,538,HONEYLYNN,,,LN,,,GRANTS PASS,OR,97527,8/22/2025 12:05,8/31/2026 12:05
BTAX-041509-08-2025,"GAIL GILTNER, FNP-C",NORTHWEST FAMILY PRACTICE LLC,,7,Inside City Limits,621111,Medical-Physician,5419165500,8/6/2019 0:00,732531b8-3d19-47ea-af9d-2992b12fd24d,1600,6TH,,NW,ST,,,GRANTS PASS,OR,97526,1600,6TH,,NW,ST,,,GRANTS PASS,OR,97526,8/22/2025 12:17,8/31/2026 12:17
BTAX-041510-08-2025,JASON BURLEY,"PURPOSE FIRST FINANCIAL, LLC ",,3,Inside City Limits,525990,Finance-Misc Finance,5414740824,8/17/2018 0:00,204b77d3-1f72-48fe-a5f5-da1cc9d53697,820,7TH,,NE,ST,,SUITE 2,GRANTS PASS,OR,97526,820,7TH,,NE,ST,,SUITE 2,GRANTS PASS,OR,97527,8/22/2025 12:35,8/31/2026 12:35
BTAX-041516-08-2025,KYNDRA & DANIEL  BURDIS,KYNDRA & DANIEL BURDIS RENTALS,,2,Inside City Limits,531110,Rental Units/Landlord,5414728179,2/5/2004 0:00,F40C498A-8E16-4921-9592-6EE8AFD1E90E,1051,6TH,,NE,ST,, ,GRANTS PASS,OR,97527,1051,6TH,,NE,ST,,PMB 900,GRANTS PASS,OR,97526,8/22/2025 14:41,8/31/2026 14:41
BTAX-041518-08-2025,RAKESH SHARMA,R & M MARKET COMPANY LLC,A-1 MARKET #14,2,Inside City Limits,445131,Convenience Store,5414792240,9/14/2021 0:00,c7369158-fecf-41cb-8f42-2ae52dfd54bb,1204,6TH,,NW,ST,,,GRANTS PASS,OR,97526,225,8TH,,SE,ST,,,GRANTS PASS,OR,97526,8/22/2025 15:07,8/31/2026 15:07
BTAX-041519-08-2025,DIRK H  JOHNSON,DJ'S BUMP & PAINT PARLOR      ,DJ'S BUMP & PAINT,6,Inside City Limits,811121,"Auto-Body, Paint & Interior",5414765604,5/1/1981 0:00,A84A3833-9CD5-436D-BC77-CE4DA8EB99F3,325,G,,SW,ST,, ,GRANTS PASS,OR,97526,325,G,,SW,ST,,,GRANTS PASS,OR,97526,8/22/2025 15:24,8/31/2026 15:24
BTAX-041520-08-2025,,DATA PLUMBING INC            ,,3,Inside City Limits,238220,Plumber,5416605774,10/1/1997 0:00,8BA83F95-2AD8-465C-AAA3-02F0EE4D50FC,,,,,,,,,,,280,HARTMAN,,,LN,,,GRANTS PASS,OR,97527,8/22/2025 16:17,8/31/2026 16:17
BTAX-041522-08-2025,PATRICK KELLY,PATRICK J KELLY               ,,4,Inside City Limits,541110,Lawyer,5414741908,7/1/1991 0:00,865ABA62-8405-4F03-AB1E-7B385D40EFD0,717,5TH,,NW,ST,, ,GRANTS PASS,OR,97526,717,5TH,,NW,ST,,,GRANTS PASS,OR,97526,8/25/2025 10:16,8/31/2026 10:16
BTAX-041523-08-2025,WILLIAM DANIELS,OREGON FUTBOL ACADEMY,,8,Inside City Limits,713990,Amusement/Recreation Misc,5414711099,4/17/2017 0:00,619642fc-b831-477f-b478-1636c5171eba,144,G,,SW,ST,, ,GRANTS PASS,OR,97526,144,G,,SW,ST,,,GRANTS PASS,OR,97526,8/25/2025 10:18,8/31/2026 10:18
BTAX-041526-08-2025,MARIA ROSA  LOPEZ,TAMLES ROSA MARIA            ,,2,Inside City Limits,722320,Caterer,5414762515,8/18/2008 0:00,6B056F8C-8E4E-4CC6-8921-7ADA6E6CE66B,774,6TH,,SW,ST,, ,GRANTS PASS,OR,97526,2395,REDWOOD,,,AVE,,SPC 84,GRANTS PASS,OR,97527,8/25/2025 10:57,8/31/2026 10:57
BTAX-041528-08-2025,Cameron DuBoise,Grants Pass Barber Shop LLC,,7,Inside City Limits,812111,Barber Shop,,7/20/2020 0:00,10267d78-9728-4bf9-b9b2-46b9a9b6af8c,232,6TH,,NW,ST,,A,GRANTS PASS,OR,97526,232,6TH,,NW,ST,,A,GRANTS PASS,OR,97526,8/25/2025 11:38,8/31/2026 11:38
BTAX-041529-08-2025,TODD  BINGHAM,CORAL SEA SCUBA & WATER SPORTS,,2,Inside City Limits,459110,Retail-Sporting Goods,5414728111,4/25/1997 0:00,6C6A73C7-05AE-43CF-937B-4D5C2BC5153A,123,M,,SW,ST,, ,GRANTS PASS,OR,97526,123,M,,SW,ST,,,GRANTS PASS,OR,97526,8/25/2025 11:40,8/31/2026 11:40
BTAX-041532-08-2025,"MS, PT, RONALD L  LOPEZ",ACTION REHABILITATION & SPORTS,,6,Inside City Limits,621111,Medical-Physician,5414721799,9/7/2004 0:00,BFEC762D-79AF-4F1C-9655-687132B1DE5A,,,,,,,,,,,1619,HAWTHORNE ,,NW,AVE,,STE 109,GRANTS PASS,OR,97526,8/25/2025 14:38,8/31/2026 14:38
BTAX-041535-08-2025,,EVERGREEN FEDERAL'S AFFORDABLE HOUSING COMPANY,,3,Inside City Limits,522310,Finance-Loan Broker(Mortg/Nonmortg),5414793351,12/1/2006 0:00,E3D8D581-FFBD-4AE3-98D1-F2C9431D24B3,969,6TH,,SE,ST,, ,GRANTS PASS,OR,97526,PO BOX 2020,,,,,,,GRANTS PASS,OR,97528,8/25/2025 15:19,8/31/2026 15:19
BTAX-041537-08-2025,DAVID  THOMASON,THOMASON BEAN CO INC         ,THE HUMAN BEAN II ,11,Inside City Limits,722515,Snack and Nonalcoholic Beverage Shop,5419559506,4/20/2004 0:00,6D82D1DF-89A7-4BB2-9241-2DADA9977C28,109,CURTIS,, ,DR,, ,GRANTS PASS,OR,97527,206,7TH,,NE,ST,, ,GRANTS PASS,OR,97526,8/25/2025 15:27,8/31/2026 15:27
BTAX-041538-08-2025,DAVID  THOMASON,THOMASON BEAN CO INC         ,THE HUMAN BEAN ,16,Inside City Limits,722515,Snack and Nonalcoholic Beverage Shop,5419559506,12/31/2003 0:00,3AABC166-85C0-4849-966E-0DA2F880EFAD,840,F,,NE,ST,, ,GRANTS PASS,OR,97526,206,7TH,,NE,ST,, ,GRANTS PASS,OR,97526,8/25/2025 15:31,8/31/2026 15:31
BTAX-041539-08-2025,DAVID  THOMASON,THOMASON BEAN CO INC         ,THE HUMAN BEAN III ,11,Inside City Limits,722515,Snack and Nonalcoholic Beverage Shop,5419559506,12/20/2006 0:00,6433B935-A1C8-42EA-9A4F-A21442FF193C,1885,6TH,,NE,ST,, ,GRANTS PASS,OR,97526,206,7TH,,NE,ST,, ,GRANTS PASS,OR,97526,8/25/2025 15:34,8/31/2026 15:34
BTAX-041540-08-2025,"SAVE & DUNTSCH, RYAN  BRICKE",BATTERY SOLUTIONS INC         ,,3,Inside City Limits,441330,Retail-Automotive Parts & Accessories,5414794343,11/1/2014 0:00,428FFB03-59F4-44D5-8499-488C44AE040E,869,ROGUE RIVER,, ,HWY,, ,GRANTS PASS,OR,97527,869,ROGUE RIVER HWY    ,,,HWY,,,GRANTS PASS,OR,97527,8/25/2025 15:48,8/31/2026 15:48
BTAX-041541-08-2025,MICHAEL & HEIDI  DUNBAR,BRIDGE STREET AUTO INC,,7,Inside City Limits,811111,Auto-General Repair,5419551002,5/7/2002 0:00,11709CED-F4A2-4CDE-8427-28D297971C3E,2015,BRIDGE,,SW,ST,, ,GRANTS PASS,OR,97526,2015,BRIDGE ,,SW,ST,,,GRANTS PASS,OR,97526,8/25/2025 15:52,8/31/2026 15:52
BTAX-041543-08-2025,LEE BEAUMONT IV,EMC PATCHES LLC,,2,Inside City Limits,339999,Manufacturing-Misc Manufacturing,5415823720,8/7/2018 0:00,fd33c870-c8b8-4c2b-8413-3f5c39625047,1624,N,,SE,ST,,UNIT 4A,GRANTS PASS,OR,97526,1624,N,,SE,ST,,UNIT 4A,GRANTS PASS,OR,97526,8/25/2025 16:17,8/31/2026 16:17
BTAX-041544-08-2025,JACK GOLDWASSER,WATCH ENTERPRISES LLC,,7,Inside City Limits,339999,Manufacturing-Misc Manufacturing,5414728095,3/3/2020 0:00,0fece406-fe52-45dc-833c-d9a2cd21113d,2185,SPALDING,,NE,AVE,,#10,GRANTS PASS,OR,97526,2185,SPALDING,,NE,AVE,,#10,GRANTS PASS,OR,97526,8/25/2025 16:20,8/31/2026 16:20
BTAX-041545-08-2025,CARL WILSON,GRANTS PASS BROADCASTING CORP,,14,Inside City Limits,516110,Radio Station,5414766608,1/1/1997 0:00,5D3EFC42-4999-4BA0-B738-ADFAF8F76AC2,888,ROGUE RIVER,, ,HWY,, ,GRANTS PASS,OR,97527,888,ROGUE RIVER,,,HWY,,,GRANTS PASS,OR,97527,8/26/2025 8:45,8/31/2026 8:45
BTAX-041551-08-2025,DALE  FARMER,JIFFY JOANNE LLC              ,JIFFY LUBE,5,Inside City Limits,811191,Auto-Oil Change/Lubrication Shop,5414794890,2/6/1998 0:00,032A697F-5E0E-4FC2-B24D-BE4632BE3685,305,G,,SE,ST,, ,GRANTS PASS,OR,97526,305,G,,SE,ST,,,GRANTS PASS,OR,97526,8/26/2025 10:00,8/31/2026 10:00
BTAX-041553-08-2025,,SHECKELLS REALTY,,2,Inside City Limits,531210,Real Estate Agents/Brokers,5417785408,7/22/2022 0:00,91157bd4-88e2-465f-8c9d-2eaadfe86d1b,227,5TH,,NW,ST,,,GRANTS PASS ,OR,97526,227,5TH,,NW,ST,,,GRANTS PASS,OR,97526,8/26/2025 10:26,8/31/2026 10:26
BTAX-041554-08-2025,AARIN YARRISH & HOLLY KNOLL,COMPETITIVE ATHLETICS LLC    ,,7,Inside City Limits,459110,Retail-Sporting Goods,5414791001,6/1/2007 0:00,315892B1-4CC5-4A08-8B52-F904CA5FAC65,105,7TH,,NE,ST,,,GRANTS PASS,OR,97526,105,7TH,,NE,ST,,,GRANTS PASS,OR,97526,8/26/2025 10:32,8/31/2026 10:32
BTAX-041555-08-2025,RICK RIKER,RICK RIKER PLANNING & RESEARCH SERVICES,,1,Inside City Limits,541611,Consulting Service,541-479-7333,6/21/1995 0:00,905F78A6-323F-4205-877E-B07631C7005A,1501,A,,NE,ST,, ,GRANTS PASS,OR,97526,560,F,,NE,ST,,STE A PMB #224,GRANTS PASS,OR,97526,8/26/2025 10:34,8/31/2026 10:34
BTAX-041556-08-2025,LON  MCKELLAR,QUALITY CARS                  ,,5,Inside City Limits,441120,Auto-Used Car Dealer,5414796079,6/15/1995 0:00,C8373E0F-2C2A-4E11-B820-46828F32A11E,1660,7TH,,NE,ST,, ,GRANTS PASS,OR,97526,1660,7TH ,,NE,ST,,,GRANTS PASS,OR,97526,8/26/2025 10:37,8/31/2026 10:37
BTAX-041557-08-2025,ADAM HOWELL,A & S CLEANING LLC,,2,Inside City Limits,561720,Cleaning Service,5412266599,7/17/2018 0:00,3cddae01-ae98-46e4-8a09-50a8b365cba8,,,,,,,,,,,5000,REDWOOD,, ,AVE,, ,GRANTS PASS,OR,97527,8/26/2025 10:40,8/31/2026 10:40
BTAX-041558-08-2025,INC)  SHAREHOLDERS (ESAM,"E S A M, INC                  ",,131,Inside City Limits,811210,Consumer Electronics Repair/Maint,5414769162,1/1/1984 0:00,EF8C8D0A-9DA1-42CB-A373-7CFCF81DEEEB,2100,SPALDING,,NE,AVE,, ,GRANTS PASS,OR,97526,2100,SPALDING,,NE,AVE,,,GRANTS PASS,OR,97526,8/26/2025 10:44,8/31/2026 10:44
BTAX-041559-08-2025,SHERI  MURPHY,MURF'S MARVELOUS PANCAKES,,2,Inside City Limits,722511,Restaurant,5416604261,11/25/2013 0:00,F997505D-9DD7-4483-B97C-B8F078895BC5,1863,WASHINGTON,,,BLVD,, ,GRANTS PASS,OR,97526,1086,IRONWOOD,, ,DR,, ,GRANTS PASS,OR,97526,8/26/2025 10:47,8/31/2026 10:47
BTAX-041560-08-2025,,DOUBLE R PRODUCTS             ,,14,Inside City Limits,238190,Contractor-General/Building Exterior,5414761387,1/1/1997 0:00,C2C749BA-7C55-4F46-9F9B-0D41E6C0326F,901,E,,NW,ST,, ,GRANTS PASS,OR,97526,901,E,,NW,ST,,,GRANTS PASS,OR,97526,8/26/2025 10:54,8/31/2026 10:54
BTAX-041562-08-2025,LAWTON LESUEUR,MIDLAND EMPIRE INSURANCE AGENCY INC,,6,Inside City Limits,524210,Insurance Agency & Brokerages,5414767715,2/15/2017 0:00,ac2d4088-aa90-464a-bfa5-9ba0b56ff2ae,814,4TH,,SW,ST,, ,GRANTS PASS,OR,97526,814,4TH,,SW,ST,,,GRANTS PASS,OR,97526,8/26/2025 11:26,8/31/2026 11:26
BTAX-041564-08-2025,JOHN DUNCAN SHIRLEY SAMMIS,ROGUE VALLEY DOOR INC         ,,299,Inside City Limits,321999,Manufacturing-Wood Products,5414795354,5/1/1986 0:00,41E22BEB-A394-4BD8-9691-36EB0A964646,123,BEACON,,NE,DR,, ,GRANTS PASS,OR,97526,PO BOX 2710,,,,,,,GRANTS PASS,OR,97528,8/26/2025 11:47,8/31/2026 11:47
BTAX-041566-08-2025,,OPTIONS FOR SOUTHERN OREGON,,528,Inside City Limits,621112,Medical-Mental Health Specialist,5414762373,7/1/1994 0:00,5C364A65-860C-4A51-96D0-FFB328D942AF,1215,G,,SW,ST,, ,GRANTS PASS,OR,97526,1215,G,,SW,ST,,,GRANTS PASS,OR,97526,8/26/2025 12:00,8/31/2026 12:00
BTAX-041572-08-2025,RON  BERKO,RON'S MECHANICAL SERVICES     ,,2,Inside City Limits,811111,Auto-General Repair,5419515538,8/1/2008 0:00,8837FC79-ABB4-47E9-841C-BEF8918EF77F,116,WILMAR,, ,AVE,, ,GRANTS PASS,OR,97527,116,WILMAR,,,AVE,,,GRANTS PASS,OR,97527,8/26/2025 14:14,8/31/2026 14:14
BTAX-041573-08-2025,ANDREW LODON EERO PIKAT,COMMODITY TRENDS,,6,Inside City Limits,561499,Business Support Services-Misc,3125548122,1/1/1994 0:00,E09F8B3D-DED1-48E1-936F-11562043ED78,560,F,,NE,ST,,SUITE A #429,GRANTS PASS,OR,97526,560,F,,NE,ST,,SUITE A #429,GRANTS PASS,OR,97526,8/27/2025 11:42,8/31/2026 11:42
BTAX-041575-08-2025,ZHOU SHITING,HUNAN GARDENS                  ,,4,Inside City Limits,722511,Restaurant,5414747333,11/1/1996 0:00,EE89A196-1DBE-49A4-8765-5B670801A288,929,D,,NE,ST,,,GRANTS PASS,OR,97526,929,D,,NE,ST,,,GRANTS PASS,OR,97526,8/27/2025 12:17,8/31/2026 12:17
BTAX-041576-08-2025,ANNA & BOB  MINTER,ANNA'S PARTY WORKS            ,,2,Inside City Limits,541990,Professional-Misc,5416605962,8/1/1997 0:00,21B6FD97-D574-4584-A5BA-0A30A1847931,,,,,,,,,,,580,HIDDEN VALLE,,,RD,,,GRANTS PASS,OR,97527,8/27/2025 12:19,8/31/2026 12:19
BTAX-041578-08-2025,WENDY HAWKINS,HAWKS INN               ,,1,Inside City Limits,531110,Rental Units/Landlord,5037847357,1/4/2008 0:00,32D63178-B165-4DD2-A96E-0032AA4983C7,1464,6TH,,NW,ST,, ,GRANTS PASS,OR,97526,2536,STRINGER GAP,,,RD,,,GRANTS PASS,OR,97527,8/28/2025 14:49,8/31/2026 14:49
BTAX-041579-08-2025,WILLIAM  WARNER,WILLIAM R WARNER RESIDENTIAL RENTALS,,2,Inside City Limits,531110,Rental Units/Landlord,5414766595,7/1/1989 0:00,648D1FDC-D3C3-46AE-B790-075430A6C070,716,FRY,,NW,ST,, ,GRANTS PASS,OR,97526,716,FRY,,NW,ST,,,GRANTS PASS,OR,97526,8/28/2025 14:53,8/31/2026 14:53
BTAX-041580-08-2025,THEODORE  CONWAY,TC'S AUTO & TRANSMISSION      ,,2,Inside City Limits,811114,Auto-Transmission Repair,5414414132,10/2/2008 0:00,FB0EF898-5DBF-4F49-9DCC-B8AF5219EA47,1718,DOWELL,,,RD,,,GRANTS PASS,OR,97527,1718,DOWELL,,,RD,,,GRANTS PASS,OR,97527,8/28/2025 15:09,8/31/2026 15:09
BTAX-041584-08-2025,LISA SLOVER,ABOVE THE REST CLEANING,,1,Inside City Limits,561720,Cleaning Service,5416593873,7/21/2020 0:00,0315edb5-0660-4914-a84c-eef69977fb2b,,,,,,,,,,,2008,OTIS,,SW,LN,,,GRANTS PASS,OR,97527,8/28/2025 16:12,8/31/2026 16:12
BTAX-041589-08-2025,KATHLEEN & RONALD  GILLASPIE,ROGUE BARBERS LLC             ,,5,Inside City Limits,812111,Barber Shop,5412267740,10/1/2015 0:00,3F901A30-4447-4A74-A096-A4690FE70185,740,6TH,,NW,ST,,,GRANTS PASS,OR,97526,1236,IRONWOOD ,,SW,DR,,,GRANTS PASS,OR,97526,8/28/2025 16:27,8/31/2026 16:27
BTAX-041592-08-2025,RICK & VALERIE  FINWALL,AUTOPRO AUTOMOTIVE INC        ,,2,Inside City Limits,811111,Auto-General Repair,5414743323,6/2/2008 0:00,5774DE4F-270A-4CD6-8DAF-77CEF75131EE,1670,REDWOOD,,,Ave,,,GRANTS PASS,OR,97527,1670,A REDWOOD,,,AVE,,SUITE A,GRANTS PASS,OR,97527,8/29/2025 16:22,8/31/2026 16:22
BTAX-041593-08-2025,CANDICE AMENS,SOROPTIMIST INTERNATIONAL OF RIVER VALLEY,,0,Outside City Limits,813410,Organization-Civic/Social,5412189974,7/24/2002 0:00,896f0b37-373e-46f2-8ade-0d2fdebaa68f,,,,,,,,,,,PO BOX 875,,,,,,,GRANTS PASS,OR,97528,8/29/2025 16:36,8/31/2026 16:36
BTAX-041595-09-2025,DAN & PATRICIA  KIRKMAN,BASKIN ROBBINS STORE #4303    ,,12,Inside City Limits,722511,Restaurant,5414741546,9/6/1991 0:00,CC652D9E-6200-46CA-A888-533B7142A26C,300,UNION,,,AVE,,SUITE A,GRANTS PASS,OR,97527,4195,REDWOOD,, ,AVE,, ,GRANTS PASS,OR,97527,9/2/2025 11:43,9/30/2026 11:43
BTAX-041597-09-2025,,EL CHARRO VIEJO               ,,20,Inside City Limits,722511,Restaurant,5419555929,7/15/2013 0:00,42DBB5B7-BFE7-444D-8CBD-C52A332FBD7A,1610,ALLEN CREEK,,SW,RD,,SUITE 103,GRANTS PASS,OR,97527,1610,ALLEN CREEK,,SW,RD,,SUITE 103,GRANTS PASS,OR,97527,9/2/2025 12:06,8/31/2026 12:06
BTAX-041598-09-2025,JEFF & KAREN  MCGOWAN,H ST ANTIQUES & INTERIORS    ,,2,Inside City Limits,459510,Retail-Thrift Store,5419561200,6/20/2005 0:00,EE9F1B7E-DF79-4746-8EF6-FF0DC2F4B96A,138,H,,SE,ST,, ,GRANTS PASS,OR,97526,138,H,,SE,ST,, ,GRANTS PASS,OR,97526,9/2/2025 12:09,9/30/2026 12:09
BTAX-041599-09-2025,ANTONIO & LIANA  PEIRONI,RIVER VALLEY ADULT CARE HOME LLC,,1,Inside City Limits,623312,Medical-Assisted Living Facility/Elderly,5415822724,12/1/2005 0:00,252D068E-C796-45E9-A1FA-49EC0C05DA99,627,HARBECK,,W,RD,, ,GRANTS PASS,OR,97527,627,HARBECK,,W,RD,,,GRANTS PASS,OR,97527,9/2/2025 12:10,9/30/2026 12:10
BTAX-041600-09-2025,DAVID  WILLIAMS,ROGUE VALLEY HEATING & AIR CONDITIONING,,41,Outside City Limits,238220,Contractor-HVAC Services,5414763211,8/18/2004 0:00,89E61FD9-3200-4364-88D2-F880A837CF4B,2820,FOOTHILL,,,BLVD,,,GRANTS PASS,OR,97526,2820,FOOTHILL ,,,BLVD,,,GRANTS PASS,OR,97526,9/3/2025 15:58,9/30/2026 15:58
BTAX-041602-09-2025,JORGE AGUILAR,LOS TAQUITOS,,14,Inside City Limits,722511,Restaurant,4582129931,8/20/2018 0:00,5d1ccc07-7308-43d1-9269-f06f7875ab28,304,AGNESS,,NE,AVE,,SUITE C,GRANTS PASS,OR,97526,304,AGNESS,,NE,AVE,,SUITE C,GRANTS PASS,OR,97526,9/2/2025 14:06,9/30/2026 14:06
BTAX-041603-09-2025,JOCELYN  SCHMIDT,JOCELYN'S MAGIC TOUCH MASSAGE ,,1,Inside City Limits,621399,Medical-Massage Therapy,5414412652,9/1/2006 0:00,A7737AF1-B352-4BB6-9699-BE9DD8E3FF0E,,,,,,,,,,,1107,PINNON,,N,RD,,,GRANTS PASS,OR,97526,9/2/2025 14:54,9/30/2026 14:54
BTAX-041604-09-2025,ROBERT & ELIZABETH  CONNER,BOB'S BUFF AND SHINE          ,,2,Inside City Limits,811121,"Auto-Body, Paint & Interior",5414768166,10/1/1984 0:00,CEA78494-5FDD-4297-A39A-F27D4495919F,625,7TH,,NE,ST,, ,GRANTS PASS,OR,97526,625,7TH,,NE,ST,,,GRANTS PASS,OR,97526,9/2/2025 15:10,8/31/2026 15:10
BTAX-041607-09-2025,,REC ELECTRIC LLC DBA ER ELECTRIC SERVICES,,18,Inside City Limits,238210,Contractor-Electrical,5414761158,3/8/2013 0:00,7B2BE5F5-24FB-4B99-9202-CC14A57FF2CE,,,,,,,,,,,225,HILLCREST,,NE,DR,,SUITE 1,GRANTS PASS,OR,97526,9/2/2025 15:24,8/31/2026 15:24
BTAX-041608-09-2025,VICKI  LAMAR,VICKI'S CLEANING SERVICES     ,,1,Inside City Limits,561720,Cleaning Service,5416605501,7/1/1997 0:00,F335F273-59AB-494B-9B31-146DC41F3334,1404,ROGUE RIVER,,SW,AVE,,,GRANTS PASS,OR,97526,1404,ROGUE RIVER,,SW,AVE,,,GRANTS PASS,OR,97526,9/2/2025 15:58,9/30/2026 15:58
BTAX-041610-09-2025,NOEL SHECKELLS,"5-STAR HOME BUILDERS, LLC DBA SHECKELS CONSTRUCTION",,2,Inside City Limits,238110,Contractor-Concrete/Found/Structural,5417785408,8/1/2018 0:00,336629f0-38b8-4db1-a549-2873a0897700,,,,,,,,,,,915,ROSE,,SE,PL,,,GRANTS PASS,OR,97526,9/2/2025 16:23,9/30/2026 16:23
BTAX-041612-09-2025,LEAH  KEENEY,LEAH K'S SPECIALTY DETAILING  ,,1,Inside City Limits,811192,Car Wash & Detailing,5414762332,7/1/2003 0:00,E9D1E9CD-A789-4C5F-9848-AFF79B507C18,1271,TOBIN,,SE,CT,, ,GRANTS PASS,OR,97527,1271,TOBIN,,SE,CT,,,GRANTS PASS,OR,97527,9/3/2025 10:09,8/31/2026 10:09
BTAX-041613-09-2025,CHRIS & STEFANI  BARNETT,REALTY EXECUTIVES SOUTHERN OREGON,,2,Inside City Limits,531210,Real Estate Agents/Brokers,5416605195,12/1/2007 0:00,6C6042EE-291D-4B6B-A3CC-F89A3E812B11,856,7TH,,NE,ST,, ,GRANTS PASS,OR,97526,856,7TH,,NE,ST,,,GRANTS PASS,OR,97526,9/3/2025 10:13,8/31/2026 10:13
BTAX-041614-09-2025,BOBBIE  SABINE,SHADEZ          ,,3,Inside City Limits,812112,Beauty Salon,5414741144,11/27/1989 0:00,1427990A-6A34-42D6-BB0C-AC779FD9F566,240,H,,SW,ST,, ,GRANTS PASS,OR,97526,240,H,,SW,ST,,,GRANTS PASS,OR,97526,9/3/2025 10:15,8/31/2026 10:15
BTAX-041616-09-2025,CHRIS & HANNAH LEENKNECHT,STEPPING STONES PRESCHOOL & CHILDCARE,,6,Inside City Limits,624410,Child Day Care,,8/23/2021 0:00,cf941f4b-afca-4754-8efa-c55db37bdbc9,1626,DOWELL,, ,RD,, ,GRANTS PASS,OR,97527,1626,DOWELL,,,RD,,,GRANTS PASS,OR,97527,9/3/2025 10:30,8/31/2026 10:30
BTAX-041619-09-2025,DONNA & BEN  HILL,CREATIVE COMFY'S LLC          ,,2,Inside City Limits,541990,Professional-Misc,5417613700,1/20/2009 0:00,D61D1B6A-0E26-446E-9FF7-656F8EEE0F26,1215,A,,NE,ST,, ,GRANTS PASS,OR,97526,1630,WILLIAMS,,,HWY,,#95,GRANTS PASS,OR,97527,9/3/2025 10:49,9/30/2026 10:49
BTAX-041622-09-2025,JAYME  BAKER,VALLEY FLEET MAINTENANCE      ,,1,Outside City Limits,811111,Auto-General Repair,5414769536,1/1/1995 0:00,CD65012A-523D-4A2D-87B5-439EFF098060,,,,,,,,,,,9115,LOWER RIVER,,,RD,,,GRANTS PASS,OR,97526,9/3/2025 11:23,8/31/2026 11:23
BTAX-041626-09-2025,"TOM HART JR, TOM HART SR & CHERLE & RON HIX",HART JEWELERS                 ,,6,Inside City Limits,458310,Retail-Jewelry Store,5414765543,6/25/2001 0:00,F7750D7D-9C9B-41BB-9D23-A329070ACDE7,235,6TH,,SE,ST,, ,GRANTS PASS,OR,97526,235,6TH,,SE,ST,,,GRANTS PASS,OR,97526,9/3/2025 11:44,8/31/2026 11:44
BTAX-041627-09-2025,MATTHEW  O'DEAY,A RIGHT NOW JEWELRY & REPAIR  ,,1,Inside City Limits,458310,Retail-Jewelry Store,5414796819,9/13/2003 0:00,56619E18-82D2-4EF9-9130-1DB1CD8ADBFA,629,6TH,,NE,ST,, ,GRANTS PASS,OR,97526,629,6TH,,NE,ST,,,GRANTS PASS,OR,97526,9/3/2025 11:54,9/30/2026 11:54
BTAX-041629-09-2025,GUIFEN YIN,99 ASIAN MASSAGE,,4,Inside City Limits,621399,Medical-Massage Therapy,5416595412,8/28/2018 0:00,382e61ea-6ed5-4709-882b-e6d865724c63,1100,7th,,NE,ST,,SUITE A,GRANTS PASS,OR,97526,1100,7TH,,NE,ST,,SUITE A,GRANTS PASS,OR,97526,9/3/2025 14:50,9/30/2026 14:50
BTAX-041630-09-2025,WARREN & TUYET  ROUSSEAU,OLD TIME WATCH & CLOCK SHOP   ,,1,Inside City Limits,458310,Retail-Jewelry Store,5414798084,5/1/1985 0:00,3F2E199B-49D1-4C28-8163-E044FA8087FD,629,6TH,,NE,ST,, ,GRANTS PASS,OR,97526,629,6TH,,NE,ST,,,GRANTS PASS,OR,97526,9/3/2025 16:15,9/30/2026 16:15
BTAX-041631-09-2025,PAUL V  HENDERSHOTT,HENDERSHOTT SCHOOL OF GUITAR  ,,2,Inside City Limits,611699,Education-Misc Schools & Institutions,5414760631,11/3/1993 0:00,E1EBB1A6-F0F4-4346-AECD-FE27029A1C98,126,H,,SW,ST,,,GRANTS PASS,OR,97526,126,H,,SW,ST,,,GRANTS PASS,OR,97526,9/4/2025 12:21,9/30/2026 12:21
BTAX-041635-09-2025,DUANE  GEURIN,SPRINKLER PROS INC            ,,3,Outside City Limits,541320,Landscaping Services,5412189400,11/24/2003 0:00,CC1FEF0E-EDF3-4A99-BBC4-BB8FACAFB669,512,PYLE,,,DR,,,GRANTS PASS,OR,97527,1630,WILLIAMS ,,,HWY,,PMB #269,GRANTS PASS,OR,97527,9/4/2025 14:21,8/31/2026 14:21
BTAX-041637-09-2025,AMY  HARBOLDT,ON CAMPUS KIDS ,ON CAMPUS KIDS @ RIVERSIDE,2,Inside City Limits,624410,Child Day Care,5415312406,8/9/2021 0:00,8ce568b1-c462-4f03-b3a9-5e8711b579e4,1200,HARVEY,,SE,DR,,,GRANTS PASS ,OR,97526,7624,MONUMENT,,,DR,,,GRANTS PASS,OR,97526,9/4/2025 16:18,8/31/2026 16:18
BTAX-041638-09-2025,,ROGUE RIVER HEALTHCARE LLC,RIVERSIDE HOME HEALTH CARE,94,Inside City Limits,621610,Medical-Home Health Care Services,5414761583,10/28/1998 0:00,8B924408-6D38-468B-92DD-A86A28BDEA59,402,G,,SE,ST,,,GRANTS PASS,OR,97526,402,G,,SE,ST,,,GRANTS PASS,OR,97526,9/5/2025 9:08,9/30/2026 9:08
BTAX-041640-09-2025,"MICHAEL, DAVID & ALAN ANDERSON",MADHOUSE DESIGN LLC           ,,3,Inside City Limits,459110,Retail-Misc Direct Selling Establishment,5416609887,12/10/2012 0:00,0814EEC3-0706-441F-B9FE-9FFBF1078B55,2143,SPALDING,,NE,AVE,, ,GRANTS PASS,OR,97526,2143,SPALDING ,,NE,AVE,,,GRANTS PASS,OR,97526,9/5/2025 10:08,9/30/2026 10:08
BTAX-041641-09-2025,MICHAEL & DAVID  ANDERSON,OREGON SWISS PRECISION INC    ,,38,Inside City Limits,811310,Machinery/Equipment Maint,5414761150,10/1/1991 0:00,B06E65CA-AD38-495F-BE8A-7205DD6F4342,2143,SPALDING,,NE,AVE,, ,GRANTS PASS,OR,97526,2143,SPALDING ,,NE,AVE,,,GRANTS PASS,OR,97526,9/5/2025 10:12,9/30/2026 10:12
BTAX-041642-09-2025,,CASABLANCA GRILL INC,,15,Inside City Limits,722515,Snack and Nonalcoholic Beverage Shop,5414792503,2/7/2007 0:00,8AA5D404-677D-4C31-9678-AA1A5046FB0B,686,UNION,, ,AVE,, ,GRANTS PASS,OR,97527,686,UNIO,,,AVE,,,GRANTS PASS,OR,97527,9/5/2025 10:14,8/31/2026 10:14
BTAX-041643-09-2025,AMY HARBOLDT,ON CAMPUS KIDS,ON CAMPUS KIDS @ ALLENDALE ELEMENTARY,2,Inside City Limits,624410,Child Day Care,5415312406,8/9/2021 0:00,9390b555-01e8-42e5-bb29-adcef4d6f5d6,2320,WILLIAMS ,,,HWY,,,GRANTS PASS,OR,97527,7624,MONUMENT,,,DR,,,GRANTS PASS,OR,97526,9/5/2025 10:17,8/31/2026 10:17
BTAX-041644-09-2025,,CAUBLE FURR & BEGUIN LLP,,11,Inside City Limits,541110,Lawyer,5414768825,1/1/2005 0:00,11FAE82A-DBF0-41C8-BB98-DA45C1637564,111,6TH,,SE,ST,, ,GRANTS PASS,OR,97526,PO BOX 398,,,,,,,GRANTS PASS,OR,97528,9/5/2025 10:22,8/31/2026 10:22
BTAX-041645-09-2025,JENNIE MY LE,ARIA NAILS,,3,Inside City Limits,812113,Nail Salon,5414794849,2/21/2018 0:00,18b71147-682a-44bc-a89e-4c9fe0df9d38,304,AGNESS,,NE,AVE,,SUITE B,GRANTS PASS,OR,97526,1860,FAIRVIEW,,NE,AVE,,,GRANTS PASS,OR,97526,9/5/2025 10:26,8/31/2026 10:26
BTAX-041647-09-2025,CHRISTINE  CRAWFORD,PRECISION PRINTING            ,,1,Inside City Limits,323111,Printing-Commercial,5414743880,4/1/1990 0:00,178E7AE1-B3FB-4BDB-9181-F851BCF8D2B3,1606,DOWELL,, ,Rd,, ,GRANTS PASS,OR,97527,1606,DOWELL,,,RD,,,GRANTS PASS,OR,97527,9/5/2025 10:33,8/31/2026 10:33
BTAX-041650-09-2025,TERESA COOK,COWBOY CORRAL,,1,Inside City Limits,458310,Retail-Clothing & Accessories,5414768886,12/4/2003 0:00,96FE24AB-345C-46A6-899D-FB8108207BAD,421,6TH,,SE,ST,, ,GRANTS PASS,OR,97526,421,6TH,,SE,ST,,,GRANTS PASS,OR,97526,9/5/2025 11:20,9/30/2026 11:20
BTAX-041651-09-2025,MEL  ATKINS,MEL ATKINS RENTALS       ,,1,Inside City Limits,531110,Rental Units/Landlord,5416595577,10/13/2005 0:00,16FB20C3-E57F-425F-82B5-EEF9947EA342,,,,,,,,,,,757,KINNEY ,,NW,ST,,,GRANTS PASS,OR,97526,9/5/2025 11:49,9/30/2026 11:49
BTAX-041654-09-2025,,JAVELONA CORPORATION          ,OLD TOWN MAIL HOUSE ,5,Inside City Limits,561431,Mail Center-Private,5414798489,1/1/2014 0:00,2BF11AE3-04C7-4F82-B0B6-15C04E42AE49,106,F,,NW,ST,,,GRANTS PASS,OR,97526,106,F,,NW,ST,,,GRANTS PASS,OR,97526,9/5/2025 12:16,9/30/2026 12:16
BTAX-041656-09-2025,MARCIA NUNN,A-1 MINI STORAGE PROPERTIES LLC,,7,Inside City Limits,493110,Storage & General Warehousing,5414761525,9/13/2019 0:00,79f872f5-7c8f-44b2-8b0a-37f0b9c79797,1935,REDWOOD,, ,AVE,, ,GRANTS PASS,OR,97527,1151,WILLOW,,,LN,,,GRANTS PASS,OR,97527,9/5/2025 12:42,9/30/2026 12:42
BTAX-041657-09-2025,MARCIA NUNN,NUNN PROPERTIES LLC,,9,Inside City Limits,531311,Property Management,5414761525,9/13/2019 0:00,3ec59ac2-7be5-4c8e-a79d-b3fd9b45155c,1151,WILLOW,,,LN,,,GRANTS PASS,OR,97527,1151,WILLOW,,,LN,,,GRANTS PASS,OR,97527,9/5/2025 12:48,9/30/2026 12:48
BTAX-041658-09-2025,PAUL  GAREAU,PAUL GAREAU CONSTRUCTION      ,,1,Outside City Limits,238190,Contractor-General/Building Exterior,5416591052,10/13/2005 0:00,4771D87B-02AB-4ED2-B3A1-6BF087DF6618,,,,,,,,,,,420,IRENA,,,RD,,,GRANTS PASS,OR,97526,9/16/2025 16:43,8/31/2026 16:43
BTAX-041659-09-2025,,KINDY'S ELECTRIC              ,,3,Outside City Limits,238210,Contractor-Electrical,5414761793,7/1/2005 0:00,4937FA0E-06C9-449D-BC16-BA347038D6D6,,,,,,,,,,,735,HIXSON,,,DR,,,GRANTS PASS,OR,97526,9/5/2025 14:22,9/30/2026 14:22
BTAX-041660-09-2025,MARK  SWANBURG,SWANBURG STAIRS               ,,1,Inside City Limits,238190,Contractor-General/Building Exterior,5414717017,11/24/1992 0:00,E9D0FFAA-14E8-4115-A200-4141E4D1E522,355,SCENIC,,NE,DR,, ,GRANTS PASS,OR,97526,355,SCENIC,,NE,DR,,,GRANTS PASS,OR,97526,9/5/2025 15:16,9/30/2026 15:16
BTAX-041661-09-2025,KAREN SUGGS,"ESSENTIAL WELLNESS BODYWORK & MASSAGE, LLC",,7,Inside City Limits,621399,Medical-Massage Therapy,5412957148,1/16/2016 0:00,0f6d6707-74bc-49c9-80db-2d9f2b7476ce,301,7TH,,NE,ST,, ,GRANTS PASS,OR,97526,PO BOX 1276,,,,,,,GRANTS PASS,OR,97528,9/5/2025 15:23,9/30/2026 15:23
BTAX-041662-09-2025,,THE LAUGHING CLAM LLC        ,,14,Inside City Limits,722511,Restaurant,5414791110,5/1/1996 0:00,AEFB03F4-E59C-4437-8A0C-D2623D106823,121,G,,SW,ST,, ,GRANTS PASS,OR,97526,121,G,,SW,ST,,,GRANTS PASS,OR,97526,9/5/2025 15:25,9/30/2026 15:25
BTAX-041663-09-2025,WAYNE OWEN JIM D'ANGELO,OWEN-DANGELO PROPERTY RENTALS ,,2,Inside City Limits,531110,Rental Units/Landlord,5414799794,7/1/1988 0:00,7A6CA521-B074-4EC8-AA9A-B1FD4CC31935,261,CRYSTAL,, ,DR,, ,GRANTS PASS,OR,97527,261,CRYSTAL,,,DR,,,GRANTS PASS,OR,97527,9/5/2025 15:35,9/30/2026 15:35
BTAX-041664-09-2025,HENRY  GUERRERO,HENRY GUERRERO DENTAL LAB     ,,1,Inside City Limits,541380,Laboratory,5416604541,7/1/2001 0:00,FC401A4F-348E-42B8-84E2-A6615F35FFEB,1317,10TH,,NE,ST,, ,GRANTS PASS,OR,97526,1317,10TH ,,NE,ST,,,GRANTS PASS,OR,97526,9/5/2025 15:43,9/30/2026 15:43
BTAX-041666-09-2025,JAMES D & KRISTINE  DIMMICK,ADVANTAGE RESTAURANT REPAIR   ,,4,Inside City Limits,238190,Contractor-General/Building Exterior,5414764646,10/1/1993 0:00,1C200C61-E798-4DA0-B8BF-3DB4901D81A0,,,,,,,,,,,217,MOUNTAIN PINE,,,DR,,,GRANTS PASS,OR,97526,9/5/2025 15:49,8/31/2026 15:49
BTAX-041667-09-2025,PATRICIA  WEAVER,PROBST FLOWER SHOP #2         ,,2,Outside City Limits,459310,Florist,5414714375,2/1/1992 0:00,368DBC38-D637-408C-942B-2D76D6D012A1,,,,,,,,,,,1626,WILLIAMS,,,HWY,,,GRANTS PASS,OR,97526,9/5/2025 15:58,9/30/2026 15:58
BTAX-041668-09-2025,,AMERICAN WAY OF LIFE LLC      ,PEOPLES CHOICE DISTRIBUTING CO,1,Inside City Limits,425120,Wholesale Agent,5414766175,10/11/2010 0:00,F3E337D3-F246-4793-88BB-09638C8B8E2E,2001,FOOTHILL,, ,BLVD,, ,GRANTS PASS,OR,97526,106 NW F ST #354,,,,,,,GRANTS PASS,OR,97526,9/5/2025 16:06,9/30/2026 16:06
BTAX-041669-09-2025,MYLES & JANEL  WHITTINGTON,ACTION DOOR LLC,,2,Inside City Limits,339999,Manufacturing-Misc Manufacturing,5414729118,12/1/2015 0:00,2AC298C5-025B-4BC0-9D63-F4BCD731E033,850,ROGUE RIVER,,,HWY,,,GRANTS PASS,OR,97527,1655,GAFFNEY ,,,WAY,,,GRANTS PASS,OR,97527,9/5/2025 16:11,8/31/2026 16:11
BTAX-041671-09-2025,FOREST SEXTON,SPECTRUM PROSTHETIC & ORTHOTICS LLC,,15,Inside City Limits,621111,Medical-Physician,5419559678,5/19/1995 0:00,1575BDF7-E107-49DF-824F-41DE9B113B62,300,UNION,,,AVE,,SUITE C,GRANTS PASS,OR,97527,300,UNION,,,AVE,,SUITE C,GRANTS PASS,OR,97527,9/5/2025 16:27,8/31/2026 16:27
BTAX-041675-09-2025,LEIDY MELISSA RINGER,MELISSA RINGER,,1,Outside City Limits,541990,Professional-Misc,5415077778,7/24/2018 0:00,991122b9-1f49-4404-af7e-4248e7d10106,,,,,,,,,,,5788,RIVERBANKS,,,RD,,,GRANTS PASS,OR,97527,10/1/2025 15:32,9/30/2026 15:32
BTAX-041681-09-2025,KIMBERLY WILLIAMS,KIM'S HAIRCUTTING STUDIO,,1,Inside City Limits,812112,Beauty Salon,5414973296,9/20/2020 0:00,31b81cb6-93c7-4c5d-b87c-9a1c3fecdacb,424,6TH,,NW,ST,,STE 213,GRANTS PASS,OR,97526,424,6TH,,NW,ST,,STE 213,GRANTS PASS,OR,97526,9/8/2025 13:46,9/30/2026 13:46
BTAX-041685-09-2025,NATHAN ALLEN,SOUTHERN OREGON CLEAN LLC,,2,Inside City Limits,561720,Cleaning Service,5416594445,8/10/2018 0:00,ddb14aba-8907-490a-b0b3-db6fe9505ff0,,,,,,,,,,,2115,MAYFIELD,,,DR,,,GRANTS PASS,OR,97527,9/8/2025 14:45,8/31/2026 14:45
BTAX-041686-09-2025,,FAMILY HERB SHOP LLC,,11,Inside City Limits,456191,Retail-Health Food & Supplements,5414793602,5/1/1998 0:00,399BEE93-6B28-49C4-90FE-145B32DEB2C6,247,G,,SW,ST,, ,GRANTS PASS,OR,97526,247,G,,SW,ST,,,GRANTS PASS,OR,97526,9/8/2025 14:58,9/30/2026 14:58
BTAX-041687-09-2025,STEVEN A  GILTNER,GILTNER HTG & A/C SERVICE     ,,1,Inside City Limits,238220,Contractor-HVAC Services,5413240541,12/13/2004 0:00,504B8B87-FFCD-4F08-85AB-331292BED0EF,,,,,,,,,,,576,SOLDIER CREEK,,,RD,,,GRANTS PASS,OR,97526,9/8/2025 15:01,9/30/2026 15:01
BTAX-041688-09-2025,A. DOROTHEA  SCHAAFSMA,GRANTS PASS WATER LABORATORY/PRECISION BACKFLOW SERVICES,,5,Inside City Limits,813990,Organization-Misc,5414760733,7/1/1986 0:00,6ACBDADD-1DD1-419D-BEB9-1D05C8F74906,964,M,,SE,ST,, ,GRANTS PASS,OR,97526,964,M,,SE,ST,,,GRANTS PASS,OR,97526,9/8/2025 15:02,9/30/2026 15:02
BTAX-041689-09-2025,LYNETTE  PERRY,"PARADISE AUTO CENTER, LLC",PARADISE AUTO SALES,2,Inside City Limits,441120,Auto-Used Car Dealer,5414794168,6/23/2014 0:00,C1BCA9C5-39AF-4DBE-B77F-EBC7879E2A4B,1792,DOWELL,, ,RD,, ,GRANTS PASS,OR,97527,233,ROGUE RIVER,, ,HWY,,#1066,GRANTS PASS,OR,97527,9/8/2025 15:11,9/30/2026 15:11
BTAX-041690-09-2025,"JOSE ""MANUEL"" & ARACELY FLORES",SI CASA XPRESS               ,,7,Inside City Limits,722511,Restaurant,5419561292,9/6/2018 0:00,c3d042d9-c487-44b7-9cff-546a731a1c2f,515,ROGUE RIVER,,,HWY,, ,GRANTS PASS,OR,97527,1105,STARLITE,,NW,PL,,,GRANTS PASS,OR,97526,9/8/2025 15:51,9/30/2026 15:51
BTAX-041691-09-2025,ALENA HOUGHTON,SOUTHERN OREGON EMPOWERED,,1,Inside City Limits,611710,Educational Support Services,5412957466,9/14/2022 0:00,d2acb9f8-c982-442a-82c1-2a48386a38dc,1335,HIGHLAND,,NW,AVE,, ,GRANTS PASS,OR,97526,1335,HIGHLAND,,NW,AVE,,,GRANTS PASS,OR,97526,9/8/2025 15:54,9/30/2026 15:54
BTAX-041692-09-2025,CLAUDIA  MARCHINI,CLAUDIA MARCHINI ART          ,,1,Inside City Limits,711510,Artist,5414716026,6/2/2005 0:00,7AFC1A0B-9053-4692-9593-E780A4F83ACC,140,RUSTIC CANYON,,,DR,,,GRANTS PASS,OR,97526,1805,LELA,,SE,LN,,,GRANTS PASS,OR,97526,9/8/2025 16:01,9/30/2026 16:01
BTAX-041693-09-2025,,CUSHING CONSTRUCTION          ,,1,Outside City Limits,236118,Const-Residential Remodeler,5416591905,8/7/2006 0:00,5D2CE9E9-8BFD-455B-BD5A-264C1A788676,,,,,,,,,,,PO BOX 997,,,,,,,GRANTS PASS,OR,97528,9/8/2025 16:04,9/30/2026 16:04
BTAX-041694-09-2025,PAMELA MORRISON,MORRISON FAMILY LLC,MORRISON RENTALS,2,Inside City Limits,531110,Rental Units/Landlord,5414799761,1/1/1997 0:00,6E711AFB-28FC-47A8-97F2-167F67C386BA,816,E,,NE,ST,, ,GRANTS PASS,OR,97526,816,E,,NE,ST,,,GRANTS PASS,OR,97526,9/8/2025 16:21,9/30/2026 16:21
BTAX-041697-09-2025,JAMES B & VICKI  WARD,WARD RENTALS,,2,Outside City Limits,531110,Rental Units/Landlord,5416609525,2/10/2008 0:00,CC76840F-7BB0-4CA7-88FF-822428616D32,,,,,,,,,,,560,F,,NE,ST,,"SUITE A, PMB 433",GRANTS PASS,OR,97526,9/9/2025 11:36,8/31/2026 11:36
BTAX-041698-09-2025,DOROTHY F  KILBORN,LORI KILBORN FARMER,,1,Outside City Limits,531110,Rental Units/Landlord,5416608352,10/1/2019 0:00,E5E36980-893E-47D6-B6CE-AFD5802C9FE9,,,,,,,,,,,400,PALOMINO,,,DR,,,GRANTS PASS,OR,97526,9/9/2025 12:04,9/30/2026 12:04
BTAX-041699-09-2025,,VALLEY HEATING AND AIR CONDITIONING LLC,,3,Inside City Limits,238220,Contractor-HVAC Services,5414796700,5/22/2012 0:00,3DE59C00-ED75-44C1-9054-FE900487069A,,,,,,,,,,,2750,BOARD SHANTY CREEK,,,RD,,,GRANTS PASS,OR,97527,9/9/2025 12:10,9/30/2026 12:10
BTAX-041700-09-2025,,GRANTS PASS FAMILY YMCA       ,,136,Inside City Limits,624110,Social Svcs-Child & Youth Facility,5414740001,12/4/2009 0:00,B1F2A896-0090-4483-AED6-DE5CB291A599,1000,REDWOOD,, ,AVE,, ,GRANTS PASS,OR,97527,1000,REDWOOD,,,AVE,,,GRANTS PASS,OR,97527,9/9/2025 12:13,9/30/2026 12:13
BTAX-041702-09-2025,MICHAEL SAFKO,MICHAEL S SAFKO PSY D,,2,Inside City Limits,621112,Medical-Mental Health Specialist,5414718840,6/6/2003 0:00,A1B2FF55-DA3D-4E96-8589-E5289F9ED0FF,777,7TH,,NE,ST,, ,GRANTS PASS,OR,97526,777,7TH,,NE,ST,,SUITE 108,GRANTS PASS,OR,97526,9/9/2025 12:18,9/30/2026 12:18
BTAX-041703-09-2025,DAVID  WILLIAMS,M STREET MARKET               ,,12,Inside City Limits,445131,Retail-General Merchandise ,5414797506,7/1/1986 0:00,F87F6D6C-1F60-466E-94A4-739C42B46D79,1024,M,,SE,ST,,A,GRANTS PASS,OR,97526,1024,M ,,SE,ST,,A,GRANTS PASS,OR,97526,9/9/2025 12:20,9/30/2026 12:20
BTAX-041704-09-2025,LAWRENCE BROWN,LARRY BROWN CONSTRUCTION,,1,Inside City Limits,238190,Contractor-General/Building Exterior,5417877915,8/4/2016 0:00,d6035272-a91d-4a83-b7f6-ebe8253447e4,1252,6TH,,SE,ST,,SUITE 8,GRANTS PASS,OR,97526,1460,D,,NE,ST,,,GRANTS PASS,OR,97526,9/9/2025 12:28,9/30/2026 12:28
BTAX-041705-09-2025,LEWIS LAWLESS,LAWLESS ROOFING & SHEET METAL ,,12,Inside City Limits,238160,Roofing,5414791839,7/1/1999 0:00,3E42B073-351A-4082-A2E9-8309F70B20E6,,,,,,,,,,,501,LAWLESS,,NE,LN,, ,GRANTS PASS,OR,97526,9/9/2025 12:32,8/31/2026 12:32
BTAX-041707-09-2025,AMY HARBOLDT,ON CAMPUS KIDS ,ON CAMPUS KIDS @ REDWOOD,2,Inside City Limits,624410,Child Day Care,5415312406,8/30/2021 0:00,5722d845-a2cf-4d6a-869f-901906ea5bf5,3163,LEONARD ,,,RD,,,GRANTS PASS,OR,97526,7624,MONUMENT,,,DR,,,GRANTS PASS,OR,97526,9/9/2025 12:38,9/30/2026 12:38
BTAX-041708-09-2025,J MICHEAL  JOHNSON,ADVANTAGE HOME CARE INC,,4,Inside City Limits,621610,Medical-Home Health Care Services,5414790993,7/8/1998 0:00,F6DABBF8-8A21-4A08-85F8-5F079264DAEA,1320,7TH,,NE,ST,, ,GRANTS PASS,OR,97526,1320,7TH,,NE,ST,,,GRANTS PASS,OR,97526,9/9/2025 12:41,9/30/2026 12:41
BTAX-041709-09-2025,DAVID D  LOMMEL,DAVID D LOMMEL RENTALS,,1,Outside City Limits,531110,Rental Units/Landlord,5414797011,7/1/1990 0:00,7329D899-DD7E-4532-A30D-927955A1AAA3,,,,,,,,,,,4338,FISH HATCHERY,,,RD,,,GRANTS PASS,OR,97527,9/9/2025 12:45,9/30/2026 12:45
BTAX-041710-09-2025,CURTIS  HAYDEN,SNEAK PREVIEW                 ,,1,Inside City Limits,513110,Newspaper Publisher,5414743044,7/1/1986 0:00,8A71F4F5-EEF4-4919-B955-3AED6EF7A440,310,6TH,,NW,ST,,,GRANTS PASS,OR,97526,PO BOX 129,,,,,,,GRANTS PASS,OR,97528,9/9/2025 12:49,9/30/2026 12:49
BTAX-041711-09-2025,VALERIE STALLSWORTH,CRYSTAL CLEAN CLEANING SERVICE                 ,,1,Outside City Limits,561720,Cleaning Service,5413012670,7/8/2005 0:00,6B061839-D852-41B3-BEA6-1C72B76CB86A,,,,,,,,,,,6484,ROGUE RIVER,,,HWY,,,GRANTS PASS,OR,97527,9/9/2025 12:56,9/30/2026 12:56
BTAX-041714-09-2025,LUKE HOWARD,LUKE HOWARD CONST LLC,,1,Outside City Limits,238190,Contractor-General/Building Exterior,5414508521,11/4/2016 0:00,8ef12328-abd8-469c-bc1f-773578f2ea57,,,,,,,,,,,390,DAILY,,,LN,,,GRANTS PASS,OR,97527,9/9/2025 15:52,9/30/2026 15:52
BTAX-041715-09-2025,KEVIN  TEAGLE,DR KEVIN TEAGLE DC CCSP     ,,2,Inside City Limits,621111,Medical-Physician,5414742225,8/20/2001 0:00,02590E46-3F9A-413F-BCFE-FB662C2398CD,1829,NEBRASKA,,,AVE,,,GRANTS PASS,OR,97527,1829,NEBRASKA,,NE,AVE,,,GRANTS PASS,OR,97527,9/9/2025 15:58,9/30/2026 15:58
BTAX-041716-09-2025,BEAU & ALEESHA BUSHNELL,SOUTHERN OREGON DOG TRAINING,,3,Inside City Limits,812910,Pet Care Services,5418410756,3/19/2019 0:00,0d758c9a-e500-407a-8c71-6d5d32a9a768,1492,ROGUE RIVER,, ,HWY,,,GRANTS PASS,OR,97527,1492,ROGUE RIVER,,,HWY,,,GRANTS PASS,OR,97527,9/9/2025 16:05,9/30/2026 16:05
BTAX-041717-09-2025,LYMAN R HOPPINS JR,SHOWROOM & MANUFACTURING PLANT,QUALITY MATTRESS,5,Inside City Limits,449110,Retail-Furniture Store,5414766292,7/1/1991 0:00,361B5E27-D4F8-4033-8C1D-CB674E3E49A2,926,M,,SE,ST,,,GRANTS PASS,OR,97526,926,M,,SE,ST,,,GRANTS PASS,OR,97526,9/9/2025 16:09,9/30/2026 16:09
BTAX-041719-09-2025,KARIN WIDMAIER,THREE RIVERS RENTALS LLC,,1,Inside City Limits,531110,Rental Units/Landlord,5416016522,9/1/2021 0:00,350270b8-1140-450c-8192-b08432aa8a41,1108,ROGUE,,SE,DR,, ,GRANTS PASS,OR,97526,1108,ROGUE,,SE,DR,,,GRANTS PASS,OR,97526,9/9/2025 16:18,9/30/2026 16:18
BTAX-041720-09-2025,MATT RICHARDSON,ROGUE FAMILY EYE CARE LLC,,6,Inside City Limits,621320,Medical-Optometrist,5414742788,9/1/2018 0:00,C48F2E20-9431-4296-9358-E971D4299E10,853,A,,NE,ST,, ,GRANTS PASS,OR,97526,853,A,,NE,ST,,,GRANTS PASS,OR,97526,9/9/2025 16:20,9/30/2026 16:20
BTAX-041721-09-2025,DARLENA PIKE,"QUALITY LIFE FAMILY PRACTICE, LLC",,3,Inside City Limits,621111,Medical-Physician,,10/1/2020 0:00,831e4340-d3a5-46d1-963e-6ee7cc1ba4ff,1201,7TH,,NE,ST,,E,GRANTS PASS,OR,97526,1201,7TH,,NE,ST,,STE E,GRANTS PASS,OR,97526,9/10/2025 10:06,9/30/2026 10:06
BTAX-041723-09-2025,KELSY  AUSLAND,AUSLAND BUILDERS DBA AUSLAND GROUP,,54,Inside City Limits,238190,Contractor-General/Building Exterior,5414763788,7/1/2002 0:00,8E340966-D317-4D20-9025-0D52F63F67C4,3935,HIGHLAND,, ,AVE,, ,GRANTS PASS,OR,97526,3935,HIGHLAND,,,AVE,,,GRANTS PASS,OR,97526,9/10/2025 10:51,9/30/2026 10:51
BTAX-041725-09-2025,Todd Ervin,ROGUE BIRTH CENTER LLC,,4,Inside City Limits,621498,Medical-Outpatient Care Center,5419168333,5/1/2016 0:00,4c71b77a-125e-4a8c-89a1-72d017549c4a,1453,REDWOOD,, ,CIR,, ,GRANTS PASS,OR,97527,1453,REDWOOD,, ,CIR,, ,GRANTS PASS,OR,97527,9/10/2025 11:10,9/30/2026 11:10
BTAX-041727-09-2025,,TOTAL LOOK-TOPLINE            ,,2,Inside City Limits,456120,Retail-Beauty Supply/Cosmetics,5414769098,4/2/1991 0:00,038A5D95-2D18-48F7-AB2A-82F724C9EB52,420,GREENWOOD,,SW,AVE,, ,GRANTS PASS,OR,97526,106,F,,NW,ST,,#94,GRANTS PASS,OR,97526,9/10/2025 11:20,8/31/2026 11:20
BTAX-041730-09-2025,,CARSON'S BISTRO LLC,,4,Inside City Limits,722511,Restaurant,5419168020,5/6/2013 0:00,B4392089-8756-4A03-B500-8204CB32C076,220,H,,SW,ST,, ,GRANTS PASS,OR,97526,220,H,,SW,ST,,,GRANTS PASS,OR,97526,9/10/2025 14:58,9/30/2026 14:58
BTAX-041731-09-2025,ROBERT & CRYSTAL KELLY,RAINY DAY GUTTERS   ,,2,Outside City Limits,561720,Cleaning Service,5417615217,12/20/2005 0:00,B0E6123B-0A2E-493A-A810-047502E7C691,,,,,,,,,,,563,BOYER,,,RD,,,GRANTS PASS,OR,97526,9/11/2025 16:12,9/30/2026 16:12
BTAX-041732-09-2025,,COLUMBIA BANK,,6,Inside City Limits,522110,Finance-Commercial Bank,5414726402,4/1/1987 0:00,45451FEC-9955-4974-A9B8-8B77198EAD48,1670,WILLIAMS,, ,HWY,, ,GRANTS PASS,OR,97527,1670,WILLIAMS,,,HWY,,,GRANTS PASS,OR,97527,9/11/2025 16:16,9/30/2026 16:16
BTAX-041733-09-2025,DAVID LOUIS  MALTZ,DAVE'S TV & VCR SERVICE CENTER,,1,Inside City Limits,811210,Consumer Electronics Repair/Maint,5414793915,7/12/1995 0:00,BFE79DAA-77A5-40D6-9439-48B01E30FA96,938,6TH,,SW,ST,,,GRANTS PASS,OR,97526,938,6TH,,SW,ST,,,GRANTS PASS,OR,97526,9/12/2025 9:55,9/30/2026 9:55
BTAX-041734-09-2025,Cameron Kelley,SOUTH SIDE BARBER SHOP  ,,1,Inside City Limits,812111,Barber Shop,9498360586,11/1/1986 0:00,1178BDCE-D1A8-4EFE-A0ED-01EB73F95FC4,603,6TH,,SE,ST,,,GRANTS PASS,OR,97526,603,6TH,,SE,ST,,,GRANTS PASS,OR,97526,9/12/2025 10:04,9/30/2026 10:04
BTAX-041736-09-2025,RANDALL VOGES,PRATT AND PRATT ENTERPRISES LLC,HIGHLAND PEST CONTROL,3,Outside City Limits,561710,Pest Control,5414766326,2/6/1996 0:00,CD68A0A1-3E44-4DE2-B22E-CE473274B1A7,5900,HUGO,,,RD,,,GRANTS PASS,OR,97526,PO BOX 5708,,,,,,,GRANTS PASS,OR,97527,9/12/2025 10:14,9/30/2026 10:14
BTAX-041737-09-2025,GABRIEL JOHN  WEBBER,WEBBERS FABRICATION           ,,1,Inside City Limits,238190,Welding/Fabrication,5412957722,1/6/2015 0:00,D783981B-A6E2-43A8-BFAB-094BBA13477C,2001,FOOTHILL,, ,BLVD,,,GRANTS PASS,OR,97526,2001,FOOTHILL,,,BLVD,,,GRANTS PASS,OR,97526,9/12/2025 10:23,9/30/2026 10:23
BTAX-041739-09-2025,NATHAN BEALE,NATE BEALE PAINTING,,1,Outside City Limits,238320,Painting & Wall Covering,5417870496,9/28/2018 0:00,8d3a7818-a157-42af-a1a7-debad8eebedb,,,,,,,,,,,413,D,,NW,ST,,,GRANTS PASS,OR,97526,9/12/2025 10:54,9/30/2026 10:54
BTAX-041744-09-2025,OLIVIA TAMASHIRO,SPERO SALON,,4,Inside City Limits,812112,Beauty Salon,5412266623,9/20/2022 0:00,c6e2c600-77ad-49cd-949d-1157849bed2d,215,A,,NE,ST,, ,GRANTS PASS,OR,97526,395,HORSESHOE,,,DR,,,GRANTS PASS,OR,97526,9/12/2025 12:12,9/30/2026 12:12
BTAX-041747-09-2025,DANA RAPLEY,RAPLEY T.R.E.E,,1,Outside City Limits,561730,Tree Services,5412264074,6/13/2022 0:00,f358101c-3dbb-4d83-bc56-51d612d97a81,,,,,,,,,,,428,5TH,,SW,ST,,,GRANTS PASS,OR,97526,9/12/2025 14:53,9/30/2026 14:53
BTAX-041748-09-2025,ROBERT MCCARTHY,ELEKRON ELECTRIC INC,,4,Outside City Limits,238210,Contractor-Electrical,5417619688,7/5/2017 0:00,b88fa03b-9fca-4d6f-974c-e27a88e5430b,,,,,,,,,,,PO BOX 643,,,,,,,GRANTS PASS,OR,97528,9/12/2025 15:02,9/30/2026 15:02
BTAX-041749-09-2025,JEFF  VOIGT,JEFF VOIGT & ASSOCIATES       ,,2,Inside City Limits,523999,Finance-Investment Activities,5414419060,10/4/2004 0:00,0B161957-A004-4831-8303-9EF8DB10390C,403,E,,NE,ST,,,GRANTS PASS,OR,97526,403,E,,NE,ST,,,GRANTS PASS,OR,97526,9/12/2025 15:05,9/30/2026 15:05
BTAX-041751-09-2025,BRENDON Massa,ABBEY ROADS CLEAN AIR LLC,,3,Inside City Limits,561790,Chimney Cleaning/Sweep,5414768780,7/1/1986 0:00,D8143D9B-F4B5-480D-A505-E92E33BA56FE,501,STRINGER GAP,,,RD,,,GRANTS PASS,OR,97527,501,STRINGER GAP,,,RD,,,GRANTS PASS,OR,97527,9/12/2025 16:41,9/30/2026 16:41
BTAX-041754-09-2025,JESSE  ELLIOTT,SISKIYOU PHYSICAL THERAPY     ,,8,Inside City Limits,621111,Medical-Physician,5414796936,1/1/2005 0:00,DA249977-DCD8-43C9-9D1F-4C5E8C4797E1,1485,7TH,,NE,ST,, ,GRANTS PASS,OR,97526,PO BOX 2630,,,,,,,GRANTS PASS,OR,97528,9/15/2025 9:53,9/30/2026 9:53
BTAX-041755-09-2025,LAUREL & BRENT KEHOE,"HEARTLAND ACADEMY OF DANCE & THEATRICS, LLC",,2,Inside City Limits,711120,Dance Studio,5414505283,7/20/2023 0:00,ABD46C57-873B-467C-9AF7-DE8A3F0608E9,234,L,,SW,ST,,,GRANTS PASS,OR,97526,321,JILLANA TER,,,,,,GRANTS PASS,OR,97527,9/15/2025 10:25,9/30/2026 10:25
BTAX-041756-09-2025,,ACUPUNCTURE AND HERB CLINIC   ,,2,Inside City Limits,621399,Medical-Nutritionist,5414795659,6/3/2005 0:00,79C19488-E5D9-4F4E-8C8B-0DF229F292A7,,,,,,,,,,,850,6TH,,NW,ST,,STE 3,GRANTS PASS,OR,97526,9/15/2025 10:36,9/30/2026 10:36
BTAX-041759-09-2025,PHILLIP LOCKWOOD,PHILLIP T LOCKWOOD            ,,3,Outside City Limits,238190,Contractor-General/Building Exterior,5414799711,1/12/1999 0:00,E1247516-58AC-4B0C-A582-047E7DEC7C31,,,,,,,,,,,1248,PICKETT CREEK,,,RD,,,GRANTS PASS,OR,97527,9/15/2025 12:10,9/30/2026 12:10
BTAX-041760-09-2025,RAKESH SHARMA,ARJUNAARAV LLC         ,A-1 MARKET #6,5,Inside City Limits,445131,Convenience Store,5412953060,3/8/2013 0:00,F9B4379A-4CAB-47BF-8CD2-4517B1885164,1644,N,,SE,ST,,A,GRANTS PASS,OR,97526,1644,N ,,SE,ST,,A,GRANTS PASS,OR,97526,9/15/2025 14:48,9/30/2026 14:48
BTAX-041761-09-2025,,PRESTIGIOUS HOMES CONSTRUCTION,,2,Outside City Limits,238190,Contractor-General/Building Exterior,5416606006,8/26/2014 0:00,0E20FDA4-C7C5-4E1C-9C7B-E6C72CCEA590,,,,,,,,,,,PO BOX 1030,,,,,,,GRANTS PASS,OR,97528,9/15/2025 15:07,9/30/2026 15:07
BTAX-041762-09-2025,,IMAGINE THAT ... CREATIVE CHILDREN'S CENTER LLC,,3,Inside City Limits,611699,Education-Misc Schools & Institutions,5414729688,7/1/2010 0:00,9FE9E944-E0A5-4954-85B9-F6C2D4F3646C,1209,MEIER,,NE,DR,, ,GRANTS PASS,OR,97526,1209,MEIER,,NE,DR,,,GRANTS PASS,OR,97526,9/15/2025 15:15,9/30/2026 15:15
BTAX-041764-09-2025,LORENA VILLANUEVA L.,GISSELE'S CLEANING SERVICES,,2,Inside City Limits,561720,Cleaning Service,5417616099,6/9/2021 0:00,62208188-e4a8-4a14-9a78-fd50c47dde0c,,,,,,,,,,,1403,GOLDEN PARK,,,DR,,,GRANTS PASS,OR,97527,9/15/2025 15:42,9/30/2026 15:42
BTAX-041768-09-2025,MASON WOODWARD,PERFECT PRESSURE,,1,Outside City Limits,561790,Pressure Washing,5418416992,8/16/2022 0:00,84b34c38-8dee-4160-a23a-03f1d437ea36,,,,,,,,,,,821,PAWN,,NW,WAY,,,GRANTS PASS,OR,97526,9/16/2025 11:14,9/30/2026 11:14
BTAX-041769-09-2025,ROBERT LIEBERMAN,LIEBERMAN GROUP INC,,1,Inside City Limits,541611,Consulting Service,5417610551,8/31/2017 0:00,17044c9a-38f5-4853-beb8-9c8161f01fc5,1590,N,,SE,ST,, ,GRANTS PASS,OR,97526,3775,REDWOOD,,,HWY,,,GRANTS PASS,OR,97527,9/16/2025 11:22,9/30/2026 11:22
BTAX-041775-09-2025,RONALD  DOBSON,ROGUE VALLEY AUTO             ,,1,Inside City Limits,811111,Auto-General Repair,5414793405,4/1/2011 0:00,59A003C0-F557-4D26-9043-995A985445EC,1900,DEMARAY,,,DR,,,GRANTS PASS,OR,97527,1900,DEMARAY,,,DR,,,GRANTS PASS,OR,97527,9/17/2025 8:46,8/31/2026 8:46
BTAX-041776-09-2025,ANDREW  KORTE,,,2,Inside City Limits,238220,Contractor-HVAC Services,5414761022,1/2/2007 0:00,B905CCFF-8776-464E-81A3-3129AC613506,102,MARLSAN,, ,RD,, ,GRANTS PASS,OR,97526,1630,WILLIAMS HWY PMB 284     ,,,,,,GRANTS PASS,OR,97527,9/17/2025 8:50,9/30/2026 8:50
BTAX-041777-09-2025,LAURA JOHNSON,LAURA M JOHNSON DDS PC,ALLEN CREEK DENTAL,8,Inside City Limits,621210,Medical-Dentist,5414762200,9/1/2003 0:00,8ab13d0a-e30c-4260-83ec-50e5b1b44133,1002,RAMSEY,,,AVE,,,GRANTS PASS,OR,97527,1630,WILLIAMS,,,HWY,,PMB 79,GRANTS PASS,OR,97527,9/17/2025 8:53,9/30/2026 8:53
BTAX-041779-09-2025,SAM & PAT  KELLAM,SAM & PAT KELLAM RENTALS      ,,1,Inside City Limits,531110,Rental Units/Landlord,5414765555,9/1/1991 0:00,FBDB7E28-88BC-4FF5-937B-8ECED8B9241F,301,HONEYLYNN,, ,LN,, ,GRANTS PASS,OR,97527,301,HONEYLYNN,,,LN,,,GRANTS PASS,OR,97527,9/17/2025 9:07,9/30/2026 9:07
BTAX-041782-09-2025,ROBERT HAMLYN,"HAMLYN FAMILY, LLC",,9,Inside City Limits,531210,Real Estate Agents/Brokers,5414797204,6/20/2000 0:00,3fc5e830-25df-41a2-bb04-ab9778cd4a11,966,6TH,,SW,ST,, ,GRANTS PASS,OR,97526,966,6TH,,SW,ST,, ,GRANTS PASS,OR,97526,9/17/2025 10:11,8/31/2026 10:11
BTAX-041783-09-2025,JAMES COLEMAN,PROGRESSIVE SYSTEMS PLUMBING  ,,1,Outside City Limits,238220,Plumber,5412184769,1/4/1993 0:00,4C0AA4C6-65E6-45DB-8EA7-AFCB803264F7,,,,,,,,,,,9009,MONUMENT,,,DR,,,GRANTS PASS,OR,97526,9/17/2025 10:15,9/30/2026 10:15
BTAX-041793-09-2025,TIMARI DAVIS,TIMARI LLC,ROGUE OREGON AUCTIONEERS AND PROPERTIES,1,Inside City Limits,561990,Auctioneer,5414710916,7/1/2015 0:00,0C5EABC9-09CC-4CDE-A827-230143673E6C,123,EVELYN,,NE,AVE,, ,GRANTS PASS,OR,97526,233,ROGUE RIVER,, ,HWY,,#259,GRANTS PASS,OR,97527,9/17/2025 12:31,9/30/2026 12:31
BTAX-041800-09-2025,CHARLES  CHASE,ROGUE VALLEY AMUSEMENT        ,,4,Outside City Limits,713990,Rental-Misc Rentals,5414790101,7/1/1986 0:00,EE00F916-4A9D-4ABE-AC7F-C88C6CECE1C7,3033,FOOTHILL,,,BLVD,,B,GRANTS PASS,OR,97526,3033,FOOTHILL,,,BLVD,,B,GRANTS PASS,OR,97526,9/17/2025 16:16,9/30/2026 16:16
BTAX-041802-09-2025,,BLACK BEARD LLC              ,HCS (HYDRO CLEANING SVC),1,Inside City Limits,561720,Cleaning Service,5414761387,9/4/2012 0:00,C90A7BDA-5697-4DEA-A7C4-026795E776DF,901,E,,NW,ST,, ,GRANTS PASS,OR,97526,901,E,,NW,ST,,,GRANTS PASS,OR,97526,9/18/2025 10:58,8/31/2026 10:58
BTAX-041803-09-2025,AMANDA MATNEY,DENTAL C.A.R.E. MOBILE HYGIENE,,1,Inside City Limits,621210,Medical-Dentist,5417611926,5/20/2019 0:00,556f528f-61dd-47ed-ad5c-1dc0f01e575c,,,,,,,,,,,1630,WILLIAMS,,,HWY,,PMB 386,GRANTS PASS,OR,97527,9/18/2025 11:02,9/30/2026 11:02
BTAX-041805-09-2025,PHILLIP & JOYCE  SOLAR,SOUTHERN OREGON MEDICAL AESTHETICS CENTER,SOLAR INVESTMENT,9,Inside City Limits,621111,Medical-Physician,5414723223,10/23/2015 0:00,0F26E7DA-0F38-46A2-AF4E-70A204A48808,1014,7TH,,NE,ST,, ,GRANTS PASS,OR,97526,1014,7TH,,NE,ST,, ,GRANTS PASS,OR,97526,9/18/2025 11:09,9/30/2026 11:09
BTAX-041806-09-2025,CHRISTOPHER  MECCA,CHRISTOPHER MECCA ATTORNEY AT LAW        ,,2,Inside City Limits,541110,Lawyer,5414741161,9/1/2004 0:00,9BCB7DFE-EA8C-4087-BEB1-FAE287350C55,245,B,,NW,ST,, ,GRANTS PASS,OR,97526,245,B,,NW,ST,,,GRANTS PASS,OR,97526,9/18/2025 11:18,9/30/2026 11:18
BTAX-041807-09-2025,TIM & ANDY  MAGERLE,MAG IV INC                    ,LIBERTY TAX SERVICE,10,Inside City Limits,541213,Tax Preparation Services,5419564415,1/9/2009 0:00,31A31609-BEE3-4AA1-8BC4-EC4B0B80DAB4,1607,WILLIAMS,, ,HWY,, ,GRANTS PASS,OR,97527,110,K,,SE,ST,,,GRANTS PASS,OR,97526,9/18/2025 11:21,9/30/2026 11:21
BTAX-041808-09-2025,"ANDY MAGERLE, TIM & JEN  KIM BALL",MAG IV INC                    ,LIBERTY TAX,10,Inside City Limits,541213,Tax Preparation Services,5419550122,1/2/2008 0:00,4EE6A8B9-5F02-480D-946B-5FC704F550AE,110,K,,SE,ST,,,GRANTS PASS,OR,97526,110,K,,SE,ST,,,GRANTS PASS,OR,97526,9/18/2025 11:26,9/30/2026 11:26
BTAX-041811-09-2025,SEAN MCGILLIVRAY,"KINGSVIEW WEALTH MANAGEMENT, LLC",,25,Inside City Limits,523999,Finance-Investment Activities,5412914405,1/31/2017 0:00,4ecba793-5851-4f1d-b39d-e03548aea10b,509,7TH,,SE,ST,,2ND FLOOR #2,GRANTS PASS,OR,97526,509,7TH,,SE,ST,,2ND FLOOR #2,GRANTS PASS,OR,97526,9/18/2025 11:40,9/30/2026 11:40
BTAX-041812-09-2025,BRAD MYERCHIN,GRANTS PASS AUTOMOTIVE CENTER LLC,GRANTS PASS AUTOMOTIVE CENTER,79,Inside City Limits,441110,Auto-New Car Dealer,5414760811,7/27/2023 0:00,f44c8516-8861-463f-8cde-37775434d84f,,,,,,,,,,,1601,7TH,,NE,ST,,,GRANTS PASS,OR,97526,9/18/2025 12:40,9/30/2026 12:40
BTAX-041815-09-2025,CELSO  ESQUIVEL,CELSO ESQUIVEL PAINTING INC   ,,12,Inside City Limits,238320,Painting & Wall Covering,5416590351,10/14/2014 0:00,B5DF7243-3D0D-409E-BD6E-6AAD2E6DB829,,,,,,,,,,,190,SHAN CREEK,,,RD,,,GRANTS PASS,OR,97527,9/18/2025 12:51,9/30/2026 12:51
BTAX-041819-09-2025,PAMELA  DULONG,LEGACY MUSIC ENTERTAINMENT    ,,1,Inside City Limits,459140,Retail-Music/Instruments & Supplies,5416599126,8/1/1986 0:00,E3DDB731-8588-4A08-AA83-14689A011A98,730,SAVAGE,,NE,ST,, ,GRANTS PASS,OR,,730,SAVAGE,,NE,ST,,,GRANTS PASS,OR,97526,9/18/2025 13:12,8/31/2026 13:12
BTAX-041820-09-2025,,AMANDA ADAMS CPR TRAINING     ,,2,Outside City Limits,541990,Professional-Misc,5416607579,4/15/2010 0:00,FA74C836-E1DE-4D6F-A87C-601F0FF52980,,,,,,,,,,,1020,SHAN CREEK,,,RD,,,GRANTS PASS,OR,97527,9/18/2025 13:21,9/30/2026 13:21
BTAX-041821-09-2025,ANGEL  GISSEL,ANGEL GISSEL                  ,,1,Inside City Limits,541990,Professional-Misc,5417612888,10/8/2007 0:00,BEF60303-24E7-45E5-BE0B-42A5C95A6548,,,,,,,,,,,670,EWE CREEK,,,RD,,,GRANTS PASS,OH,97526,9/18/2025 13:38,9/30/2026 13:38
BTAX-041822-09-2025,THUTHAO  MACKAY,"FOREVER NAILS & SPA, INC.                 ",,6,Inside City Limits,812113,Nail Salon,5414716000,1/26/2009 0:00,805A80A2-3EF3-45F4-AC8F-53C505646E02,1634,WILLIAMS,,,Hwy,,,GRANTS PASS,OR,97527,1634,WILLIAMS,,,HWY,,,GRANTS PASS,OR,97527,9/18/2025 13:41,9/30/2026 13:41
BTAX-041823-09-2025,,AIRTEC HEATING & AIR CONDITIONING,,3,Inside City Limits,238220,Contractor-HVAC Services,5417617198,10/3/2005 0:00,967611E5-83D0-47D9-B953-273525CB50E5,106,F,,NW,ST,,#420,GRANTS PASS,OR,97526,106,F STREET #420    ,,NW,ST,,,GRANTS PASS,OR,97526,9/18/2025 13:43,9/30/2026 13:43
BTAX-041824-09-2025,MARTIN MCKENNA,MCKENNA HOMES LLC            ,,1,Outside City Limits,531110,Rental Units/Landlord,5414767030,3/1/2003 0:00,114BF36B-6323-4B1A-B28D-15AF2718F071,,,,,,,,,,,PO BOX 5642,,,,,,,GRANTS PASS,OR,97527,9/18/2025 13:46,8/31/2026 13:46
BTAX-041826-09-2025,BARRY A & DEBORAH W  RUSSELL,ENCORE CERAMICS INC          ,,31,Inside City Limits,999999,Crafts & Hobbies,5419558382,3/1/2002 0:00,07B7CEDC-0186-4D77-AE1C-D67C2553EBAB,2245,SPALDING,,NE,AVE,, ,GRANTS PASS,OR,97526,2245,SPALDING,,NE,AVE,,,GRANTS PASS,OR,97526,9/18/2025 14:23,9/30/2026 14:23
BTAX-041827-09-2025,KLAY ROBINSON,KRC COMPANY INC,,1,Inside City Limits,238190,Contractor-General/Building Exterior,5414741586,7/26/1997 0:00,BE82E8A4-F4EA-40CF-B48A-44C4E68774D6,1650 1/2,TERRACE,,NE,DR,, ,GRANTS PASS,OR,97526,1650 1/2,TERRACE,,NE,DR,,,GRANTS PASS,OR,97526,9/18/2025 14:32,8/31/2026 14:32
BTAX-041833-09-2025,,JAMES & SANDRA ALLEN FAMILY TRUST,,1,Inside City Limits,531110,Rental Units/Landlord,5414742881,11/1/1990 0:00,4FD94B21-2A4B-4D93-A423-8935B214D304,,,,,,,,,,,C/O REALWISE PROPERTY MANAGEMENT,,141 NW C ST,,,,,GRANTS PASS,OR,97526,9/19/2025 12:06,9/30/2026 12:06
BTAX-041839-09-2025,KAREN & KRISTIE  DIECKMAN,PHAGANS GP COLLEGE OF BEAUTY  ,,7,Inside City Limits,611511,Beauty School,5413174802,8/4/1992 0:00,AD81CCEB-2C54-43CC-9441-222393084BE1,304,AGNESS,,NE,AVE,,#F,GRANTS PASS,OR,97526,304,AGNESS,,NE,AVE,,#F,GRANTS PASS,OR,97526,9/22/2025 12:15,9/30/2026 12:15
BTAX-041843-09-2025,KEVIN  CROUCHER,CAVEMAN BOWL                  ,,12,Inside City Limits,713950,Bowling Alley,5414792311,1/24/2008 0:00,98B61C02-6DCA-4F8F-9DC7-E42244F82791,1230,ROGUE RIVER,, ,HWY,, ,GRANTS PASS,OR,97527,1230,ROGUE RIVER HWY     ,,,HWY,,,GRANTS PASS,OR,97527,9/22/2025 13:00,9/30/2026 13:00
BTAX-041844-09-2025,RACHAEL MILES,RELIC SALON LLC,RELIC FULL SERVICE SALON,6,Inside City Limits,812112,Beauty Salon,5412958125,4/3/2019 0:00,2cc97f27-3395-4dc6-9b97-424d15e3638b,1201,ROGUE RIVER,, ,HWY,,,GRANTS PASS,OR,97527,1201,ROGUE RIVER,,,HWY,,,GRANTS PASS,OR,97527,9/22/2025 15:30,9/30/2026 15:30
BTAX-041845-09-2025,JEREMY GUTHRIE,DUCTS N STUFF LLC,,1,Inside City Limits,238220,Contractor-HVAC Services,5416593606,3/1/2021 0:00,b2611f6e-8208-46f7-b9d2-4c7d592eecf2,1484,RAYDEAN,,,DR,,C,GRANTS PASS,OR,97527,1630,WILLIAMS ,,,HWY,,149,GRANTS PASS,OR,97527,9/22/2025 15:39,8/31/2026 15:39
BTAX-041848-09-2025,L. DAVIES,L. LOUISE DAVIES,,1,Inside City Limits,813110,Religious Organization,5414763600,9/18/2023 0:00,4475f606-8ab5-493c-9a6a-3b290e1c342e,5941,HIGHLAND,,,AVE,,#15,GRANTS PASS,OR,97526,106 NW F ST,,,,,,245,GRANTS PASS,OR,97526,9/23/2025 9:29,9/30/2026 9:29
BTAX-041849-09-2025,ERIK  WONSYLD,SPECIALIZED COATINGS          ,,1,Outside City Limits,238320,Painting & Wall Covering,5412183828,7/1/2002 0:00,1326D797-2496-483D-A1FA-81601F0B7648,,,,,,,,,,,365,BRETT,,,WAY,,,GRANTS PASS,OR,97526,9/23/2025 9:39,9/30/2026 9:39
BTAX-041854-09-2025,MARIA PADILLA,"ORIGINAL LUPITA'S TACOS, LLC",,3,Inside City Limits,722511,Restaurant,5412182869,4/15/2022 0:00,5c980737-26e0-4c99-8098-8ef099697097,147,E,,NE,ST,, ,GRANTS PASS,OR,97526,147,E,,NE,ST,,,GRANTS PASS,OR,97526,9/23/2025 10:41,9/30/2026 10:41
BTAX-041855-09-2025,EDUARDO  LEDESMA,THE ORCHID GRILL              ,,11,Inside City Limits,722511,Restaurant,5418409917,8/15/2006 0:00,41BDD8E4-0C93-4D88-89AA-74943B569A87,1330,6TH,,NW,ST,, ,GRANTS PASS,OR,97526,1330,6TH ,,NW,ST,,,GRANTS PASS,OR,97526,9/23/2025 10:45,9/30/2026 10:45
BTAX-041857-09-2025,RANDY  HARRIS,FAIRGROUNDS TOWING & FUEL LLC,,9,Inside City Limits,488410,Towing,5414795501,4/1/1987 0:00,40B2FB9F-520E-496B-8800-4C2A4F28D7AD,780,UNION,, ,AVE,, ,GRANTS PASS,OR,97527,780,UNION,,,AVE,,,GRANTS PASS,OR,97527,9/23/2025 10:53,9/30/2026 10:53
BTAX-041860-09-2025,HEATHER  HOLT,HEATHER L HOLT LAW OFFICE     ,,1,Inside City Limits,541110,Lawyer,5419551690,7/1/1994 0:00,8BD54667-E516-46DE-AFD8-C496ABCF75D4,910,D,,NE,ST,, ,GRANTS PASS,OR,97526,910,D,,NE,ST,,,GRANTS PASS,OR,97526,9/23/2025 11:08,9/30/2026 11:08
BTAX-041861-09-2025,,JAC LLC,,10,Inside City Limits,811191,Auto-Oil Change/Lubrication Shop,5419565241,4/3/1997 0:00,EC849794-35BF-4ECB-AFA8-D569C5C40225,1502,F,,NE,ST,, ,GRANTS PASS,OR,97526,2900,VINE,,NW,ST,,SUITE L,GRANTS PASS,OR,97526,9/23/2025 11:12,9/30/2026 11:12
BTAX-041862-09-2025,STACI BATES,BSB TRANSPORT LLC,,2,Inside City Limits,561499,Business Support Services-Misc,5412442429,8/9/2018 0:00,33c78fde-b6f8-4151-93dd-a8ee565b7681,1590,N,,SE,ST,,SUITE G,GRANTS PASS,OR,97526,1590,N,,SE,ST,,SUITE G,GRANTS PASS,OR,97526,9/23/2025 11:18,9/30/2026 11:18
BTAX-041866-09-2025,JERRUD HOOK,AIRE MASTER OF SOUTHERN OREGON,DJ FREIGHT INC,2,Inside City Limits,561720,Cleaning Service,5417611073,6/29/2021 0:00,a32b20bf-f5bd-42e5-ac4e-ae445b232c70,,,,,,,,,,,1417,HAWTHORNE,,NW,AVE,,,GRANTS PASS,OR,97526,9/23/2025 12:14,9/30/2026 12:14
BTAX-041868-09-2025,CHARLOTTE SPERISEN,ACUPRESSURE HEALTH CARE       ,,1,Inside City Limits,621399,Medical-Massage Therapy,5479550618,3/23/1989 0:00,02386D82-C29A-46E8-AC86-E6A1B3F59CB7,432,6TH,,NW,ST,,#207,GRANTS PASS,,97526,432,6TH,,NW,ST,,SUITE 207,GRANTS PASS,OR,97526,9/25/2025 12:03,9/30/2026 12:03
BTAX-041869-09-2025,,REACHING OUR COMMUNITY        ,ROC FOOD PANTRY,3,Inside City Limits,624190,Social Svcs-Individual & Family Svcs,5414763344,7/1/2009 0:00,85AB2FF6-F137-47BD-92D3-7F1D5F5F756E,568,FOUNDRY,,SW,ST,, ,GRANTS PASS,OR,97526,564,FOUNDRY,,SW,ST,,,GRANTS PASS,OR,97526,9/25/2025 12:08,9/30/2026 12:08
BTAX-041870-09-2025,CRYSTAL EIDE,CRYSTAL DAWN PHOTOGRAPHY,,1,Inside City Limits,541921,Photography,5416609514,8/23/2021 0:00,8a7e18a9-cafb-4a6a-8c91-cc70ffdbff23,,,,,,,,,,,1219,IRONWOOD,,SW,DR,,,GRANTS PASS,OR,97526,9/25/2025 12:39,9/30/2026 12:39
BTAX-041882-09-2025,JASON SHARP,SHARP'S SPECIALIZED CLEANING,,2,Outside City Limits,561720,Cleaning Service,,4/21/2022 0:00,b700d496-83a9-409e-b832-2d9d8f51a0dd,,,,,,,,,,,1130,SOLDIER CREEK,,,RD,,,GRANTS PASS,OR,97526,9/26/2025 10:44,8/31/2026 10:44
BTAX-041887-09-2025,DANIEL N & RENEE K  WALLACE,DIVERSIFIED MAINTENANCE SYSTEMS ,DMS,2,Inside City Limits,561720,Janitorial Services,5414766769,8/17/1989 0:00,337FEBE9-8ABC-48ED-B5E1-C2970AD7DB61,1454,RAYDEAN,, ,DR,, ,GRANTS PASS,OR,97527,233,ROGUE RIVER,,,HWY,,#383,GRANTS PASS,OR,97527,9/26/2025 14:26,9/30/2026 14:26
BTAX-041893-09-2025,MIKE DOUGLASS,DOUGLASS TREE LLC,,4,Inside City Limits,238190,Contractor-General/Building Exterior,5413268116,9/11/2018 0:00,559e8125-ca47-4253-ade2-881874db7c15,805,SCENIC,,NW,DR,,,GRANTS PASS,OR,97526,943,COTTONWOOD,,SW,ST,,,GRANTS PASS,OR,97526,9/26/2025 17:00,9/30/2026 17:00
BTAX-041895-09-2025,,JK PROPERTY,,2,Inside City Limits,531110,Rental Units/Landlord,5416011420,8/30/2022 0:00,3491b4c0-8284-4716-8856-e82ccba01d2c,,,,,,,,,,,1020,STARLITE,,NW,PL,,,GRANTS PASS,OR,97527,9/29/2025 12:10,9/30/2026 12:10
BTAX-041896-09-2025,,THE POWER COMPANY             ,,3,Inside City Limits,811490,Personal & Household Goods Repair/Maint,5416591878,5/1/1999 0:00,63F555A0-0596-44C7-AC75-1EE845425397,4315,LOWER RIVER,, ,RD,, ,GRANTS PASS,OR,97526,4315,LOWER RIVER,,,RD,,,GRANTS PASS,OR,97526,9/29/2025 12:14,9/30/2026 12:14
BTAX-041898-09-2025,LAWRENCE  KAUFMANN,REVOLVO WEST LLC             ,,4,Inside City Limits,441120,Auto-Used Car Dealer,5419564951,11/15/1999 0:00,CA3AE0B3-AECF-471B-B8D0-C47F90077036,699,UNION,, ,AVE,, ,GRANTS PASS,OR,97527,699,UNION ,,,AVE,,,GRANTS PASS,OR,97527,9/29/2025 12:23,9/30/2026 12:23
BTAX-041902-09-2025,NANCY HINKE PAUL KERLEY,TRINITY VALLEY PHARMACY LLC  ,,16,Inside City Limits,456110,Pharmacy/Drug Store,5414749437,12/15/2001 0:00,5D90F6B0-15FE-48AB-928E-B4825265656C,2001,FOOTHILL,,NE,BLVD,,F3,GRANTS PASS,OR,97526,2001,FOOTHILL,,NE,BLVD,,F3,GRANTS PASS,OR,97526,9/29/2025 14:05,9/30/2026 14:05
BTAX-041903-09-2025,SHERRY WEHAB,GIANNELLI'S A TASTE OF ITALY,,3,Inside City Limits,722511,Restaurant,5419168004,6/4/2018 0:00,f85a08f3-9282-4377-bc20-3d62da28ba61,211,A,,NE,ST,, ,GRANTS PASS,OR,97526,2114,MENDI,,,WAY,,,GRANTS PASS,OR,97527,9/29/2025 15:41,9/30/2026 15:41
BTAX-041906-09-2025,DJOKO HANDOJO,KOI SUSHI BAR AND ASIAN BISTRO LLC,,6,Inside City Limits,722511,Restaurant,,7/18/2019 0:00,ca09afbc-c222-4d78-9f59-1f8a667565e7,111,HILLCREST,,NE,DR,, ,GRANTS PASS,OR,97526,111,HILLCREST,,NE,DR,,,GRANTS PASS,OR,97526,9/30/2025 15:53,9/30/2026 15:53
BTAX-041909-10-2025,PHILLIP  WRIGHT,THE WRIGHT WAY                ,,2,Outside City Limits,541611,Consulting Service,3039565891,2/27/2012 0:00,750533A7-0D47-4726-BFFE-D6842CECEFB5,,,,,,,,,,,PO BOX 5242,,,,,,,GRANTS PASS,OR,97527,10/1/2025 8:39,10/31/2026 8:39
BTAX-041911-10-2025,KYLOR WHITING,WHITING ARTS,,1,Inside City Limits,711510,Artist,5414410625,9/2/2021 0:00,325c2e96-dddb-4a52-85e2-c355b54528fb,718,12TH,,NE,ST,, ,GRANTS PASS,OR,97526,1630,WILLIAMS,,,HWY,,PMB 210,GRANTS PASS,OR,97527,10/1/2025 15:49,9/30/2026 15:49
BTAX-041914-10-2025,,AMERICAN MEDICAL RESPONSE NW,,67,Inside City Limits,621910,Medical-Ambulance,5414746303,8/25/1988 0:00,0A28B9DD-38D6-499D-8751-EFEEE34C9C10,401,F,,NW,ST,, ,GRANTS PASS,OR,97526,PO BOX 1915,,,,,,,GRANTS PASS,OR,97528,10/2/2025 9:41,10/31/2026 9:41
BTAX-041915-10-2025,GURMEET MEHROK,KAMBOJ RETAIL LLC,TOWN & COUNTRY MARKET 2,3,Inside City Limits,445131,Convenience Store,5414769512,12/5/2007 0:00,62164486-7FED-47DA-B8AD-B5861BBCC0BE,1910,REDWOOD,, ,AVE,, ,GRANTS PASS,OR,97527,1910,REDWOOD,,,AVE,,,GRANTS PASS,OR,97527,10/2/2025 9:45,10/31/2026 9:45
BTAX-041917-10-2025,NOEL SHECKELLS,GP DOWNTOWN SUITES LLC,BEAR MOUNTAIN INN,2,Inside City Limits,721110,Hotel/Motel,5417785408,8/28/2023 0:00,c0899ceb-bcdb-4bea-af3c-73b709862ab5,144,L,,SW,ST,,,GRANTS PASS,OR,97526,915,ROSE,,SE,PL,,,GRANTS PASS,OR,97526,10/2/2025 10:20,10/31/2026 10:20
BTAX-041918-10-2025,NOEL & CHERILYN SHECKELLS,TEAM CHERRY INC,,4,Inside City Limits,721110,Hotel/Motel,5417785400,4/23/2019 0:00,da83df8a-dc7c-47a8-a2df-edde629d6dd5,915,ROSE,,SE,PL,, ,GRANTS PASS,OR,97526,915,ROSE,,SE,PL,, ,GRANTS PASS,OR,97526,10/2/2025 10:23,10/31/2026 10:23
BTAX-041921-10-2025,JESSICA HALL,WILD SOUL PHOTOGRAPHY,,1,Outside City Limits,541921,Photography,5413103655,7/17/2017 0:00,0c2f5a53-0b07-4a8a-8148-e30ab540b29c,,,,,,,,,,,321,HONEYLYNN,,,LN,,,GRANTS PASS,OR,97527,10/2/2025 15:14,10/31/2026 15:14
BTAX-041922-10-2025,,COLUMBIA BANK,,9,Inside City Limits,522110,Finance-Commercial Bank,5414791776,10/1/2008 0:00,CBB676D9-C2A0-4B10-9AF0-75E9A0C757A9,117,F,,NE,ST,, ,GRANTS PASS,OR,97526,117,F,,NE,ST,,,GRANTS PASS,OR,97526,10/2/2025 15:19,10/31/2026 15:19
BTAX-041926-10-2025,EDUVIJES VALENZUELA,READING RAINBOW CHILD CARE,,1,Inside City Limits,624410,Child Day Care,5414159053,10/1/2020 0:00,b5832ad4-5ebe-48ae-b50d-54bd2c3bfb4d,1480,D,,NE,ST,, ,GRANTS PASS,OR,97526,1480,D,,NE,ST,,,GRANTS PASS,OR,97526,10/3/2025 12:34,10/31/2026 12:34
BTAX-041927-10-2025,JESSICA  HULL,JESSICA HULL LMT              ,,1,Inside City Limits,621399,Medical-Massage Therapy,5416598405,8/17/2009 0:00,EA197DD1-C4BD-4424-9803-050053A599CC,4626,LEONARD,, ,RD,, ,GRANTS PASS,OR,97527,4626,LEONARD,,,RD,,,GRANTS PASS,OR,97527,10/3/2025 12:40,9/30/2026 12:40
BTAX-041928-10-2025,KADEN McEVOY,COUNTRYSIDE ESTATE SALES CO.,,2,Outside City Limits,525920,"Trusts, Estates, and Agency Accounts",5412184165,2/11/2021 0:00,94e17d4a-a31c-4469-a47b-29a3b0a2fec4,,,,,,,,,,,1025,STARLITE,,NW,PL,,,GRANTS PASS,OR,97526,10/3/2025 12:43,9/30/2026 12:43
BTAX-041929-10-2025,JEFF HOXSEY,SUBWAY SANDWICHES & SALADS II,,5,Inside City Limits,445110,Food-Deli,5417022600,9/6/1991 0:00,198FCD7F-5AD7-4DCE-BECC-1DABB565F69D,1607,WILLIAMS,, ,HWY,,1,GRANTS PASS,OR,97527,17450,APPLEGATE,,N,RD,,,GRANTS PASS,OR,97527,10/3/2025 12:54,9/30/2026 12:54
BTAX-041930-10-2025,JEFF  HOXSEY,SUBWAY SANDWICHES & SALADS I,,5,Inside City Limits,445110,Food-Deli,5417022600,12/28/2012 0:00,C29C796C-2695-4F49-BD63-D3182C184EDA,1610,ALLEN CREEK,, ,RD,,,GRANTS PASS,OR,97527,17450,APPLEGATE,,N,RD,,,GRANTS PASS,OR,97527,10/3/2025 12:59,9/30/2026 12:59
BTAX-041931-10-2025,JEFF  HOXSEY,SUBWAY SANDWICHES & SALADS IV,,6,Inside City Limits,445110,Food-Deli,5419446524,5/24/2004 0:00,B63119DF-46CD-4541-8556-A7D5D6EA4C70,262,AGNESS,,NE,AVE,,,GRANTS PASS,OR,97526,17450,APPLEGATE,,N,RD,,,GRANTS PASS,OR,97527,10/3/2025 13:02,10/31/2026 13:02
BTAX-041932-10-2025,JEFF HOXSEY,SUBWAY SANDWICHES & SALADS III,,6,Inside City Limits,445110,Food-Deli,5417022600,8/26/1990 0:00,F0DFA0D8-BB07-4DEF-8753-0E45FBAE9988,1700,6TH,,NW,ST,, ,GRANTS PASS,OR,,17450,APPLEGATE,,N,RD,,,GRANTS PASS,OR,97527,10/3/2025 13:07,9/30/2026 13:07
BTAX-041934-10-2025,SUSAN E. WILLIAMS,OUTLOOK GUEST HOUSE & GALLERY,,2,Inside City Limits,721199,Rental-Misc Rentals,5412441334,8/1/2019 0:00,a3984133-01f9-4ce7-bf60-10f189c3029b,,,,,,,,,,,219,OUTLOOK ,,NE,AVE,,,GRANTS PASS,OR,97526,10/3/2025 14:23,10/31/2026 14:23
BTAX-041935-10-2025,,5 C RENTALS LLC               ,,2,Outside City Limits,531110,Rental Units/Landlord,5412954108,7/1/2015 0:00,B1171988-9590-4985-8E4E-B5A851B19987,,,,,,,,,,,C/O JESSE CALVERT,,PO BOX 818,,,,,GRANTS PASS,OR,97528,10/3/2025 14:32,10/31/2026 14:32
BTAX-041941-10-2025,JASON & BONNIE  VANDUSEN,VANDUSEN DESIGN               ,,2,Inside City Limits,541430,Graphic Design,5413518566,1/11/2010 0:00,85EE46E9-36EB-4477-B351-792589762DF3,1375,REDWOOD,, ,CIR,, ,GRANTS PASS,OR,97527,1375,REDWOOD ,,,CIR,,,GRANTS PASS,OR,97527,10/6/2025 12:46,9/30/2026 12:46
BTAX-041942-10-2025,EMMITT C & DANIEL V PATTERSON,SOUTHERN OREGON TIRE & 4X4    ,,10,Inside City Limits,441340,Retail-Tire Dealer,5419554444,8/25/2011 0:00,24637BAB-B818-4052-8F42-FE85DED78595,851,MILBANK,,SE,RD,, ,GRANTS PASS,OR,97526,851,MILBANK,,SE,RD,,,GRANTS PASS,OR,97526,10/6/2025 14:48,10/31/2026 14:48
BTAX-041945-10-2025,GEORGE & VIRGINIA  POTTMEYER,S & G INDUSTRIAL SUPPLIES LLC,NEELY BEARING & SUPPLY COMPANY,2,Inside City Limits,441330,Retail-Automotive Parts & Accessories,5414763289,1/15/2004 0:00,82DCB61D-EB03-47EE-913F-AC468E20F199,1800,HAWTHORNE,,NW,AVE,, ,GRANTS PASS,OR,97526,1800,HAWTHORNE ,,NW,AVE,,,GRANTS PASS,OR,97526,10/6/2025 15:22,9/30/2026 15:22
BTAX-041946-10-2025,LESLIE RESUE KAREN & DAVID FERRIS,SOUTHERN OREGON PROPERTY MAINTENANCE / HANDYMAN,,3,Outside City Limits,236220,Handyman,5414761338,2/16/1997 0:00,B8F54C7B-D026-4CD8-A5E7-2BE37DD8F333,,,,,,,,,,,319,JONES CREEK,,W,RD,,,GRANTS PASS,OR,97526,10/6/2025 15:28,10/31/2026 15:28
BTAX-041947-10-2025,THOMAS RANDALL,TOM RANDALL INSURANCE AGENCY,TOM RANDALL STATE FARM,6,Inside City Limits,524210,Insurance Agency & Brokerages,5414744900,9/1/2017 0:00,4ed7b538-69ba-4077-aa0a-da49e7bbf48e,337,UNION,,,Ave,,A,GRANTS PASS,OR,97527,337,UNION,,,Ave,,A,GRANTS PASS,OR,97527,10/6/2025 15:31,10/31/2026 15:31
BTAX-041948-10-2025,CHRISTOPHER  BERRY,PRECISION INTERIORS           ,,2,Inside City Limits,321999,Manufacturing-Wood Products,5414741716,7/1/1987 0:00,0B81E210-3A38-42A0-96CF-80FAB5A68530,1634,N,,SE,ST,,5E,GRANTS PASS,OR,97526,1145,LOUISE ,,SW,CIR,,,GRANTS PASS,OR,97526,10/6/2025 15:33,10/31/2026 15:33
BTAX-041949-10-2025,CHARLES AOTO DANIEL ARRIGOTTI,SOUTHERN OREGON DENTAL LLC   ,,19,Inside City Limits,621210,Medical-Dentist,5414767781,3/1/1990 0:00,37AAF50B-C5A1-4EEB-A6F9-80C7BD0086D8,540,UNION,, ,AVE,, ,GRANTS PASS,OR,97527,540,UNION,,,AVE,,,GRANTS PASS,OR,97527,10/6/2025 15:39,10/31/2026 15:39
BTAX-041950-10-2025,NIKKI APLAND,HD YORK INSURANCE & ASSOC.,HD YORK INSURANCE & ASSOC.,2,Inside City Limits,524210,Insurance Agency & Brokerages,5414745635,2/8/2018 0:00,98fd2c57-3713-4584-9169-c2443d55f589,302,4TH,,NW,ST,, ,GRANTS PASS,OR,97526,302,4TH,,NW,ST,,,GRANTS PASS,OR,97526,10/6/2025 15:44,10/31/2026 15:44
BTAX-041952-10-2025,"TORI RUMREY, NP-C",ONE FAMILY MEDICAL GROUP,,8,Inside City Limits,621111,Medical-Physician,5414745511,7/28/2016 0:00,b62d959f-46e1-4252-8fb3-3a3243a462d8,1619,HAWTHORNE,,NW,AVE,,STE 203,GRANTS PASS,OR,97526,1619,HAWTHORNE,,NW,AVE,,STE 203,GRANTS PASS,OR,97526,10/6/2025 16:00,10/31/2026 16:00
BTAX-041956-10-2025,GARRETT & KRISTEN  POTTMEYER,APPRAISAL COMPANY OF SOUTHERN ,,7,Outside City Limits,531320,Real Estate Appraisal & Sales,5414790783,2/23/2007 0:00,BAFDE9D6-2190-46A4-9D7A-8EA8F723F3B3,,,,,,,,,,,PO BOX 2005,,,,,,,GRANTS PASS,OR,97528,10/6/2025 16:21,9/30/2026 16:21
BTAX-041957-10-2025,REGINA PURTZER,SMJ CONSULTING INC,TUMMY SPA,1,Inside City Limits,541990,Professional-Misc,5419443990,5/13/2016 0:00,dea91a87-b3f5-4c25-900c-36cf96d8223d,1018,7TH,,NE,ST,, ,GRANTS PASS,OR,97526,1018,7TH,,NE,ST,, ,GRANTS PASS,OR,97526,10/6/2025 16:27,10/31/2026 16:27
BTAX-041959-10-2025,,RVM GRANTS PASS HOUSING CORPORATION,FOOTHILL RETIREMENT CENTER,2,Inside City Limits,623312,Medical-Assisted Living Facility/Elderly,5414719425,1/9/1994 0:00,52282912-382E-4FCB-A1F1-B80B672049A4,2031,D,,NE,ST,, ,GRANTS PASS,OR,97526,2031,D,,NE,ST,,,GRANTS PASS,OR,97526,10/7/2025 10:08,10/31/2026 10:08
BTAX-041960-10-2025,,RVM GRANTS PASS HOUSING CORPORATION,FOOTHILL RETIREMENT CENTER II,2,Inside City Limits,623312,Medical-Assisted Living Facility/Elderly,5414719425,1/9/2001 0:00,CB7F83CA-E016-4FA5-9255-8FFC5D74FF4F,1997,D,,NE,ST,, ,GRANTS PASS,OR,97526,1997,D,,NE,ST,,,GRANTS PASS,OR,97526,10/7/2025 10:11,10/31/2026 10:11
BTAX-041967-10-2025,ORAVUT  BOONYAPRAYOON,PONGSRI THAI CUISINE          ,,4,Inside City Limits,722511,Restaurant,5419551662,9/1/1985 0:00,393A7D83-1AB5-4413-BF02-8095733DCAFA,323,E,,NE,ST,, ,GRANTS PASS,OR,97526,323,E,,NE,ST,,,GRANTS PASS,OR,97527,10/7/2025 16:37,10/31/2026 16:37
BTAX-041970-10-2025,,SHAWN HUDDLESTON CONSTRUCTION,,1,Inside City Limits,238190,Contractor-General/Building Exterior,5417617185,3/8/2001 0:00,CA8AA9E9-89BC-4E43-8C26-13B1C7EC06F7,444,GLENWOOD,,E,ST,,,GRANTS PASS,OR,97527,444,GLENWOOD,,E,ST,,,GRANTS PASS,OR,97527,10/8/2025 9:46,9/30/2026 9:46
BTAX-041977-10-2025,,SALON DIVINE                  ,,10,Inside City Limits,812112,Beauty Salon,5414790203,2/20/2007 0:00,A69D77CA-A7D0-4CB7-95CD-21D7337EDF83,815,D,,NE,ST,, ,GRANTS PASS,OR,97526,815,D,,NE,ST,,,GRANTS PASS,OR,97526,10/9/2025 14:17,10/31/2026 14:17
BTAX-041978-10-2025,EDWARD  MOREY,REDWOOD NURSERY               ,,8,Inside City Limits,444240,Retail-Nursery & Garden Center,5414742642,12/17/2007 0:00,B7235AF0-0CE7-406A-A96D-C5EF03850430,1303,REDWOOD,, ,AVE,, ,GRANTS PASS,OR,97527,1303,REDWOOD,,,AVE,,,GRANTS PASS,OR,97527,10/9/2025 14:21,10/31/2026 14:21
BTAX-041981-10-2025,JOSEPH  ADAME,J.A LAND BEAUTIFICATION,,1,Outside City Limits,541320,Landscaping Services,5412379786,9/22/2022 0:00,2080cf04-2c82-4908-81ed-18b0c3a1fa14,,,,,,,,,,,1850 1/2,WILLIAMS ,,,HWY,,,GRANTS PASS,OR,97527,10/9/2025 14:50,10/31/2026 14:50
BTAX-041986-10-2025,CHRISTOPHER PAUL  D'AMATO,ALMEDA PLUMBING               ,,9,Inside City Limits,238220,Plumber,5412267408,1/25/2006 0:00,57DB22C3-E780-4F5C-B687-81716A4E86F6,,,,,,,,,,,2001,FOOTHILL,,NE,BLVD,,STE A-7,GRANTS PASS,OR,97526,10/10/2025 10:34,10/31/2026 10:34
BTAX-041992-10-2025,,"ALLCARE HEALTH, INC",,361,Inside City Limits,524210,Insurance Agency & Brokerages,5414746053,7/1/2014 0:00,D416E546-E5EE-4325-84AE-1E080A205B51,,,,,,,,,,,1701,7TH,,NE,ST,,,GRANTS PASS,OR,97526,10/10/2025 11:16,10/31/2026 11:16
BTAX-041993-10-2025,"JORIZZO, IMPERIA, OLIVIA & LEMLEY",MEDICAL EYE CENTER            ,,12,Inside City Limits,621320,Medical-Optometrist,5416181421,1/18/1994 0:00,B310E012-39BD-45A8-AB6E-88E4C35492AA,881,7TH,,NE,ST,, ,GRANTS PASS,OR,97526,881,7TH,,NE,ST,,,GRANTS PASS,OR,97526,10/10/2025 11:20,10/31/2026 11:20
BTAX-041994-10-2025,SHARON EMFINGER,LEMOSS ENTERPRISES INC,,2,Inside City Limits,531110,Rental Units/Landlord,5414795074,3/16/2016 0:00,27199ebc-9f27-4d12-b431-16a150c58226,1437,VIEW,,NE,DR,, ,GRANTS PASS,OR,97526,1132,STARLITE,,NW,PL,, ,GRANTS PASS,OR,97526,10/10/2025 11:25,10/31/2026 11:25
BTAX-041996-10-2025,,CASCADE COMMUNICATION SERVICES,,3,Outside City Limits,238990,Contractor-Trade/Specialty,5414744696,7/6/1998 0:00,92A827FD-F5A5-486D-B284-8BCDC0965988,,,,,,,,,,,2961,HELMS,,,RD,,,GRANTS PASS,OR,97527,10/10/2025 12:03,10/31/2026 12:03
BTAX-041997-10-2025,TRAVIS SHREEVE,TS GUTTER CLEANING SERVICE,,1,Outside City Limits,561790,Gutter Cleaning Service,5412184619,10/7/2022 0:00,b1d2d286-04a9-4e37-abbb-77a3ea38b589,,,,,,,,,,,2188,LONNON,,,RD,,,GRANTS PASS,OR,97527,10/10/2025 15:55,10/31/2026 15:55
BTAX-042003-10-2025,LORINA  NOVESKE,NOVESKE RIFLEWORKS LLC        ,,31,Inside City Limits,459110,Retail-Gun Dealer,5414796117,2/15/2012 0:00,001AC74C-5145-4388-94BA-DF7291245E52,1624,N,,SE,ST,,4C,GRANTS PASS,OR,97526,1644,N,,SE,ST,,6F,GRANTS PASS,OR,97526,10/14/2025 12:21,10/31/2026 12:21
BTAX-042004-10-2025,LORINA  NOVESKE,NOVESKE RIFLEWORKS LLC        ,,9,Inside City Limits,459110,Retail-Gun Dealer,5414796117,8/22/2001 0:00,39B8B19E-66B9-48BC-AFDA-3FBBC507CA27,1644,N,,SE,ST,,6F,GRANTS PASS,OR,97526,1644,N,,SE,ST,,6F,GRANTS PASS,OR,97526,10/14/2025 12:29,10/31/2026 12:29
BTAX-042005-10-2025,LORINA NOVESKE,NOVESKE RIFLEWORKS LLC,,10,Inside City Limits,332994,Gun Manufacturer,5414796117,8/1/2020 0:00,a1ead944-bb95-4f1c-b14d-ee175343c419,1634,N,,SE,ST,,5C,GRANTS PASS,OR,97526,1644,N,,SE,ST,,6F,GRANTS PASS,OR,97526,10/14/2025 12:36,10/31/2026 12:36
BTAX-042006-10-2025,,AAA OREGON                    ,,8,Inside City Limits,541990,Professional-Misc,5414797829,12/30/1990 0:00,B9F98CB6-AA4C-47A2-975E-0B3FC7B59346,1563,F,,NE,ST,,,GRANTS PASS,OR,97526,1563,F ,,NE,ST,,,GRANTS PASS,OR,97526,10/14/2025 12:39,10/31/2026 12:39
BTAX-042007-10-2025,"RYAN BAILEY, BENJAMIN HUFF & JAMES SORFACE","OPEN DOOR DENTAL GROUP, PC",,23,Inside City Limits,621210,Medical-Dentist,5414795505,8/17/2015 0:00,88F9CB9C-29D6-4EA9-A48E-6D6AC704C14C,,,,,,,,,,,1100,E,,NE,ST,, ,GRANTS PASS,OR,97526,10/14/2025 12:42,10/31/2026 12:42
BTAX-042010-10-2025,ANDREW RIES,CLIMATE CITY CONSTRUCTION CORP,,4,Inside City Limits,238190,Contractor-General/Building Exterior,5417612830,7/23/2016 0:00,ed87750f-0c23-4e80-ad9a-1a51e5109c1e,857,M,,SE,ST,, ,GRANTS PASS,OR,97526,857,M,,SE,ST,,,GRANTS PASS,OR,97526,10/14/2025 14:02,10/31/2026 14:02
BTAX-042012-10-2025,NATALIE BESLER,KALON,,1,Inside City Limits,812112,Esthetician Services,5416602573,11/1/2021 0:00,c9e8ef09-1061-4081-bb82-ecc2883395ff,223,5TH,,NW,ST,,,GRANTS PASS,OR,97526,300,LINDA VISTA,,E,RD,,,GRANTS PASS,OR,97527,10/14/2025 16:28,10/31/2026 16:28
BTAX-042013-10-2025,KATHLEEN  HOFFMAN,GRANTS PASS BRANCH OF AMERICAN ASSOCIATION OF UNIVERSITY WOMEN,,0,Outside City Limits,813410,Organization-Civic/Social,5414713663,6/6/2008 0:00,BB984F1D-9CC5-4AF9-86BC-E8FEBD5E0A33,,,,,,,,,,,PO BOX 1812,,,,,,,GRANTS PASS,OR,97528,10/15/2025 8:40,10/31/2026 8:40
BTAX-042015-10-2025,CAROLYN A  MAUE,CAROLYN MAUE'S SALON          ,,1,Inside City Limits,812112,Beauty Salon,5414768246,4/23/1991 0:00,44F17163-3225-4044-AEFF-C461ECF2ABF0,1118,G,,SW,ST,, ,GRANTS PASS,OR,97526,1118,G ,,SW,ST,,,GRANTS PASS,OR,97526,10/15/2025 8:52,10/31/2026 8:52
BTAX-042016-10-2025,RJ  MCGAHUEY,VISUAL EFX SIGNS & GRAPHICS   ,,1,Inside City Limits,541430,Graphic Design,5416608145,3/23/2012 0:00,CB42938B-6BB8-4031-90FC-FF4A8B6F71A9,2939,REDWOOD,, ,AVE,, ,GRANTS PASS,OR,97527,2939,REDWOOD,,,AVE,,,GRANTS PASS,OR,97527,10/15/2025 8:55,10/31/2026 8:55
BTAX-042017-10-2025,CYNTHIA  HARELSON,CYNTHIA HARELSON CPA PC       ,,5,Inside City Limits,4239,OTHER MISCELLANEOUS DURABLE GOODS MERCHANT WHOLESALERS,5414799775,1/1/1991 0:00,ED9BFC0C-34D0-47C1-94D5-FA6C7E0071D6,318,A,,NW,ST,, ,GRANTS PASS,OR,97526,PO BOX 1537,,,,,,,GRANTS PASS,OR,97528,10/15/2025 8:59,10/31/2026 8:59
BTAX-042019-10-2025,KAREN  ADAIR,DG CREATIVE BRANDING          ,,1,Inside City Limits,541512,COMPUTER SYSTEMS DESIGN SERVICES/IT,7073915273,7/1/2013 0:00,B36C9493-C79A-4017-BE26-4F9B4DC1FFF0,2345,ROBERTSON,, ,CRST,, ,GRANTS PASS,OR,97527,2345,ROBERTSON,,,CRST,,,GRANTS PASS,OR,97527,10/15/2025 9:20,10/31/2026 9:20
BTAX-042020-10-2025,,GOSPEL RESCUE MISSION         ,,11,Inside City Limits,624190,Social Svcs-Individual & Family Svcs,5414760082,7/1/1987 0:00,F44C7A72-1173-4604-9C1F-DA9D103BD49F,540,FOUNDRY,,SW,ST,,,GRANTS PASS,OR,97526,PO BOX 190,,,,,,,GRANTS PASS,OR,97528,10/15/2025 9:26,9/30/2026 9:26
BTAX-042022-10-2025,MARILYN & RICHARD  RECKNER,"ABOUT ELDER TRANSITIONS, LLC  ",,2,Inside City Limits,525920,"Trusts, Estates, and Agency Accounts",5412184975,9/9/2009 0:00,466A34F6-C3D6-41ED-82FA-FFE05A423B8E,,,,,,,,,,,106,"F ST, STE 197    ",,NW,,,,GRANTS PASS,OR,97526,10/15/2025 9:38,10/31/2026 9:38
BTAX-042023-10-2025,JAMES  LAPP,VALLEY LOCK & KEY             ,,1,Outside City Limits,561622,Locksmith,5414797212,9/30/1997 0:00,DDDBC12A-1529-4B6C-B7F7-3C5B8E16735E,,,,,,,,,,,200,LAPPLAND,,,DR,,,GRANTS PASS,OR,97527,10/15/2025 9:45,10/31/2026 9:45
BTAX-042024-10-2025,Tiffany Ogren,GRANDMA'S CARE LLC            ,,7,Inside City Limits,621610,Medical-Home Health Care Services,5416594059,7/13/2010 0:00,E2A762F0-9032-4BB9-8307-85839FA14104,1444,WILLOW,, ,LN,, ,GRANTS PASS,OR,97527,1630,WILLIAMS,,,HWY,,PMB 98,GRANTS PASS,OR,97527,10/15/2025 9:50,10/31/2026 9:50
BTAX-042025-10-2025,BRIDGET STUTZMAN,MOBRO SOIL LLC,,2,Inside City Limits,444240,Retail-Farm Supplies,5414794862,1/15/2016 0:00,26fe6518-b860-4737-9cf8-94854492c7d9,1750,DOWELL,, ,RD,, ,GRANTS PASS,OR,97527,3104,WALNUT,, ,AVE,, ,GRANTS PASS,OR,97527,10/15/2025 9:51,10/31/2026 9:51
BTAX-042027-10-2025,CHARLES SHECKELLS,EDDY'S GRILL LLC,,2,Inside City Limits,722513,Limited-Service Restaurant,7029019636,6/3/2005 0:00,2906B532-A569-4B87-9235-221AB5BD8564,956,ROGUE RIVER,, ,HWY,, ,GRANTS PASS,OR,97527,424,VAN DYKE,,NW,PL,,,GRANTS PASS,OR,97526,10/15/2025 9:58,10/31/2026 9:58
BTAX-042029-10-2025,BRENT ERICKSON,GRANTS PASS ORTHODONTICS,,8,Inside City Limits,621210,Medical-Dentist,5414740860,1/1/1997 0:00,6B82391F-6A0D-4686-858F-0AF016E954BA,859,7TH,,NE,ST,, ,GRANTS PASS,OR,97526,859,7TH,,NE,ST,,,GRANTS PASS,OR,97526,10/15/2025 10:14,10/31/2026 10:14
BTAX-042031-10-2025,MIGUEL & LINDA  LEZAMA,FROG PRINCE AQUATICS          ,,2,Inside City Limits,541990,Professional-Misc,5416592967,5/6/2015 0:00,D64B181F-3680-4564-8AF6-F3B2B607AB87,1835,N,,SE,ST,, ,GRANTS PASS,OR,97527,1724,VIRGINIA LN     ,,,LN,,,GRANTS PASS,OR,97527,10/15/2025 10:42,10/31/2026 10:42
BTAX-042033-10-2025,,JOSEPHINE COUNTY HABITAT FOR HUMANITY,,1,Inside City Limits,624190,Social Svcs-Individual & Family Svcs,5414742884,1/1/1993 0:00,76A2533B-E880-4862-B59D-D9A7362218E1,409,E,,NE,ST,,,GRANTS PASS,OR,97526,PO BOX 2667,,,,,,,GRANTS PASS,OR,97528,10/15/2025 10:59,10/31/2026 10:59
BTAX-042036-10-2025,JOHN  FRAZER,ADVANCED TESTING & INSPECTION ,,1,Outside City Limits,541330,Engineering Services,5417617607,4/19/2007 0:00,55D10AE3-39D0-45DE-9F9E-7FF205029311,4120,CLOVERLAWN,,,DR,,,GRANTS PASS,OR,97527,PO BOX 2758,,,,,,,GRANTS PASS,OR,97528,10/15/2025 16:09,10/31/2026 16:09
BTAX-042038-10-2025,CELESTE  LAFERRIERE-SMITH,EXPERT CLOTHING ALTERATIONS   ,,1,Inside City Limits,811490,Tailor,5414795156,7/1/1987 0:00,9EE0C73E-4EF4-4FB9-8590-C319BE0B99B7,1315,7TH,,NE,ST,, ,GRANTS PASS,OR,97526,1315,7TH ,,NE,ST,,,GRANTS PASS,OR,97526,10/16/2025 12:43,10/31/2026 12:43
BTAX-042039-10-2025,TERRY WEATHERS,ROGUE VALLEY PET LLC,,8,Inside City Limits,459910,Retail-Pets & Pet Supplies,5418575000,3/14/2016 0:00,a44ecad5-a30e-4a0b-9bb8-cd8ccc24ad87,598,F,,NE,ST,, ,GRANTS PASS,OR,97526,1630,WILLIAMS,,,HWY,,PMB 176,GRANTS PASS,OR,97527,10/16/2025 12:46,10/31/2026 12:46
BTAX-042041-10-2025,NORMAN ELLIS,"N.C. ELLIS CONSTRUCTION, LLC",,5,Inside City Limits,238190,Contractor-General/Building Exterior,5417875775,5/3/2016 0:00,ac202c49-2b33-4197-a542-71e6271ee5d3,1954,SUN VIEW,,NW,PL,, ,GRANTS PASS,OR,97526,1954,SUN VIEW,,NW,PL,, ,GRANTS PASS,OR,97526,10/16/2025 14:11,10/31/2026 14:11
BTAX-042042-10-2025,CLIFF  BOWDEN,CLIFF'S CUSTOM FLOORS INC     ,,3,Inside City Limits,238330,Flooring,5414764164,8/15/1996 0:00,F4209B2D-724A-457E-8347-855A30EE6087,3524,ELK,,,LN,, ,GRANTS PASS,OR,97527,3524,ELK,,,LN,,,GRANTS PASS,OR,97527,10/16/2025 14:47,10/31/2026 14:47
BTAX-042043-10-2025,,VP INVESTMENTS LLC,THE O'ACES III,6,Inside City Limits,445110,Food-Deli,5414793896,12/1/2009 0:00,E3BEF804-FC21-468D-B46B-B9240F6CA5B3,772,ROGUE RIVER,, ,HWY,,,GRANTS PASS,OR,97527,690,REDWOOD,,,HWY,,,GRANTS PASS,OR,97527,10/17/2025 9:48,10/31/2026 9:48
BTAX-042044-10-2025,,VP INVESTMENTS LLC            ,THE LUCKY DUCK,6,Inside City Limits,445110,Food-Deli,5414712170,4/30/2002 0:00,7C0E9C05-26D2-4E75-9231-BE048543568E,1720,REDWOOD,,,AVE,,STE E,GRANTS PASS,OR,97527,690,REDWOOD ,,,HWY,,,GRANTS PASS,OR,97527,10/17/2025 9:50,10/31/2026 9:50
BTAX-042045-10-2025,,VP INVESTMENTS LLC            ,THE LUCKY DUCK & DELI II,6,Inside City Limits,445110,Food-Deli,5414712170,5/1/2016 0:00,600232e6-ee3a-4b15-bbea-929df86ee6c2,1850,6TH,,NW,ST,, ,GRANTS PASS,OR,97526,690,REDWOOD,,,HWY,,,GRANTS PASS,OR,97527,10/17/2025 9:55,10/31/2026 9:55
BTAX-042046-10-2025,KEVIN  BRENNAN,ZERO GRAVITY ENTERPRISE LLC,,4,Inside City Limits,238190,Contractor-General/Building Exterior,5412185877,10/1/2021 0:00,ca05588b-8af0-418d-bc9b-ffc89b0f67b7,,,,,,,,,,,855,RAINBOW,,,DR,,,GRANTS PASS,OR,97526,10/17/2025 9:58,10/31/2026 9:58
BTAX-042056-10-2025,,FIRST INTERSTATE BANK        ,,8,Inside City Limits,522110,Finance-Commercial Bank,5414747278,2/14/1996 0:00,75C25A19-A74A-448C-910A-508EB97DF7F9,1304,6TH,,NW,ST,, ,GRANTS PASS,OR,97526,1304,6TH ,,NW,ST,,,GRANTS PASS,OR,97526,10/20/2025 13:02,10/31/2026 13:02
BTAX-042057-10-2025,GERTIE  PLANCHON,GERTIE PLANCHON RENTALS       ,,1,Outside City Limits,531110,Rental Units/Landlord,,1/1/2004 0:00,FF2CBB34-A685-4B13-9122-A1E4D50DD46E,,,,,,,,,,,C/O REALWISE PROPERTY MANAGEMENT 141,C,,NW,ST,,,GRANTS PASS,OR,97526,10/20/2025 14:04,10/31/2026 14:04
BTAX-042058-10-2025,BETTY  COULSON,BETTY COULSON RENTALS         ,,1,Outside City Limits,531110,Rental Units/Landlord,5414742881,7/1/1989 0:00,B0C7B687-B0BF-46F3-BDED-30DBB882B4E2,,,,,,,,,,,C/O REALWISE PROPERTY MANAGEMENT,141 NW C ST,,,,,,GRANTS PASS,OR,97526,10/20/2025 14:09,10/31/2026 14:09
BTAX-042059-10-2025,EDITH  MARTIN,EDITH MARTIN RENTALS          ,,1,Outside City Limits,531110,Rental Units/Landlord,5414742881,1/8/1991 0:00,723A087B-5CD5-44C3-B33E-F29CB360E683,,,,,,,,,,,C/O REALWISE PROPERTY MANAGEMENT,,141 NW C ST,,,,,GRANTS PASS,OR,97526,10/20/2025 14:12,10/31/2026 14:12
BTAX-042061-10-2025,,SOUTHERN OREGON ASPIRE        ,MAINTENANCE SERVICES,41,Inside City Limits,813410,Organization-Civic/Social,5414768241,7/1/2009 0:00,E23D2DD7-BE00-4D89-BEE6-EC45DFB752B9,1222,REDWOOD,,,AVE,,,GRANTS PASS,OR,97527,1465-B,7TH,,NE,ST,,,GRANTS PASS,OR,97526,10/20/2025 14:23,10/31/2026 14:23
BTAX-042062-10-2025,,ROYAL TRAILER PARK            ,,2,Inside City Limits,721211,RV Parks & Campgrounds,5414797204,10/7/1994 0:00,BE222EA0-2552-4D03-8B7C-2E2835F72FEF,200,LEWIS,, ,AVE,, ,GRANTS PASS,OR,97527,966,6TH,,SW,ST,,,GRANTS PASS,OR,97526,10/20/2025 14:26,10/31/2026 14:26
BTAX-042063-10-2025,HEIDI  BUEHNER-MCKENZIE,ALLEN CREEK VETERINARY HOSPITAL,,19,Inside City Limits,541940,Veterinary,5414762233,12/10/2007 0:00,D0500AE5-6F42-44C5-9A88-C3EFD631C3CC,1930,REDWOOD,, ,AVE,, ,GRANTS PASS,OR,97527,1930,REDWOOD,,,AVE,,,GRANTS PASS,OR,97527,10/20/2025 14:29,10/31/2026 14:29
BTAX-042064-10-2025,RANDY  NICHOLSON,RIMPORT                       ,FLOORS TO GO,7,Inside City Limits,449121,Retail-Floor Coverings,5414798000,1/1/2011 0:00,41225E9D-7D04-433B-804C-A236FA315DB9,550,6TH,,SW,ST,,B,GRANTS PASS,OR,97526,550,6TH,,SW,ST,,B,GRANTS PASS,OR,97526,10/20/2025 14:32,10/31/2026 14:32
BTAX-042066-10-2025,DAVE & LISA  KELLY,KELLY'S AUTOMOTIVE SERVICE    ,,12,Inside City Limits,811111,Auto-General Repair,5414766964,7/1/1986 0:00,66987760-B14F-46F1-ABDA-35A672676A8A,1661,6TH,,NE,ST,, ,GRANTS PASS,OR,97526,1661,6TH ,,NE,ST,,,GRANTS PASS,OR,97526,10/20/2025 14:40,10/31/2026 14:40
BTAX-042068-10-2025,MARGARET BURKE,HELPING SENIORS LLC,,1,Inside City Limits,623312,Medical-Assisted Living Facility/Elderly,5412952002,9/15/2021 0:00,098eafc6-33d3-4fc0-a458-f815bc5a8e74,1728,HIGHLAND,,NW,AVE,, ,GRANTS PASS,OR,97526,1728,HIGHLAND,,NW,AVE,,,GRANTS PASS,OR,97526,10/20/2025 14:51,10/31/2026 14:51
BTAX-042070-10-2025,EDWARD  EPLETT,PRECISION DENTURE INC         ,,1,Inside City Limits,621210,Medical-Dentist,5414797199,1/1/2013 0:00,FE75B3A2-4F3F-4476-A538-B956EC05D0CE,822,E,,NE,ST,,SUITE B,GRANTS PASS,OR,97526,822,E,,NE,ST,,SUITE B,GRANTS PASS,OR,97526,10/20/2025 14:57,10/31/2026 14:57
BTAX-042071-10-2025,WENDY REHWALD,TCS- TRAFFIC CONTROL SERVICES,,11,Outside City Limits,238990,Contractor-Trade/Specialty,5416603967,8/4/2016 0:00,69e90b01-782b-4eed-ae58-4f077bd4823b,1560,M,,SE,ST,,UPSTAIRS,GRANTS PASS,OR,97526,6643,DONALDSON,,,RD,,,GRANTS PASS,OR,97526,10/20/2025 15:10,10/31/2026 15:10
BTAX-042072-10-2025,SAMUEL LUTZ,THE GAS MAN LLC,,2,Outside City Limits,238190,Contractor-General/Building Exterior,5306400730,3/26/2018 0:00,079c052e-c039-4922-b226-4a5b2ea61e96,,,,,,,,,,,PO BOX 942,,,,,,,GRANTS PASS,OR,97528,10/20/2025 15:18,10/31/2026 15:18
BTAX-042076-10-2025,DANE MEADE,MEADE SURVEYING LLC,,5,Inside City Limits,541370,Surveying/Mapping Services,5412441871,8/14/2021 0:00,8dc1b3d1-c7d9-4d3f-8978-f4f84b8a0903,233,B,,NE,ST,,200,GRANTS PASS,OR,97526,233,B,,NE,ST,,200,GRANTS PASS,OR,97526,10/20/2025 15:38,10/31/2026 15:38
BTAX-042078-10-2025,SHAWN BORMAN,SHAWN BORMAN LANDSCAPE MANAGEMENT,,1,Inside City Limits,541320,Landscaping Services,5414505602,4/15/2016 0:00,b3d575a5-58ef-4c7a-a4cc-91534313ac76,2514,LEONARD,, ,RD,, ,GRANTS PASS,OR,97527,2514,LEONARD,,,RD,,,GRANTS PASS,OR,97527,10/20/2025 15:54,10/31/2026 15:54
BTAX-042079-10-2025,DAVID M  KRAUSS DC,DAVID M KRAUSS DC            ,,2,Inside City Limits,621310,Medical-Chiropractor,5414764616,8/7/1990 0:00,441B293F-129F-4CFC-8BF3-7EE210624138,1217,6TH,,NE,ST,, ,GRANTS PASS,OR,97526,1217,6TH ,,NE,ST,,,GRANTS PASS,OR,97526,10/20/2025 15:56,10/31/2026 15:56
BTAX-042080-10-2025,ERIC SAMUELSEN,HERITAGE PLUMBING             ,,1,Inside City Limits,238220,Plumber,5414747749,9/5/1997 0:00,3BCF76E7-721E-4BE9-8CD5-8F3BB0C84F6E,,,,,,,,,,,678,ERIC,,,LP,,,GRANTS PASS,OR,97526,10/20/2025 15:59,10/31/2026 15:59
BTAX-042081-10-2025,CHRISTOPHER MEYER,MADJAK ARMS,,1,Inside City Limits,459110,Retail-Gun Dealer,5414508646,10/17/2017 0:00,56e30b29-b100-4d21-a64d-3396b631cf33,,,,,,,,,,,1411,RIDGE,,NE,RD,,,GRANTS PASS,OR,97526,10/20/2025 16:01,10/31/2026 16:01
BTAX-042082-10-2025,DERRICK L  STEVENSON,D & K VENDING                 ,,1,Outside City Limits,424210,Vending Machine Operator,5414746081,3/1/1999 0:00,3BCE5BDB-B504-4E3E-A0A2-6F9B382020ED,,,,,,,,,,,4746,REDWOOD,,,AVE,,,GRANTS PASS,OR,97527,10/20/2025 16:13,10/31/2026 16:13
BTAX-042083-10-2025,ERIN CREACH,ROGUE HAIR STUDIO,,7,Inside City Limits,812112,Beauty Salon,5417610669,10/7/2019 0:00,e95f0a8a-e5bb-4165-8cf7-ac627806a950,139,MILL,,NE,ST,,,GRANTS PASS,OR,97526,139,MILL,,NE,ST,,,GRANTS PASS,OR,97526,10/20/2025 16:19,10/31/2026 16:19
BTAX-042085-10-2025,EARL (GENE)  NAPIER,BACK 9 CREATIVE               ,,1,Inside City Limits,541430,Graphic Design,5414746479,1/4/2012 0:00,8A5F6213-51CF-4105-B836-4CE8704FF4F7,946,VALLEY VIEW,,NW,DR,, ,GRANTS PASS,OR,97526,946,VALLEY VIEW,,NW,DR,,,GRANTS PASS,OR,97526,10/21/2025 9:17,10/31/2026 9:17
BTAX-042087-10-2025,NICOLAS LEBRUN,NIC LEBRUN ART LLC,SUB ROSA TATTOO,1,Inside City Limits,812199,Tattoo/Piercing Shop,5414507001,5/11/2017 0:00,b84394f5-f9d8-4302-bce1-1cbbcf6513b4,111,A,,NE,ST,, ,GRANTS PASS,OR,97526,111,A,,NE,ST,,,GRANTS PASS,OR,97526,10/21/2025 9:23,10/31/2026 9:23
BTAX-042088-10-2025,"JAMES/NEAL, DANA  KABABICK",FLORA RESEARCH LABORATORIES LLC,,10,Inside City Limits,541380,Research & Development,5414720980,9/29/2003 0:00,36938866-594F-4846-8684-55511293F97A,1000,M,,SE,ST,,#B,GRANTS PASS,OR,97526,1000,M ,,SE,ST,,# B,GRANTS PASS,OR,97526,10/21/2025 9:26,10/31/2026 9:26
BTAX-042089-10-2025,DAVID BRADBURY,BRADBURY'S GUN-N-TACKLE,,1,Inside City Limits,459110,Retail-Gun Dealer,5414761531,2/15/2017 0:00,eec95330-1e13-40ca-b160-21427be1eb6f,1809,ROGUE RIVER,, ,HWY,, ,GRANTS PASS,OR,97527,1809,ROGUE RIVER,,,HWY,,,GRANTS PASS,OR,97527,10/21/2025 9:28,10/31/2026 9:28
BTAX-042091-10-2025,KAREN  DAGGETT,SOUTHERN OREGON DANCE CENTER,,5,Inside City Limits,711120,Dance Studio,5419168384,6/1/1989 0:00,6A621049-9684-4B99-B32D-E873B53C2D3E,405,6TH,,SE,ST,,,GRANTS PASS,OR,97526,405,6TH,,SE,ST,,,GRANTS PASS,OR,97526,10/21/2025 9:34,10/31/2026 9:34
BTAX-042096-10-2025,MARCOS MEIJA,MARCOS MEIJA YARD MAINTENANCE,,1,Inside City Limits,561730,Yard Services,5416602558,6/4/2018 0:00,9f97dfed-2d04-43ac-bb4f-457a250d0ad2,,,,,,,,,,,1229,KOKANEE,,,LN,,,GRANTS PASS,OR,97527,10/21/2025 10:52,10/31/2026 10:52
BTAX-042097-10-2025,ALICIA WELLS,SERENITY WITHIN MASSAGE LLC,,1,Inside City Limits,621399,Medical-Massage Therapy,5417782719,5/16/2017 0:00,005f9ddd-c7e1-40c7-b836-aaa057b5a4c9,598,E,,NE,ST,,SUITE A,GRANTS PASS,OR,97526,4775,DEMARAY,,,DR,,,GRANTS PASS,OR,97527,10/21/2025 15:48,10/31/2026 15:48
BTAX-042098-10-2025,CHELSEA MIDDLETON,CHELSEA MAY'LEE PHOTOGRAPHY,,1,Inside City Limits,541921,Photography,5417870323,6/13/2018 0:00,539c0e04-5155-4e8b-8df1-9373c7a0a9f3,,,,,,,,,,,250,DORRY,,,LN,,,GRANTS PASS,OR,97527,10/21/2025 16:25,10/31/2026 16:25
BTAX-042101-10-2025,CHAD  VEST,CAVEMAN RV INC                ,,11,Inside City Limits,459930,RV/Mobile Home Dealer,5414761253,12/7/2007 0:00,2C8EFD13-DB63-4EF5-8945-F2B5FE6B34BE,1190,ROGUE RIVER,, ,HWY,, ,GRANTS PASS,OR,97527,1190,ROGUE RIVER HWY     ,,,HWY,,,GRANTS PASS,OR,97527,10/22/2025 9:59,10/31/2026 9:59
BTAX-042102-10-2025,KEVEN BOGART,PRESTIGE LANDSCAPE MANAGEMENT YARD CARE,,1,Outside City Limits,561730,Yard Services,5419557054,3/10/1995 0:00,DEF00C81-617D-4DCD-B513-798A4F6EA6B7,432,WHITERIDGE,,,RD,,,GRANTS PASS,OR,97527,432,WHITERIDGE,,,RD,,,GRANTS PASS,OR,97527,10/22/2025 11:42,10/31/2026 11:42
BTAX-042109-10-2025,"CHRISTIAN, BROOKE, KEVIN DARR",DARR'S AQUATICS,,3,Inside City Limits,712130,AQUARIUM,5412206281,2/16/2023 0:00,c46c03b3-7931-44cd-a8ff-073aa4f236c9,112,LEWIS,,,Ave,,,GRANTS PASS,OR,97527,112,LEWIS,,,Ave,,,GRANTS PASS,OR,97527,10/23/2025 10:03,10/31/2026 10:03
BTAX-042110-10-2025,,JOSEPHINE COMMUNITY LIBRARY DISTRICT,,15,Inside City Limits,519210,Library,5414760571,10/19/2011 0:00,106807C7-C3A6-4C84-98F9-BBAD7971FC89,200,C,,NW,ST,, ,GRANTS PASS,OR,97526,200,C,,NW,ST,,,GRANTS PASS,OR,97526,10/23/2025 10:07,10/31/2026 10:07
BTAX-042111-10-2025,JESSIE MICHELLE BANKS WOODWARD,JESSIE'S MOBILE SHRED,,1,Inside City Limits,561499,Business Support Services-Misc,5416594832,6/12/2019 0:00,fd6bec15-f3e2-4c63-86b0-b145d7a1ecd0,,,,,,,,,,,1276,STURGEON ,,SW,CT,,,GRANTS PASS,OR,97527,10/23/2025 10:14,10/31/2026 10:14
BTAX-042113-10-2025,LISA & MARK  AUSTIN,MOTION MATRIX                 ,,19,Inside City Limits,713940,Fitness Center,5419564985,1/2/2013 0:00,4B83CD80-F88E-43BC-BBA5-670410D6DA80,2051,HAWTHORNE,,NW,AVE,, ,GRANTS PASS,OR,97526,1630,WILLIAMS,,,HWY,,PMB 50,GRANTS PASS,OR,97527,10/23/2025 10:19,10/31/2026 10:19
BTAX-042114-10-2025,DAVID  BLACKLOCK,BEST PORTABLE TOILETS         ,,9,Inside City Limits,459999,Retail-Misc Direct Selling Establishment,5414794715,7/1/2010 0:00,C6323AD3-E748-40A5-86C2-C4E066EF3333,1470,M,,SE,ST,,2H,GRANTS PASS,OR,97526,801,4TH,,SW,ST,,,GRANTS PASS,OR,97526,10/23/2025 10:32,10/31/2026 10:32
BTAX-042115-10-2025,JOE & KELLI  CHANDLER,CHANDLER'S INC,,4,Inside City Limits,812320,Dry Cleaning Services,5413249424,8/1/2008 0:00,E9399A49-4A05-445A-9071-D42216C1555B,1610,ALLEN CREEK,,,RD,,SUITE 108,GRANTS PASS,OR,97527,1610,ALLEN CREEK,,,RD,,SUITE 108,GRANTS PASS,OR,97527,10/23/2025 10:34,10/31/2026 10:34
BTAX-042122-10-2025,LUKE FRANKEL,LOCAL BOYS AUTO SALES LLC     ,,1,Inside City Limits,441120,Auto-Used Car Dealer,5417616168,4/6/2015 0:00,23C46E2E-B602-4E92-A7EF-13C4EDC1D373,414,F,,NE,ST,, ,GRANTS PASS,OR,97526,PO BOX 1618,,,,,,,GRANTS PASS,OR,97528,10/24/2025 10:12,10/31/2026 10:12
BTAX-042124-10-2025,GREG & BRANDIE CHANDLER,GRANTS PASS FLORIST AND GIFTS LLC,,4,Inside City Limits,459310,Florist,5416601468,9/14/2022 0:00,1666ed7a-7605-455f-8ee8-dc05c4ab6aeb,632,6TH,,SW,ST,, ,GRANTS PASS,OR,97526,402,SIERRA LODGE,,,,,,GRANTS PASS,OR,97526,10/24/2025 14:11,10/31/2026 14:11
BTAX-042126-10-2025,DAN HARTWELL,HARTWELL FARMS,HARTWELL FARMS MICROGREENS,1,Inside City Limits,445230,Food-Fruits & Vegetables Market,5412189065,7/8/2019 0:00,6ddc45c9-5e7f-4a1c-b3fa-10d725af7ab1,,,,,,,,,,,1314,ISHAM,,SW,ST,,,GRANTS PASS,OR,97526,10/24/2025 15:05,9/30/2026 15:05
BTAX-042127-10-2025,PEDRO MARTINEZ,LOPEZ MAINTENANCE,,1,Inside City Limits,541320,Landscaping Services,5412265815,3/20/2020 0:00,81063c56-a4d4-4e90-b477-de959375959b,,,,,,,,,,,1202,K,,SW,ST,,,GRANTS PASS,OR,97526,10/24/2025 16:18,10/31/2026 16:18
BTAX-042128-10-2025,,ROGUE VALLEY PROPERTY MGMT & REAL ESTATE SERVICES INC,,3,Inside City Limits,531311,Property Management,5419557300,8/17/2009 0:00,C59AAD26-A606-447D-ADFD-0E59E58CD1F0,131,B,,NE,ST,, ,GRANTS PASS,OR,97526,131,B,,NE,ST,,,GRANTS PASS,OR,97526,10/28/2025 8:34,10/31/2026 8:34
BTAX-042131-10-2025,MARC  BOUSSAT,MARC BOUSSAT PICTURES         ,,1,Inside City Limits,541921,Photography,5414766245,2/4/2009 0:00,313EB50D-AF77-4C8C-B807-8F449BC68804,,,,,,,,,,,1910,SARATOGA ,,,WAY,,,GRANTS PASS,OR,97526,10/28/2025 14:20,10/31/2026 14:20
BTAX-042134-10-2025,JAMES MONTGOMERY,KINGS LANDSCAPE MAINTENANCE AND PROPERTY SERVICES,,1,Inside City Limits,541320,Landscaping Services,5414416700,5/15/2019 0:00,343b14d0-8f17-41a0-9df7-dfca3c31be45,,,,,,,,,,,1731,MEDART,,,LN,,,GRANTS PASS,OR,97527,10/29/2025 10:50,10/31/2026 10:50
BTAX-042136-10-2025,REBECCA  LORANG,REBECCA LORANG CHT           ,,1,Inside City Limits,621112,Medical-Mental Health Specialist,5416592170,11/1/2015 0:00,0548C3C0-4E1C-471B-967A-A8946A1B7E44,777,7TH,,NE,ST,,207,GRANTS PASS,OR,97526,777,7TH,,NE,ST,,207,GRANTS PASS,OR,97526,10/29/2025 11:12,10/31/2026 11:12
BTAX-042137-10-2025,BRIAN BOGGS,BOGGS ELECTRIC LLC          ,,3,Inside City Limits,238210,Contractor-Electrical,5414417900,3/17/2003 0:00,D3DD0F6E-639E-40A8-9E60-60B04E1FA123,1174,10TH,,NE,ST,, ,GRANTS PASS,OR,97526,233,ROGUE RIVER,,,HWY,,#702,GRANTS PASS,OR,97526,10/29/2025 11:19,10/31/2026 11:19
BTAX-042138-10-2025,KHAMSAEN  SETTHAPHONG,BAN MAI THAI CUISINE         ,,5,Inside City Limits,722511,Restaurant,5414762578,3/1/2015 0:00,3CDA0AAA-CC41-4725-9C89-BC706E5BCE44,1887,7TH,,NE,ST,,,GRANTS PASS,OR,97526,1887,7TH ,,NE,ST,,,GRANTS PASS,OR,97526,10/29/2025 11:21,10/31/2026 11:21
BTAX-042139-10-2025,JODI  HAINES,MA MOSA'S LLC                 ,MA MOSA'S,14,Inside City Limits,722511,Restaurant,5414790236,4/14/2012 0:00,DF23CE78-031F-4EA5-B44B-0E8CC50AFFC5,118,E,,NW,ST,, ,GRANTS PASS,OR,97526,118,E,,NW,ST,,,GRANTS PASS,OR,97526,10/29/2025 11:24,10/31/2026 11:24
BTAX-042140-10-2025,PATRICIA SHANOR,VAN OLPTON SHOES              ,,1,Inside City Limits,458210,Retail-Shoes,5414760321,1/20/2009 0:00,A4A9F273-5658-49F9-AB52-DC045565F48C,231,6TH,,SE,ST,,,GRANTS PASS,OR,97526,231,6TH,,SE,ST,,,GRANTS PASS,OR,97526,10/29/2025 11:27,10/31/2026 11:27
BTAX-042143-10-2025,ZACHARY  HINKLE,Z'S T'S                       ,,1,Inside City Limits,458310,Retail-Clothing & Accessories,5417616562,7/22/2010 0:00,63506F9D-33FF-47B4-B6EA-AA4F20C70AB6,,,,,,,,,,,1211,OAK,,SW,ST,, ,GRANTS PASS,OR,97526,10/29/2025 12:01,10/31/2026 12:01
BTAX-042144-10-2025,,THE TWISTED CORK              ,,16,Inside City Limits,722511,Restaurant,5417613695,10/1/2011 0:00,72CE8D6A-4257-4118-916E-E26D51B0F69B,210,6TH,,SW,ST,,,GRANTS PASS,OR,97526,210,6TH,,SW,ST,,,GRANTS PASS,OR,97526,10/29/2025 12:07,10/31/2026 12:07
BTAX-042148-10-2025,BRANDAN & BARBARA  CONOVER,QUILTING CIRCLE,,1,Inside City Limits,999999,Crafts & Hobbies,5414799715,8/1/2020 0:00,4673ebb5-37eb-4ee2-9608-0217692ec059,980,6TH,,SW,ST,,STE 11,GRANTS PASS,OR,97526,2179,INDUSTRY,,NE,DR,,STE 6,GRANTS PASS,OR,97526,10/29/2025 12:34,10/31/2026 12:34
BTAX-042149-10-2025,DUSTIN  MEYERS,RR MYERS LLC                  ,THE VINE RESTAURANT,9,Inside City Limits,722511,Restaurant,5414798463,3/30/2015 0:00,6CD37053-1C7A-4EC7-B255-0BD9F09AF0CA,,,,,,,,,,,1610,ALLEN CREEK,,,RD,,#111,GRANTS PASS,OR,97527,10/29/2025 12:38,10/31/2026 12:38
BTAX-042150-10-2025,EDWARD & DENISE  WELCH,GRANTS PASS CHIROPRACTIC CLINIC PC,,4,Inside City Limits,621310,Medical-Chiropractor,5414791982,5/15/2005 0:00,F04F100D-A6B1-407F-A777-2A4E9EBD30FF,1103,7TH,,NE,ST,, ,GRANTS PASS,OR,97526,1103,7TH,,NE,ST,,,GRANTS PASS,OR,97526,10/29/2025 12:40,10/31/2026 12:40
BTAX-042151-10-2025,ROBERT  HAMLYN,HELLGATE JETBOAT EXCURSIONS   ,,30,Inside City Limits,561520,Tour Operator,5414797204,10/18/2010 0:00,E9CD1112-4F88-4E2B-9E49-4A00DD28A04F,966,6TH,,SW,ST,, ,GRANTS PASS,OR,97526,966,6TH,,SW,ST,,,GRANTS PASS,OR,97526,10/29/2025 12:42,10/31/2026 12:42
BTAX-042152-10-2025,ADAM HOWELL,A & S CONSTRUCTION & FENCING LLC,,1,Inside City Limits,238190,Contractor-General/Building Exterior,5414416540,10/12/2018 0:00,172c992a-bc8e-423b-b478-b554598ef601,,,,,,,,,,,5000,REDWOOD,, ,AVE,, ,GRANTS PASS,OR,97527,10/29/2025 13:13,10/31/2026 13:13
BTAX-042154-10-2025,TRAVIS HAMLYN,"BLUEEARTH MARINE, LLC",,30,Inside City Limits,441222,Retail-Misc Direct Selling Establishment,5417792545,8/19/2019 0:00,53a29a5b-d0f2-4177-8424-f6168d9a1c1e,966,6TH,,SW,ST,,,GRANTS PASS,OR,97526,966,6TH,,SW,ST,,,GRANTS PASS,OR,97526,10/29/2025 14:32,10/31/2026 14:32
BTAX-042155-10-2025,ADAM L  HENDY,ACTIVE SPORTS & FAMILY CHIROPRACTIC,,9,Inside City Limits,621310,Medical-Chiropractor,5414760662,1/14/2008 0:00,101B6FAE-913A-4D41-A266-9F9669290449,1529,F,,NE,ST,,,GRANTS PASS,OR,97526,1529,F,,NE,ST,,,GRANTS PASS,OR,97526,10/29/2025 14:35,10/31/2026 14:35
BTAX-042156-10-2025,FRANKLIN PRICE,"BLACK BEER, LLC.",,2,Inside City Limits,551114,"Managing, Corporate & Subsidiary Offices",5414761387,9/6/2019 0:00,c69fa16b-299f-470a-b060-977c250292cd,901,E,,NW,ST,, ,GRANTS PASS,OR,97526,901,E,,NW,ST,,,GRANTS PASS,OR,97526,10/29/2025 14:49,10/31/2026 14:49
BTAX-042157-10-2025,LLOYD  GEURIN,LLOYD'S QUALITY LANDSCAPE & MAINTENANCE,,3,Inside City Limits,561730,Yard Services,5414745656,1/30/2009 0:00,50EC68F2-6CA1-49E2-BA0E-30C1DB3A8078,4888,JEROME PRAIRIE ,,,RD,, ,GRANTS PASS,OR,97527,233,ROGUE RIVER,,,HWY,,#1254,GRANTS PASS,OR,97527,10/29/2025 14:52,10/31/2026 14:52
BTAX-042160-10-2025,MARK GROVES,ON THE MARK PROPERTY INSPECTION,,1,Inside City Limits,541350,Building Inspection Services,5413733844,10/12/2015 0:00,A6E65484-FFD9-4759-A0F2-78403E21FCD0,7310,APPLEGATE,,N,RD,,,GRANTS PASS,OR,97527,7310,APPLEGATE,,N,RD,,,GRANTS PASS,OR,97527,10/30/2025 11:48,10/31/2026 11:48
BTAX-042162-10-2025,NATHAN JUNKIN,REVER GRAND LLC,,73,Inside City Limits,621610,Medical-Home Health Care Services,5415075337,1/24/2017 0:00,2ab04473-66f0-4e28-b98e-4da14801d6a8,1551 & 1553,F,,NE,ST,,,GRANTS PASS,OR,97526,1553,F,,NE,ST,,,GRANTS PASS,OR,97526,10/30/2025 12:01,10/31/2026 12:01
BTAX-042166-10-2025,KATE  PELL,CHEE CORPORATION,SUNSHINE NATURAL FOODS,7,Inside City Limits,456191,Retail-Health Food & Supplements,5414745044,3/3/1990 0:00,2A6FD918-438D-40E8-AD4C-A4E548DB67E6,128,H,,SW,ST,, ,GRANTS PASS,OR,97526,128,H,,SW,ST,,,GRANTS PASS,OR,97526,10/30/2025 16:19,10/31/2026 16:19
BTAX-042167-10-2025,LEWIS  CROWNOVER,SOUND OF THE HARVEST MUSIC    ,,1,Inside City Limits,459140,Retail-Music/Instruments & Supplies,5412183002,7/15/1996 0:00,46BB4B05-E428-4E7E-A163-22047CEF4C44,1032,REGENT,,NW,DR,, ,GRANTS PASS,OR,97526,1032,REGENT ,,NW,DR,,,GRANTS PASS,OR,97526,10/31/2025 9:09,10/31/2026 9:09
BTAX-042171-10-2025,,R.D. YOUNGMON CONSTRUCTION    ,,2,Inside City Limits,238190,Contractor-General/Building Exterior,5416603945,8/5/2009 0:00,A085CD12-86E5-45A8-85D3-2EA820D1C141,2700,LEONARD,, ,RD,, ,GRANTS PASS,OR,97527,2700,LEONARD,,,RD,,,GRANTS PASS,OR,97527,10/31/2025 9:57,10/31/2026 9:57
BTAX-042173-10-2025,JOSE  FLORES,TAQUERIA MEXICO               ,,10,Inside City Limits,722511,Restaurant,5419569254,6/13/1995 0:00,7BBB431C-6423-4C48-9696-23D4E27012A9,137,H,,SE,ST,, ,GRANTS PASS,OR,97526,137,H,,SE,ST,,,GRANTS PASS,OR,97526,10/31/2025 10:40,10/31/2026 10:40
BTAX-042175-10-2025,BRUCE & BARBEL  DONOVAN,B-N-B CONSTRUCTION LLC        ,,2,Inside City Limits,238190,Contractor-General/Building Exterior,5412185454,7/1/2007 0:00,ADA224EA-A1DE-4BE2-8F71-16EAFE48030B,8874,WILLIAMS,, ,HWY,, ,GRANTS PASS,OR,97527,8874,WILLIAMS HWY     ,,,HWY,,,GRANTS PASS,OR,97527,10/31/2025 10:46,10/31/2026 10:46
BTAX-042178-10-2025,FRED WILSON,SOUTHERN OREGON CUSTOMS LLC,,4,Inside City Limits,811121,"Auto-Body, Paint & Interior",5419443538,8/18/2016 0:00,890eb55f-5955-470c-9aa1-98a8d576c8a6,1259,ROGUE RIVER,,,HWY,,C,GRANTS PASS,OR,97527,1259,ROGUE RIVER,,,HWY,,#C,GRANTS PASS,OR,97527,10/31/2025 11:36,10/31/2026 11:36
BTAX-042181-10-2025,JAMES L & KRYSTAL D  ARNETTE,VIDEO WORLD                   ,,2,Inside City Limits,532282,Movie Rentals,5414718888,3/16/1990 0:00,66712D1E-0CA7-4574-A201-17E88730B17A,942,6TH,,SW,ST,,,GRANTS PASS,OR,97526,942-A,6TH,,SW,ST,,,GRANTS PASS,OR,97526,10/31/2025 12:16,10/31/2026 12:16
BTAX-042182-10-2025,TIMOTHY R  ARNETTE,GAME SWAP,,5,Inside City Limits,423920,"Retail-Hobbies, Toys & Games ",5414719537,4/13/2004 0:00,BACB3686-2ADD-4258-B2FF-50E96AA0E965,942,6TH,,SW,ST,,,GRANTS PASS,OR,97526,2599,WILLIAMS,,,HWY,,,GRANTS PASS,OR,97527,10/31/2025 12:18,10/31/2026 12:18
BTAX-042183-10-2025,,REGENCY CARE OF ROGUE VALLEY,,130,Inside City Limits,624190,Social Svcs-Individual & Family Svcs,5414792606,2/3/2004 0:00,427766BE-55A3-4720-88F8-7CB0EB320A35,1710,FAIRVIEW,,NE,AVE,, ,GRANTS PASS,OR,97526,1710,FAIRVIEW ,,NE,AVE,,,GRANTS PASS,OR,97526,10/31/2025 12:29,10/31/2026 12:29
BTAX-042196-11-2025,CALVIN LEWIS,CLARITY WINDOW WASHING,,3,Inside City Limits,561720,Cleaning Service,5416591100,11/19/2020 0:00,0ec8e31e-1385-4fee-b62e-cf4c836fbafa,,,,,,,,,,,510,PINNON,,,RD,,,GRANTS PASS,OR,97526,11/4/2025 9:56,11/30/2026 9:56
BTAX-042206-11-2025,JASON VERNER,ROGUE VALLEY FINISHED PRODUCTS    ,,3,Inside City Limits,238190,Welding/Fabrication,5414762568,9/28/2005 0:00,CDD62119-5BA9-4F6D-992B-62CA562CBEBD,530,F,,NW,ST,, ,GRANTS PASS,OR,97526,530,F,,NW,ST,,,GRANTS PASS,OR,97526,11/4/2025 11:09,10/31/2026 11:09
BTAX-042208-11-2025,D KEITH  COLEMAN,"COLEMAN, D KEITH              ",,1,Outside City Limits,531110,Rental Units/Landlord,5414798069,1/1/1997 0:00,AAB8F676-E97F-496C-8BD4-A3E2D364A268,,,,,,,,,,,2755,FAVILL LN     ,,,,,,GRANTS PASS,OR,97526,11/4/2025 11:14,11/30/2026 11:14
BTAX-042209-11-2025,ALEX  NELSON,RIVER CITY MAINTENANCE        ,,2,Outside City Limits,541320,Landscaping Services,5412183748,4/28/2008 0:00,D6C93D15-55E6-4E80-B5D3-375062FCEF8F,,,,,,,,,,,2488,ELK,,,LN,,,GRANTS PASS,OR,97527,11/4/2025 11:17,10/31/2026 11:17
BTAX-042210-11-2025,JOHN MANN,TIMELESS PIECES CLOCK REPAIR,,1,Inside City Limits,811490,"Watch, Clock, Jewelry Repair",5412262785,1/1/2023 0:00,b4291a8d-1206-4df8-a68e-149a9710cf59,810,DELSIE,,,DR,,,GRANTS PASS,OR,97527,810,DELSIE,,,DR,,,GRANTS PASS,OR,97527,11/4/2025 11:20,11/30/2026 11:20
BTAX-042214-11-2025,GEOFFREY HENDRIX,H2 PRINTING AND GRAPHICS LLC,,2,Outside City Limits,323111,Printing-Commercial,7079535882,11/1/2023 0:00,fb8fbd73-acd9-4a0e-b050-e7e426f0b9b7,1457,GRANITE HILL,,,RD,,,GRANTS PASS,OR,97526,1457,GRANITE HILL,,,RD,,,GRANTS PASS,OR,97526,11/20/2025 16:09,11/30/2026 16:09
BTAX-042215-11-2025,HEATH LOVE,"BRASS KNUCKLES & MORE, LLC",,1,Inside City Limits,455219,Retail-General Merchandise ,4582290646,10/16/2018 0:00,48821ce9-f392-4a24-9411-853b7dc29304,1720,REDWOOD,,,AVE,,SUITE D,GRANTS PASS,OR,97527,1720,REDWOOD,,,AVE,,SUITE D,GRANTS PASS,OR,97527,11/5/2025 11:19,11/30/2026 11:19
BTAX-042216-11-2025,MICHAEL L  TRIPP,CONDOR MANAGEMENT CORP,,6,Inside City Limits,531110,Rental Units/Landlord,5414714485,2/25/2002 0:00,FF4CCCE8-2291-4432-8FD3-1E449B957F7A,1215,7TH,,NE,ST,, ,GRANTS PASS,OR,97526,1215,7TH ,,NE,ST,,SUITE E,GRANTS PASS,OR,97526,11/5/2025 11:22,11/30/2026 11:22
BTAX-042219-11-2025,RAJU SHRESTHA & PUSPA SHRESTHA,R & S MARKET LLC,REDWOOD SMOKE SHOP,2,Inside City Limits,459991,Retail-Tobacco Store,7075086406,10/18/2018 0:00,8b5a0842-b05b-41a9-90ae-92151fdfd385,1720,REDWOOD,,,AVE,,STE C,GRANTS PASS,OR,97527,1720,REDWOOD ,,,AVE,,A,GRANTS PASS,OR,97527,11/5/2025 15:43,11/30/2026 15:43
BTAX-042220-11-2025,RAJU SHRESTHA,"R & R COMPANY, LLC",C & D MARKET AND DELI,6,Inside City Limits,445131,All Other Miscellaneous Store Retailers (Except Tobacco Stores),,12/15/2020 0:00,4fe67978-f030-44bb-939d-d3b6682c3055,1309,G,,SW,ST,, ,GRANTS PASS,OR,97526,1720,REDWOOD,,,AVE,,STE A,GRANTS PASS,OR,97527,11/5/2025 15:47,11/30/2026 15:47
BTAX-042221-11-2025,MILES & MEGGAN MARTIN,PAPA MURPHYS TAKE AND BAKE,,23,Inside City Limits,722511,Restaurant,5416607143,11/21/2022 0:00,f8649fe5-628f-4d83-9efd-f9612c176d35,263,ROGUE RIVER,, ,HWY,, ,GRANTS PASS,OR,97527,216,PYLE,,,DR,,,GRANTS PASS,OR,97527,11/6/2025 10:45,11/30/2026 10:45
BTAX-042222-11-2025,MILES & MEGGAN MARTIN,PAPA MURPHYS TAKE AND BAKE,,18,Inside City Limits,722511,Restaurant,5416607143,11/21/2022 0:00,9811de7f-9616-443b-8e8d-f2b5343c50f7,1011,7TH,,NE,ST,, ,GRANTS PASS,OR,97526,216,PYLE,,,DR,,,GRANTS PASS,OR,97527,11/6/2025 10:48,11/30/2026 10:48
BTAX-042224-11-2025,JILL QUIGLEY,QUIGLEY'S RIVER PASS,,2,Inside City Limits,531110,Rental Units/Landlord,4086469027,11/13/2020 0:00,8499745f-92b7-4067-9e6f-70e25c1851d2,1272,PARK,,S,DR,, ,GRANTS PASS,OR,97527,1272,PARK,,S,DR,,,GRANTS PASS,OR,97527,11/6/2025 12:09,11/30/2026 12:09
BTAX-042225-11-2025,LISA GUELDNER,TJ GUELDNER YARD MAINTENANCE,,2,Inside City Limits,561730,Yard Services,5412265354,10/1/2021 0:00,a7b9a47e-fd79-48e2-8608-d1c3aea66b35,,,,,,,,,,,1026,LEE ROZE,,,LN,,,GRANTS PASS,OR,97527,11/6/2025 12:12,11/30/2026 12:12
BTAX-042228-11-2025,JON CONNER,THE HAUL LLC                  ,,17,Inside City Limits,722511,Restaurant,5414744991,7/1/2014 0:00,1F227CE2-72C2-472C-B3D5-BE948CBB121E,121,H,,SW,ST,,,GRANTS PASS,OR,97526,121,H,,SW,ST,,,GRANTS PASS,OR,97526,11/6/2025 16:03,11/30/2026 16:03
BTAX-042229-11-2025,WEYLIN  LUCORE,SUPERIOR COATINGS LLC         ,,3,Outside City Limits,238320,Painting & Wall Covering,5414765731,4/1/2006 0:00,D137E32A-56AB-4795-B397-332DA8DC44C6,1409,ROGUE RIVER,,,HWY,,,GRANTS PASS,OR,97527,PO BOX,655,,,,,,GRANTS PASS,OR,97528,11/6/2025 16:05,11/30/2026 16:05
BTAX-042230-11-2025,KEENA  SELF,BLACK OAK ADULT FOSTER CARE   ,,4,Inside City Limits,623110,Medical-Nursing Care Facility,5419556063,8/10/2009 0:00,ED714EE0-6258-47A8-9308-A7088BEBDB22,1031,MORGAN,,NW,LN,, ,GRANTS PASS,OR,97526,1031,MORGAN LN     ,,NW,LN,,,GRANTS PASS,OR,97526,11/7/2025 9:04,11/30/2026 9:04
BTAX-042234-11-2025,COLBY DAVIS,LEANING PINE GENERAL CONTRACTING,,1,Inside City Limits,238190,Contractor-General/Building Exterior,5416601767,6/1/2023 0:00,102dc835-a1d0-4ae8-af29-704c7e7ac85d,,,,,,,,,,,7400,MONUMENT,,,DR,,,GRANTS PASS,OR,97526,11/7/2025 9:52,11/30/2026 9:52
BTAX-042235-11-2025,TERALL & RUTH BLALOCK,JIMMY'S CLASSIC DRIVE IN,,9,Inside City Limits,722511,Restaurant,5414793850,11/17/2021 0:00,3f3c2236-87d6-4d89-9cf2-1e40c5f88d7c,515,E,,NE,ST,,,GRANTS PASS,OR,97526,531,E,,NE,ST,,SUITE E,GRANTS PASS,OR,97526,11/7/2025 10:03,11/30/2026 10:03
BTAX-042238-11-2025,,BLACK FOREST RESTAURANT LLC   ,,11,Inside City Limits,722511,Restaurant,5412441845,11/27/2001 0:00,478808AA-CDB3-4C11-B5C2-C9EC9F67DF25,820,E,,NE,ST,,,GRANTS PASS,OR,97526,820,E,,NE,ST,,,GRANTS PASS,OR,97526,11/7/2025 11:04,11/30/2026 11:04
BTAX-042242-11-2025,MARK  RAPLEY,RAPLEY MOTORSPORTS            ,,2,Inside City Limits,811111,Auto-General Repair,5414711732,3/1/2006 0:00,74117B8B-E500-43F2-B080-88496D98B35C,428,5TH,,SW,ST,, ,GRANTS PASS,OR,97526,428,5TH,,SW,ST,,,GRANTS PASS,OR,97526,11/7/2025 15:58,11/30/2026 15:58
BTAX-042244-11-2025,,JASON DEAN CONSTRUCTION LLC  ,,1,Inside City Limits,238190,Contractor-General/Building Exterior,5416602271,4/29/1996 0:00,047D40D5-9784-44D8-B63A-BCA5D3C6155F,965,9TH,,NE,ST,, ,GRANTS PASS,OR,97526,965,9TH,,NE,ST,,,GRANTS PASS,OR,97526,11/10/2025 10:25,10/31/2026 10:25
BTAX-042245-11-2025,JOSHUA RODRIGUEZ,SALVADOR R PAINTING,,4,Inside City Limits,238320,Painting & Wall Covering,5416597934,11/18/2021 0:00,679e0aa3-feec-47b7-b3ae-33ab12e26015,,,,,,,,,,,2395,REDWOOD,,,AVE,,SPC 94,GRANTS PASS,OR,97527,11/10/2025 10:28,11/30/2026 10:28
BTAX-042246-11-2025,MELISSA  ESTES,SERENDIPITY STUDIO LLC,,8,Inside City Limits,812112,Beauty Salon,5414940101,4/15/2012 0:00,4EF1A100-371C-4ED7-AD81-403079B845C5,205,5TH,,SW,ST,,,GRANTS PASS,OR,97526,205,5TH,,SW,ST,,,GRANTS PASS,OR,97526,11/10/2025 10:33,10/31/2026 10:33
BTAX-042248-11-2025,JEFFREY  WILLIAMS,VALLEY IMMEDIATE CARE LLC    ,,18,Inside City Limits,621111,Medical-Physician,5414791090,6/13/2007 0:00,22BD2BE8-62B6-4F40-A0DC-1E5A8C478C54,162,BEACON,,NE,DR,,SUITE 103,GRANTS PASS,OR,97526,162,BEACON,,NE,DR,,SUITE 103,GRANTS PASS,OR,97526,11/10/2025 10:44,11/30/2026 10:44
BTAX-042252-11-2025,,INDOOR AIRMAN HOME PERFORMANCE ENERGY CONSERVATION SPECIALISTS,,6,Outside City Limits,238220,Contractor-HVAC Services,5412953204,5/11/2010 0:00,BF8431D5-FDA8-4CCD-9CE3-F5FB3032D24F,,,,,,,,,,,2959,NEW HOPE,,NE,RD,,,GRANTS PASS,OR,97527,11/10/2025 11:02,11/30/2026 11:02
BTAX-042254-11-2025,,LOGAN DESIGN INC              ,,8,Inside City Limits,238990,Sign Installation/Painting,5414747127,4/1/1995 0:00,B6737FAF-8B61-4565-8872-51B958FCD545,707,7TH,,SE,ST,,,GRANTS PASS,OR,97526,707,7TH,,SE,ST,,,GRANTS PASS,OR,97526,11/10/2025 11:12,11/30/2026 11:12
BTAX-042255-11-2025,,RICK EVANS INTERIORS LLC     ,,2,Inside City Limits,238190,Contractor-General/Building Exterior,5416591681,3/1/1994 0:00,B747023E-9786-46EC-A1E5-4CD996DD3149,2032,HAMILTON,,,LN,,,GRANTS PASS,OR,97527,2032,HAMILTON,,,LN,,,GRANTS PASS,OR,97527,11/10/2025 11:18,11/30/2026 11:18
BTAX-042256-11-2025,Howard  Van Cleave,HOWARDS HANDYMAN,,1,Inside City Limits,236220,Handyman,5417611532,11/25/2019 0:00,28fdfa0c-162a-4abe-a8da-7226247521fc,,,,,,,,,,,1123,IRONWOOD ,,SW,DR,,,GRANTS PASS,OR,97526,11/10/2025 11:23,11/30/2026 11:23
BTAX-042258-11-2025,TINA PACHECO,PACHECO WATER TRUCKS        ,,2,Outside City Limits,484110,Transportation-Trucking (Local),5412950662,5/2/1996 0:00,1775ADA3-0128-4BD7-BA94-5988E9F66411,,,,,,,,,,,1650,SOLDIER CREEK,,,RD,,,GRANTS PASS,OR,97526,11/10/2025 11:31,11/30/2026 11:31
BTAX-042259-11-2025,TAMARA POWELL,ACCESS FAMILY MEDICINE DPC,,1,Inside City Limits,621111,Medical-Physician,5414509359,11/1/2020 0:00,6067eb5f-46b7-4de8-bd3d-88577bdb65fe,1201,7TH,,NE,ST,,C,GRANTS PASS,OR,97526,1201,7TH,,NE,ST,,STE C,GRANTS PASS,OR,97526,11/10/2025 11:36,11/30/2026 11:36
BTAX-042260-11-2025,,JON HUGHES CONSTRUCTION       ,,1,Inside City Limits,238190,Contractor-General/Building Exterior,5416607805,6/11/1992 0:00,E2E892A7-8A94-426C-9B16-2E1172DA2340,899,GLADIOLA,,SE,DR,, ,GRANTS PASS,OR,97526,899,GLADIOLA,,SE,DR,,,GRANTS PASS,OR,97526,11/10/2025 11:39,10/31/2026 11:39
BTAX-042261-11-2025,BOB HENRY,TAHITI TANS LLC               ,,2,Inside City Limits,812112,Beauty Salon,5414798267,4/1/2005 0:00,9CB697C4-61DA-4DAF-AA97-E67C31B05A9F,1607,WILLIAMS,, ,HWY,,3B,GRANTS PASS,OR,97527,1607,WILLIAMS HWY,,,HWY,,3B,GRANTS PASS,OR,97527,11/10/2025 11:43,10/31/2026 11:43
BTAX-042262-11-2025,GARY  COWIE,ROGUE VALLEY MARBLE & GRANITE LLC,,5,Inside City Limits,339999,Manufacturing-Misc Manufacturing,5414744319,2/1/1989 0:00,E91716A8-0256-4FD2-86C0-D5A05C1BB1CB,2375,FOOTHILL,, ,BLVD,, ,GRANTS PASS,OR,97526,2375,FOOTHILL ,,,BLVD,,,GRANTS PASS,OR,97526,11/10/2025 11:50,11/30/2026 11:50
BTAX-042265-11-2025,,YORK ELECTRIC                 ,,3,Outside City Limits,238210,Contractor-Electrical,5416602793,5/12/1999 0:00,31B3C16B-BC6E-4238-A9A3-9A7B5D35EB7D,,,,,,,,,,,1528,SCHUTZWOHL,,,LN,,,GRANTS PASS,OR,97527,11/10/2025 12:11,11/30/2026 12:11
BTAX-042266-11-2025,LISA  CALLAHAN,LISA CALLAHAN CPNP            ,,5,Inside City Limits,621111,Medical-Physician,5414720021,3/1/2000 0:00,5C8F762A-4632-4EF6-B2EF-7422DBA02B9B,1601,6TH,,NE,ST,, ,GRANTS PASS,OR,97526,1601,6TH ,,NE,ST,,,GRANTS PASS,OR,97526,11/10/2025 12:14,10/31/2026 12:14
BTAX-042267-11-2025,BEN EWING,ROGUE ENGINEERING CORP,ROGUE RIVER ENGINEERING,2,Inside City Limits,541330,Engineering Services,5412107959,11/1/2023 0:00,35f410f8-f1de-422f-a951-7bebc8fdd5e9,1566,DOWELL,,,RD,,SUITE A,GRANTS PASS,OR,97527,560,F,,NE,ST,,STE A129,GRANTS PASS,OR,97526,11/10/2025 12:16,11/30/2026 12:16
BTAX-042268-11-2025,,JD'S SPORTS PUB LLC           ,,9,Inside City Limits,722511,Restaurant,5414710383,12/15/1992 0:00,C33C51DB-FBDD-4B5B-ADD2-7FCD978CD1D4,690,REDWOOD,, ,HWY,, ,GRANTS PASS,OR,97527,690,REDWOOD,,,HWY,,,GRANTS PASS,OR,97527,11/10/2025 12:20,11/30/2026 12:20
BTAX-042269-11-2025,DONALD SAXON,SAXON ENTERPRISES             ,SAXON PAINTING,3,Outside City Limits,238320,Painting & Wall Covering,5416603177,7/31/2014 0:00,700450A2-E7F8-4CE2-AAC3-9699D45A1471,,,,,,,,,,,2830,ACRES,,,RD,,,GRANTS PASS,OR,97527,11/10/2025 12:27,11/30/2026 12:27
BTAX-042270-11-2025,ALAN ANDERSON,TRUE NORTH CARPET CARE,,2,Inside City Limits,561740,Carpet & Upholstery Cleaning,5416607195,11/8/2023 0:00,5e3fca11-ae0b-4a40-b54d-bd849a69ecd3,1417,HERITAGE,,NE,DR,,,GRANTS PASS,OR,97526,1417,HERITAGE,,NE,DR,,,GRANTS PASS,OR,97526,11/10/2025 12:29,11/30/2026 12:29
BTAX-042272-11-2025,MICHAEL  DELAGRANGE,INSURANCE LOUNGE LLC ,,16,Inside City Limits,52411,"Direct Life, Health, and Insurance",5412002222,1/1/2012 0:00,19183E31-1493-4F8F-A673-F89C171E417C,1221,7TH,,NE,ST,, ,GRANTS PASS,OR,97526,1221,7TH,,NE,ST,, ,GRANTS PASS,OR,97526,11/10/2025 13:01,11/30/2026 13:01
BTAX-042273-11-2025,MELINDA  PETERSON,REAL ESTATE CAFE LLC          ,,1,Inside City Limits,531210,Real Estate Agents/Brokers,5416591620,1/26/2009 0:00,8FAFEC8A-A051-47AD-9E7D-3BC841068EFD,243,C,,NE,ST,, ,GRANTS PASS,OR,97526,PO BOX 37,,,,,,,GRANTS PASS,OR,97528,11/12/2025 8:32,11/30/2026 8:32
BTAX-042275-11-2025,VICTORIA JURCA,"SEVEN STARS INVESTMENT GROUP, LLC",,2,Inside City Limits,523999,Finance-Investment Activities,5413739120,11/18/2022 0:00,6cee74a7-5272-4c34-b0ca-8c5396038d61,,,,,,,,,,,500,EWE CREEK,,,RD,,,GRANTS PASS,OR,97526,11/12/2025 11:11,11/30/2026 11:11
BTAX-042278-11-2025,BEVERLY  SCHMIDT,BEVERLY SCHMIDT RENTALS        ,,1,Outside City Limits,531110,Rental Units/Landlord,5418467547,4/20/1994 0:00,C90B3E38-1A49-478F-B539-1A49623D5745,,,,,,,,,,,PO BOX 637,,,,,,,GRANTS PASS,OR,97528,11/13/2025 11:48,11/30/2026 11:48
BTAX-042279-11-2025,GABE O'DRISCOLL,THREESONS LLC,LULU'S FOR THE LOVE OF FOOD,13,Inside City Limits,722511,Restaurant,,8/24/2021 0:00,0d06488e-cadf-4c28-b7f0-cd0f323fc913,237,G,,SW,ST,, ,GRANTS PASS,OR,97526,8833,APPLEGATE,,N,RD,,,GRANTS PASS,OR,97527,11/13/2025 12:04,11/30/2026 12:04
BTAX-042280-11-2025,MICHAEL  BYRNE,MICHAEL BYRNE RENTALS         ,,1,Inside City Limits,531110,Rental Units/Landlord,5416590897,5/1/1992 0:00,6C7EA0EC-2FB0-4119-8D6B-76581961322E,302 & 306,D,,NE,ST,, ,GRANTS PASS,OR,97526,PO BOX 595,,,,,,,GRANTS PASS,OR,97528,11/13/2025 12:12,11/30/2026 12:12
BTAX-042284-11-2025,,HOME AWAY FROM HOME PET SPA   ,,23,Inside City Limits,812910,Pet Care Services,5414718775,12/13/1997 0:00,B1744F35-837D-44E8-A86F-63B3B81EF2A3,100,MILL,,NE,ST,, ,GRANTS PASS,OR,97526,100,MILL,,NE,ST,,,GRANTS PASS,OR,97526,11/14/2025 9:48,11/30/2026 9:48
BTAX-042285-11-2025,MARLA GOLDSBY,IT'S A WRAP!,,1,Outside City Limits,561910,Packaging and Labeling Services,5417617193,8/18/2021 0:00,d36d264c-ef0f-4e52-99cb-294002ba1f29,,,,,,,,,,,641,PLUMTREE,,,LN,,,GRANTS PASS,OR,97526,11/14/2025 14:01,11/30/2026 14:01
BTAX-042289-11-2025,MITCHELL JOHNSON,KAR-GLO                       ,,1,Inside City Limits,811192,Retail-General Merchandise ,5414768962,10/21/1991 0:00,83BE48AC-3F18-48E1-AD01-5196C678B188,233,ROGUE RIVER,, ,HWY,,#1125,GRANTS PASS,OR,97527,233,ROGUE RIVER,,,HWY,,#1125,GRANTS PASS,OR,97527,11/17/2025 11:49,11/30/2026 11:49
BTAX-042290-11-2025,Ann Rusk,GRANTS PASS ROTARY CLUB FOUNDATION,,0,Inside City Limits,813410,Organization-Civic/Social,5416603390,8/26/1996 0:00,3e5a4658-be32-411f-a71e-943d4448c3be,595,E,,NE,ST,,,GRANTS PASS,OR,97526,PO BOX 1201,,,,,,,GRANTS PASS,OR,97528,11/17/2025 11:52,11/30/2026 11:52
BTAX-042291-11-2025,CRYSTAL ALLEMAND,"RIVER VALLEY LIFESTYLE LIVING, LLC",UNITED COUNTRY REAL ESTATE,1,Inside City Limits,531210,Real Estate Agents/Brokers,5417612518,10/1/2020 0:00,09671a12-25fe-47d3-97e2-8e854c4d212e,208,6TH,,NW,ST,,8,GRANTS PASS,OR,97526,1630,WILLIAMS,,,HWY,,#384,GRANTS PASS,OR,97527,11/17/2025 12:00,11/30/2026 12:00
BTAX-042293-11-2025,KATRINA KRAUSS ,KATRINA K HOLDINGS LLC,,1,Inside City Limits,238190,Contractor-General/Building Exterior,5412181799,1/18/2018 0:00,549c6a01-0491-40ce-9618-2377b67fd746,200,CORPORATE,,,WAY,,,GRANTS PASS,OR,97526,106,F,,NW,ST,,PMB 418,GRANTS PASS,OR,97526,11/17/2025 15:35,11/30/2026 15:35
BTAX-042295-11-2025,ROBERT WHITE,LIQUID TECHNOLOGIES LLC      ,RIVER WILD BOATS,8,Inside City Limits,339999,Manufacturing-Misc Manufacturing,5419551970,12/7/1998 0:00,0EAE5986-80EE-49E4-954C-861307AE807D,1450,M,,SE,ST,, ,GRANTS PASS,OR,97526,1450,M,,SE,ST,,,GRANTS PASS,OR,97526,11/17/2025 15:47,11/30/2026 15:47
BTAX-042296-11-2025,SANDRA M  SPICKLER,SPICKLER & COMPANY            ,SANDRA SPICKLER RENTALS,1,Outside City Limits,531110,Rental Units/Landlord,5414711951,3/1/1993 0:00,83BF9BE8-1A4D-4E77-A891-94B225F62459,136,CHINOOK PARK,,,LN,,,GRANTS PASS,OR,97527,136,CHINOOK PARK,,,LN,,,GRANTS PASS,,97527,11/17/2025 15:55,11/30/2026 15:55
BTAX-042297-11-2025,,FOX FIREARMS                  ,,2,Inside City Limits,459110,Retail-Gun Dealer,5414791163,2/1/1992 0:00,B7D21857-70A5-46AF-BD26-52C1A3F41E99,525,E,,NE,ST,,,GRANTS PASS,OR,97526,525,E,,NE,ST,,,GRANTS PASS,OR,97526,11/17/2025 15:58,11/30/2026 15:58
BTAX-042298-11-2025,RELLA TAYLOR,RELLA TAYLOR,,1,Inside City Limits,531311,Property Management,5414742014,7/1/1989 0:00,D2ECB459-55FB-4F89-8BF9-92C35205090D,1856,D,,NE,ST,, ,GRANTS PASS,OR,97526,C/O CENTURY 21 HARRIS & TAYLOR,,541 NE E ST,,,,,GRANTS PASS,OR,97526,11/17/2025 16:03,11/30/2026 16:03
BTAX-042300-11-2025,JERRY WATTS,J & S HOMES,,4,Inside City Limits,238190,Contractor-General/Building Exterior,5417611166,11/1/2017 0:00,849fd04f-8df9-4d9e-aa52-eff957a70cb7,,,,,,,,,,,936,PRINCETON,,SW,PL,,,GRANTS PASS,OR,97527,11/17/2025 16:10,11/30/2026 16:10
BTAX-042306-11-2025,BARBARA  BEAN,ATTIC SELF SERVICE STORAGE    ,,2,Inside City Limits,493110,Storage & General Warehousing,5414766808,12/4/2007 0:00,F3C38BDD-2D07-4171-8EF3-AFF51BFA3FD3,1720,REDWOOD,, ,Ave,, ,GRANTS PASS,OR,97527,1720,REDWOOD,,,AVE,,UNIT F,GRANTS PASS,OR,97527,11/18/2025 12:02,11/30/2026 12:02
BTAX-042307-11-2025,HALEY BERRY,HALEY BERRY MASSAGE THERAPY,,1,Inside City Limits,621399,Medical-Massage Therapy,5416609398,8/30/2012 0:00,2897AED4-DEE9-4631-B63D-788D2A4A84C8,598,E,,NE,ST,,B,GRANTS PASS,OR,97526,1145,LOUISE,,SW,CIR,,,GRANTS PASS,OR,97526,11/18/2025 12:11,11/30/2026 12:11
BTAX-042308-11-2025,JAMIE ROBERTSON,JEWEL SKINCARE,,1,Inside City Limits,541990,Professional-Misc,5419416855,2/21/2019 0:00,11c7b903-2b6c-4c17-8f04-b51f88c2c2fb,,,,,,,,,,,405,LIBERTY,,SE,DR,,,GRANTS PASS,OR,97527,11/18/2025 12:14,11/30/2026 12:14
BTAX-042310-11-2025,DARREN S  HUDDLESTON,DARREN S HUDDLESTON DMD PC ,,11,Inside City Limits,621210,Medical-Dentist,5414768788,7/11/1997 0:00,619D134B-5D9E-4227-AE29-FE13E71C4E47,1035,6TH,,NE,ST,,SUITE A,GRANTS PASS,OR,97526,1035,6TH ,,NE,,,SUITE A,GRANTS PASS,OR,97526,11/18/2025 12:24,11/30/2026 12:24
BTAX-042311-11-2025,,BRESLINS TECHNOLOGY SOLUTIONS DBA ROGUE VALLEY SECURITY,ROGUE VALLEY SECURITY,5,Outside City Limits,561621,Security System Services,5416603242,11/9/2022 0:00,183f2c79-1b43-4b75-ab45-6524e032421e,214,8TH,,SE,ST,,,GRANTS PASS,OR,97526,5531,RIVERBANKS,,,RD,,,GRANTS PASS,OR,97527,11/18/2025 12:31,11/30/2026 12:31
BTAX-042315-11-2025,MICHELLE  ROBERTS,THREE RIVERS ADULT FOSTER HOME,,4,Inside City Limits,623312,Medical-Assisted Living Facility/Elderly,5417617093,2/14/2011 0:00,B6FE7D6D-DAC2-47FB-A412-A5A0F33496C4,1422,G,,SW,ST,, ,GRANTS PASS,OR,97526,1422,G ,,SW,ST,,,GRANTS PASS,OR,97526,11/19/2025 9:00,11/30/2026 9:00
BTAX-042316-11-2025,HUGO MENDEZ,GREENER VALLEY LANDSCAPING LLC,,1,Inside City Limits,561730,Yard Services,5416598257,10/1/2021 0:00,68cab5c5-1cb0-448d-b51a-4a41fb7185ae,,,,,,,,,,,2850,RIVER,,S,RD,,,GRANTS PASS,OR,97527,11/19/2025 9:06,11/30/2026 9:06
BTAX-042317-11-2025,RU ZHAO,HONG KONG RESTAURANT SOO LIP,,10,Inside City Limits,722511,Restaurant,5414764244,11/20/2007 0:00,99FE5480-32E6-4D5B-B5F8-72AC29438359,820,6TH,,NW,ST,, ,GRANTS PASS,OR,97526,820,6TH,,NW,ST,,,GRANTS PASS,OR,97526,11/19/2025 9:13,11/30/2026 9:13
BTAX-042318-11-2025,DON GERMAN,VETERANS OF FOREIGN WARS      ,,1,Inside City Limits,813990,Organization-Misc,5417870380,5/1/2008 0:00,74B015FA-C92C-4443-B1BC-1FF5AF2B79AB,610,DOUGLAS,,,DR,, ,GRANTS PASS,OR,97527,PO BOX 686,,,,,,,GRANTS PASS,OR,97528,11/19/2025 9:16,11/30/2026 9:16
BTAX-042319-11-2025,   ,EYE CARE GROUP OF SOUTHERN OREGON LLC,,24,Inside City Limits,621320,Medical-Optometrist,5414764545,10/14/2022 0:00,7bae367f-0240-437b-8f6c-517b3e0a46fa,1022,6TH,,NW,ST,, ,GRANTS PASS,OR,97526,1022,6TH,,NW,ST,,,GRANTS PASS,OR,97526,11/19/2025 9:20,11/30/2026 9:20
BTAX-042323-11-2025,RAFAEL MORA,AGUILAR MORA RESTURANTS LLC,,9,Inside City Limits,722511,Restaurant,5412262483,11/10/2022 0:00,b56ea8f4-3a54-43dd-924a-fb2a7db5bf8f,799,ROGUE RIVER,, ,HWY,, ,GRANTS PASS,OR,97527,799,ROGUE RIVER,,,HWY,,,GRANTS PASS,OR,97527,11/19/2025 14:15,11/30/2026 14:15
BTAX-042324-11-2025,R BRAD  GRAY,LITHIA'S GRANTS PASS AUTO CENT,,38,Inside City Limits,441110,Auto-New Car Dealer,5414766684,10/18/1991 0:00,A2B5DEDE-FF5D-4944-AB86-709A17941DC5,1421,6TH,,NE,ST,, ,GRANTS PASS,OR,97526,1421,6TH,,NE,ST,,,GRANTS PASS,OR,97526,11/19/2025 14:23,11/30/2026 14:23
BTAX-042331-11-2025,HWA MEI  KELLER,G STREET BAR & GRILL          ,,11,Inside City Limits,722511,Restaurant,5419565427,7/10/2003 0:00,D6398891-00EB-4E10-805B-A83BD91905DF,125,G,,SE,ST,, ,GRANTS PASS,OR,97526,125,G,,SE,ST,,,GRANTS PASS,OR,97526,11/21/2025 10:22,11/30/2026 10:22
BTAX-042332-11-2025,ROBERT  HOLLAND,HOLLAND CAPITAL MANAGEMENT    ,,4,Inside City Limits,523999,Finance-Investment Activities,5419564200,4/1/2006 0:00,163D7BF3-DF74-4565-9796-B9799B28D0DF,204,E,,NW,ST,, ,GRANTS PASS,OR,97526,315,7TH,,SE,ST,,,GRANTS PASS,OR,97526,11/21/2025 11:04,11/30/2026 11:04
BTAX-042336-11-2025,CARLIE GRAESSLE,TAILS AND TRAILS PACK WALKING LLC,,1,Outside City Limits,812910,Pet Care Services,7074953763,11/13/2023 0:00,8627bc73-6f2a-4051-8700-d9751394da50,1457,GRANITE HILL,,,RD,,,GRANTS PASS,OR,97526,1457,GRANITE HILL,,,RD,,,GRANTS PASS,OR,97526,11/24/2025 8:46,11/30/2026 8:46
BTAX-042340-11-2025, CHAD  HANSEN,HOMEBRIDGING GP INC,,3,Inside City Limits,238190,Contractor-General/Building Exterior,(541) 660-6895,9/8/2022 0:00,eb9b00eb-f71a-42d8-baa2-653f506b38c2,101,ASSEMBLY,,,CIR,, ,GRANTS PASS,OR,97526,101,ASSEMBLY,,,CIR,,,GRANTS PASS,OR,97526,11/24/2025 11:18,11/30/2026 11:18
BTAX-042344-11-2025,BRIDGET DUPZYK,80HD MASSAGE THERAPY,,1,Inside City Limits,621399,Medical-Massage Therapy,5416605541,10/31/2023 0:00,14e94bd6-b2ae-4fc3-8d24-ead325e4ea9f,215,6TH,,SE,ST,,207,GRANTS PASS,OR,97526,215,6TH,,SE,ST,,207,GRANTS PASS,OR,97526,11/24/2025 11:53,11/30/2026 11:53
BTAX-042345-11-2025,RANDY WYTCHERLEY,WOODLAND HILL DEVELOPMENT LLC,,2,Inside City Limits,236118,Const-Residential Remodeler,,5/1/2020 0:00,5882acbf-2d19-4b0d-88ad-fd992e64c7b3,,,,,,,,,,,3250,WOODLAND PARK,,,RD,,,GRANTS PASS,OR,97527,11/24/2025 12:08,10/31/2026 12:08
BTAX-042346-11-2025,MICHAEL  BOURNE,ALL TECH COMPUTERS LLC        ,,2,Inside City Limits,811210,Computer/Office Machine Maint,5412269363,5/2/2010 0:00,EE829AE6-A5B7-480B-A05D-8915F43283BF,1806,6TH,,NW,ST,,,GRANTS PASS,OR,97526,1806,6th,,NW,ST,,,GRANTS PASS,OR,97526,11/24/2025 12:18,11/30/2026 12:18
BTAX-042348-11-2025,KEVIN/PHIL/VICKI  STEPHENS,STEPHENS FAMILY CHAPEL        ,,6,Inside City Limits,812210,Funeral Home/Services,5414767900,7/31/2006 0:00,4BE1FEDB-B4F2-4C97-B16C-069DBE04DF9F,1629,WILLIAMS,, ,HWY,, ,GRANTS PASS,OR,97527,1629,WILLIAMS,,,HWY,,,GRANTS PASS,OR,97527,11/24/2025 12:27,11/30/2026 12:27
BTAX-042349-11-2025,MICHELE  HECKER-JOLLEY,ALL STAR 24HR TOWING LLC      ,,2,Inside City Limits,488410,Towing,5414792600,3/25/2014 0:00,2C881C92-001D-47E8-A188-A8E71881A15C,,,,,,,,,,,1621,ROGUE RIVER ,,,HWY,,,GRANTS PASS,OR,97527,11/24/2025 12:32,11/30/2026 12:32
BTAX-042351-11-2025,ASHLEY LYCETT,POLISHED BEAUTY LLC,,1,Inside City Limits,812113,Nail Salon,5412955821,11/1/2023 0:00,2c2d5dc1-144a-458f-a007-60cb194541fd,774,ROGUE RIVER,,,HWY,,,GRANTS PASS,OR,97527,1441,PLAYFORD,,,LN,,,GRANTS PASS,OR,97527,11/24/2025 15:47,11/30/2026 15:47
BTAX-042355-12-2025,CATHERINE SABADOS,DETAIL FREELANCE LLC,,1,Inside City Limits,541219,Bookkeeping Services,5413244798,7/25/2023 0:00,dfe0d6ae-d04b-4c9d-8f82-a252a93355aa,1422,RAYDEAN,,,DR,,,GRANTS PASS,OR,97527,1422,RAYDEAN,,,DR,,,GRANTS PASS,OR,97527,12/1/2025 12:21,12/31/2026 12:21
BTAX-042357-12-2025,JOSEPH HOMEN,ROGUE TACTICAL COATINGS,,1,Inside City Limits,541990,Professional-Misc,5417618205,7/19/2016 0:00,924a6fee-5780-4fe0-9161-83bfa41eba86,838,5TH,,NW,ST,, ,GRANTS PASS,OR,97526,838,5TH,,NW,ST,,,GRANTS PASS,OR,97526,12/1/2025 12:45,11/30/2026 12:45
BTAX-042358-12-2025,ROBERT THOMASSON JR,INDUSTRIAL GENERATOR SERVICE  ,,1,Inside City Limits,811111,Auto-General Repair,5414503028,5/23/1997 0:00,FC9BD679-F1CA-4B7F-8CD5-F075B1FB3650,105,MILL,,SE,ST,, ,GRANTS PASS,OR,97527,105A,MILL ,,SE,ST,,,GRANTS PASS,OR,97526,12/1/2025 12:47,11/30/2026 12:47
BTAX-042362-12-2025,AMBER  HUFFMAN,STUDIO SEVEN NAILS & HAIR     ,,3,Inside City Limits,812112,Beauty Salon,5412442202,6/13/2008 0:00,52BC9098-A6AC-48B7-BCA8-D1648B77C5EA,504,7TH,,NE,ST,, ,GRANTS PASS,OR,97526,715,SANDY,,NW,DR,,,GRANTS PASS,OR,97526,12/1/2025 15:44,11/30/2026 15:44
BTAX-042368-12-2025,ELVIA RAMIREZ,MUCHAS GRACIAS WM,,6,Inside City Limits,722511,Restaurant,5208201707,8/15/2022 0:00,7ca32501-1e57-4f07-ba57-44413e2a8457,135,TERRY,,NE,LN,, ,GRANTS PASS,OR,97526,1999,7TH,,NE,ST,,,GRANTS PASS,OR,97526,12/2/2025 11:25,11/30/2026 11:25
BTAX-042369-12-2025,ELVIA  MARTINEZ,ITZANEE LLC   ,MUCHAS GRACIAS GP,12,Inside City Limits,722511,Restaurant,5414729423,1/9/2001 0:00,5868EC2F-F275-47C4-B87D-5E2A6F6935C8,1999,7TH,,NE,ST,, ,GRANTS PASS,OR,97526,1999,7TH ,,NE,ST,,,GRANTS PASS,OR,97526,12/2/2025 11:37,11/30/2026 11:37
BTAX-042370-12-2025,,GRANTS PASS ELKS LODGE #1584  ,,3,Inside City Limits,813410,Organization-Civic/Social,5414790001,7/1/2007 0:00,6AF21234-6428-4295-ACC7-1B966F825DDF,1051,6TH,,NE,ST,,#2E,GRANTS PASS,OR,97526,618,J,,SE,ST,,,GRANTS PASS,OR,97526,12/2/2025 11:43,11/30/2026 11:43
BTAX-042372-12-2025,DRAKE  HEADLEY,ROGUE VALLEY AIR DUCT CLEANING,,2,Outside City Limits,561720,Cleaning Service,5414795827,7/1/2013 0:00,AF04E051-CB29-478B-AEA1-38F8D547AC7B,,,,,,,,,,,5646,JEROME PRAIRIE,,,RD,,,GRANTS PASS,OR,97527,12/2/2025 11:51,11/30/2026 11:51
BTAX-042373-12-2025,JEFF FOGELQUIST,"JL INSURANCE, LLC",,2,Inside City Limits,524210,Insurance Agency & Brokerages,5412958880,12/15/2019 0:00,7331564c-a2af-4e26-9b65-15de2b136cd6,1252,6TH,,NW,ST,,Suite 3,GRANTS PASS,OR,97526,796,MORGAN,,NW,LN,,,GRANTS PASS,OR,97526,12/2/2025 12:12,12/31/2026 12:12
BTAX-042374-12-2025,MARC & LAUREN PRICE,PRICE FAMILY ENTERPRISES LLC,REDWOOD CANNABIS DISPENSARY,9,Inside City Limits,459991,All Other Miscellaneous Store Retailers (Except Tobacco Stores),5419168140,9/10/2018 0:00,8863e887-b077-4613-8383-9e3a159d216c,825,F,,NE,ST,, ,GRANTS PASS,OR,97526,825,F,,NE,ST,,,GRANTS PASS,OR,97526,12/2/2025 12:15,12/31/2026 12:15
BTAX-042375-12-2025,CHAD CRUME,A-TEAM ARMS LLC              ,,1,Inside City Limits,339999,Manufacturing-Misc Manufacturing,5416609264,10/15/2013 0:00,15229D76-136A-488E-87DE-8774C40D4C1A,201,10TH,,SE,ST,,,GRANTS PASS,OR,97526,201,10TH,,SE,ST,,,GRANTS PASS,OR,97526,12/2/2025 12:17,12/31/2026 12:17
BTAX-042376-12-2025,JOHANNA M  NICOLAISEN,BROTHERS N SISTERS BARBER SHOP,,1,Inside City Limits,812111,Barber Shop,5414765656,8/1/1978 0:00,F7BA22B2-1720-42C2-BA6D-19FB4284B270,432,6TH,,NW,ST,,SUITE 103,GRANTS PASS,OR,97526,432,6TH,,NW,ST,,SUITE 103,GRANTS PASS,OR,97526,12/2/2025 12:21,11/30/2026 12:21
BTAX-042377-12-2025,BOB HENRY,TOWNE CENTRE INSURANCE SERVICE,,3,Inside City Limits,524210,Insurance Agency & Brokerages,5414763311,6/5/2009 0:00,459898BB-FA91-46EA-B711-B03C7A78D7F3,315,7TH,,SE,ST,, ,GRANTS PASS,OR,97526,315,7TH,,SE,ST,,,GRANTS PASS,OR,97526,12/2/2025 12:54,11/30/2026 12:54
BTAX-042378-12-2025,CASEY  SHEEHAN,CASEY SHEEHAN'S IRISH INK     ,,1,Inside City Limits,812199,Tattoo/Piercing Shop,5414766654,6/3/2008 0:00,AF6F3327-8FDB-4587-B238-F40B457BDBA3,408,G,,SE,ST,,A,GRANTS PASS,OR,97526,408-A,G,,SE,ST,,,GRANTS PASS,OR,97526,12/2/2025 14:10,11/30/2026 14:10
BTAX-042379-12-2025,DIANE GALLAS,IMAGINE THAT ... CREATIVE CHILDREN'S CENTER LLC,,4,Inside City Limits,624410,Child Day Care,5414729688,10/1/2019 0:00,6361351c-be04-4a90-bb6a-2542e8a5e8ba,741,4TH,,NW,ST,, ,GRANTS PASS,OR,97526,741,4TH,,NW,ST,, ,GRANTS PASS,OR,97526,12/2/2025 14:16,11/30/2026 14:16
BTAX-042380-12-2025,ANNA DEHOOG ANTIONETTE MARKLEY,ZONTA CLUB OF GRANTS PASS FOUNDATION,,0,Outside City Limits,813990,Organization-Misc,5416602225,4/17/1947 0:00,93C28C5A-9C17-41D3-9931-04871AA4914D,,,,,,,,,,,PO BOX 1615,,,,,,,GRANTS PASS,OR,97528,12/2/2025 14:20,11/30/2026 14:20
BTAX-042382-12-2025,"RUBENSTEIN, PALMER, BURGESS SIMMONS, DOLE & YATES",WATKINSON LAIRD RUBENSTEIN PC,,2,Inside City Limits,541110,Lawyer,5412953218,2/6/2013 0:00,9E0D4EEB-0650-4D76-8023-18623CD0F7EB,1246,7TH,,NE,ST,,SUITE B,GRANTS PASS,OR,97526,1246,7TH ,,NE,ST,,SUITE B,GRANTS PASS,OR,97526,12/3/2025 9:36,12/31/2026 9:36
BTAX-042383-12-2025,JERRAD CONNOR,ROGUE ARMAMENT,,1,Inside City Limits,459110,Retail-General Merchandise ,5417616665,1/31/2023 0:00,9453cf36-6817-4cce-b4f1-bdd094a5a95c,212,SAVAGE,,NE,ST,, SUITE A,GRANTS PASS,OR,97526,212,SAVAGE,,NE,ST,,SUITE A,GRANTS PASS,OR,97526,12/3/2025 11:53,12/31/2026 11:53
BTAX-042384-12-2025,,OPENING DOORS REMODELING LLC ,,2,Inside City Limits,238190,Contractor-General/Building Exterior,5417619396,3/31/2011 0:00,A969908B-A827-4C5F-AA98-5FC5198062B4,408,CASTLE CREEK,,,RD,, ,GRANTS PASS,OR,97526,408,CASTLE CREEK,,,RD,,,GRANTS PASS,OR,97526,12/3/2025 14:23,12/31/2026 14:23
BTAX-042385-12-2025,KEITH DEISKELL,SUNSHINE SOLAR INC,,8,Inside City Limits,238220,Solar Equipment Installation,5412958500,6/16/2021 0:00,8dd54bda-f105-4c2b-940c-da11cedd32fe,6891,WILLIAMS,, ,HWY,, ,GRANTS PASS,OR,97527,6891,WILLIAMS,,,HWY,,,GRANTS PASS,OR,97527,12/3/2025 16:22,12/31/2026 16:22
BTAX-042386-12-2025,MANELA HERNANDEZ,FRIDAS BRUNCH & CANTINA,,7,Inside City Limits,722511,Restaurant,5413246000,11/18/2022 0:00,b004f605-420b-41db-948c-a77c64f240f9,786,7TH,,SE,ST,, ,GRANTS PASS,OR,97526,5340,JEROME PRAIRIE ,,,RD,,,GRANTS PASS,OR,97527,12/4/2025 11:39,12/31/2026 11:39
BTAX-042387-12-2025,MARIELA HERNANDEZ,EL MOLCAJETE MEXICAN RESTUARANT LLC,,16,Inside City Limits,722511,Restaurant,5414741506,11/1/2015 0:00,E52E176C-8B89-4C42-BF17-3207A63CB4BC,201,PARK,,E,ST,, ,GRANTS PASS,OR,97527,201,PARK,,E,ST,,,GRANTS PASS,OR,97527,12/4/2025 11:43,12/31/2026 11:43
BTAX-042390-12-2025,JESSIE VASILIA,BEAUTY IN THE ROGUE,,1,Inside City Limits,812112,Beauty Salon,5416601422,11/8/2022 0:00,29b8d649-eda9-49ed-9a15-2aaff6c4e3a7,1439,6TH,,NE,ST,,,GRANTS PASS,OR,97526,1439,6TH,,NE,ST,,,GRANTS PASS,OR,97526,12/4/2025 12:25,12/31/2026 12:25
BTAX-042391-12-2025,,RIVER VALLEY COMMUNITY CHURCH ,,0,Inside City Limits,813110,Religious Organization,5414767761,1/1/1997 0:00,B74E4F9A-001F-4951-94EF-04BEAEA18F54,405,6TH,,NE,ST,, ,GRANTS PASS,OR,97526,405,6TH,,NE,ST,,,GRANTS PASS,OR,97526,12/4/2025 12:41,12/31/2026 12:41
BTAX-042394-12-2025,KATHY SIMMONS,"ROGUE VALLEY CLASSIC CRUISERS, INC.",,0,Outside City Limits,813990,Organization-Misc,5415926009,4/6/2006 0:00,aa6c3029-4b29-4f3e-a531-754cb17b9c96,,,,,,,,,,,PO BOX 5241,,,,,,,GRANTS PASS,OR,97528,12/4/2025 14:19,12/31/2026 14:19
BTAX-042396-12-2025,BRANDON VICKERY,BHV MAINTENANCE,,2,Inside City Limits,561730,Yard Services,,12/2/2021 0:00,bdad6a6b-dce0-4e52-a155-0d6cd0027468,,,,,,,,,,,415,10TH,,SE,ST,,UNIT B,GRANTS PASS,OR,97526,12/5/2025 11:21,12/31/2026 11:21
BTAX-042397-12-2025,BEN & CYNDI  BLANKENBAKER,FLYING TOAD GRAPHICS          ,,2,Inside City Limits,541430,Graphic Design,5414768516,11/1/1994 0:00,AB45BF82-36D3-47E0-8D43-A3BCD6F629D5,952,12TH,,NE,ST,, ,GRANTS PASS,OR,97526,952,12TH,,NE,ST,,,GRANTS PASS,OR,97526,12/5/2025 11:33,12/31/2026 11:33
BTAX-042398-12-2025,ALBERT G  SMITH,AL'S PLUMBING SERVICE LLC     ,,4,Inside City Limits,238220,Plumber,5416603902,3/1/2007 0:00,013171DC-97F3-42BD-BC8F-2E2B2C669E3C,,,,,,,,,,,410,HILLTOP,,,DR,,,GRANTS PASS,OR,97527,12/5/2025 11:36,12/31/2026 11:36
BTAX-042400-12-2025,,MOORE MANOR APARTMENTS,,2,Inside City Limits,531110,Rental Units/Landlord,5032225550,9/13/2016 0:00,dd553f2c-add9-447c-a50b-aa8f5cb65025,500,ANDERSON,,NE,ST,,A,GRANTS PASS,OR,97526,121,B,,NE,ST,,,GRANTS PASS,OR,97526,12/5/2025 14:55,12/31/2026 14:55
BTAX-042401-12-2025,,FERGUSON ELECTRIC LLC,,2,Outside City Limits,238210,Contractor-Electrical,4582577310,10/26/2022 0:00,393d34c5-5743-4f5d-a263-efcd874080d5,,,,,,,,,,,165,ALLENWOOD,,,DR,,,GRANTS PASS,OR,97527,12/5/2025 16:17,11/30/2026 16:17
BTAX-042402-12-2025,,AGNESS SELF STORAGE LLC,,2,Inside City Limits,493110,Storage & General Warehousing,5414763126,2/10/1995 0:00,0523F650-0DE9-4326-89A3-0D78D19F5F2E,578,AGNESS,,NE,AVE,, ,GRANTS PASS,OR,97526,578,AGNESS,,NE,AVE,,,GRANTS PASS,OR,97526,12/8/2025 11:16,11/30/2026 11:16
BTAX-042404-12-2025,DARRELL  DEVISH,"A-ONE, INC                    ",A-ONE EXTERMINATORS,12,Inside City Limits,561710,Pest Control,5414721094,4/1/1998 0:00,DF93DFD0-90D0-4D7A-9C4A-F2CD23CA4DAC,548,E,,NE,ST,, ,GRANTS PASS,OR,97526,548,E,,NE,ST,,,GRANTS PASS,OR,97526,12/8/2025 11:44,11/30/2026 11:44
BTAX-042407-12-2025,CONNIE PROUDFIT,HEADHUNTERS SALON & SPA       ,,11,Inside City Limits,812112,Beauty Salon,5414714323,11/14/2001 0:00,A63EB1CF-90B8-48E0-8CBD-99DA6513D6FC,204,G,,SW,ST,, ,GRANTS PASS,OR,97526,204,G,,SW,ST,,,GRANTS PASS,OR,97526,12/8/2025 12:01,12/31/2026 12:01
BTAX-042408-12-2025,"PARADISE AUTO CENTER,  LLC","PARADISE AUTO CENTER, LLC",PARADISE CAR WASH & EXPRESS LUBE,3,Inside City Limits,811192,Car Wash & Detailing,5414794168,3/1/2014 0:00,516BC1B0-C56A-4FCA-8AD5-AF333B18E74E,116,HILLCREST,,NE,DR,, ,GRANTS PASS,OR,97526,233,ROGUE RIVER ,,,HWY,,1066,GRANTS PASS,OR,97527,12/8/2025 12:08,12/31/2026 12:08
BTAX-042412-12-2025,,WASHINGTON FEDERAL #285       ,,7,Inside City Limits,522110,Finance-Commercial Bank,5414762337,10/31/2012 0:00,3A65985D-2B4C-4897-88A7-6FAE2F3D6FA4,290,UNION,, ,AVE,, ,GRANTS PASS,OR,97527,290,UNION,,,AVE,,,GRANTS PASS,OR,97527,12/8/2025 12:25,12/31/2026 12:25
BTAX-042417-12-2025,TERESA  SMITH,GRANTS PASS HIGH SCHOOL BAND BOOSTERS  ,,0,Inside City Limits,813410,Organization-Civic/Social,5414740497,8/7/2007 0:00,BE58A2A0-C62F-4BD0-9BD3-901F03A47ADB,,,,,,,,,,,830,9TH,,NE,ST,,,GRANTS PASS,OR,97526,12/8/2025 14:18,11/30/2026 14:18
BTAX-042418-12-2025,ERIC GOODRICH,RED EYE HUT                   ,,4,Inside City Limits,458310,Retail-Clothing & Accessories,5419561245,3/18/2005 0:00,5C56CFA3-E471-48CB-9355-722FCD811140,220,6TH,,NW,ST,, ,GRANTS PASS,OR,97526,220,6TH,,NW,ST,,,GRANTS PASS,OR,97526,12/8/2025 14:28,12/31/2026 14:28
BTAX-042419-12-2025,BRYANNA BROWN,LRB CONSTRUCTION LLC,,4,Outside City Limits,238190,Contractor-General/Building Exterior,5416592947,8/6/2021 0:00,efbdc285-cd96-4580-b6e6-f95119c07740,,,,,,,,,,,1201,BOARD SHANTY,,,RD,,,GRANTS PASS,OR,97527,12/8/2025 14:32,12/31/2026 14:32
BTAX-042421-12-2025,LISA ARIAS,KURL UP & DYE                 ,,1,Inside City Limits,812112,Beauty Salon,5416606646,1/1/2001 0:00,E49DB14F-6188-48A2-8C76-B921871B8C97,1370,ROGUE RIVER,, ,HWY,,STE 1,GRANTS PASS,OR,97527,1370,ROGUE RIVER,,,HWY,,STE 1,GRANTS PASS,OR,97527,12/8/2025 15:12,12/31/2026 15:12
BTAX-042423-12-2025,TRACIC SHAW,MOUNTAIN VIEW CLEANING,,6,Outside City Limits,561720,Cleaning Service,5416904724,10/25/2022 0:00,44bdd811-7af6-4b28-8bde-aad5eeba61a4,,,,,,,,,,,3351,ROGUE RIVER,,,HWY,,SPACE 32,GRANTS PASS,OR,97527,12/8/2025 15:22,12/31/2026 15:22
BTAX-042424-12-2025,LYNETTE PERRY,"PARADISE AUTO CENTER, LLC",PARADISE AUTO SALES,6,Inside City Limits,811121,"Auto-Body, Paint & Interior",5414794168,6/25/2013 0:00,025FA6BD-D8D8-41EE-BC42-6914B8DC3040,239,REDWOOD,, ,HWY,, ,GRANTS PASS,OR,97527,233,ROGUE RIVER,,,HWY,,1066,GRANTS PASS,OR,97527,12/8/2025 15:28,12/31/2026 15:28
BTAX-042433-12-2025,BRAD & TAMARA  MARTIN,INTEGRITY LIQUIDATION SERVICES  ,F ST. COTTAGE,2,Inside City Limits,459510,Retail-Thrift Store,5412267897,3/1/2012 0:00,BCF78514-6F44-4A34-A917-498B04969E50,1588,MOUNT BALDY,,,RD,,,GRANTS PASS,OR,97527,1588,MOUNT BALDY,,,RD,,,GRANTS PASS,OR,97527,12/9/2025 11:09,11/30/2026 11:09
BTAX-042436-12-2025,,BRENDA FISHER EA,,1,Inside City Limits,541219,Other Accounting Services,5418905380,1/2/2021 0:00,0811b0e1-7a3e-4ba7-a6bc-34870a3badc5,540,BOLT MOUNTAIN,,,RD,,,GRANTS PASS,OR,97527,1630,WILLIAMS,,,HWY,,PMB 352,GRANTS PASS,OR,97527,12/10/2025 11:43,12/31/2026 11:43
BTAX-042438-12-2025,KIM & YUNG  HANG,SAIGON XICH LO                ,,5,Inside City Limits,722511,Restaurant,5414411481,3/1/2012 0:00,AEAA9190-B099-4171-B0A5-2CB468DCB4EF,405,7TH,,NE,ST,, ,GRANTS PASS,OR,97526,810,COUTANT ,,,LN,,,GRANTS PASS,OR,97527,12/10/2025 14:23,12/31/2026 14:23
BTAX-042439-12-2025,BRENDA THOMAS,SOUTHERN OREGON PATIENT AWARENESS CENTER GRANTS PASS LLC,,1,Inside City Limits,621111,Medical-Physician,5419555070,2/2/2014 0:00,8B178A7C-DFF4-409D-A258-BD784A9D5051,217-B,HILLCREST,,NE,DR,,,GRANTS PASS,OR,97526,217-B,HILLCREST,,NE,DR,,,GRANTS PASS,OR,97526,12/10/2025 14:43,12/31/2026 14:43
BTAX-042442-12-2025,RICK BRADSHAW,JNP CONSTRUCTION SERVICES LLC,,2,Outside City Limits,236118,Const-Residential Remodeler,5412990624,11/7/2019 0:00,739d27e2-5d8b-40ea-ada6-0cee3f91c090,7201,ROGUE RIVER,,,HWY,,,GRANTS PASS,OR,97527,7201,ROGUE RIVER,,,HWY,,,GRANTS PASS,OR,97527,12/11/2025 11:13,12/31/2026 11:13
BTAX-042444-12-2025,Hyla Lipson,GRANTS PASS MUSEUM OF ART,,3,Inside City Limits,712110,Museum,5414793290,1/1/1979 0:00,67e47316-1132-4bba-a14a-fda1f926dda6,229,G,,SW,ST,, ,GRANTS PASS,OR,97526,PO BOX 966,,,,,,,GRANTS PASS,OR,97528,12/11/2025 11:31,12/31/2026 11:31
BTAX-042445-12-2025,PAUL DEVEY,WICKED TOYS LLC              ,GRANTS PASS COLLISION ,4,Inside City Limits,811121,"Auto-Body, Paint & Interior",5414742599,6/27/2006 0:00,FBA0BA80-AF7E-4E1B-819E-0D0D664FEF45,418,F,,NE,ST,, ,GRANTS PASS,OR,97526,418,F,,NE,ST,,,GRANTS PASS,OR,97526,12/11/2025 11:34,12/31/2026 11:34
BTAX-042446-12-2025,RAKESH  SHARMA,A-1 MARKET                    ,,3,Inside City Limits,445131,Convenience Store,5412953020,10/1/2010 0:00,1950DF85-000E-4C54-972C-EFF57E88375C,,,,,,,,,,,225,8TH,,SE,ST,,,GRANTS PASS,OR,97526,12/11/2025 11:41,12/31/2026 11:41
BTAX-042447-12-2025,RAKESH SHARMA,RAKESH AND RAM COMPANY LLC,A TASTE OF INDIA GRANTS PASS,3,Inside City Limits,722511,Restaurant,5415071800,6/2/2017 0:00,49989b64-0b3f-4013-99d7-f0fc2e97fb5c,1214,6TH,,NW,ST,, ,GRANTS PASS,OR,97526,225,8TH,,SE,ST,,,GRANTS PASS,OR,97526,12/11/2025 11:43,12/31/2026 11:43
BTAX-042451-12-2025,BRIAN & SHANNON  HAGEMAN,B B JETS ICE CREAM            ,,2,Inside City Limits,722511,Restaurant,5412187403,3/5/2004 0:00,D7585594-6CC7-4024-9F6E-7AB9D59EA0AB,434,11TH,,NE,ST,, ,GRANTS PASS,OR,97526,1542,APPLEGATE,,,AVE,,,GRANTS PASS,OR,97527,12/11/2025 16:15,12/31/2026 16:15
BTAX-042452-12-2025,SUSAN  TOKARZ,REAL ESTATE DESIGNED TO SELL LLC,,2,Inside City Limits,531210,Real Estate Development & Construction,5416590554,2/28/2009 0:00,0E10B274-F48A-49AB-845B-D364D3E1979D,1215,6TH,,NE,ST,, ,GRANTS PASS,OR,97526,1215,6TH ,,NE,ST,,,GRANTS PASS,OR,97526,12/12/2025 14:23,12/31/2026 14:23
BTAX-042453-12-2025,MARIAROSE SHANAHE,ROGUE HEALING COLLECTIVE,,6,Inside City Limits,621330,Medical - Mental Health Counselor,5413067119,10/25/2023 0:00,2c021a7a-06b1-4cd4-9430-11770b91ed85,303,E,,NW,ST,,,GRANTS PASS,OR,97526,PO BOX 1392,,,,,,,GRANTS PASS,OR,97528,12/12/2025 14:33,12/31/2026 14:33
BTAX-042461-12-2025,"JOSE ""MANUEL"" & ARACELY FLORES",SI CASA XPRESS               ,,12,Inside City Limits,722511,Restaurant,5419561292,11/21/2019 0:00,0aca2445-5b83-42b7-bd0e-b6a3962ab2f7,502,UNION,, ,AVE,, ,GRANTS PASS,OR,97527,502,UNION,,,AVE,,,GRANTS PASS,OR,97526,12/15/2025 11:58,12/31/2026 11:58
BTAX-042463-12-2025,STEVE  PERRY,TIMELESS CONSTRUCTION         ,,1,Outside City Limits,238190,Contractor-General/Building Exterior,5414714457,3/21/1997 0:00,8242D5D8-14F7-4C90-9AA9-FDC59E8C001F,,,,,,,,,,,826,SKYLARK,,,LN,,,GRANTS PASS,OR,97527,12/15/2025 12:15,12/31/2026 12:15
BTAX-042465-12-2025,SCOTT  DRAPER,CLUB NORTHWEST                ,,77,Inside City Limits,713940,Fitness Center,5419552582,6/26/1990 0:00,2CF91DA1-BF5E-46E0-BB32-06ACF9D4040E,2160,VINE,,NW,ST,, ,GRANTS PASS,OR,97526,2160,VINE ,,NW,ST,,,GRANTS PASS,OR,97526,12/15/2025 12:37,12/31/2026 12:37
BTAX-042466-12-2025,CHRIS  MITCHELL,DIAMOND WINDOW CO INC,MITCHELL WINDOW & DOOR,2,Inside City Limits,444180,Retail-Misc Direct Selling Establishment,5414744499,1/8/2008 0:00,29B09F14-86E6-4423-B97E-B6F3C315233E,337,UNION,,,AVE,,SUITE G,GRANTS PASS,OR,97527,337,UNION,,,AVE,,SUITE G,GRANTS PASS,OR,97527,12/15/2025 12:41,12/31/2026 12:41
BTAX-042467-12-2025,KENNETH KINZLER,KINZLER & CO INSURANCE & FINANCIAL,,2,Inside City Limits,524210,Insurance Agency & Brokerages,5414721644,6/8/2012 0:00,F622D046-6BBC-431F-84E6-ACBE0F979F37,400,G,,SE,ST,,,GRANTS PASS,OR,97526,400,G,,SE,ST,,,GRANTS PASS,OR,97526,12/15/2025 12:44,12/31/2026 12:44
BTAX-042470-12-2025,CLAUDELL  KING,CAVEMAN KIWANIS FOUNDATION    ,,0,Outside City Limits,813410,Organization-Civic/Social,5416608573,1/22/2009 0:00,2983A152-5B4B-49D9-B994-B32F0664C52B,1830,7TH,,NE,ST,,,GRANTS PASS,OR,97526,PO BOX 1,,,,,,,GRANTS PASS,OR,97528,12/15/2025 13:05,12/31/2026 13:05
BTAX-042471-12-2025,ANDREW  MARTIN,GREAT NORTHWEST MUSIC,,4,Inside City Limits,611710,Educational Support Services,5419568600,4/4/2001 0:00,ABA5E37C-4B2A-41B1-8758-CA4F8AF84674,228,K,,SW,ST,,,GRANTS PASS,OR,97526,228,K,,SW,ST,,,GRANTS PASS,OR,97526,12/15/2025 14:21,12/31/2026 14:21
BTAX-042473-12-2025,DAWN MEWHINNEY,SKINCARE BY DAWN & CO LLC              ,,1,Inside City Limits,812112,Beauty Salon,5412189899,10/1/2013 0:00,0884C0DD-60BA-42DE-A684-394FBDC4A083,1012,6TH,,NW,ST,,,GRANTS PASS,OR,97526,1012,6TH,,NW,ST,,,GRANTS PASS,OR,97526,12/15/2025 14:57,12/31/2026 14:57
BTAX-042474-12-2025,,VALENTINO'S,,5,Outside City Limits,722330,Food-Mobile/Ice Cream Truck,5416591862,8/23/2012 0:00,6B15ED7E-A6DF-46FC-9113-E264A0D61FCE,,,,,,,,,,,1630,WILLIAMS,,,HWY,,PMB 500,GRANTS PASS,OR,97527,12/16/2025 8:35,12/31/2026 8:35
BTAX-042477-12-2025,ASHLEY & BRANDON CREWS,WEEKEND BREWING COMPANY LLC,WEEKEND BEER COMPANY,14,Inside City Limits,312120,Brewery,5034429763,12/28/2017 0:00,94cfc03c-7b5d-46ba-ae77-c6ac2ff56eb4,,,,,,,,,,,1863,WASHINGTON,,NW,BLVD,,,GRANTS PASS,OR,97526,12/16/2025 15:09,12/31/2026 15:09
BTAX-042479-12-2025,DAVID JABURG,JABURG DETAILING LLC,,1,Inside City Limits,811192,Car Wash & Detailing,9512193725,9/13/2019 0:00,6a3105d5-4ca0-4d89-93f0-0824764e2897,,,,,,,,,,,316,SAVAGE,,NW,ST,,,GRANTS PASS,OR,97526,12/16/2025 16:17,12/31/2026 16:17
BTAX-042480-12-2025,HANDY & JENNY CIAMI HANDOKO CUACA,NEKO SUSHI LLC,,9,Inside City Limits,722511,Restaurant,5415075230,12/23/2022 0:00,76b63d3e-ab5b-4687-a406-94d78b9a059a,941,7TH,,SE,ST,, ,GRANTS PASS,OR,97526,1198,LAFAYETTE,,SW,DR,,,GRANTS PASS,OR,97527,12/16/2025 16:22,12/31/2026 16:22
BTAX-042481-12-2025,ALLYSON HARLACHER,DAYDREAM ESTHETICS,,1,Inside City Limits,812112,Esthetician Services,5414411297,7/12/2022 0:00,e07c198e-5038-44b2-bd29-b405dade308e,215,6TH,,SE,ST,,SUITE 203,GRANTS PASS,OR,97526,400,SCHOOLHOUSE CREEK,,N,RD,,,GRANTS PASS,OR,97526,12/17/2025 10:06,12/31/2026 10:06
BTAX-042482-12-2025,RONALD  ELDRIDGE,"THAI BBQ OF GRANTS PASS, LLC",,11,Inside City Limits,722511,Restaurant,5414764304,12/29/2021 0:00,84f2bb50-be92-47ff-b77f-4739ffdeadfc,428,6TH,,SW,ST,,,GRANTS PASS,OR,97526,428,6TH,,SW,ST,,,GRANTS PASS,OR,97526,12/17/2025 15:00,12/31/2026 15:00
BTAX-042484-12-2025,CHRISTIAN  LEHUEDE,THERAPEUTIC INDUSTRIES INC,,7,Inside City Limits,621399,Medical-Massage Therapy,7602754454,12/15/2020 0:00,3828dd54-fa53-41e1-8c85-94e9e7870a5c,,,,,,,,,,,1700,NEBRASKA,,,AVE,,#C,GRANTS PASS,OR,97527,12/18/2025 12:05,12/31/2026 12:05
BTAX-042486-12-2025,TED STEPHENSON,URBAN DESIGN LANDSCAPE MAINTENANCE,,1,Outside City Limits,541320,Landscaping Services,5416591852,7/2/2007 0:00,1CFE9D1C-C24B-439F-9A5E-B80776E59DEA,,,,,,,,,,,425,STONERIDGE,,,DR,,,GRANTS PASS,OR,97527,12/18/2025 12:09,12/31/2026 12:09
BTAX-042489-12-2025,RICHARD EMMONS,REALITY MARKETING LLC DBA WORKSMART PRESS,JOSEPHINE COUNTY EAGLE,2,Inside City Limits,541910,Marketing Research,5412442654,7/17/2019 0:00,20fba000-2659-4d70-aa3a-675b9bbdda16,,,,,,,,,,,1867,WILLIAMS,,,HWY,,STE 250,GRANTS PASS,OR,97527,12/22/2025 9:06,12/31/2026 9:06
BTAX-042492-12-2025,SABEL ANNIE,BARNSTORMERS THEATER INC,,2,Inside City Limits,711110,Theater Company/Dinner Theater,5414793557,6/30/2011 0:00,9bbf4bf4-7eff-47b0-899a-f72f19d74bba,112,EVELYN,,NE,AVE,, ,GRANTS PASS,OR,97526,112,EVELYN,,NE,AVE,, ,GRANTS PASS,OR,97526,12/22/2025 10:45,10/31/2026 10:45
BTAX-042493-12-2025,RACHEL CODD,RENU AESTHETICS,,2,Inside City Limits,621111,Medical - Wellness,5412183370,12/15/2023 0:00,653b10b8-8307-4bab-8ab4-0a78439cf6f2,1212,7TH,,NE,ST,,,GRANTS PASS,OR,97526,585,LINCOLN,,,RD,,,GRANTS PASS,OR,97526,12/22/2025 10:48,12/31/2026 10:48
BTAX-042494-12-2025,BRADLEY A  GROW,GROW'S PROFESSIONAL LANDSCAPING LLC,,3,Inside City Limits,541320,Landscaping Services,5414745576,1/22/2008 0:00,DE338870-021F-4489-B166-CE26EC69BE7D,4200,REDWOOD,, ,AVE,, ,GRANTS PASS,OR,97527,4200,REDWOOD,,,AVE,,,GRANTS PASS,OR,97527,12/22/2025 11:39,12/31/2026 11:39
BTAX-042496-12-2025,JUDY TOMPKINS,STARFIRE CLEANING,,1,Inside City Limits,561720,Cleaning Service,5416614399,12/27/2023 0:00,efe04c2f-1cdb-426e-9ca0-f582e5771160,,,,,,,,,,,422,LIVINGSTON,,,WAY,,,GRANTS PASS,OR,97526,12/22/2025 14:11,12/31/2026 14:11
BTAX-042506-12-2025,,THE BRIDGE                    ,,96,Inside City Limits,623312,Medical-Assisted Living Facility/Elderly,5419562110,9/6/2001 0:00,6DEC3722-00E5-4A7F-B126-E275532E4C0E,201,BRIDGE,,SW,ST,, ,GRANTS PASS,OR,97526,201,BRIDGE,,SW,ST,,,GRANTS PASS,OR,97526,12/26/2025 11:06,11/30/2026 11:06
BTAX-042511-12-2025,JODIE AND SPENCER APLAND,A2 INVESTMENTS LLC,,10,Inside City Limits,531110,Rental Units/Landlord,5417615431,2/26/2020 0:00,49332aa9-89fe-4834-aa17-5c95dfce31cd,319,E,,NW,ST,, ,GRANTS PASS,OR,97526,839,SLEEPY HOLLOW,,,LP,,,GRANTS PASS,,97527,12/26/2025 11:41,11/30/2026 11:41
BTAX-042514-12-2025,TIFFANY & BEN MORI,"S.O. HOMEPROS, LLC",,4,Inside City Limits,238190,Contractor-General/Building Exterior,5416598676,8/12/2016 0:00,4238983e-93ef-4637-8605-375070e15487,236,B,,NW,ST,, ,GRANTS PASS,OR,97526,236,B,,NW,ST,,,GRANTS PASS,OR,97526,12/26/2025 12:05,12/31/2026 12:05
BTAX-042515-12-2025,,GRANTS PASS ACTIVE CLUB       ,,0,Inside City Limits,813410,Organization-Civic/Social,5417615180,9/3/2002 0:00,DC65BCA9-736C-4B4B-B653-31736BA38AD8,2001,FOOTHILL,, ,BLVD,, ,GRANTS PASS,OR,97526,PO BOX 961,,,,,,,GRANTS PASS,OR,97528,12/26/2025 12:09,12/31/2026 12:09
BTAX-042517-12-2025,RICK E & MARY A  CHAPMAN,PLAZA SEWING CENTER           ,,4,Inside City Limits,459130,Retail-Fabric Shop,5414795757,1/1/1997 0:00,D5C3BCAD-50BC-420D-A4F3-51052DE74752,311,6TH,,SE,ST,, ,GRANTS PASS,OR,97526,311,6TH,,SE,ST,,,GRANTS PASS,OR,97526,12/26/2025 12:22,12/31/2026 12:22
BTAX-042518-12-2025,DAVE  WILSON,DAVE WILSON'S HANDY HAMMER LLC,,3,Inside City Limits,238190,Contractor-General/Building Exterior,5414417487,4/3/2015 0:00,BA54EDCD-6DEF-468B-B615-4B65FE2AA0F6,484,TINA,,,WAY,, ,GRANTS PASS,OR,97526,484,TINA,,,WAY,,,GRANTS PASS,OR,97526,12/26/2025 12:36,12/31/2026 12:36
BTAX-042519-12-2025,KENNETH COOPER,THE COFFEE REPAIR COMPANY LLC,,1,Outside City Limits,811310,Machinery/Equipment Maint,5412261504,12/1/2019 0:00,641948e6-5962-41c4-9104-453ab8edf153,849,SLEEPY HOLLOW,,,LP,, ,GRANTS PASS,OR,97527,PO BOX 385,,,,,,,GRANTS PASS,OR,97528,12/26/2025 12:42,12/31/2026 12:42
BTAX-042520-12-2025,,GRANT'S PLUMBING LLC          ,,1,Outside City Limits,238220,Plumber,5417610367,6/1/2010 0:00,D50EBE7D-9FC5-4EA4-8A6F-1318A572997E,,,,,,,,,,,560,F,,NE,ST,,SUITE A PMB 616,GRANTS PASS,OR,97526,12/26/2025 15:45,12/31/2026 15:45
BTAX-042521-12-2025,JEFFREY OLIPHANT,OLIPHANT CONSTRUCTION INC,,1,Outside City Limits,238190,Contractor-General/Building Exterior,,2/26/2020 0:00,001ee2e0-7469-4f48-be32-2ec8b7dd3043,,,,,,,,,,,220,DEARING,, ,WAY,, ,GRANTS PASS,OR,97527,12/29/2025 10:27,12/31/2026 10:27
BTAX-042522-12-2025,ELIZABETH  BONE,PAWS 'N' CLAWS                ,,1,Inside City Limits,812910,Pet Care Services,5414791201,4/15/1990 0:00,5F4AED82-027F-4A8F-A10D-D6C3356B3F8B,1515,REDWOOD,,,AVE,,SUITE # 7,GRANTS PASS,OR,97527,1515,REDWOOD,,,AVE,,SUITE # 7,GRANTS PASS,OR,97527,12/29/2025 10:30,12/31/2026 10:30
BTAX-042523-12-2025,DANIEL & HOPE WEAVER,ART OF HOPE                   ,,2,Inside City Limits,711510,Artist,5414412082,1/19/2005 0:00,9789905F-2BFD-42C2-AC2E-29D3C480A46B,1607,WILLIAMS,, ,HWY,,STE 6,GRANTS PASS,OR,97527,373,SHORT,,SW,ST,,,GRANTS PASS,OR,97527,12/29/2025 10:43,12/31/2026 10:43
BTAX-042525-12-2025,KAYLA OLSON,SHEAR SKILL BARBERSHOP,,2,Inside City Limits,812111,Barber Shop,5412911945,12/9/2022 0:00,78f383b0-8114-4c22-a4d0-f0ec145b79fb,1252,6TH,,NW,ST,,5,GRANTS PASS,OR,97526,175,PARDEE,,,LN,,5,GRANTS PASS,OR,97527,12/29/2025 11:51,12/31/2026 11:51
BTAX-042529-12-2025,JANET ANDRO,EUROPEAN PSYCHIC,GIA DELFRANCESA,1,Inside City Limits,541990,Professional-Misc,5415808890,8/6/2020 0:00,c1c99ca9-2cf9-4c16-b177-c6db167626da,1647,WILLIAMS,, ,HWY,, ,GRANTS PASS,OR,97527,1647,WILLIAMS,, ,HWY,, ,GRANTS PASS,OR,97527,12/30/2025 10:34,12/31/2026 10:34
BTAX-042531-12-2025,CHRISTING AVILA KRISTIE HOPPER,ROGUE VALLEY MOBILE PHLEBOTOMY LLC,,1,Outside City Limits,541990,Professional-Misc,5416607614,1/1/2014 0:00,0C7F6683-81D2-491F-9FD7-5F9124119D9F,,,,,,,,,,,1732,SUNVIEW ,,NW,PL,,,GRANTS PASS,OR,97526,12/30/2025 12:14,12/31/2026 12:14
BTAX-042533-12-2025,LARRY MARTIN,MAJOR CARPET CLEANING SERVICES,,1,Outside City Limits,561740,Carpet & Upholstery Cleaning,5419550832,3/12/2004 0:00,1A1863FD-9FDD-404E-9485-BD3A8BC61DDD,,,,,,,,,,,6274,WILLIAMS,,,HWY,,,GRANTS PASS,OR,97527,12/30/2025 14:06,12/31/2026 14:06
BTAX-042539-01-2026,LINDA  HOLLINGSWORTH,LINDA HOLLINGSWORTH           ,,1,Inside City Limits,4239,OTHER MISCELLANEOUS DURABLE GOODS MERCHANT WHOLESALERS,5414741372,9/1/1998 0:00,63D586E7-1B84-46FC-B9C9-13CA6EA8D6A7,109,PARK,,E,ST,,,GRANTS PASS,OR,97527,109,PARK,,E,ST,,,GRANTS PASS,OR,97527,1/2/2026 14:06,12/31/2026 14:06
BTAX-042540-01-2026,ROBERT  ARRITOLA,BOB ARRITOLA CONSTRUCTION LLC ,,2,Inside City Limits,238990,Contractor-Trade/Specialty,5414747823,4/5/1997 0:00,029FBEA6-CE73-4948-88D8-47E1FB634969,722,WINONA,, ,RD,, ,GRANTS PASS,OR,97526,722,WINONA,,,RD,,,GRANTS PASS,OR,97526,1/2/2026 14:14,12/31/2026 14:14
BTAX-042541-01-2026,ALEXIS SMITHEY,SMITHEY INC   ,ROGUE FLORIST & GIFTS,4,Inside City Limits,459310,Florist,5414768831,10/3/2006 0:00,A956A4B3-5260-40BB-B7B4-29F357785601,328,6TH,,SW,ST,, ,GRANTS PASS,OR,97526,328,6TH,,SW,ST,,,GRANTS PASS,OR,97526,1/2/2026 14:31,12/31/2026 14:31
BTAX-042542-01-2026,HECTOR PINTO-PEREZ,HEX LAWN MAINTENANCE,,2,Outside City Limits,561730,Yard Services,5412918955,10/11/2022 0:00,94fb98cd-c4ed-465c-aac7-ff5ed3aae90b,2335,LEONARD,,,RD,,,GRANTS PASS,OR,97527,2335,LEONARD,,,RD,,,GRANTS PASS,OR,97527,1/2/2026 14:41,1/31/2027 14:41
BTAX-042544-01-2026,LEONARD ARIAS,MEDICAL OFFICE MAINTENANCE    ,,2,Inside City Limits,561720,Janitorial Services,5419557167,10/30/2002 0:00,D2CEC891-189E-480C-A28D-D9107442C529,366,INTERVALE,,W,RD,, ,GRANTS PASS,OR,97527,366,INTERVAL,,W,RD,,,GRANTS PASS,OR,97527,1/2/2026 15:14,12/31/2026 15:14
BTAX-042549-01-2026,DAMEON  POOL,A-TEAM LANDSCAPE MAINTENANCE  ,,1,Outside City Limits,541320,Landscaping Services,5416597874,5/30/2008 0:00,4B56F9E8-F06D-454C-B3BF-30F58E2B5DA0,,,,,,,,,,,PO BOX 2255,,,,,,,GRANTS PASS,OR,97528,1/2/2026 16:17,1/31/2027 16:17
BTAX-042553-01-2026,STEPHANIE SMITH,LAURENCE J SMITH RENTALS      ,,1,Inside City Limits,531110,Rental Units/Landlord,5414760449,4/13/1992 0:00,2A5B31E1-5F91-4131-8026-BF969E9DC76A,350,GLENWOOD,,E,ST,, ,GRANTS PASS,OR,97527,350,GLENWOOD,,E,ST,,,GRANTS PASS,OR,97527,1/2/2026 16:48,1/31/2027 16:48
BTAX-042555-01-2026,KEVIN DARR,U-TURN FOR CHRIST,U-TURN FOR CHRIST CHARITY SHOPPE,1,Inside City Limits,459510,Retail-Thrift Store,5412913040,6/14/2018 0:00,cf6888bd-8f8b-4851-add1-7599d3b5523c,100,LEWIS,, ,AVE,, ,GRANTS PASS,OR,97527,100,LEWIS,,,AVE,,,GRANTS PASS,OR,97527,1/5/2026 10:03,11/30/2026 10:03
BTAX-042557-01-2026,CHASE DANIELLE,G ST BARBER CO,,10,Inside City Limits,812111,Barber Shop,5416250117,8/31/2017 0:00,f853b07a-fa18-4a40-9389-22e6f32b6e72,124,G,,SE,ST,,,GRANTS PASS,OR,97526,124,G,,SE,ST,,,GRANTS PASS,OR,97526,1/5/2026 12:32,1/31/2027 12:32
BTAX-042558-01-2026,CRAIG & BEVERLY NELSON,YOUR STORAGE SOLUTION,,2,Inside City Limits,493110,Storage & General Warehousing,5412958337,12/1/2021 0:00,3114e8c0-ae3e-489e-8fa9-4ca47f4e42e2,,,,,,,,,,,1270,ROGUE RIVER,, ,HWY,, ,GRANTS PASS,OR,97527,1/5/2026 13:01,1/31/2027 13:01
BTAX-042560-01-2026,BARBRA  BEAN,ATTIC STORAGE                 ,,2,Inside City Limits,493110,Storage & General Warehousing,5414795979,12/4/2003 0:00,2A2B7817-F2A7-4983-9C0E-281C6D8D34E9,1715,ROGUE RIVER,, ,HWY,, ,GRANTS PASS,OR,97527,1715,ROGUE RIVER,,,HWY,,,GRANTS PASS,OR,97527,1/5/2026 14:14,12/31/2026 14:14
BTAX-042562-01-2026,ANDY  ROBBLEE,SIX ROBBLEES' INC             ,,3,Inside City Limits,441330,Retail-Automotive Parts & Accessories,5418304752,4/1/2004 0:00,B42A96D6-4BB7-49FD-87AF-3FA69045E057,,,,,,,,,,,1258,REDWOOD,,,AVE,,,GRANTS PASS,OR,97527,1/5/2026 14:30,1/31/2027 14:30
BTAX-042565-01-2026,,T L C CREATIONS               ,,1,Inside City Limits,459991,All Other Miscellaneous Store Retailers (Except Tobacco Stores),5412958654,5/27/1987 0:00,120470A1-F60F-4833-A440-5D5DD488FFF8,227,6TH,,SE,ST,, ,GRANTS PASS,OR,97526,182,WHISPERING,,,DR,,,GRANTS PASS,OR,97527,1/6/2026 10:57,1/31/2027 10:57
BTAX-042566-01-2026,CLAUDIO QUIROZ,CLAUDIO'S,,2,Outside City Limits,541320,Landscaping Services,5416605753,7/27/2022 0:00,fa190b42-ad84-4be0-a2ab-202fcb0b3e7a,,,,,,,,,,,338,EMERALD,,NE,WAY,,,GRANTS PASS,OR,97526,1/6/2026 11:11,1/31/2027 11:11
BTAX-042567-01-2026,ABEL QUIROZ CORTEZ,MAGIC DONUTS AND COFFEE,,4,Inside City Limits,722513,Limited-Service Restaurant,5035699550,1/2/2018 0:00,0cdedd4c-13db-4870-a3fd-4a25994ea94d,945,D,,NE,ST,,,GRANTS PASS,OR,97526,945,D,,NE,ST,,,GRANTS PASS,OR,97526,1/6/2026 11:15,1/31/2027 11:15
BTAX-042570-01-2026,RILEY STACEY,RS CONSTRUCTION & EXCAVATION LLC,,2,Outside City Limits,238190,Contractor-General/Building Exterior,,7/10/2013 0:00,7d7aa40e-8f14-442d-bce0-ef682bd8bb18,,,,,,,,,,,231,QUAIL,,,LN,,,GRANTS PASS,OR,97526,1/6/2026 11:59,1/31/2027 11:59
BTAX-042571-01-2026,MARIAN SZEWC,WINDERMERE REAL ESTATE SOUTHERN OREGON,,2,Inside City Limits,531210,Real Estate Agents/Brokers,5414762000,8/26/1999 0:00,BFDC1D18-BAA8-4AF3-A271-C1C7EADB1C7E,202,EVELYN,,NE,AVE,, ,GRANTS PASS,OR,97526,202,EVELYN,,NE,AVE,, ,GRANTS PASS,OR,97526,1/6/2026 14:12,1/31/2027 14:12
BTAX-042572-01-2026,MELANIE BUCHANAN,REGENERATION DAY SPA          ,,1,Inside City Limits,812112,Beauty Salon,5414797546,6/17/2009 0:00,6C03205A-C774-4A51-BB37-5C109EA86C5A,212,SAVAGE,,NE,ST,, ,GRANTS PASS,OR,97526,212,SAVAGE,,NE,ST,,SUITE D,GRANTS PASS,OR,97526,1/7/2026 11:01,1/31/2027 11:01
BTAX-042573-01-2026,MYLES KENNEDY,THE JAY CHRISTIAN COMPANY INC ,SUPERIOR LANDSCAPE MAINT,3,Outside City Limits,541320,Landscaping Services,5414418507,2/3/1995 0:00,241F455C-29EA-44AA-B11B-79308A247EAE,,,,,,,,,,,233,ROGUE RIVER,, ,HWY,,1137,GRANTS PASS,OR,97527,1/7/2026 12:21,1/31/2027 12:21
BTAX-042577-01-2026,KEVIN BOOTHE,GMB BUILDERS LLC,,2,Outside City Limits,238190,Contractor-General/Building Exterior,5416605275,12/6/2017 0:00,968d486c-2b11-4e6b-83f9-a1817ff80354,,,,,,,,,,,169,RICHLAND,,,DR,,,GRANTS PASS,OR,97526,1/8/2026 13:01,1/31/2027 13:01
BTAX-042582-01-2026,JESSE REINHART,ROGUE VALLEY MUFFLER & HITCH,,4,Inside City Limits,811111,Auto-General Repair,5419168600,12/11/2017 0:00,1da374a3-c552-4f2e-9303-01b8fb7c44a4,1680,REDWOOD,, ,Ave,, ,GRANTS PASS,OR,97527,1680,REDWOOD,,,AVE,,,GRANTS PASS,OR,97527,1/8/2026 14:58,1/31/2027 14:58
BTAX-042583-01-2026,BARRETT NAPIER,NAPIER & NAPIER P.C.,CENTRAL EYES OPTOMETRY,8,Inside City Limits,621320,Medical-Optometrist,5412370030,1/7/2022 0:00,d3b12630-8fbc-44cd-952f-a77eae8ca2d9,1891,7TH,,NE,ST,,,GRANTS PASS,OR,97526,1891,7TH,,NE,ST,,,GRANTS PASS,OR,97526,1/8/2026 15:19,1/31/2027 15:19
BTAX-042584-01-2026,SHAWNA WELCH AMANDA STEWART,VIVID WHITENING STUDIO,,2,Inside City Limits,812990,All Other Personal Services,5416601118,11/21/2022 0:00,f5aaa127-5f8e-41ac-b6a3-fafa184922c0,,,,,,,,,,,2172,FORD,,SW,ST,,,GRANTS PASS,OR,97526,1/8/2026 16:25,1/31/2027 16:25
BTAX-042585-01-2026,JIM  KEARNEY,NERAK CO,,1,Outside City Limits,459910,Retail-Pets & Pet Supplies,5417617941,1/1/2022 0:00,75a2bd6a-c08f-4cce-9d2d-75dd02ac13f7,7611,REDWOOD,,,,,,GRANTS PASS,,97527,7611,REDWOOD,,,HWY,,,GRANTS PASS,OR,97527,1/8/2026 16:28,1/31/2027 16:28
BTAX-042586-01-2026,CLEMENTE FIERROS,STRONG ROOTS LANDSCAPE MAINTENANCE,,2,Outside City Limits,541320,Landscaping Services,5416131738,1/12/2024 0:00,6fedf514-087f-4288-9003-f363ca36f09a,366,MONTEFLORA TER,,,,,,GRANTS PASS,OR,97526,366,MONTEFLORA TER,,,,,,GRANTS PASS,OR,97526,1/9/2026 11:13,1/31/2027 11:13
BTAX-042587-01-2026,"ERMIN & PARRA,KARINA  SANCHEZ",CAR TUNES                     ,,3,Inside City Limits,441330,Retail-Automotive Parts & Accessories,5414791108,2/1/2007 0:00,474E3F18-5E42-4C9D-94CF-12EE3E1E1B83,,,,,,,,,,,537,WESTBROOK,,NE,WAY,,,GRANTS PASS,OR,97526,1/9/2026 11:16,1/31/2027 11:16
BTAX-042593-01-2026,JON  CHAMBERS,JON CHAMBERS CHIROPRACTIC LLC,THE NEURO CLINIC,8,Inside City Limits,621310,Medical-Chiropractor,5414791289,7/1/2014 0:00,057229EB-6F28-450E-966A-8F849DFDA30F,1663,WILLIAMS,,,HWY,, ,GRANTS PASS,OR,97527,1663,WILLIAMS,,,HWY,,,GRANTS PASS,OR,97527,1/9/2026 15:58,1/31/2027 15:58
BTAX-042595-01-2026,BRET  MUSSELMAN,ONE-FIFTEEN BROILER LLC      ,,8,Inside City Limits,722511,Restaurant,5414747115,12/2/2005 0:00,F54AD17F-3A27-4EB9-A170-D5BCF2940EEC,115,D,,NW,ST,, ,GRANTS PASS,OR,97526,115,D,,NW,ST,,,GRANTS PASS,OR,97526,1/12/2026 11:44,1/31/2027 11:44
BTAX-042599-01-2026,JAMES  LOWE,LOWE FAMILY ENTERPRISES LLC  ,,2,Inside City Limits,561499,Business Support Services-Misc,5416605035,5/12/2005 0:00,D55CE392-4EC6-4F3C-A59A-0FA3DE4ACD6B,3149,SOUTH RIVER,, ,RD,, ,GRANTS PASS,OR,97527,3149,SOUTH RIVER ,,,RD,,,GRANTS PASS,OR,97527,1/12/2026 12:01,1/31/2027 12:01
BTAX-042600-01-2026,CATHLEEN M  CARDOZA,CARDOZA BOOKKEEPING LLC       ,,1,Inside City Limits,4239,OTHER MISCELLANEOUS DURABLE GOODS MERCHANT WHOLESALERS,5414505540,1/5/2011 0:00,D48F44AE-1A8C-455B-A454-DA74F1F12D1C,,,,,,,,,,,2844,MIDWAY,,,AVE,,,GRANTS PASS,OR,97527,1/12/2026 12:05,1/31/2027 12:05
BTAX-042601-01-2026,PATRICK LOOKABAUGH,LIQUID SUNSHINE FLY FISHING,,1,Outside City Limits,114119,Fishing,5309498497,1/6/2023 0:00,4d9205fc-fa7e-4cf3-a50e-74f7e3bc4c91,,,,,,,,,,,1895,HUNGRY HILL,,SW,DR,,,GRANTS PASS,OR,97527,1/12/2026 12:21,1/31/2027 12:21
BTAX-042602-01-2026,MELISSA  MCROBBIE,CANDELA DANCE STUDIO          ,,1,Inside City Limits,711120,Dance Studio,5412917900,8/15/2014 0:00,FFED40D4-523F-4F43-9A4D-7DCA36BE4F4F,329,6TH,,NE,ST,,,GRANTS PASS,OR,97526,5760,PRAIRIE,,,LN,,,GRANTS PASS,OR,97527,1/12/2026 12:28,1/31/2027 12:28
BTAX-042604-01-2026,,ROBERT ALLEN PLUMBING         ,,3,Inside City Limits,238220,Plumber,5412182297,5/1/2004 0:00,75EA8DDB-28BE-4E37-9D9D-A5DD667647C1,,,,,,,,,,,715,L,,SW,AVE,,,GRANTS PASS,OR,97526,1/12/2026 14:08,1/31/2027 14:08
BTAX-042605-01-2026,CHRISTIE REILLY,CA REILLY DESIGN TRANSFORMATIONS,,1,Outside City Limits,541410,Interior Design,5413265362,1/1/2022 0:00,3c3e0809-9b20-4698-92e4-5be0acc11f05,,,,,,,,,,,3070,SAND CREEK,,,RD,,,GRANTS PASS,OR,97527,1/12/2026 14:19,1/31/2027 14:19
BTAX-042606-01-2026,LACY PROSE,INK AND LACE,,1,Inside City Limits,812199,Tattoo/Piercing Shop,5412188420,9/13/2020 0:00,b68ed5b9-42a3-43e6-b812-84121a7971a1,213,H,,SE,ST,, ,GRANTS PASS,OR,97526,1124,GRANDVIEW,,SE,AVE,,,GRANTS PASS,OR,97527,1/12/2026 14:22,1/31/2027 14:22
BTAX-042612-01-2026,TOM BECKER & BILL BAGLEY,MORGAN LODGING LLC,HAMPTON INN & SUITES,31,Inside City Limits,721110,Hotel/Motel,5414745690,11/6/2018 0:00,120d0a16-1fa2-442e-bbe4-47b2fa3e4d6f,110,MORGAN,,NE,LN,, ,GRANTS PASS,OR,97526,110,MORGAN,,,LN,,,GRANTS PASS,OR,97526,1/12/2026 16:10,1/31/2027 16:10
BTAX-042616-01-2026,DANIEL MASON,EVERGREEN HEATING             ,,1,Outside City Limits,238220,Contractor-HVAC Services,5412267035,11/29/2007 0:00,536959AA-6AD4-4A3A-AA3C-F757572777DE,1420,SUMMIT,,,LP,,,GRANTS PASS,OR,97527,1630,WILLIAMS,,,HWY,,PMB #337,GRANTS PASS,OR,97527,1/13/2026 11:00,1/31/2027 11:00
BTAX-042617-01-2026,MIKAH MORGAN,MORGAN TAX & ACCOUNTING PC,,2,Inside City Limits,541219,Other Accounting Services,5414745617,1/1/2024 0:00,5c3f73f2-a9b2-4be0-b7a5-b9028edacf1b,221,D,,NE,ST,,,GRANTS PASS,OR,97526,221,D,,NE,ST,,,GRANTS PASS,OR,97526,1/13/2026 11:06,1/31/2027 11:06
BTAX-042618-01-2026,LYNN  VAN COUVERING,LYNN'S TRANSCRIPTION SERVICE  ,,1,Inside City Limits,541990,Professional-Misc,5419556661,4/23/2002 0:00,44320D5A-C105-44A2-B29F-139C1FE124DB,1303,MARCY LOOP,,,RD,,,GRANTS PASS,OR,97527,1303,MARCY LOOP,,,RD,,,GRANTS PASS,OR,97527,1/13/2026 11:12,1/31/2027 11:12
BTAX-042620-01-2026,SIRO  BIGNOTTI,SOUTHERN OREGON AUDIO VISUAL,AUDIO VISUAL EQUIPMENT REPAIR,4,Inside City Limits,811210,Retail-Electronics,5414798020,1/1/1979 0:00,44F37A3E-310E-4D54-BE36-8D5FB38AF928,545,ROGUE RIVER,, ,HWY,, ,GRANTS PASS,OR,97527,545,ROGUE RIVER,,,HWY,,,GRANTS PASS,OR,97527,1/13/2026 11:38,1/31/2027 11:38
BTAX-042622-01-2026,MARC VITALI,MV MUAU THAI AND PERSONAL TRAINING,,1,Inside City Limits,713940,Fitness Center,5412269257,12/29/2017 0:00,dea76b0e-1ff8-43cc-aa02-0a8b2d7b092c,200,REDWOOD,,,HWY,, ,GRANTS PASS,OR,97527,2871,GALAXY,,,WAY,,,GRANTS PASS,OR,97527,1/13/2026 11:47,1/31/2027 11:47
BTAX-042624-01-2026,NANCY RANDOLPH,NANCY RANDOLPH,,2,Inside City Limits,623990,Medical-Residential Care Facility,5416136986,1/19/2022 0:00,f044c9ec-0966-4d1c-818b-9f3b8febed75,2713,ELMER NELSON,,SW,LN,, ,GRANTS PASS,OR,97527,2713,ELMBER NELSON,,SW,LN,,,GRANTS PASS,OR,97527,1/13/2026 12:04,1/31/2027 12:04
BTAX-042625-01-2026,KELSEY  REINHART,KELSEY REINHART - THERAPEUTIC MASSAGE,,1,Inside City Limits,621399,Medical-Massage Therapy,5414152344,9/26/2007 0:00,4C709848-5550-4BB5-8649-E90ED253BB2D,598,E,,NE,ST,,B,GRANTS PASS,OR,97526,141,AZALEA,,,DR,,,GRANTS PASS,OR,97526,1/13/2026 12:07,1/31/2027 12:07
BTAX-042629-01-2026,TOM BERNHART,TOM BERNHART,,1,Inside City Limits,531110,Rental Units/Landlord,5416592697,4/5/2016 0:00,1ce8cd3f-20b3-4caa-9805-b25d9beb7220,1952,CROWN,,NW,ST,, ,GRANTS PASS,OR,97526,1952,CROWN,,NW,ST,, ,GRANTS PASS,OR,97526,1/13/2026 15:38,1/31/2027 15:38
BTAX-042630-01-2026,KYLE REYNOLDS,KR PLUMBING,,1,Inside City Limits,238220,Plumber,5417617729,1/29/2024 0:00,f153c5c0-1eb7-48d3-9cc8-76a5eba90986,1002,BELLE AIRE,,SE,DR,,,GRANTS PASS,OR,97526,1002,BELLE AIRE,,SE,DR,,,GRANTS PASS,OR,97526,1/13/2026 16:08,1/31/2027 16:08
BTAX-042633-01-2026,ROBNETTE BUCKLEY,LA BELLA FACCIA               ,THE SPHERE,2,Inside City Limits,812112,Beauty Salon,5414714405,6/1/2002 0:00,100E8E0C-F1BC-496C-B002-E7F53ABB0AC3,1034,6TH,,NW,ST,, ,GRANTS PASS,OR,97526,1034,6TH ,,NW,ST,,,GRANTS PASS,OR,97526,1/14/2026 10:45,1/31/2027 10:45
BTAX-042634-01-2026,PATRICIA  SNYDER,GAMMA GRIZ LLC                ,,1,Inside City Limits,455219,Retail-General Merchandise ,5414415409,7/14/2011 0:00,C682ABBD-5D05-41CE-9FD5-CB37398EE38F,2122,PORTOLA,,SE,DR,,,GRANTS PASS,OR,97526,PO BOX 1102,,,,,,,GRANTS PASS,OR,97528,1/14/2026 10:50,1/31/2027 10:50
BTAX-042636-01-2026,TYLER COPE,"ROGUE CLEANERS & LAUNDROMAT, LLC",,6,Inside City Limits,812320,Dry Cleaning Services,5414765369,12/5/2022 0:00,7e0710a4-6dbd-4648-9cf6-3c7118acde08,228,K,,SE,ST,,,GRANTS PASS,OR,97526,228,K,,SE,ST,,,GRANTS PASS,OR,97526,1/14/2026 14:07,12/31/2026 14:07
BTAX-042637-01-2026,MARK & MICHAEL HARRIS,ORTC LLC,GRANTS PASS TREATMENT CENTER,22,Outside City Limits,621420,Medical-Mental Health/Substance Abuse Center,5419553210,5/9/2016 0:00,864980f7-fc51-41e7-ac4b-7f779e6c5a86,1885,7TH,,NE,ST,,,GRANTS PASS,OR,97526,1885,7th,,NE,ST,,,GRANTS PASS,OR,97526,1/15/2026 10:19,1/15/2027 10:19
BTAX-042638-01-2026,ADRIAN TAYNE,"STRATOTECH, LLC",,3,Inside City Limits,541990,Professional-Misc,5416837925,12/2/2016 0:00,cef620d7-cc9c-4253-9fbe-eb6a64dff953,940,M,,SE,ST,,,GRANTS PASS,OR,97526,940,M,,SE,ST,,,GRANTS PASS,OR,97526,1/15/2026 10:33,1/31/2027 10:33
BTAX-042642-01-2026,LISA MARIE  LASSAGNE,CENTRAL SIGNING SERVICE INC,,2,Inside City Limits,541120,Notary,5415071708,7/1/2015 0:00,5985FA83-71CF-4C21-9579-4E310A4528D5,1002,6TH,,NW,ST,, ,GRANTS PASS,OR,97526,PO BOX 2049,,,,,,,GRANTS PASS,OR,97528,1/15/2026 11:14,1/31/2027 11:14
BTAX-042643-01-2026,FRANK A & EVA G  BEACHAM,BEACHBUM'S STORAGE            ,,2,Inside City Limits,493110,Storage & General Warehousing,5419419730,12/19/2007 0:00,E8F74316-9C2A-47D6-8C88-7CDB20277EDB,2175,HAWTHORNE,,NW,AVE,, ,GRANTS PASS,OR,97526,2175,HAWTHORNE,,NW,AVE,,,GRANTS PASS,OR,97526,1/15/2026 11:25,1/31/2027 11:25
BTAX-042647-01-2026,RENAE  MEDINA,MAC GRAPHICALLY YOURS LLC    ,,1,Inside City Limits,541430,Graphic Design,5414716310,9/30/1994 0:00,12758E09-0773-496B-9F97-470024142480,611,7TH,,SE,ST,, ,GRANTS PASS,OR,97526,PO BOX 1270,,,,,,,GRANTS PASS,OR,97528,1/16/2026 14:48,12/31/2026 14:48
BTAX-042650-01-2026,YANFEI ZHU,SUNSHINE HOLISTIC HEALTH CENTER LLC,,2,Inside City Limits,621399,Reflexology,5416604467,1/14/2022 0:00,0d571ee4-563a-4fb5-8743-2379cdf11ca8,1455,6TH,,NE,ST,, ,GRANTS PASS,OR,97526,1455,6TH,,NE,ST,, ,GRANTS PASS,OR,97526,1/16/2026 15:27,1/31/2027 15:27
BTAX-042651-01-2026,AARON FOLEY,FOLEY FADES,,2,Inside City Limits,812111,Barber Shop,5412911868,2/18/2021 0:00,382283bb-4c65-41a9-98fa-f9e5f2af83c7,116,I,,SW,ST,,,GRANTS PASS,OR,97526,116,I,,SW,ST,,,GRANTS PASS,OR,97526,1/20/2026 12:05,11/30/2026 12:05
BTAX-042652-01-2026,KALEB FISHER,LIMITLESS AUTO SALES LLC,,1,Inside City Limits,441120,Auto-Used Car Dealer,5417611130,9/26/2023 0:00,66b0fede-2d76-4b84-84f4-676be8af43e7,317,G,,SE,ST,,,GRANTS PASS,OR,97526,317,G,,SE,ST,,,GRANTS PASS,OR,97526,1/20/2026 14:13,1/31/2027 14:13
BTAX-042665-01-2026,"JUDITH/WRIGHT, RACHEL  CROTTS",A 1 PROFESSIONAL SERVICES LLC ,,3,Inside City Limits,4239,OTHER MISCELLANEOUS DURABLE GOODS MERCHANT WHOLESALERS,5414766691,12/4/2003 0:00,81479916-E51E-467C-A1E9-93888C9E3270,1370,ROGUE RIVER,,,HWY,,,GRANTS PASS,OR,97527,1370,ROGUE RIVER,,,HWY,,,GRANTS PASS,OR,97527,1/20/2026 15:26,1/31/2027 15:26
BTAX-042667-01-2026,RAKESH SHARMA,SMOKE SHACK DL,,2,Inside City Limits,459991,Retail-Tobacco Store,5412953020,9/11/2018 0:00,a1bd79ee-8081-424f-8903-963a12c4be96,235,8TH,,SE,ST,,,GRANTS PASS,OR,97526,225,8TH,,SE,ST,,,GRANTS PASS,OR,97526,1/21/2026 12:33,12/31/2026 12:33
BTAX-042671-01-2026,SAMANTHA AND TIMOTHY ALLEN,AMERICAN ALPHA TRAINING LLC,,2,Inside City Limits,713940,Fitness Center,5416602038,1/18/2023 0:00,373fda8c-808b-4362-97b5-5929cab4d74d,401,6TH STREET,,SE,ST,,,GRANTS PASS,OR,97526,815,GREENFIELD,,NE,RD,,,GRANTS PASS,OR,97526,1/21/2026 15:54,1/31/2027 15:54
BTAX-042673-01-2026,RONALD & KATHLEEN GILLASPIE,G2 HAIR STUDIO,,6,Inside City Limits,812112,Beauty Salon,5412267741,11/30/2017 0:00,8ab9c42d-0fe6-47d1-bcb1-d4bc013bc32e,611,6TH,,,ST,,,GRANTS PASS,OR,97526,1236,IRONWOOD,,SW,DR,,,GRANTS PASS,OR,97526,1/22/2026 12:29,1/31/2027 12:29
BTAX-042674-01-2026,,TWO'S COMPANY                 ,,2,Inside City Limits,561720,Cleaning Service,7074603600,7/1/2013 0:00,FF0B1594-AC83-4328-816A-8FDBDD7F075B,1416,STURGEON,,SW,CT,, ,GRANTS PASS,OR,97527,1416,STURGEON,,SW,CT,,,GRANTS PASS,OR,97527,1/22/2026 12:33,1/31/2027 12:33
BTAX-042677-01-2026,CHRIS DE WITT,THREE TREES INDUSTRIES,,4,Inside City Limits,561720,Cleaning Service,,12/16/2021 0:00,68489c78-ac19-48ad-a976-156462aa178a,1043,THELMA,,,WAY,,,GRANTS PASS,OR,97527,1043,THELMA,,,WAY,,,GRANTS PASS,OR,97527,1/22/2026 14:32,1/31/2027 14:32
BTAX-042679-01-2026,S  ALEXANDER,CAMP SHARON DIVERSITIES       ,,1,Inside City Limits,531311,Property Management,5414415259,12/15/2015 0:00,E5541D46-7A29-41C3-8BD6-CF103DDE0273,560,F,,NE,ST,,SUITE 157,GRANTS PASS,OR,97526,560-A,F,,NE,ST,,SUITE #157,GRANTS PASS,OR,97526,1/22/2026 15:19,1/31/2027 15:19
BTAX-042681-01-2026,MARVIN JESSEE,"GRANTS PASS APPLIANCE, INC",ACTIVE APPLIANCE,8,Inside City Limits,423620,Retail-Home Appliances,5414798734,11/8/2019 0:00,59777291-0bf9-4029-8cb0-244750162ac5,605,7TH,,SE,ST,, ,GRANTS PASS,OR,97526,605,7TH,,SE,ST,,,GRANTS PASS,OR,97526,1/23/2026 11:07,1/31/2027 11:07
BTAX-042684-01-2026,LIEPING XIE,FOUR SEASONS RESTAURANT LLC,,3,Inside City Limits,722511,Restaurant,5414796532,1/10/2022 0:00,b3fe892c-6de3-4a21-9e4d-128a28430f3f,122,K,,SE,ST,,,GRANTS PASS,OR,97526,741,BAILEY,,,DR,,,GRANTS PASS,OR,97527,1/26/2026 12:43,1/31/2027 12:43
BTAX-042685-01-2026,ZION GREENFIELD,GOLD STANDARD INVESTMENT GROUP LLC,GOLD STANDARD CBD,12,Inside City Limits,425120,Wholesale Agent,5412958811,1/3/2019 0:00,c1ec1b64-92d9-4a7c-a074-b069e249e25e,,,,,,,,,,,608,L,,SE,ST,,,GRANTS PASS,OR,97526,1/26/2026 12:51,1/31/2027 12:51
BTAX-042691-01-2026,RUE LYON,MASSAGE BY RUE,,1,Inside City Limits,621399,Medical-Massage Therapy,5414764616,9/7/2017 0:00,fa6e2772-2199-4424-9095-a9815847120b,2375,LOWER RIVER,, ,RD,, ,GRANTS PASS,OR,97526,560,F,SUITE A PMB 459,NE,ST,,,GRANTS PASS,OR,97526,1/26/2026 14:57,1/31/2027 14:57
BTAX-042698-01-2026,ARTHUR  WOOLARD,AFFORDABLE TRUCK & RV         ,,38,Inside City Limits,459930,RV/Mobile Home Dealer,5415353043,5/1/2014 0:00,7EEB6223-538A-4BD7-A1F2-62A8032089D1,320,REDWOOD,, ,HWY,, ,GRANTS PASS,OR,97527,324,REDWOOD,,,HWY,,,GRANTS PASS,OR,97527,1/28/2026 12:00,1/31/2027 12:00
BTAX-042699-01-2026,ARTHUR  WOOLARD,AFFORDABLE TRUCK & RV         ,,2,Inside City Limits,459930,RV/Mobile Home Dealer,5415353043,1/3/2023 0:00,593b41b0-73fb-430e-8a38-168ee8bfd8fa,725,UNION,, ,AVE,, ,GRANTS PASS,OR,97527,324,REDWOOD,,,HWY,,,GRANTS PASS,OR,97527,1/28/2026 12:04,1/31/2027 12:04
BTAX-042707-01-2026,A. COSTANTINO  J. HECKER,WONDERLAND LLC               ,,3,Outside City Limits,531110,Rental Units/Landlord,5417871380,1/1/1996 0:00,35BBD5E9-3B84-4A5E-AC79-BFA8D2C05092,3610,ROGUE RIVER,,,HWY,,,GRANTS PASS,OR,97527,3610,ROGUE RIVER ,,,HWY,,,GRANTS PASS,OR,97527,1/30/2026 16:24,1/31/2027 16:24
BTAX-042712-02-2026,DURHAM  ALLEN,"N-A PERFORMANCE, LLC               ",,1,Outside City Limits,811111,Auto-General Repair,5416601392,9/18/2015 0:00,ED71A696-4B9F-48EB-912C-317512C39327,,,,,,,,,,,540,CALIFORNIA,,,AVE,,,GRANTS PASS,OR,97526,2/2/2026 16:18,1/31/2027 16:18
BTAX-042713-02-2026,SEAN SULLIVAN,SULLIVAN BUILDERS LLC,,1,Inside City Limits,238190,Contractor-General/Building Exterior,5414502586,9/17/2019 0:00,0a5b2a8a-cf89-479d-ad05-61422daaf076,,,,,,,,,,,5665,NEW HOPE,,,RD,,,GRANTS PASS,OR,97527,2/2/2026 16:26,1/31/2027 16:26
BTAX-042714-02-2026,SCOTT & POLLY  VALLE,VALLE'S AUTO BODY AND PAINT   ,,3,Inside City Limits,811121,"Auto-Body, Paint & Interior",5414713498,2/8/1995 0:00,C7D686A5-E240-4FAB-BA08-4C41E79CB643,2744,HIGHLAND,,NW,AVE,, ,GRANTS PASS,OR,97526,2744,HIGHLAND,,NW,AVE,,,GRANTS PASS,OR,97526,2/2/2026 16:38,12/31/2026 16:38
BTAX-042718-02-2026,SCOTT BONNEY,THREE RIVERS LANDSCAPE MAINTENANCE,THREE RIVERS LANDSCAPE MANAGEMENT,7,Inside City Limits,541320,Landscaping Services,5416603046,4/26/2001 0:00,DB35D2B4-A24C-4E33-AA24-B0456437813E,2456,ALLEN CREEK,, ,RD,, ,GRANTS PASS,OR,97527,314,E,,NE,ST,,,GRANTS PASS,OR,97526,2/3/2026 11:45,12/31/2026 11:45
BTAX-042719-02-2026,DANA TOBLER,THE SOUND LOUNGE LLC,,7,Inside City Limits,722410,Bar/Tavern,5414790712,8/29/2016 0:00,d6a7da0f-34c5-45a3-9c16-641608973886,225,H,,SE,ST,, ,GRANTS PASS,OR,97526,225,H,,SE,ST,,,GRANTS PASS,OR,97526,2/3/2026 11:55,1/31/2027 11:55
BTAX-042722-02-2026,DEANNA & TIMOTHY BYERS,LAVENDER LANE ESSENTIALS,,2,Inside City Limits,459420,Retail-Gift & Novelty Store,5419375784,1/22/2019 0:00,76cb69ed-d19e-4641-88c4-50c36c9fddef,543,E,,NE,ST,,UNIT 102,GRANTS PASS,OR,97526,543,E,,NE,ST,,UNIT 102,GRANTS PASS,OR,97526,2/3/2026 14:26,1/31/2027 14:26
BTAX-042723-02-2026,MYLES WHITTINGTON,FAST LANE RC LLC,,1,Inside City Limits,811210,Consumer Electronics Repair/Maint,5412189478,12/10/2021 0:00,f0f26a4b-e767-46fd-a2df-e37373510ca1,850,ROGUE RIVER,, ,HWY,, ,GRANTS PASS,OR,97527,850,ROGUE RIVER,,,HWY,,,GRANTS PASS,OR,97527,2/3/2026 14:32,1/31/2027 14:32
BTAX-042724-02-2026,ANTHONY MARINO,SPORTS CARDS & COIN FANATICS,,1,Inside City Limits,423920,"Retail-Hobbies, Toys & Games ",8186125843,1/30/2023 0:00,508d3ca4-fcc7-44cb-8049-0164663284a9,115,H,,SW,ST,,,GRANTS PASS,OR,97526,304,6TH,,SW,ST,,,GRANTS PASS,OR,97526,2/3/2026 14:42,2/28/2027 14:42
BTAX-042726-02-2026,,SOUTHERN OREGON HOME REPAIR LLC,,1,Outside City Limits,238190,Contractor-General/Building Exterior,5414502491,2/13/2015 0:00,E85F7147-F1AE-402D-B61C-24715FCE3C7B,,,,,,,,,,,2461,ROBINSON,,,RD,,,GRANTS PASS,OR,97527,2/3/2026 15:33,1/31/2027 15:33
BTAX-042727-02-2026,MICHELLE THOMSEN,"BALANCE FORWARD SOLUTIONS, LLC",,1,Inside City Limits,541219,Other Accounting Services,5416361486,8/11/2023 0:00,0f3afbe7-b4a3-4dc1-8257-d1d5caec8895,227,SAPPHIRE,,,CT,,,GRANTS PASS,OR,97527,227,SAPPHIRE,,,CT,,,GRANTS PASS,OR,97527,2/3/2026 15:45,1/31/2027 15:45
BTAX-042728-02-2026,GRANT J  RIVERIA,DIAMOND AUTO DETAIL GP        ,,1,Inside City Limits,811192,Car Wash & Detailing,5414790087,2/1/1997 0:00,7EC3639F-615A-42AC-8769-C643CC108603,712,REDWOOD,,,Hwy,,,GRANTS PASS,OR,97527,712,REDWOOD,,,HWY,,,GRANTS PASS,OR,97527,2/3/2026 15:51,1/31/2027 15:51
BTAX-042729-02-2026,SHELLY  SOLOMON,BREAD & BUTTER LLC,HORNY GOAT,10,Inside City Limits,722511,Restaurant,5415071901,12/1/2015 0:00,D90FC716-592E-43EB-9A84-BAAEF313E27F,207,K,,SW,ST,, ,GRANTS PASS,OR,97526,PO BOX 2072,,,,,,,GRANTS PASS,OR,97528,2/3/2026 15:58,1/31/2027 15:58
BTAX-042732-02-2026,ELENA DIEGO,TACOS DON GOYO,,2,Inside City Limits,722330,Food-Mobile/Ice Cream Truck,5418382919,1/1/2022 0:00,5d05d820-c5f0-4b21-8db0-5c08f1f9a80d,,,,,,,,,,,207,CHESTNUT,,,LN,,,GRANTS PASS,OR,97526,2/4/2026 11:18,2/28/2027 11:18
BTAX-042734-02-2026,KANDY  MECKFESSEL,SHEAR PERFECTION SALON        ,,1,Inside City Limits,812112,Beauty Salon,5414503443,9/11/2009 0:00,34FCD3C9-02D2-42DA-8B67-D661F1F7A7F2,1457,6TH,,NE,ST,,UNIT A,GRANTS PASS,OR,97526,1457,6TH ,,NE,ST,,UNIT A,GRANTS PASS,OR,97526,2/4/2026 14:50,1/31/2027 14:50
BTAX-042735-02-2026,SCOTT  DAVIS,PROPERTY MANAGEMENT GROUP OF OR,,4,Inside City Limits,531311,Property Management,5416603003,6/15/2010 0:00,7ED47677-16F4-499F-BD3B-41C5D40BBC60,126,D,,NW,ST,,,GRANTS PASS,OR,97526,126,D,,NW,ST,,,GRANTS PASS,OR,97526,2/4/2026 14:53,2/28/2027 14:53
BTAX-042736-02-2026,MARCELLA ARANA,BE YOUTIFUL SALON,,4,Inside City Limits,812112,Beauty Salon,5417870838,5/1/2018 0:00,67cac9df-c724-40f6-82e6-aa5be325702a,1051,6TH,,NE,ST,, F,GRANTS PASS,OR,97526,1556,ROUNDS,,,AVE,,,GRANTS PASS,OR,97527,2/4/2026 15:05,12/31/2026 15:05
BTAX-042742-02-2026,BRIAN & PAM  MEIN,CAVEMAN TRAVEL AGENCY         ,,1,Inside City Limits,561510,Travel Agency,5414766813,8/12/2005 0:00,61BD27C1-0A49-4DE7-B966-0A666D6C445D,301,7TH,,NE,ST,, ,GRANTS PASS,OR,97526,301,7TH,,NE,ST,,,GRANTS PASS,OR,97526,2/5/2026 14:40,2/28/2027 14:40
BTAX-042748-02-2026,,ORLINS MEAT SPECIALTIES INC,CARTWRIGHT'S VALLEY MEAT CO,57,Inside City Limits,445110,Food-Grocery Store,5414790321,7/20/1994 0:00,233323BE-183F-478E-99F4-6F1A2D596039,825,UNION,,SW,AVE,, STE 115,GRANTS PASS,OR,97527,825,UNION,,SW,AVE,,,GRANTS PASS,OR,97527,2/6/2026 9:25,1/31/2027 9:25
BTAX-042752-02-2026,,U S BANK                      ,,10,Inside City Limits,522110,Finance-Commercial Bank,5414741121,8/1/2001 0:00,5C7C7A71-C479-4438-8372-534D4B19DECB,400,6TH,,SW,ST,, ,GRANTS PASS,OR,97526,400,6TH,,SW,ST,,,GRANTS PASS,OR,97527,2/17/2026 14:40,2/28/2027 14:40
BTAX-042754-02-2026,JOE SALEH,INDIAN CREEK DISMANTLERS,,6,Inside City Limits,441110,Auto-New Car Dealer,5414797203,1/1/2020 0:00,e4956606-bcd3-45a5-b433-66798aac1b2f,1455,ROGUE RIVER,, ,HWY,, ,GRANTS PASS,OR,97527,575,ASHLEY,,,PL,,,GRANTS PASS,OR,97526,2/6/2026 12:25,1/31/2027 12:25
BTAX-042758-02-2026,,R & M MARKET COMPANY LLC,A-1 MARKET #5,2,Inside City Limits,445131,Convenience Store,5414792240,12/5/2007 0:00,BE12C2E0-949E-4295-B57B-7A186DA76423,1671,WILLOW,,,LN,,,GRANTS PASS,OR,97527,1671,WILLOW,,,LN,,,GRANTS PASS,OR,97527,2/9/2026 9:01,2/28/2027 9:01
BTAX-042760-02-2026,JOHN KABOT FAMILY TRUST,OREGON ROOTS ELECTRIC,,2,Inside City Limits,236118,Const-Residential Remodeler,5418219039,7/7/2020 0:00,7a57e414-2c54-432c-8aa1-f0c675cbd8ea,1267,FISH HATCHERY,,,RD,,,GRANTS PASS,OR,97527,1267,FISH HATCHERY,,,RD,,,GRANTS PASS,OR,97527,2/9/2026 11:25,2/28/2027 11:25
BTAX-042763-02-2026,SIRILUK  VORACHUT,SIRILUK VORACHUT,ROYAL BARGE THAI CUISINE,3,Inside City Limits,722511,Restaurant,5414746942,7/25/1989 0:00,57060F4F-422C-4B30-8742-100A0E5F9BAD,120,H,,SW,ST,, ,GRANTS PASS,OR,97526,120,H,,SW,ST,,,GRANTS PASS,OR,97526,2/9/2026 12:31,2/28/2027 12:31
BTAX-042765-02-2026,HECTOR  FLORES,FLORES TRUCK REPAIR,MOBILE MECHANIC,1,Inside City Limits,811111,Auto-General Repair,5412611369,2/9/2026 0:00,F3364911-E99A-4CB5-BAD1-340F4749C7E0,1480,D,,NE,ST,,,GRANTS PASS,OR,97526,1480,D,,NE,ST,,,GRANTS PASS,OR,97526,2/9/2026 14:52,2/28/2027 14:52
BTAX-042766-02-2026,RACHEL NICHOLS,"FOCAL POINT TATTOO, LLC",,1,Inside City Limits,812199,Tattoo/Piercing Shop,5414509533,1/25/2023 0:00,75580a97-07ec-4be7-85ef-c3e20b4d4170,543,E,,NE,ST,,206,GRANTS PASS,OR,97526,543,E,,NE,ST,,206,GRANTS PASS,OR,97526,2/9/2026 15:56,2/28/2027 15:56
BTAX-042767-02-2026,ROBERT C  MURDEN,ALL SEASONS PEST CONTROL      ,,1,Inside City Limits,561710,Pest Control,5416602896,6/13/1989 0:00,407E409B-3574-465C-ACAF-9F6AD4F612A0,,,,,,,,,,,1630,WILLIAMS HWY     ,PMB #138,,HWY,,,GRANTS PASS,OR,97527,2/9/2026 16:06,2/28/2027 16:06
BTAX-042771-02-2026,SHERMAN S ENGLISH,TAPERZ HAIR CO.,,4,Inside City Limits,812111,Barber Shop,5412954252,8/19/2019 0:00,3ecf1141-8963-4f0b-9426-cfa19f0df3c0,1500,ROGUE RIVER,,,HWY,,A,GRANTS PASS,OR,97527,1500,ROGUE RIVER,,,HWY,,A,GRANTS PASS,OR,97527,2/10/2026 8:40,2/28/2027 8:40
BTAX-042774-02-2026,CAROL & RICHARD  LENNON,TRINITY HOME CARE LLC,,148,Outside City Limits,621610,Medical-Home Health Care Services,5414790874,3/13/2006 0:00,1151C092-AAF1-46DB-BE3D-9FC2CCC4F064,,,,,,,,,,,263,FELKNER,,,RD,,,GRANTS PASS,OR,97527,2/10/2026 9:22,2/28/2027 9:22
BTAX-042779-02-2026,CRAIG WHELAN,REJUVENATE MASSAGE LLC,,1,Inside City Limits,621399,Medical-Massage Therapy,,11/3/2020 0:00,6db1a29c-db46-497d-bbeb-f0a4e9845e5c,1051,6TH,,NE,ST,, STE 2A,GRANTS PASS,OR,97526,2994,RIVER,,S,RD,,,GRANTS PASS,OR,97527,2/10/2026 11:21,2/28/2027 11:21
BTAX-042782-02-2026,LARRY  TACHELL,THREE RIVERS HEATING & AIR INC   ,,2,Inside City Limits,238220,Contractor-HVAC Services,5414795181,4/10/2012 0:00,65B09450-E885-4AFB-9972-6BA7C0C83191,1515,REDWOOD,, ,AVE,,2,GRANTS PASS,OR,97527,PO BOX 2696,,,,,,,GRANTS PASS,OR,97527,2/10/2026 12:23,2/28/2027 12:23
BTAX-042790-02-2026,,RIVER CITY READS LLC DBA OREGON BOOKS & GAMES,OREGON BOOKS & GAMES,6,Inside City Limits,459210,Retail-Book Store,5414763132,12/30/1990 0:00,395FB88F-37E8-4551-8220-7AA7868C67B2,150,E,,NE,ST,, ,GRANTS PASS,OR,97526,150,E,,NE,ST,,,GRANTS PASS,OR,97526,2/10/2026 14:54,2/28/2027 14:54
BTAX-042792-02-2026,JOHN B NELSON,JOHN B NELSON CONSTRUCTION,,1,Inside City Limits,238190,Contractor-General/Building Exterior,5412181189,6/18/2019 0:00,67f0de88-5ed0-485a-8b3b-5289b61ea2b0,,,,,,,,,,,907,HEWITT,,NW,LN,,,GRANTS PASS,OR,97526,2/10/2026 15:34,2/28/2027 15:34
BTAX-042793-02-2026,TINA & JON  HUGHES,HUGHES VACATION RENTALS       ,,1,Outside City Limits,721199,Rental-Misc Rentals,5416605673,8/26/2005 0:00,80B63BCA-F020-4232-9474-2A7E09C1C9D5,,,,,,,,,,,899,GLADIOLA,,SE,DR,,,GRANTS PASS,OR,97526,2/10/2026 15:39,1/31/2027 15:39
BTAX-042795-02-2026,,CONTINUUM BEHAVIORAL HEALTH AND RECOVERY SERVICES,,21,Inside City Limits,621420,Medical-Mental Health/Substance Abuse Center,5418168377,10/5/2020 0:00,439d95ad-ee89-4dbc-9bf7-c29ec946185b,688 & 690,ROGUE RIVER,,,HWY,, ,GRANTS PASS,OR,97527,690,ROGUE RIVER,,,HWY,,,GRANTS PASS,OR,97627,2/11/2026 11:34,10/31/2026 11:34
BTAX-042796-02-2026,,JC SKINNER CONSTRUCTION,,1,Inside City Limits,238190,Contractor-General/Building Exterior,5416598883,10/16/2020 0:00,b24a899d-b380-4711-8366-acd1cc90a56d,,,,,,,,,,,503,BUTLER,,NW,AVE,,,GRANTS PASS,OR,97526,2/11/2026 14:19,2/28/2027 14:19
BTAX-042800-02-2026,JORGE ARMENTA ALVARADO,JORGE ALVARADO'S CLEANING,,2,Inside City Limits,561720,Cleaning Service,7074078951,12/20/2023 0:00,a559c13e-7061-4d89-94b4-0c9623d8ca82,1621,APPLE,,,LN,,,GRANTS PASS,OR,97527,PO BOX 786,,,,,,,GRANTS PASS,OR,97528,2/12/2026 14:54,2/28/2027 14:54
BTAX-042804-02-2026,DONNIE  BOYUM,THE LANDSCAPE AUTHORITY,,1,Inside City Limits,541320,Landscaping Services,5416594567,9/5/2008 0:00,B2A9DBE9-EDFE-48D7-B7C5-6C5F8A987203,,,,,,,,,,,143,BELINDY,,,CIR,,,GRANTS PASS,OR,97527,2/12/2026 15:39,2/28/2027 15:39
BTAX-042806-02-2026,DONNIE BOYUM,THE FIREARMS PRACTITIONER,,1,Inside City Limits,811490,GUNSMITHING,5416594567,2/2/2022 0:00,1123c0e9-902c-4a95-a14d-2c1c567ef4ee,,,,,,,,,,,143,BELINDY,,,CIR,,,GRANTS PASS,OR,97527,2/12/2026 16:15,2/28/2027 16:15
BTAX-042810-02-2026,JAIME GONZALEZ,GONZALEZ TREE SERVICE LLC,,2,Inside City Limits,238190,Contractor-General/Building Exterior,5414504663,2/28/2017 0:00,bbaad914-a6ba-4ed9-a2de-7609dc330491,1702,BRIDGE,,SW,ST,, ,GRANTS PASS,OR,97526,1702,BRIDGE,,SW,ST,,,GRANTS PASS,OR,97527,2/13/2026 11:10,12/31/2026 11:10
BTAX-042811-02-2026,VINCENT  OWNBEY,EV EXCAVATION,,1,Outside City Limits,238190,Contractor-General/Building Exterior,,9/1/2020 0:00,137bfd4b-4a84-4922-926f-4cfe967d4db7,,,,,,,,,,,4600,Jerome Prairie,,,RD,,,Grants Pass,OR,97527,2/13/2026 11:18,2/28/2027 11:18
BTAX-042815-02-2026,JUSTIN HANNER,HANNER CONSTRUCTION,,1,Outside City Limits,238190,Contractor-General/Building Exterior,2083123910,3/22/2022 0:00,29083d2b-df38-44e5-877f-14d01ac10e4c,,,,,,,,,,,5821,AZALEA,,,DR,,,GRANTS PASS,OR,97526,2/17/2026 14:31,2/28/2027 14:31
BTAX-042817-02-2026,DIGNA SHELBY,BROWS BY WENDY LLC         ,SASSY BROWS,1,Inside City Limits,812112,Beauty Salon,5414764785,7/1/2008 0:00,99B5F4E0-4953-408B-BF70-030C6C7F4AE5,558,F,,NE,ST,,#6,GRANTS PASS,OR,97526,558,F,,NE,ST,,SUITE 6,GRANTS PASS,OR,97526,2/17/2026 16:30,2/28/2027 16:30
BTAX-042818-02-2026,CHRISTY & JAMES  MYERS,C & J CLEANING                ,,3,Outside City Limits,561720,Cleaning Service,5416599699,1/2/2003 0:00,B75569ED-6B6E-4851-AC10-2C6B6C5D2311,,,,,,,,,,,1329,LONNON,,,RD,,,GRANTS PASS,OR,97527,2/18/2026 9:31,2/28/2027 9:31
BTAX-042823-02-2026,SCOT ZOLKOSKE,SCOT ZOLKOSKE,RIVERBANKS MEDIA,1,Inside City Limits,541840,Media Representatives,5418468281,2/5/2018 0:00,9c4a8f4c-4dbf-4aea-9dc4-98edc649ce72,613,LEONARD,,SW,ST,, ,GRANTS PASS,OR,97526,613,LEONARD,,SW,ST,,,GRANTS PASS,OR,97526,2/18/2026 11:10,2/28/2027 11:10
BTAX-042829-02-2026,BRANDI LYNCH,JUPITER WELLNESS LLC,,1,Inside City Limits,621399,Medical-Massage Therapy,5305984316,2/18/2021 0:00,091f8478-050a-4549-939b-4f60d82bc15d,777,7TH,,NE,ST,, #101,GRANTS PASS,OR,97526,777,7TH,,NE,ST,,# 101,GRANTS PASS,OR,97526,2/20/2026 14:11,2/28/2027 14:11
BTAX-042830-02-2026,SHERRIE WATERHOUSE,WATERHOUSE LANDSCAPE MAINTENANCE,,1,Inside City Limits,541320,Landscaping Services,5412448898,9/27/2023 0:00,95d9384f-966a-435f-b03b-c6bb1b2ecfa8,,,,,,,,,,,560,F,,NE,ST,,A #532,GRANTS PASS,OR,97526,2/20/2026 16:24,2/28/2027 16:24
BTAX-042831-02-2026,,CYNTHIA'S HOME SWEET HOME     ,,1,Inside City Limits,722511,Restaurant,5414795953,10/1/2009 0:00,B81AD758-7863-4C0D-A0B2-6173251AACCF,1038,6TH,,NW,ST,, ,GRANTS PASS,OR,97526,1038,6TH ,,NW,ST,,,GRANTS PASS,OR,97526,2/20/2026 16:31,1/31/2027 16:31
BTAX-042833-02-2026,GRAEME CLARK,MASSAGE ON F STREET,,1,Inside City Limits,621399,Medical-Massage Therapy,5419723568,1/25/2016 0:00,3036d6fd-b2be-4e44-89d0-18e193d6ac52,226,F,,NW,ST,, ,GRANTS PASS,OR,97526,226,F,,NW,ST,, ,GRANTS PASS,OR,97526,2/24/2026 9:25,2/28/2027 9:25
BTAX-042836-02-2026,,MATHEW TIBBITS PLUMBING       ,,1,Outside City Limits,238220,Plumber,5416602293,1/22/2008 0:00,9248DC06-5979-4893-ADB2-CF20149EAE3B,2366,DOWELL,,,RD,,,GRANTS PASS,OR,97527,2366,DOWELL ,,,RD,,,GRANTS PASS,OR,97527,2/24/2026 12:08,10/31/2026 12:08
BTAX-042840-02-2026,,LISA DIONNE LLC               ,,11,Inside City Limits,812112,Beauty Salon,5412269828,12/2/2013 0:00,26287BD6-F87F-4D22-A2AD-33B7349E4590,223,HILLCREST,,NE,DR,,,GRANTS PASS,OR,97526,223,HILLCREST,,NE,DR,,,GRANTS PASS,OR,97526,2/24/2026 14:51,2/28/2027 14:51
BTAX-042841-02-2026,,LOUIE MARTIN CONSTRUCTION LLC,,4,Inside City Limits,238190,Contractor-General/Building Exterior,5416608847,12/9/2022 0:00,b41471ee-5916-459b-b0b1-a0bf07f00194,811,A,,NE,ST,, ,GRANTS PASS,OR,97526,1630,WILLIAMS,,,HWY,,198,GRANTS PASS,OR,97527,2/24/2026 15:05,2/28/2027 15:05
BTAX-042842-02-2026,DONALD & LYNN  ROEMER,CASCADE METAL RECYCLING       ,,10,Inside City Limits,541990,Professional-Misc,5414798017,3/1/2012 0:00,E3DC034D-0F7E-4AE8-8FEB-404552100456,2207,INDUSTRY,,NE,DR,, ,GRANTS PASS,OR,97526,2207,INDUSTRY ,,NE,DR,,,GRANTS PASS,OR,97526,2/24/2026 15:21,2/28/2027 15:21
BTAX-042845-02-2026,RON & MELANIE  VINYARD,BODY COVER/MAGIC STITCHES     ,,1,Inside City Limits,541990,Professional-Misc,5414711504,4/1/1990 0:00,7019C75D-39E7-462A-B242-E19017B87E1A,420,H,,SW,ST,, ,GRANTS PASS,OR,97526,420,H,,SW,ST,,,GRANTS PASS,OR,97526,2/24/2026 15:55,2/28/2027 15:55
BTAX-042846-02-2026,"TOM MORRIS, MICHAEL MCCASKEL DAVID SNOOK & YUNG KHO",OUTLOOK PROPERTIES            ,,2,Inside City Limits,531311,Property Management,5414714485,7/1/1986 0:00,94E8CDBD-007E-4441-AD74-DE1DE4F19544,1215,7TH,,NE,ST,,SUITE E,GRANTS PASS,OR,97526,1215,7TH ,,NE,ST,,SUITE E,GRANTS PASS,OR,97526,2/24/2026 15:59,2/28/2027 15:59
BTAX-042854-02-2026,DAVE SMITH,SMITH FIVE ELECTRIC LLC,,3,Inside City Limits,238210,Contractor-Electrical,5417610857,3/1/2016 0:00,43012088-5f69-432b-a932-c27bd31adbfd,295,BELMONT,, ,PL,, ,GRANTS PASS,OR,97526,295,BELMONT,, ,PL,, ,GRANTS PASS,OR,97526,2/27/2026 8:57,2/28/2027 8:57
BTAX-042860-02-2026,LOU  SCAPARO,VALLEY OAKS LANDSCAPING       ,,6,Outside City Limits,541320,Landscaping Services,5414711709,11/1/2011 0:00,D046D36A-6109-4EF3-9CB6-8EC45024EA16,,,,,,,,,,,1018,FERRY,,,RD,,,GRANTS PASS,OR,97526,2/27/2026 9:39,2/28/2027 9:39
BTAX-042861-02-2026,DONNA  STUMBO,ARMADILLO MINING SHOP INC     ,,2,Inside City Limits,459999,Retail-Misc Direct Selling Establishment,5414766316,5/8/2009 0:00,74AACF40-992B-4840-AE77-200539A05B18,,,,,,,,,,,2041,VINE ,,NW,ST,,,GRANTS PASS,OR,97526,2/27/2026 9:50,2/28/2027 9:50
BTAX-042864-02-2026,"WALLY SCHMIDT, MICHELLE SCHMIDT JOSH SCHMIDT",WALLY SCHMIDT ELECTRIC INC       ,,4,Outside City Limits,238210,Contractor-Electrical,5414798016,6/21/1991 0:00,26BFA641-BE33-42BC-A6A7-780544D456D2,,,,,,,,,,,PO BOX 946,,,,,,,GRANTS PASS,OR,97528,2/27/2026 11:05,2/28/2027 11:05
BTAX-042865-02-2026,BRET CUDD,BBAC INC                      ,INSIDE THE BOX,5,Inside City Limits,561431,Mail Center-Private,5419551400,1/1/2013 0:00,AD4C97D9-36AC-4C1C-8CF0-5B9F74DFCE9A,560,F,,NE,ST,,A,GRANTS PASS,OR,97526,560,F,,NE,ST,,SUITE A,GRANTS PASS,OR,97526,2/27/2026 11:08,2/28/2027 11:08
BTAX-042866-02-2026,JOE GOMEZ III,JOE AND FRIENDS SALON             ,,7,Inside City Limits,812112,Beauty Salon,5414741732,7/1/1996 0:00,8DF27190-A197-4FC7-93D8-3A8214FEE806,212,SAVAGE,,NE,ST,,SUITE C,GRANTS PASS,OR,97526,284,BROOKE,,,LN,,,GRANTS PASS,OR,97526,2/27/2026 11:13,2/28/2027 11:13
BTAX-042867-02-2026,DANIEL TIBBITS,"BEAR VALLEY MEDICAL CLINIC, LLC",,4,Inside City Limits,621111,Medical-Physician,5412375040,10/29/2020 0:00,c35af95c-1b69-45f2-aa6c-07339b034115,1690,LYNDA,,NE,LN,,,GRANTS PASS,OR,97526,1690,LYNDA,,NE,LN,,,GRANTS PASS,OR,97526,2/27/2026 11:23,2/28/2027 11:23
BTAX-042868-02-2026,CHRIS  MCKINNEY,CHRIS MCKINNEY CONSTRUCTION,,2,Outside City Limits,238190,Contractor-General/Building Exterior,5416604325,1/1/1999 0:00,7992238D-A250-41DC-A387-D66B9E7D44EA,,,,,,,,,,,145,LINDA VISTA,,W,RD,,,GRANTS PASS,OR,97527,2/27/2026 11:26,2/28/2027 11:26
BTAX-042870-02-2026,JAMES SPEISER,"AMERICAN ELECTRIC, LLC",,1,Inside City Limits,238210,Contractor-Electrical,5417271212,7/1/2020 0:00,2cd7ee82-923d-453a-989a-826b01a91c1f,,,,,,,,,,,206,RANDY,,,DR,,,GRANTS PASS,OR,97527,2/27/2026 15:46,2/28/2027 15:46
BTAX-042871-03-2026,,FIRST INTERSTATE BANK,,6,Inside City Limits,522110,Finance-Commercial Bank,5419568485,7/1/2007 0:00,AAEB3039-AD6C-4EAA-B2BA-08B073BDAD15,265,UNION,, ,AVE,, ,GRANTS PASS,OR,97527,PO BOX 340,,,,,,,GRANTS PASS,OR,97528,3/2/2026 12:23,2/28/2027 12:23
BTAX-042874-03-2026,JOE SALEH,JUNK YARD JOE'S BBQ SMOKER,,1,Inside City Limits,722330,Food-Mobile/Ice Cream Truck,8188223376,4/19/2017 0:00,f86beb68-a55f-4f9e-8373-f584ac720bfd,1098,M,,SE,ST,, ,GRANTS PASS,OR,97526,1098,M,,SE,ST,,,GRANTS PASS,OR,97526,3/2/2026 12:59,1/31/2027 12:59
BTAX-042881-03-2026,MARIA WOOLDRIDGE,EN VOGUE BEAUTY LLC,EN V SALON,2,Inside City Limits,812112,Beauty Salon,5414762053,8/24/2017 0:00,ad1ac60b-e745-4d01-aecf-d18577c643cb,306,6TH,,SW,ST,,,GRANTS PASS,OR,97526,306,6TH,,SW,ST,,,GRANTS PASS,OR,97526,3/2/2026 15:59,3/31/2027 15:59
BTAX-042890-03-2026,EITAN ALMOG,SPEEDY REPAIR INC,,2,Outside City Limits,811412,Appliance Reapair/Maint,5414159462,10/11/2021 0:00,4eb866c8-5524-476f-8e8e-16fb9246d537,,,,,,,,,,,945,BEACON,,NE,DR,,,GRANTS PASS,OR,97526,3/4/2026 9:49,3/31/2027 9:49
BTAX-042892-03-2026,Matt Phelan,"ROGUE REAL ESTATE SERVICES, LLC",,2,Inside City Limits,531210,Real Estate Agents/Brokers,5416601959,1/5/2023 0:00,fdcdff7f-1b71-4dd9-bc76-6c3a9a91c05b,560,F,,NE,ST,,SUITE A # 453,GRANTS PASS,OR,97526,560,F,,NE,ST,,SUITE A # 453,GRANTS PASS,OR,97526,3/5/2026 12:40,3/31/2027 12:40
BTAX-042893-03-2026,JACK SMITH,JAXMETAL,,2,Inside City Limits,238190,Contractor-General/Building Exterior,5413241727,12/18/2023 0:00,d07eafd5-b661-45fc-a1e6-9a660038e913,1600,N,,SE,ST,,,GRANTS PASS,OR,97526,1330,OJAI,,,DR,,,GRANTS PASS,OR,97527,3/5/2026 12:44,2/28/2027 12:44
BTAX-042895-03-2026,LINDA ACCARDO,GARDEN COTTAGE AIRBNB,,1,Inside City Limits,531110,Rental Units/Landlord,5414502207,11/15/2021 0:00,fb1db22c-309e-49c5-9587-f7180b31862b,341,K,,SW,ST,, ,GRANTS PASS,OR,97526,341,K,,SW,ST,,,GRANTS PASS,OR,97526,3/5/2026 14:06,3/31/2027 14:06
BTAX-042900-03-2026,INC  TRUE PROSPERITY,BABE'S BAKERY                 ,,9,Inside City Limits,311811,Bakery,5414761710,8/1/2011 0:00,048A1C13-1F41-4ABA-823F-3F2136D1B61B,1701,6TH,,NE,ST,, ,GRANTS PASS,OR,97526,1701,6TH ,,NE,ST,,,GRANTS PASS,OR,97526,3/6/2026 10:45,3/31/2027 10:45
BTAX-042902-03-2026,KEVIN WALLIS,OLD TOWN ANTIQUE MALL         ,,2,Inside City Limits,459510,Retail-Misc Direct Selling Establishment,5414747525,4/15/1999 0:00,E7133B86-9753-4CCF-9DCD-88932E1C0FC4,324,6TH,,SW,ST,, ,GRANTS PASS,OR,97526,324,6TH,,SW,ST,,,GRANTS PASS,OR,97526,3/6/2026 11:18,3/31/2027 11:18
BTAX-042903-03-2026,CAMERON  KIRKLAND,SUNWORKS SOLAR INC,,2,Inside City Limits,238190,Contractor-General/Building Exterior,5416598933,1/1/2004 0:00,17f7d07a-054d-4cf1-bdc5-a039a9039947,1634,N,,SE,ST,,5D,GRANTS PASS,OR,97526,1634,N,,SE,ST,,5D,GRANTS PASS,OR,97526,3/6/2026 11:25,3/31/2027 11:25
BTAX-042904-03-2026,TRAVIS DIETZ,ROGUE WOODCRAFT DESIGN,,1,Outside City Limits,321999,Manufacturing-Wood Products,5416590091,3/3/2023 0:00,aa7d628b-c453-4d73-8fb3-b0baca6044bf,,,,,,,,,,,3405,LEONARD,,,RD,,,GRANTS PASS,OR,97527,3/6/2026 11:34,3/31/2027 11:34
BTAX-042906-03-2026,JOHN BURDEN,LAWN BARBER,,1,Outside City Limits,561730,Yard Services,5414412907,12/20/2022 0:00,f93d63de-2915-4b09-9d8d-cad28a1d1a3d,,,,,,,,,,,291,GLEN,,,DR,,,GRANTS PASS,OR,97526,3/6/2026 13:54,2/28/2027 13:54
BTAX-042907-03-2026,PAULINA DEL PALACIO,PAULINA'S CLEANING,,1,Inside City Limits,561720,Cleaning Service,5417614959,6/2/2017 0:00,725ff6e7-04ff-4da8-9902-68d4fca529d2,1456,WILLOW,,,LN,,,GRANTS PASS,OR,97527,1456,WILLOW,,,LN,,,GRANTS PASS,OR,97527,3/6/2026 15:44,3/31/2027 15:44
BTAX-042911-03-2026,JAMES  GRUBE,GRUBE DESIGN                  ,,1,Inside City Limits,541310,Architectural Services,5414792139,1/1/1997 0:00,3C3725DF-67AA-41A1-A0B8-3D8F989772E9,1040,WASHINGTON,,NW,BLVD,, ,GRANTS PASS,OR,97526,1040,WASHINGTON     ,,NW,,,,GRANTS PASS,OR,97526,3/9/2026 12:34,1/31/2027 12:34
BTAX-042914-03-2026,MATT VANSOOY,WEBFORMIX INTERNET COMPANY,,2,Inside City Limits,517112,Telecommunication-Wireless Carrier,5414746082,2/22/2018 0:00,0de991dc-70b5-4731-b3ec-bfea2d43714d,204,4TH,,NW,ST,,,GRANTS PASS,OR,97526,204,4TH,,NW,ST,,,GRANTS PASS,OR,97526,3/9/2026 14:08,3/31/2027 14:08
BTAX-042915-03-2026,,TICOR TITLE #26               ,,11,Inside City Limits,524291,Insurance Claims Adjusting,5414761171,10/1/1985 0:00,A709854E-C46A-4B8E-9397-5E13E3BC451F,744,7TH,,NE,ST,,,GRANTS PASS,OR,97526,744,7TH,,NE,ST,,,GRANTS PASS,OR,97526,3/9/2026 14:56,2/28/2027 14:56
BTAX-042917-03-2026,CARLA & WALTER WATSON,ACCURATE ROOFING COMPANY LLC,,8,Outside City Limits,238160,Roofing,5414769869,3/8/2023 0:00,f17a62dd-fcb4-406e-b8e1-613f459d6ed8,390,SCENIC,,,DR,,,GRANTS PASS,OR,97526,311,LOUGHRIDGE,,NW,AVE,,,GRANTS PASS,OR,97526,3/9/2026 15:16,3/31/2027 15:16
BTAX-042918-03-2026,ROBERT JOHNSTON,ROYAL GREEN LANDSCAPING,,2,Inside City Limits,238990,Contractor-Trade/Specialty,5412990479,3/15/2022 0:00,cae0db21-a727-4217-b16a-c809dbe6d890,,,,,,,,,,,8344,ROGUE RIVER,,,HWY,,,GRANTS PASS,OR,97527,3/9/2026 15:26,3/31/2027 15:26
BTAX-042920-03-2026,SYLINA  DORDON,FULL CIRCLE BEAUTY SALON      ,,2,Inside City Limits,812112,Beauty Salon,5417616298,8/1/2012 0:00,419EBDF5-9CAA-420A-9A33-5D904AE5E190,850,6TH,,NW,ST,,SUITE 11,GRANTS PASS,OR,97526,850,6TH,,NW,ST,,,GRANTS PASS,OR,97526,3/10/2026 8:25,3/31/2027 8:25
BTAX-042923-03-2026,DENNIS  EGLI,"EGLI CONSTRUCTION, DENNIS     ",,2,Outside City Limits,238190,Contractor-General/Building Exterior,5416602506,10/15/1993 0:00,7B289A05-2576-489E-A69C-55D8BB9A019A,,,,,,,,,,,3112,FLIN,,,CT,,,GRANTS PASS,OR,97527,3/10/2026 9:50,3/31/2027 9:50
BTAX-042926-03-2026,DUSTIN BLOCKER,TRI PROFESSIONAL SERVICES,TRI PROFESSIONAL SERVICES,6,Inside City Limits,541320,Landscaping Services,5416592031,2/13/2018 0:00,ce5fbe37-894a-4e71-bd0c-7132def59a06,,,,,,,,,,,1630,WILLIAMS,,,HWY,,PMB #23,GRANTS PASS,OR,97527,3/10/2026 10:10,3/31/2027 10:10
BTAX-042929-03-2026,BOB  QUINN,QUINN'S PUMP SERVICES & SUPPLY,QUINN'S PUMP SERVICE,18,Outside City Limits,238990,Contractor-Trade/Specialty,5418629355,5/5/2006 0:00,BA797379-7C1F-456E-9499-6DF150EB3739,,,,,,,,,,,6811,WILLIAMS,,,HWY,,,GRANTS PASS,OR,97527,3/10/2026 10:35,2/28/2027 10:35
BTAX-042933-03-2026,MICHAEL DALTON,THE 238 BAR,,10,Inside City Limits,722410,Bar/Tavern,5415071447,10/1/2019 0:00,73138ff2-e997-4707-9b89-a064701c8b2c,1620,WILLIAMS,,,Hwy,,,GRANTS PASS,OR,97527,1620,WILLIAMS,,,HWY,,,GRANTS PASS,OR,97527,3/10/2026 10:58,1/31/2027 10:58
BTAX-042935-03-2026,STEPHEN GREEN,NOBLE HEIGHTS ADULT RESIDENTIAL CARE HOME,,1,Inside City Limits,623990,Medical-Residential Care Facility,5419555171,1/11/2016 0:00,70e264b5-0dfc-4833-bbe7-0fd7af624675,1562,NOBLE HEIGHTS,,NE, ,, ,GRANTS PASS,OR,97526,1562,NOBLE HEIGHTS,,NE,Dr,, ,GRANTS PASS,OR,97526,3/10/2026 11:25,3/31/2027 11:25
BTAX-042936-03-2026,JAN NORBY,"INSURANCE SERVICES OF SOUTHERN OR, LLC",,5,Inside City Limits,524210,Insurance Agency & Brokerages,5414763527,2/8/2018 0:00,559a0969-e53c-4bc6-9dcb-257071ae2ff1,1309,7TH,,NE,ST,,C,GRANTS PASS,OR,97526,1309,7TH,,NE,ST,,C,GRANTS PASS,OR,97526,3/10/2026 11:41,3/31/2027 11:41
BTAX-042939-03-2026,,VALLEY FIRE SERVICE,RURAL METRO FIRE DEPARTMENT,5,Inside City Limits,541990,Professional-Misc,5414741218,3/24/1986 0:00,8000FE52-35B7-4403-9E46-29948CD8D227,807,6TH,,NE,ST,, ,GRANTS PASS,OR,97526,PO BOX 729,,,,,,,GRANTS PASS,OR,97528,3/10/2026 14:35,2/28/2027 14:35
BTAX-042940-03-2026,MADELINE SCHILTZ,HAPA ADVANCED AESTHETICS,,1,Inside City Limits,812112,Beauty Salon,5412182047,8/30/2018 0:00,5e850dfa-3f52-4447-ba96-cbf0d519319e,215,A,,NE,ST,,,GRANTS PASS,OR,97526,387,WAGNER MEADOWS,,SW,DR,,,GRANTS PASS,OR,97526,3/10/2026 14:43,3/31/2027 14:43
BTAX-042941-03-2026,KATIE HAMLYN,A REFRESHED NEST,,1,Inside City Limits,541990,Professional-Misc,5414413268,1/11/2019 0:00,06c62237-43a8-4855-9883-571729d25794,,,,,,,,,,,1012,BELLEVUE,,NW,PL,,,GRANTS PASS,OR,97526,3/10/2026 15:06,2/28/2027 15:06
BTAX-042943-03-2026,,CONTINUUM BEHAVIORAL HEALTH AND RECOVERY SERVICES,,2,Inside City Limits,624229,Other Community Housing Services,5418168377,11/30/2022 0:00,4545ab77-8d08-47df-b8ea-56803d6140d7,902,DEWEY,,,DR,,,GRANTS PASS,OR,97526,902,DEWEY,,,DR,,,GRANTS PASS,OR,97526,3/11/2026 12:53,11/30/2026 12:53
BTAX-042946-03-2026,MIKAYLA GATT,MIKAYLA GATT LMT,,1,Inside City Limits,621399,Medical-Massage Therapy,5416593275,1/15/2021 0:00,2d36f2b1-1fed-4382-88c0-0fa1e1bad30c,740,RANCHO VISTA,,,DR,,,GRANTS PASS,OR,97526,740,RANCHO VISTA,,,DR,,,GRANTS PASS,OR,97526,3/11/2026 14:38,3/31/2027 14:38
BTAX-042949-03-2026,KYLE ARMIJO,TOP NOTCH TREE SERVICE LLC,,5,Outside City Limits,238190,Contractor-General/Building Exterior,5412913029,8/29/2016 0:00,676225f2-a55c-4e2b-b246-f9ed9fc1693e,2497,MIDWAY,,,AVE,,,GRANTS PASS,OR,97527,2497,MIDWAY,,,AVE,,,GRANTS PASS,OR,97527,3/11/2026 16:14,3/31/2027 16:14
BTAX-042950-03-2026,SHERRI SCOTT,SHERRI L SCOTT REAL ESTATE,,3,Inside City Limits,531210,Real Estate Agents/Brokers,5416608739,11/4/2021 0:00,8e89d782-9255-4b2a-ad58-439ae12390b8,442,MURPHY CREEK,,,RD,,,GRANTS PASS,OR,97527,442,MURPHY CREEK,,,RD,,,GRANTS PASS,OR,97527,3/11/2026 16:19,3/31/2027 16:19
BTAX-042951-03-2026,WILLIAM COX,LIBERTY AUTOMOTIVE LLC        ,,2,Inside City Limits,811111,Auto-General Repair,5419563003,2/24/2014 0:00,AC062FAD-951F-47B4-80DE-EAEF0B91ECE5,520,E,,NE,ST,, ,GRANTS PASS,OR,97526,260,WOODSIDE,,W,ST,,,GRANTS PASS,OR,97527,3/12/2026 9:31,2/28/2027 9:31
BTAX-042953-03-2026,TAWNYA FREUDENTHALER,SOUTHERN OREGON PATHWAYS LLC,,1,Inside City Limits,624190,Social Svcs-Individual & Family Svcs,5414509615,1/12/2022 0:00,48f0e27d-f8a6-4c00-8275-08ca4a61aed5,418,6TH,,NW,ST,,,GRANTS PASS,OR,97526,195,DETRICK,,,DR,,,GRANTS PASS,OR,97527,3/12/2026 9:59,3/31/2027 9:59
BTAX-042955-03-2026,DAWN HAYNIE,HUMMINGBIRD LAWN CARE LLC,,2,Inside City Limits,561730,Yard Services,5416604644,3/11/2019 0:00,73dd6f39-cbc1-4a53-bbbf-66e1835c6a61,,,,,,,,,,,790,TAMI,,,RD,,,GRANTS PASS,OR,97526,3/12/2026 14:53,3/31/2027 14:53
BTAX-042956-03-2026,EMILIO   REGLA CRUZ,EMILIO'S UPHOLSTERY,,1,Inside City Limits,811420,Furniture/Reupholstery Repair,5414416107,2/10/2021 0:00,29113bda-6243-4a5e-91ee-596ae837bb6f,1515,REDWOOD,, ,AVE,,# 5,GRANTS PASS,OR,97527,1515,REDWOOD,,,AVE,,# 5,GRANTS PASS,OR,97527,3/12/2026 14:56,3/31/2027 14:56
BTAX-042961-03-2026,,TRYTAN SERVICES INC           ,,2,Outside City Limits,238210,Contractor-Electrical,5412604333,1/1/2005 0:00,FBB378F9-3E57-465C-93F9-09CEFB76B650,,,,,,,,,,,154,SQUIRREL LN    ,,,LN,,,GRANTS PASS,OR,97527,3/13/2026 14:21,3/31/2027 14:21
BTAX-042962-03-2026,STACY WIGGINS,JOCO PROPERTY MANAGEMENT SERVICES LLC,,1,Inside City Limits,531311,Property Management,5416595828,3/1/2022 0:00,f20231f9-a703-4e31-a0d9-8c09594e43c7,,,,,,,,,,,209,SKY CREST,,,DR,,,GRANTS PASS,OR,97527,3/13/2026 14:25,3/31/2027 14:25
BTAX-042964-03-2026,CHARLES  TATOM,THE KEY MAN                   ,,4,Inside City Limits,561622,Locksmith,5414745397,9/1/1988 0:00,E8E0D79E-31DA-4206-B5B2-DEF48C787E7E,333,8TH,,SE,ST,,,GRANTS PASS,OR,97526,333,8TH,,SE,ST,,,GRANTS PASS,OR,97526,3/13/2026 14:42,2/28/2027 14:42
BTAX-042965-03-2026,CHARLES TATOM,THE KEY MAN II                ,,7,Inside City Limits,561622,Locksmith,5414745397,9/1/1988 0:00,822C30D4-C530-4ECD-9E92-00E0C7B388BC,270,AGNESS,,NE,AVE,,,GRANTS PASS,OR,97526,333,8TH,,SE,ST,,,GRANTS PASS,OR,97526,3/13/2026 14:49,2/28/2027 14:49
BTAX-042967-03-2026,BRITTANY SMITH,SMITH'S LANDSCAPING & SERVICES,,2,Outside City Limits,541320,Landscaping Services,5416602311,4/28/2015 0:00,92B80D56-1DF4-494E-8078-95B6635B04D8,,,,,,,,,,,6155,TUNNEL LOOP,,,RD,,,GRANTS PASS,OR,97526,3/13/2026 15:00,3/31/2027 15:00
BTAX-042972-03-2026,TRAVIS POOLE,ROGUE VALLEY COATINGS,,2,Inside City Limits,811121,"Auto-Body, Paint & Interior",6013080195,9/30/2021 0:00,47445b3c-3a7c-4c16-98cf-d1fe9c4096d0,132,BEACON,,NE,DR,,,GRANTS PASS,OR,97526,516,JAYLEN,,SE,DR,,,GRANTS PASS,OR,97527,3/16/2026 12:07,3/31/2027 12:07
BTAX-042973-03-2026,ALBA RAMIREZ ESLAMA,MICELANEA NEZA,,1,Inside City Limits,445110,Food-Grocery Store,5415071238,3/8/2019 0:00,0d7145e8-16ad-404b-bc3f-8771196cd8be,558,F,,NE,ST,,UNIT #1,GRANTS PASS,OR,97526,558,F,,NE,ST,,#1,GRANTS PASS,OR,97526,3/16/2026 12:09,3/31/2027 12:09
BTAX-042978-03-2026,GARY NICHOLSON,CASE IT LLC,,1,Inside City Limits,339999,Manufacturing-Misc Manufacturing,541450717,4/14/2017 0:00,db3d1eaf-9faf-4ec2-8ebc-9fc491cc0122,840,FRUITDALE,, ,DR,, ,GRANTS PASS,OR,97527,233,ROGUE RIVER,,,HWY,,PMB #63,GRANTS PASS,OR,97527,3/16/2026 13:50,3/31/2027 13:50
BTAX-042984-03-2026,MATTHEW AND CHARITY HEVERLY,IGUDNOMOR,,2,Inside City Limits,721199,All Other Traveler Accommodation,5414729543,3/18/2022 0:00,bbbf2e5b-baa2-473a-a131-4c42d92dd2a6,1220,MEIER,,NE,DR,, ,GRANTS PASS,OR,97526,1320,WALKER,,,RD,,,GRANTS PASS,OR,97526,3/17/2026 9:04,3/31/2027 9:04
BTAX-042985-03-2026,JEANETTE & OTIS  BLANKENSHIP,"BLANKENSHIP INDUSTRIES, LLC",,2,Inside City Limits,238990,Contractor-Trade/Specialty,5416607591,10/22/2018 0:00,a7510dfe-103f-4aa0-8e8f-bba979d92292,,,,,,,,,,,910,STARLITE,,NW,PL,,,GRANTS PASS,OR,97526,3/17/2026 9:08,3/31/2027 9:08
BTAX-042987-03-2026,AMBER TIMME,MINDSET MASSAGE,,1,Inside City Limits,621399,Medical-Massage Therapy,5412267962,2/23/2021 0:00,be46f5c3-6607-45c6-94a0-736e14ab0636,598,E,,NE,ST,,,GRANTS PASS,OR,97526,720,PIONEER,,NE,WAY,,,GRANTS PASS,OR,97526,3/17/2026 9:27,3/31/2027 9:27
BTAX-042991-03-2026,GREG  BOUNDS,BOUNDS CONSTRUCTION SERVICES LLC,,1,Inside City Limits,238190,Contractor-General/Building Exterior,5417610651,10/20/2014 0:00,C088B59A-22A8-4984-84FF-F63FDE7F5614,448,DEARING,, ,WAY,, ,GRANTS PASS,OR,97527,560-A,F,,NE,ST,,STE A PMB #242,GRANTS PASS,OR,97526,3/17/2026 14:42,3/31/2027 14:42
BTAX-042992-03-2026,SANDRA  MARTIN,AXIS HEALTH INC               ,,20,Inside City Limits,621111,Medical-Physician,5414710397,2/14/1996 0:00,8C165B86-3AEF-4097-9597-0081221DB026,333,5TH,,SW,ST,,SUITE B,GRANTS PASS,OR,97526,333,5TH,,SW,ST,,SUITE B,GRANTS PASS,OR,97526,3/17/2026 14:55,2/28/2027 14:55
BTAX-042997-03-2026,JOSEPH  JOHNSON,NATURAL CREATIONS LLC        ,,1,Inside City Limits,238140,Contractor-Masonry,5416605832,5/11/2006 0:00,36FE7CCC-594E-4F06-B15D-F951686CDBEF,423,HUDSON LANE,,,LN,,,GRANTS PASS,OR,97526,506A,F,,NE,ST,,SUITE 111,GRANTS PASS,OR,97526,3/19/2026 14:30,3/31/2027 14:30
BTAX-043002-03-2026,ROBERT BELLENBAUM,PREMIER REALTY                ,,1,Inside City Limits,531210,Real Estate Agents/Brokers,5419448764,7/1/1991 0:00,92B1750E-5CFC-4068-8017-50D1796AFBF9,166,DELL,,,RD,,,GRANTS PASS,OR,97527,1630,WILLIAMS   ,,,HWY,,#320,GRANTS PASS,OR,97527,3/20/2026 9:06,3/31/2027 9:06
BTAX-043003-03-2026,,ROBERT BELLENBAUM             ,,1,Outside City Limits,238310,Drywall & Insulation,5419448764,10/8/2002 0:00,A08A62AE-98DA-4058-B645-2ECFFD83B5FF,166,DELL,,,RD,,,GRANTS PASS,OR,97527,1630,WILLIAMS ,,,HWY,,#320,GRANTS PASS,OR,97527,3/20/2026 9:13,3/31/2027 9:13
BTAX-043011-03-2026,,ERN HOLDINGS LLC             ,,2,Outside City Limits,531110,Rental Units/Landlord,5417613800,11/10/2011 0:00,63D880DA-4B6E-4A79-9070-1FE98FA6C46D,560,F,,NE,ST,,,GRANTS PASS,OR,97526,3080,RIVER,,S,RD,,,GRANTS PASS,OR,97527,3/23/2026 11:05,3/31/2027 11:05
BTAX-043013-03-2026,DAVID & JULIE LOCKMAN,FORECLOSURE CLEAN-UP SPECIALISTS,,1,Inside City Limits,561720,Cleaning Service,5416591627,7/18/2011 0:00,DDFBA6F6-DEC0-4FCE-8B25-A5E70C9267CC,233,ROGUE RIVER,,,HWY,,#360,GRANTS PASS,OR,97527,233,ROGUE RIVER,,,HWY,,#360,GRANTS PASS,OR,97527,3/23/2026 11:18,3/31/2027 11:18
BTAX-043016-03-2026,NICK  TAYLOR,NICK TAYLOR CONSTRUCTION      ,,2,Outside City Limits,238190,Contractor-General/Building Exterior,5416216116,8/10/2006 0:00,445B2547-8304-4743-8E59-CA61BA69E57F,384,OAKMONT,,,DR,,,GRANTS PASS,OR,97526,384,OAKMONT,,,DR,,,GRANTS PASS,OR,97526,3/23/2026 12:16,3/31/2027 12:16
BTAX-043024-03-2026,CARTER COE,CHINOOK FOREST MANAGEMENT LLC,,7,Inside City Limits,113310,Logging,4042136243,3/1/2019 0:00,9c606a3c-b5c4-429c-a472-63ecefffd31c,1867,WILLIAMS,,,HWY,,109C,GRANTS PASS,OR,97527,1867,WILLIAMS,,,HWY,,109C,GRANTS PASS,OR,97527,3/25/2026 14:50,3/31/2027 14:50
BTAX-043025-03-2026,SUSAN  DENSMORE,FRIENDS OF THE OREGON CAVES AND CHATEAU,,1,Outside City Limits,813990,Organization-Misc,5419441139,4/15/2009 0:00,30C781B6-9B71-4159-B812-2752491F9FC1,223,HILLCREST,,NE,Dr,,B,GRANTS PASS,OR,97526,PO BOX 2195,,,,,,,GRANTS PASS,OR,97528,3/25/2026 15:12,3/31/2027 15:12
BTAX-043026-03-2026,ELIZABETH JOLISSAINT RUMMENS,PETS LOVE HOME,,2,Outside City Limits,812910,Pet Care Services,5412182114,11/10/2021 0:00,3ae0a0f3-b3d2-443d-9908-50c1300b10bf,308,SANDLEWOOD,, ,DR,,A,GRANTS PASS,OR,97526,308,SANDLEWOOD,,,DR,,A,GRANTS PASS,OR,97526,3/25/2026 16:05,3/31/2027 16:05
BTAX-043030-03-2026,LAVONDA  LOGUE,PROPERTY MANAGEMENT PROFESSIONALS,,5,Inside City Limits,531311,Property Management,5414794991,11/22/1988 0:00,63A2B073-8AA6-4C91-9CEF-D71C61C205CA,525,6TH,,NE,ST,, ,GRANTS PASS,OR,97526,525,6TH,,NE,ST,,,GRANTS PASS,OR,97526,3/26/2026 11:08,1/31/2027 11:08
BTAX-043037-03-2026,SANDRA  CHAMBLESS,SANDRA CHAMBLESS LMT #27199,,1,Outside City Limits,621399,Medical-Massage Therapy,5417871317,12/9/2022 0:00,7e7818e0-c2e5-4938-8c52-3f4e7b082dcc,337,UNION,,,AVE,,SUITE B,GRANTS PASS,OR,97527,233,ROGUE RIVER,,,HWY,,193,GRANTS PASS,OR,97527,3/27/2026 11:44,3/31/2027 11:44
BTAX-043042-03-2026,CHRISTY MCCALLUM,FIRESIDE CATERING CO,,3,Inside City Limits,722320,Caterer,5417611626,10/1/2023 0:00,9ee10ebd-3d06-48ad-ae06-74dffa3307d8,940,8TH,,SE,ST,,,GRANTS PASS,OR,97526,822,DELSIE,,,DR,,,GRANTS PASS,OR,97527,3/30/2026 12:52,3/31/2027 12:52
BTAX-043043-03-2026,KAYLEIGH FERRELL,PEERLESS BEAUTY LOUNGE,,2,Inside City Limits,812112,Beauty Salon,5415071920,12/1/2022 0:00,94411e53-26d0-488e-8897-8d65a3e072e7,162,BEACON,,NE,DR,, #123,GRANTS PASS,OR,97526,162,BEACON,,NE,DR,,#123,GRANTS PASS,OR,97526,3/30/2026 13:40,2/28/2027 13:40
BTAX-043044-03-2026,CALEB WAGONER,CATHEDRAL HILL CONSTRUCTION LLC,,2,Inside City Limits,238190,Contractor-General/Building Exterior,5414508739,12/19/2019 0:00,ad4c5148-5225-4b26-bf58-f204756cb00c,,,,,,,,,,,1366,WALKER,, ,RD,, ,GRANTS PASS,OR,97527,3/30/2026 13:43,3/31/2027 13:43
BTAX-043045-03-2026,CASEY HATCHMAN,"THURSDAY INVESTMENTS, LLC",PintsNWine Pourhouse,2,Inside City Limits,445320,Liquor Store,5412959365,12/30/2021 0:00,a9e90f9c-68eb-4d2d-8c65-585f0444498f,950,6TH,,SW,ST,, ,GRANTS PASS,OR,97526,950,6TH,,SW,ST,,,GRANTS PASS,OR,97526,3/30/2026 13:59,3/31/2027 13:59
BTAX-043046-03-2026,SASHA HALL,JOSEPHINE INTERIORS LLC,JOSEPHINE INTERIORS MARKET,3,Inside City Limits,449110,Retail-General Merchandise ,5417614255,12/1/2023 0:00,e5f9d3df-4679-4a73-a3db-ff5863e830d5,125,G,,SW,ST,,,GRANTS PASS,OR,97526,3812,REDWOOD,,,AVE,,,GRANTS PASS,OR,97527,3/30/2026 14:05,3/31/2027 14:05
BTAX-043047-03-2026,Spencer Smith,BULLETPROOF CONSTRUCTION & EXCAVATION LLC,,6,Outside City Limits,238110,Contractor-Concrete/Found/Structural,5416602311,2/16/2023 0:00,1e10d2d4-898d-48e3-84c6-f232644f0a4e,,,,,,,,,,,6155,TUNNEL LOOP,,,RD,,,GRANTS PASS,OR,97526,3/30/2026 14:34,3/31/2027 14:34
BTAX-043052-03-2026,LUCITA D  GENTLEMAN,GENTLE TOUCH JANITORIAL SERVICES,,1,Inside City Limits,561720,Janitorial Services,5412914261,8/7/2001 0:00,E2D9D13B-91D3-45FB-AD97-D1A16907E07A,,,,,,,,,,,340,BAYOU,,SW,PL,,,GRANTS PASS,OR,97526,3/31/2026 11:30,3/31/2027 11:30
BTAX-043053-03-2026,PASTRELL & BUCHANAN  HARTZELL,"PASTRELL, BUCHANAN & HARTZELL DENTISTRY LLC",,24,Inside City Limits,621210,Medical-Dentist,5414764199,1/1/1997 0:00,D002AAD8-4D84-4A06-937C-9ADDE26FD4B9,1050,GRANDVIEW,,SW,AVE,, ,GRANTS PASS,OR,97527,1050,GRANDVIEW,,SW,AVE,,,GRANTS PASS,OR,97527,3/31/2026 11:50,3/31/2027 11:50
BTAX-043056-03-2026,LISA  GRAGG,LE JAZ STUDIO & SALON         ,,3,Inside City Limits,812112,Beauty Salon,5414720727,1/16/2008 0:00,06043DC8-21E9-4A23-8700-3CE93FD5E09B,414,4TH,,SW,ST,, ,GRANTS PASS,OR,97526,414,4TH,,SW,ST,,,GRANTS PASS,OR,97526,3/31/2026 14:24,3/31/2027 14:24
BTAX-043059-04-2026,JESSE BRUMMETT,GAGE CONSTRUCTION LLC,,1,Inside City Limits,238190,Contractor-General/Building Exterior,5417617540,1/10/2019 0:00,5afd28bc-7621-41b8-b380-8c1a0feb0d97,,,,,,,,,,,160,YORKTOWN,,SE,RD,,,GRANTS PASS,OR,97527,4/1/2026 9:44,3/31/2027 9:44
BTAX-043060-04-2026,HEATHER SMITH,ENCOMPASS PERSON CENTERED,,12,Inside City Limits,812199,Personal Care Services,5412360871,1/21/2022 0:00,5e0eb4d6-cfc4-414d-89f5-c74ad669101c,234,L,,SW,ST,,102,GRANTS PASS,OR,97526,PO BOX 2038,,,,,,,GRANTS PASS,OR,97528,4/1/2026 9:55,2/28/2027 9:55
BTAX-043061-04-2026,ZACKARY THOMAS,CATALYST PIZZA CO,,17,Inside City Limits,722511,Restaurant,5417611089,5/1/2023 0:00,d2539c73-b912-4391-991f-8c61498b112c,314,H,,SE,ST,,,GRANTS PASS,OR,97526,914,TOKAY HEIGHTS,,NE,,,,GRANTS PASS,OR,97526,4/1/2026 10:39,3/31/2027 10:39
BTAX-043062-04-2026,,LAUREL HILL NURSING CENTER    ,,51,Inside City Limits,623110,Medical-Nursing Care Facility,5414793700,6/1/2005 0:00,0D911ACD-C23B-4101-A71C-0FC95C61C7F9,859,6TH,,NE,ST,, ,GRANTS PASS,OR,97526,859,6TH,,NE,ST,,,GRANTS PASS,OR,97526,4/20/2026 15:17,4/30/2027 15:17
BTAX-043064-04-2026,DANIEL  MAGANA,MAGANA'S MAINTENANCE          ,,1,Inside City Limits,811490,Personal & Household Goods Repair/Maint,5416599128,10/24/2002 0:00,47E727D5-301B-43A1-95F1-B566EA20942C,2711,LEONARD,, ,RD,, ,GRANTS PASS,OR,97527,2711,LEONARD,,,RD,,,GRANTS PASS,OR,97527,4/1/2026 12:58,3/31/2027 12:58
BTAX-043067-04-2026,TINA GOTCHALL,POWDERHORN CAFE LLC          ,WALL FLOUR BAKERY,2,Outside City Limits,722330,Food-Mobile/Ice Cream Truck,5414799403,2/9/2023 0:00,5ad4fadd-0842-4be8-8848-3228648d0c47,,,,,,,,,,,357,WAGNER MEADOWS,,SW,,,,GRANTS PASS,OR,97526,4/1/2026 16:15,3/31/2027 16:15
BTAX-043075-04-2026,SHAWN & ERICA  BUTLER,SPEEDY PACK & SHIP INC,,10,Inside City Limits,561431,Mail Center-Private,5419567639,4/21/2004 0:00,4E3274B7-0E81-4568-9A03-FB8B2D3A9B49,1630,WILLIAMS,, ,HWY,, ,GRANTS PASS,OR,97527,1630,WILLIAMS,,,HWY,,,GRANTS PASS,OR,97527,4/3/2026 12:02,4/30/2027 12:02
BTAX-043076-04-2026,SPENCER  APLAND,541 MOTORSPORTS INC           ,,10,Inside City Limits,441330,Retail-Automotive Parts & Accessories,5417615431,1/1/2014 0:00,650A031D-E05A-4297-A582-895747DADB6F,525,F,,NW,ST,, ,GRANTS PASS,OR,97526,525,F,,NW,ST,, ,GRANTS PASS,OR,97526,4/3/2026 12:18,3/31/2027 12:18
BTAX-043077-04-2026,DENNIS BUNN,CARDEN INDUSTRIES LLC,CLEANING SERVICE,2,Outside City Limits,238320,Painting & Wall Covering,5414151198,4/14/2022 0:00,fc10c399-8b3d-4089-8fa0-767c050b0b13,,,,,,,,,,,PO BOX 1633,,,,,,,GRANTS PASS,OR,97528,4/3/2026 14:17,4/30/2027 14:17
BTAX-043078-04-2026,,CHASEAIR LLC,,2,Outside City Limits,238220,Contractor-HVAC Services,5412917773,1/12/2023 0:00,187fd6b9-d792-488c-bf84-58481a306ad1,,,,,,,,,,,121,HAMPSHIRE,,,CIR,,,GRANTS PASS,OR,97526,4/6/2026 10:41,4/30/2027 10:41
BTAX-043079-04-2026,,,,3,Outside City Limits,238190,Contractor-General/Building Exterior,5416596098,9/5/2007 0:00,d257fe68-05be-4896-85a2-1f548847eb8e,,,,,,,,,,,682,DUTCHER CREEK,,,RD,,,GRANTS PASS,OR,97527,4/6/2026 10:47,4/30/2027 10:47
BTAX-043080-04-2026,KARL CALLAHAN,IGUANA COMICS AND GAME,,2,Inside City Limits,423920,"Retail-Hobbies, Toys & Games ",5414749730,1/20/2010 0:00,42297FF7-7049-42A4-8B3B-39908DB527A8,100,MIDLAND,,,AVE,, ,GRANTS PASS,OR,97526,100,MIDLAND,,,AVE,,,GRANTS PASS,OR,97526,4/6/2026 10:56,4/30/2027 10:56
BTAX-043083-04-2026,GREG & BRITTANY JONES,ELITE DETAILING SERVICES LLC,,7,Inside City Limits,811192,Car Wash & Detailing,5412269887,8/11/2022 0:00,7ae1f287-741e-445f-aacb-1f97d58605a3,800,E,,NE,ST,,,GRANTS PASS,OR,97526,800,E,,NE,ST,,,GRANTS PASS,OR,97526,4/9/2026 9:54,4/30/2027 9:54
BTAX-043084-04-2026,,ABBYS PIZZA INN SOUTH         ,,21,Inside City Limits,722511,Restaurant,5416721184,1/1/1997 0:00,A548C8C8-8C95-418C-848C-5CA3F0FF7595,1560,WILLIAMS,, ,HWY,, ,GRANTS PASS,OR,97527,1560,WILLIAMS,,,HWY,,,GRANTS PASS,OR,97527,4/6/2026 15:32,3/31/2027 15:32
BTAX-043086-04-2026,"BONNY FREY, SKYLER FREY",FREY PAVING & CONCRETE LLC,,11,Outside City Limits,238190,Contractor-General/Building Exterior,5414798209,4/3/2019 0:00,fdf3590e-9318-4992-b2a2-b66f8b1ddcde,,,,,,,,,,,3600,ELK,,,LN,,,GRANTS PASS,OR,97527,4/17/2026 12:53,4/30/2027 12:53
BTAX-043091-04-2026,CHRISTINE HICKEY,CRITTER GITTER,,4,Outside City Limits,812910,Pet Care Services,5416598888,1/1/2021 0:00,1dca2073-8e55-4871-8dc1-e69c981fbd71,1622,JONES CREEK,,W,RD,,,GRANTS PASS,OR,97526,1622,JONES CREEK,,W,RD,,,GRANTS PASS,OR,97526,4/7/2026 9:32,4/30/2027 9:32
BTAX-043092-04-2026,JEFF KRULL,ALL SEASONS HEATING & AIR COND,,5,Inside City Limits,238220,Contractor-HVAC Services,5414798777,1/1/1997 0:00,E6A0E23D-239A-45E1-94B5-7FE8D4DA2175,2001,FOOTHILL,,,BLVD,,E12,GRANTS PASS,OR,97526,2001,FOOTHILL,,NE,BLVD,,E12,GRANTS PASS,OR,97526,4/7/2026 9:52,4/30/2027 9:52
BTAX-043093-04-2026,WENDELL HEIDINGER MD,"OPTIMAL HEALTH OF SOUTHERN OREGON, LLC",,9,Inside City Limits,621111,Medical-Physician,5415071948,4/19/2018 0:00,d888df52-42f9-46c6-a60c-49a9b9651020,1600,6TH,,NW,ST,, ,GRANTS PASS,OR,97526,1600,6TH,,NW,ST,,SOUTH STE,GRANTS PASS,OR,97526,4/7/2026 10:02,4/30/2027 10:02
BTAX-043095-04-2026,DANIEL BOWER,BOWER SPA SERVICE LLC,BOWER SPA SERVICE,2,Inside City Limits,541990,Professional-Misc,5417871191,1/1/2010 0:00,19576559-ce42-4579-8745-278b0bfda3b5,,,,,,,,,,,1191,GARDEN TERRACE,,,RD,,,GRANTS PASS,OR,97527,4/7/2026 10:09,4/30/2027 10:09
BTAX-043097-04-2026,RORY  MARLER,BULLDOG TOWING,,2,Inside City Limits,488410,Towing,5419559600,10/31/2007 0:00,C9A547AE-BCDA-47D3-A1C1-D692FF42EB45,2847,HIGHLAND,,NW,AVE,, ,GRANTS PASS,OR,97526,2847,HIGHLAND ,,NW,AVE,,,GRANTS PASS,OR,97526,4/7/2026 10:21,4/30/2027 10:21
BTAX-043101-04-2026,KATHLEEN KROHN,DOORWAY OF HOPE,WELLNESS CONSULTANT,1,Inside City Limits,541611,Consulting Service,7074980663,2/1/2023 0:00,29b5f5a3-0249-4dcf-93d2-31b86667e07e,2106,BRIDGE,,SW,ST,,,GRANTS PASS,OR,97526,2106,BRIDGE,,SW,ST,,,GRANTS PASS,OR,97526,4/8/2026 12:14,4/30/2027 12:14
BTAX-043102-04-2026,MARLA KASDORF,KASDORF AND ASSOCIATES LLC,,2,Inside City Limits,524210,Insurance Agency & Brokerages,5412950777,3/27/2019 0:00,3b13db6f-1f96-46d1-9328-6e7f4a22a1a5,336,SHETLAND,, ,DR,,,GRANTS PASS,OR,97526,336,SHETLAND,,,DR,,,GRANTS PASS,OR,97526,4/8/2026 12:36,4/30/2027 12:36
BTAX-043104-04-2026,TRACI PRIEBS,ELEGANCE II LLC,,2,Inside City Limits,459510,Retail-Thrift Store,5414760570,5/9/2017 0:00,1d8fa864-4364-4b46-ba29-5e15adff9f18,331,6TH,,SE,ST,, ,GRANTS PASS,OR,97526,331,6TH,,SE,ST,,,GRANTS PASS,OR,97526,4/8/2026 12:58,4/30/2027 12:58
BTAX-043112-04-2026,JOCELYN SCHMIDT,TRAINING WITH JOCELYN LLC,,1,Inside City Limits,711120,Dance Studio,5414412652,4/5/2021 0:00,81704571-062e-4f47-ad4e-813080e76b4f,,,,,,,,,,,1107,PINNON,,N,RD,,,GRANTS PASS,OR,97526,4/9/2026 14:27,4/30/2027 14:27
BTAX-043113-04-2026,ANDREA URIAS,ESSENTIAL MOBILE BODYWORKS BY ANDREA URIAS,,1,Inside City Limits,621399,Medical-Massage Therapy,5414411416,5/7/2017 0:00,707584c9-7f7f-4400-af75-8be5f50a35b2,3144,MIDWAY,,,AVE,,,GRANTS PASS,OR,97527,3144,MIDWAY,,,AVE,,,GRANTS PASS,OR,97527,4/9/2026 14:57,4/30/2027 14:57
BTAX-043118-04-2026,JACOB CRUZ,CRUZ BROS. CONSTRUCTION,,1,Outside City Limits,238190,Contractor-General/Building Exterior,5412954475,1/12/2021 0:00,c62b15e7-2752-4e53-96d4-1cfd68631206,,,,,,,,,,,1000,PECO,,,RD,,,GRANTS PASS,OR,97526,4/14/2026 9:49,4/30/2027 9:49
BTAX-043120-04-2026,TANNER BARRATT,PREMIER CARE DENTAL           ,,8,Inside City Limits,621210,Medical-Dentist,5415075330,5/1/2016 0:00,F280DAFA-3DC1-427D-AAD9-7D2C616DEB3A,824,A,,NE,ST,,,GRANTS PASS,OR,97526,1873,WILLIAMS,,,HWY,,1-A,GRANTS PASS,OR,97527,4/14/2026 10:30,3/31/2027 10:30
BTAX-043122-04-2026,PHILIP DAVIS,808 OHANA GRINDZ,,6,Inside City Limits,722320,Caterer,8082124484,10/3/2018 0:00,f17764b5-6377-4019-9ade-5d1c8d5ec8bf,543,E,,NE,ST,, ,GRANTS PASS,OR,97526,543,E,,NE,ST,,,GRANTS PASS,OR,97526,4/14/2026 11:11,3/31/2027 11:11
BTAX-043123-04-2026,TRAVIS OSBORNE,RELENTLESS ATHLETIC PERFORMANCE,,1,Inside City Limits,713940,Fitness Center,5416598582,4/17/2018 0:00,9c21f45f-ff69-435b-8185-95c901fb1cbc,2163,SPALDING,,NE,AVE,,#14,GRANTS PASS,OR,97526,245,BLUEBELL,,,LN,,,GRANTS PASS,OR,97527,4/14/2026 11:37,4/30/2027 11:37
BTAX-043125-04-2026,JON CHAMBERS,SOUTHERN OREGON HBOT,,4,Inside City Limits,621111,Medical-Physician,5414791289,4/1/2021 0:00,fdbd104d-87b3-4a73-bdac-ee89624f3840,1663,WILLIAMS,, ,HWY,, ,GRANTS PASS,OR,97527,1663,WILLIAMS,,,HWY,,,GRANTS PASS,OR,97527,4/14/2026 11:50,4/30/2027 11:50
BTAX-043126-04-2026,TERESA  EPLETT,ASTORIA DENTURE CLINIC        ,,2,Inside City Limits,621210,Medical-Dentist,5414797199,1/1/1997 0:00,0BB43B92-A8AB-443A-8C3C-5914417EB7BD,822,E,,NE,ST,,B,GRANTS PASS,OR,97526,822,E,,NE,ST,,SUITE B,GRANTS PASS,OR,97526,4/14/2026 11:53,3/31/2027 11:53
BTAX-043127-04-2026,KALI BARNHART,KALIKAT CREATIONS,,1,Inside City Limits,541890,Advertising Services,7074992334,9/9/2020 0:00,f943aea4-cd91-4d46-9caf-8f5f89b88739,606,WESTHOLM,,SW,AVE,,,GRANTS PASS,OR,97526,606,WESTHOLM,,SW,AVE,,,GRANTS PASS,OR,97526,4/14/2026 11:57,4/30/2027 11:57
BTAX-043132-04-2026,MORGAN WOLFE,WIGGLE BUMS DOG GROOMING,,2,Inside City Limits,812910,Pet Care Services,,3/8/2021 0:00,16f51952-620f-4e01-a04b-631ffd8b9f3a,1370,ROGUE RIVER,,,HWY,,STE 2,GRANTS PASS,OR,97527,1370,ROGUE RIVER,,,HWY,,STE 2,GRANTS PASS,OR,97527,4/14/2026 14:22,4/30/2027 14:22
BTAX-043133-04-2026,JEFF HOXSEY,EARY EARTHWORKS LLC,,3,Outside City Limits,238910,Excavation - Site Preparation,5419446524,1/1/2021 0:00,b5dde503-09f6-4b57-8222-47192f0c0722,,,,,,,,,,,17450,APPLEGATE,,N,RD,,,GRANTS PASS,OR,97527,4/14/2026 14:28,4/30/2027 14:28
BTAX-043142-04-2026,WILLIAM VEADER,CUT THROAT INK,,3,Inside City Limits,812199,Tattoo/Piercing Shop,5412268121,4/1/2021 0:00,eedfb29a-f5cf-4894-bb90-ff6c9a9ea6b9,1330,6TH,,NW,ST,, ,GRANTS PASS,OR,97526,419,E,,NW,ST,,,GRANTS PASS,OR,97526,4/14/2026 16:13,4/30/2027 16:13
BTAX-043144-04-2026,,ORTHOPEDIC MEDICAL MASSAGE LLC,,1,Inside City Limits,621399,Medical-Massage Therapy,5414411224,11/7/2017 0:00,b10635d8-6e42-435f-9bd4-cbed33d16d98,660,ROGUE RIVER,,,HWY,,400,GRANTS PASS,OR,97527,660,ROGUE RIVER,,,HWY,,400,GRANTS PASS,OR,97527,4/15/2026 9:47,4/30/2027 9:47
BTAX-043145-04-2026,MATTHEW  JORDAN,JORDAN'S                      ,,15,Inside City Limits,459130,Retail-Fabric Shop,5414760214,11/8/1995 0:00,F400457E-D949-41F0-A9D0-4069CE58620C,1590,7TH,,NE,ST,,,GRANTS PASS,OR,97526,370,PAULDINE,,,WAY,,,GRANTS PASS,OR,97527,4/15/2026 9:55,4/30/2027 9:55
BTAX-043146-04-2026,JAMIE HERKLOTZ,THE OPAL HOUSE LLC,THE OPAL HOUSE,1,Inside City Limits,812112,Beauty Salon,5416604779,5/5/2023 0:00,3f9d2210-98b8-4207-b48c-55e51eb5f10b,401,6TH,,SE,ST,,,GRANTS PASS,OR,97526,751,11TH,,NE,ST,,,GRANTS PASS,OR,97526,4/15/2026 10:04,4/30/2027 10:04
BTAX-043147-04-2026,CHARLES PURDEY,PURDEY ELECTRIC LLC,,4,Outside City Limits,238210,Contractor-Electrical,5417618198,3/3/2023 0:00,841985cf-25fa-4a70-b79a-9756911d26ad,,,,,,,,,,,3044,HELGESON,,,LN,,,GRANTS PASS,OR,97527,4/15/2026 10:06,3/31/2027 10:06
BTAX-043153-04-2026,DUSTIN RAMSEY,SR LAWN SPECIALISTS,,4,Inside City Limits,541320,Landscaping Services,5412950064,1/1/2020 0:00,658cc463-4ed3-4bc3-8a20-8b2a75349b2f,,,,,,,,,,,1363,STAR,,,CT,,,GRANTS PASS,OR,97527,4/16/2026 12:18,4/30/2027 12:18
BTAX-043154-04-2026,WILLIAM MOSS JR,T & S TRANSMISSION SPECIALISTS,,2,Inside City Limits,811114,Auto-Transmission Repair,5412958838,4/11/2018 0:00,dbb4e8b6-234f-4605-bad0-d74bba0375a3,1496,ROGUE RIVER,, ,HWY,, ,GRANTS PASS,OR,97527,1496,ROGUE RIVER,,,HWY,,,GRANTS PASS,OR,97527,4/16/2026 13:00,4/30/2027 13:00
BTAX-043161-04-2026,"DAVID  RAY, DC, FNP",DAVERA CORP,REDWOOD FAMILY PRACTICE,5,Inside City Limits,621111,Medical-Physician,5414745665,1/1/2020 0:00,86cf6a51-8ab3-463a-8fef-a5a51737bd08,214,OUTLOOK,,NE,AVE,,,GRANTS PASS,OR,97526,214,OUTLOOK,,NE,AVE,,,GRANTS PASS,OR,97526,4/17/2026 12:12,4/30/2027 12:12
BTAX-043162-04-2026,NIKLAUS SPENDLOVE,"SPENDLOVE DENTAL, PC",,7,Inside City Limits,621210,Medical-Dentist,5414764667,4/20/2022 0:00,03b1a91f-65cc-40cb-a846-11fc97f55ed5,1100,7TH,,NE,ST,, B,GRANTS PASS,OR,97526,1100,7TH,,NE,ST,,B,GRANTS PASS,OR,97526,4/17/2026 12:14,4/30/2027 12:14
BTAX-043163-04-2026,SHIRLEY ROBERTS,"ROBERTS & ASSOCIATES, LLC.",SHIRLEY A ROBERTS INSURANCE AGENCY,1,Inside City Limits,524210,Insurance Agency & Brokerages,5414729019,12/1/2013 0:00,c1ad4829-d01c-428b-bd4c-0d2229c64121,1652,WILLIAMS,,,Hwy,,,GRANTS PASS,OR,97527,1652,WILLIAMS,,,HWY,,,GRANTS PASS,OR,97527,4/17/2026 12:21,4/30/2027 12:21
BTAX-043168-04-2026,CHRISTOPHER ROBINSON,GENTS ONLY BARBER SHOP,,1,Inside City Limits,812111,Barber Shop,2069995162,4/16/2021 0:00,f6f86781-b667-430f-ae00-ba385d24ccdc,1470,DAVID,,SW,DR,,,GRANTS PASS,OR,97527,1470,DAVID,,SW,DR,,,GRANTS PASS,OR,97527,4/20/2026 11:36,4/30/2027 11:36
BTAX-043169-04-2026,STEPHEN EDWARDS,GRANTS PASS PAINTING LLC,,8,Inside City Limits,238320,Painting & Wall Covering,5419558888,4/1/2022 0:00,bb85d325-9969-48cb-bde9-97a10f0e8506,,,,,,,,,,,855,BAILEY,,,DR,,,GRANTS PASS,OR,97527,4/20/2026 11:40,4/30/2027 11:40
BTAX-043172-04-2026,JASON SCHMIDT,ROGUE HANDYMAN SERVICES,,1,Outside City Limits,236220,Handyman,5415269150,4/1/2022 0:00,882aa18d-a2e4-4a1e-9dd3-15dac50a4b7f,,,,,,,,,,,PO BOX 582,,,,,,,GRANTS PASS,OR,97528,4/20/2026 12:09,4/30/2027 12:09
BTAX-043173-04-2026,CARMIN AYALA,AVERY'S HEATING AND COOLING,,1,Inside City Limits,238220,Contractor-HVAC Services,5417785043,1/7/2022 0:00,f7e3c981-d9d8-46cf-be6f-0fdf2486c79b,,,,,,,,,,,950,11TH,,NE,ST,,,GRANTS PASS,OR,97526,4/20/2026 12:17,3/31/2027 12:17
BTAX-043185-04-2026,,BOOTH STREET THRIFT STORE,,11,Inside City Limits,459510,Retail-Thrift Store,5414760082,3/26/2018 0:00,1fb52522-3fea-481e-ad20-3dba1885fe33,114,BOOTH,,SW,ST,, ,GRANTS PASS,OR,97526,PO BOX 190,,,,,,,GRANTS PASS,OR,97528,4/22/2026 10:24,4/30/2027 10:24
BTAX-043186-04-2026,STEVE  SCRUGGS,PACIFIC NORTHWEST MEDICAL TRAINING SERVICES LLC,,1,Inside City Limits,541990,Professional-Misc,5412189922,4/23/2003 0:00,79C0CC43-E604-43E4-8EA0-55E5C691FD9B,980,6TH,,SW,ST,,16,GRANTS PASS,OR,97526,2178,HAWTHORNE,,NW,AVE,,,GRANTS PASS,OR,97526,4/22/2026 10:49,1/31/2027 10:49
BTAX-043190-04-2026,JENNIFER GODFREY,SOUTHPAW TATTOO PARLOR LLC,SOUTHPAW TATTOO PARLOR,5,Inside City Limits,812199,Tattoo/Piercing Shop,5416596614,1/28/2019 0:00,d32efa94-3a41-4ae1-8c78-ae1b400f273f,914,6TH,,SW,ST,,#A,GRANTS PASS,OR,97526,914,6TH,,SW,ST,,#A,GRANTS PASS,OR,97526,4/23/2026 12:12,4/30/2027 12:12
BTAX-043191-04-2026,KARLA STEPHENS,KARMA HAIR AND SKIN,,1,Inside City Limits,812112,Beauty Salon,5417271871,1/27/2021 0:00,4f93354a-447c-4b04-bb4b-6d501ba25486,1837,NEBRASKA,,,AVE,,,GRANTS PASS,OR,97527,1837,NEBRASKA,,,AVE,,,GRANTS PASS,OR,97527,4/24/2026 14:41,4/30/2027 14:41
BTAX-043198-04-2026,MORGAN SCHOMMER,INTEGRITY HEATING AND COOLING SERVICES LLC,,2,Inside City Limits,238220,Contractor-HVAC Services,5414156870,1/23/2024 0:00,b8d67965-a46b-4fba-89af-46ebca287173,1255,PLUMMER,,,AVE,,,GRANTS PASS,OR,97527,1255,PLUMMER,,,AVE,,,GRANTS PASS,OR,97527,4/27/2026 11:08,4/30/2027 11:08
BTAX-043199-04-2026,RON GRAHAM,CASPER THE FRIENDLY HANDY MAN,,1,Inside City Limits,236220,Handyman,5412261616,2/13/2019 0:00,c60ef056-ade6-4f21-a36a-b911f480e907,,,,,,,,,,,201,PONDEROSA,,,LN,,,GRANTS PASS,OR,97527,4/27/2026 11:15,4/30/2027 11:15
BTAX-043202-04-2026,,,,1,Outside City Limits,238190,Contractor-General/Building Exterior,(541) 659-8240,11/22/2022 0:00,0e329b59-98fe-4458-8c5f-89690260d243,,,,,,,,,,,269,MOREWOOD,,,LN,,,GRANTS PASS,OR,97526,4/27/2026 11:31,4/30/2027 11:31
BTAX-043207-04-2026,TERENCE DALEY NATHAN DALEY,DALEY YARD MAINTENANCE LLC,,2,Outside City Limits,561730,Yard Services,5416605409,11/8/2016 0:00,3629354e-bdfa-42d9-ab6c-e1a123921b78,,,,,,,,,,,112,PENNY,,,LN,,,GRANTS PASS,OR,97527,4/28/2026 9:47,4/30/2027 9:47
BTAX-043209-04-2026,DEVIN KRUSE,FIRST CLASS LIGHTS LLC,,2,Inside City Limits,236220,Handyman,5412189744,11/15/2021 0:00,f21c095b-cd38-42d5-bc69-30ef94d23f59,,,,,,,,,,,PO BOX 2343,,,,,,,GRANTS PASS,OR,97527,4/28/2026 11:19,4/30/2027 11:19
BTAX-043210-04-2026,DEVIN KRUSE,FIRST CLASS YARDS LLC,,3,Inside City Limits,561730,Yard Services,5412189744,7/30/2021 0:00,b72a4901-6fac-407f-94c9-ddf67fc9718a,,,,,,,,,,,379,SLEEPY HOLLOW,,,LOOP,,,GRANTS PASS,OR,97527,4/28/2026 11:34,4/30/2027 11:34
BTAX-043215-04-2026,HEANG  PHAY,DONUTLAND                     ,,4,Inside City Limits,311811,Bakery,5412262180,6/26/1993 0:00,635719DA-16A2-4AB7-B38C-3B9E706F8536,75,FRUITDALE,,,DR,,,GRANTS PASS,OR,97527,75,FRUITDALE,,,DR,,,GRANTS PASS,OR,97527,4/29/2026 10:33,4/30/2027 10:33
BTAX-043216-04-2026,ZACHARY FERNANDEZ,HOUSE OF GLORY LLC,,5,Inside City Limits,722513,Limited-Service Restaurant,3054019269,7/27/2021 0:00,19a94f8b-0585-4b66-9734-9933ab90966d,115,G,,SW,ST,, ,GRANTS PASS,OR,97526,115,G,,SW,ST,,,GRANTS PASS,OR,97526,4/29/2026 10:40,4/30/2027 10:40
BTAX-043217-04-2026,NICOLE FLEMING,FLESPY'S BAR & GRILL LLC,,10,Inside City Limits,722410,Bar/Tavern,5416595165,1/28/2019 0:00,419f2dba-0f1a-4ba8-b608-aef5ac3fd5d5,670,FRUITDALE,, ,DR,, ,GRANTS PASS,OR,97527,313,EAGLE RIDGE,,,DR,,,GRANTS PASS,OR,97526,4/29/2026 10:43,4/30/2027 10:43
BTAX-043218-04-2026,PEDRO PEREZ ALVAREZ SUSANA RODRIGUEZ,MALECON GRILL AND CANTINA LLC,MALECON GRILL AND CANTINA,2,Inside City Limits,722511,Restaurant,5419555292,2/23/2023 0:00,58589af4-dde7-4865-a828-893f9574e64a,1305,6TH,,NE,ST,,,GRANTS PASS,OR,97526,1305,6TH,,NE,ST,,,GRANTS PASS,OR,97526,4/29/2026 13:38,4/30/2027 13:38
BTAX-043220-04-2026,CLINT FITZGERALD,CLINT FITZGERALD,IMMORTAL APPLIANCE REPAIR,1,Inside City Limits,811412,Appliance Reapair/Maint,5419162330,2/22/2022 0:00,22e47043-f69f-4fa6-b624-15fe5c06f013,224,GORDON,,S,WAY,,,GRANTS PASS,OR,97527,1119,C,,NW,ST,,APT. A,GRANTS PASS,OR,97526,4/30/2026 11:28,4/30/2027 11:28
BTAX-043221-04-2026,MORGAN WINEGARDEN,MORGAN WINEGARDEN LMT,,1,Inside City Limits,621399,Medical-Massage Therapy,5416611938,3/17/2022 0:00,15b920bd-e916-423e-a358-5e39cb1cf48e,1718,FOOTHILL,,NE,BLVD,,,GRANTS PASS,OR,97526,1718,FOOTHILL,,NE,BLVD,,,GRANTS PASS,OR,97526,4/30/2026 11:52,4/30/2027 11:52
BTAX-043224-05-2026,RAYMOND MATTHEWS,CHUCK'S ROOFING AND CONSTRUCTION,,4,Inside City Limits,238160,Roofing,5414798789,8/5/1990 0:00,F496F344-8B0E-431A-BAC4-77CC6FDBFCF1,1980,JONES CREEK,,W,RD,, ,GRANTS PASS,OR,97526,1980,JONES CREEK,,W,RD,,,GRANTS PASS,OR,97526,5/1/2026 12:59,4/30/2027 12:59
BTAX-043229-05-2026,PEDRO GONZALEZ,CHAPARRO,,1,Inside City Limits,561720,Cleaning Service,5414417319,7/26/2021 0:00,59eff51b-0c20-43c0-bed4-48caaab52785,,,,,,,,,,,1471,COMET,,,CT,,,GRANTS PASS,OR,97527,5/5/2026 9:43,5/31/2027 9:43
BTAX-043230-05-2026,ALEXANDER ALBRIGHT,J & L MOTORHOUSE LLC,,2,Inside City Limits,441120,Auto-Used Car Dealer,5416592390,10/20/2020 0:00,698ea322-6e9a-4d12-96e9-35ac08e2f596,600,7TH,,SE,ST,,,GRANTS PASS,OR,97526,235,BARBARA,,,DR,,,GRANTS PASS,OR,97526,5/5/2026 10:19,5/31/2027 10:19
BTAX-043236-05-2026,HEIDI PHILLIPS,TIERRA DEL SOL IMPORTS        ,,2,Inside City Limits,458310,Retail-General Merchandise ,5414762622,4/24/1997 0:00,FC5EB99A-1BD2-49BA-828D-330F33E0F309,129,G,,SW,ST,, ,GRANTS PASS,OR,97526,129,G,,SW,ST,,,GRANTS PASS,OR,97526,5/6/2026 9:49,3/31/2027 9:49
BTAX-043238-05-2026,JESSICA CUNNINGHAM,HANDPRINTS LLC,HANDPRINTS,2,Inside City Limits,459410,Retail-Misc Direct Selling Establishment,5127748132,6/11/2023 0:00,a950ead7-19c1-489f-9f4f-2edaf0c33d59,,,,,,,,,,,620,6TH,,SW,ST,,,GRANTS PASS,OR,97526,5/6/2026 10:01,5/31/2027 10:01
BTAX-043239-05-2026,DEBORAH FRASZER,THE HANGRY HOUSE LLC,,2,Inside City Limits,722330,Food-Mobile/Ice Cream Truck,,5/9/2022 0:00,3466f03d-ff7b-4b5e-8b79-25534401f7c5,,,,,,,,,,,915,SAVAGE,,NE,ST,,,GRANTS PASS,OR,97526,5/6/2026 10:07,5/31/2027 10:07
BTAX-043240-05-2026,DOMINIC  DE BENEDETTI,DEBENEDETTI CONSTRUCTION ,,1,Inside City Limits,238190,Contractor-General/Building Exterior,5416600710,8/13/1992 0:00,A6B5F108-23F2-4852-B741-3BBAD6DED3DB,,,,,,,,,,,184,RUBY,,,DR,,,GRANTS PASS,OR,97527,5/6/2026 10:14,5/31/2027 10:14
BTAX-043242-05-2026,RAFAEL  LOZANO,LOZANO LANDSCAPE MAINTENANCE  ,,2,Inside City Limits,541320,Landscaping Services,5412911284,9/20/2011 0:00,3CFD2703-3D6C-4937-A624-4F7DCE26DEFD,630,SUNSET,, ,WAY,, ,GRANTS PASS,OR,97527,630,SUNSET,,,WAY,,,GRANTS PASS,OR,97527,5/6/2026 13:48,5/31/2027 13:48
BTAX-043245-05-2026,CRISTIE BOTTORFF,CRISTIES HOME HEALTH HYGIENE PLUS,,1,Inside City Limits,561720,Cleaning Service,5416601985,3/15/2021 0:00,4f2fd519-20f0-4002-a54b-9de12cbcdd8d,,,,,,,,,,,2652,WINONA ,,,RD,,,GRANTS PASS,OR,97526,5/7/2026 12:16,5/31/2027 12:16
BTAX-043247-05-2026,JEREMIAH ROSSI,BLUE FLAME FABRICATION,,2,Inside City Limits,238190,Welding/Fabrication,5417612074,4/4/2019 0:00,9dd2c520-45b1-4d72-8468-8d7e189316ba,,,,,,,,,,,5821,CLOVERLAWN,,,DR,,,GRANTS PASS,OR,97527,5/7/2026 12:57,5/31/2027 12:57
BTAX-043254-05-2026,SUZANNE ROSA,CLOUD 9 MASSAGE,,1,Inside City Limits,621399,Medical-Massage Therapy,5417780336,1/5/2018 0:00,66006b6d-dd4d-47f5-9eed-9d6669d49ffd,432,6TH,,NW,ST,, ,GRANTS PASS,OR,97526,100,BRENTWOOD,,,DR,,,GRANTS PASS,OR,97526,5/8/2026 12:29,5/31/2027 12:29
BTAX-043255-05-2026,"RICHARD ""RJ"" ACOSTA",GET BLESSED ENTERPRISES LLC,GET BLESSED CONSTRUCTION,3,Outside City Limits,238190,Contractor-General/Building Exterior,5412267520,2/16/2022 0:00,0302c1a0-3725-47ee-a963-0877a747f634,,,,,,,,,,,273,HILLVIEW,,,DR,,,GRANTS PASS,OR,97527,5/8/2026 12:33,5/31/2027 12:33
BTAX-043256-05-2026,AMANDA SLOAN,"AMANDA E. SLOAN, LCSW",,1,Inside City Limits,624190,Social Svcs-Individual & Family Svcs,5414761900,1/1/2018 0:00,c1cb71d1-308c-4b44-899d-c498e4a1a58c,777,7TH,,NE,ST,,220,GRANTS PASS,OR,97526,777,7TH,,NE,ST,,220,GRANTS PASS,OR,97526,5/8/2026 12:40,5/31/2027 12:40
BTAX-043258-05-2026,ERIC LOSOYA,CASABLANCA GRILL INC,CASABLANCA COFFEE & GRILL,33,Inside City Limits,722511,Restaurant,5414792503,5/1/2022 0:00,7d1068b1-f41a-4cdb-99c3-f34804c9b975,412,6TH,,NW,ST,,,GRANTS PASS,OR,97526,686,UNION,,,AVE,,,GRANTS PASS,OR,97527,5/8/2026 12:50,5/31/2027 12:50
BTAX-043259-05-2026,MAX  MCEVOY,ALL PURPOSE LANDSCAPE MAINTENANCE,,1,Inside City Limits,541320,Landscaping Services,5416594114,1/22/2008 0:00,22450C80-7E1B-4F01-8417-4BC1D33DE013,,,,,,,,,,,1903,JONES CREEK    ,,W,CR,,,GRANTS PASS,OR,97526,5/8/2026 13:53,5/31/2027 13:53
BTAX-043261-05-2026,VALERIE BLACKWOOD,VAL'S ICE CREAM LLC,,1,Inside City Limits,722330,Food-Mobile/Ice Cream Truck,5419734723,4/9/2018 0:00,135d0e9a-304d-4b6d-8f86-b9e12655fb24,,,,,,,,,,,931,FERN,,SE,ST,,,GRANTS PASS,OR,97526,5/8/2026 15:42,5/31/2027 15:42
BTAX-043262-05-2026,SKYLER CALDERON,CLASSICS BARBERSHOP,,1,Inside City Limits,812111,Barber Shop,5414741004,3/9/2022 0:00,58190fd9-36d8-4bd9-8c50-e9023c1a3484,323,H,,SW,ST,, ,GRANTS PASS,OR,97526,1225,RIVER,,,LN,,,GRANTS PASS,OR,97526,5/12/2026 8:26,5/31/2027 8:26
BTAX-043267-05-2026,RICHARD BALDWIN,RGB INC,STREAMLINE AUTO & EXHAUST,3,Inside City Limits,811111,Auto-General Repair,5419414622,5/16/2018 0:00,4618a26a-d4fd-4586-8b69-31d4be631029,502,I,,SE,ST,, ,GRANTS PASS,OR,97526,502,I,,SE,ST,,,GRANTS PASS,OR,97526,5/12/2026 8:52,5/31/2027 8:52
BTAX-043268-05-2026,BRET  CLARK,ROGUE RIVER BOAT SHOP         ,,1,Inside City Limits,441222,Boat Dealer,5414791504,1/1/1997 0:00,B8443596-322A-4D7E-9F9E-C644BDE3C27B,1815,BRIDGE,,SW,ST,, ,GRANTS PASS,OR,97526,1815,BRIDGE ,,SW,ST,,,GRANTS PASS,OR,97526,5/12/2026 9:02,5/31/2027 9:02
BTAX-043269-05-2026,DAWN  MORTON,THE BOOKIE'S                  ,,4,Inside City Limits,4239,OTHER MISCELLANEOUS DURABLE GOODS MERCHANT WHOLESALERS,5414792987,5/8/2009 0:00,DEE78E8A-4FAD-43F3-96EA-14B3EFDCDF38,1306,G,,SW,ST,, ,GRANTS PASS,OR,97526,PO BOX 1026,,,,,,,GRANTS PASS,OR,97528,5/12/2026 9:19,5/31/2027 9:19
BTAX-043271-05-2026,JAMIE TALARICO,GRIP N GRUB,,1,Inside City Limits,722330,Food-Mobile/Ice Cream Truck,8455514777,6/1/2022 0:00,240415c1-7ef4-498d-bb09-9976058c19b5,123,K,,SE,ST,, ,GRANTS PASS,OR,97526,1946,DOWELL,,,RD,,,GRANTS PASS,OR,97527,5/12/2026 9:26,5/31/2027 9:26
BTAX-043277-05-2026,OLIVER BRAYMAN,BRAYMAN BUILDERS,,1,Inside City Limits,238190,Contractor-General/Building Exterior,5417617135,12/30/2021 0:00,99381687-f868-4a69-a5c5-136baf2eb118,414,MANZANITA,,NW,AVE,,,GRANTS PASS,OR,97526,414,MANZANITA,,NW,AVE,,,GRANTS PASS,OR,97526,5/12/2026 12:33,5/31/2027 12:33
BTAX-043280-05-2026,HEATHER HUCKERT,"META PHYSICAL THERAPY & PILATES, LLC",,1,Inside City Limits,621340,Physical Therapy,5414502724,5/1/2022 0:00,4502b7c9-51f1-4b5d-97f9-2c568881d08a,714,5TH,,NW,ST,, ,GRANTS PASS,OR,97526,714,5TH,,NW,ST,,,GRANTS PASS,OR,97526,5/13/2026 11:10,5/31/2027 11:10
BTAX-043283-05-2026,MONTE  ZELLER,AL'S REFRIGERATION SERVICE    ,,1,Inside City Limits,811412,Appliance Reapair/Maint,5414797654,1/1/1997 0:00,6DB4948F-E4FC-406B-B2F0-ACFC66233D78,2952,NAPLES,,,DR,,,GRANTS PASS,OR,97527,2952,NAPLES,,,DR,,,GRANTS PASS,OR,97527,5/13/2026 14:53,5/31/2027 14:53
BTAX-043284-05-2026,"DWIGHT FASZER, II",DWIGHT FASZER II HOME BUILDER LLC,,1,Inside City Limits,238190,Contractor-General/Building Exterior,5414412103,1/8/2019 0:00,2bfab0a3-adb1-4e23-9597-777a5731c5df,,,,,,,,,,,1610,HILLTOP,,SE,VW,, ,GRANTS PASS,OR,97527,5/15/2026 13:46,5/31/2027 13:46
BTAX-043286-05-2026,JASON TRUJILLO,ADVANCED PRINT & TINT,,10,Inside City Limits,323111,Printing-Commercial,5414713355,1/1/2000 0:00,f9a20e47-f5ed-487e-a67a-8c5bd105daaf,526,ROGUE RIVER,, ,HWY,, ,GRANTS PASS,OR,97527,526,ROGUE RIVER,,,HWY,,,GRANTS PASS,OR,97527,5/14/2026 10:42,5/31/2027 10:42
BTAX-043287-05-2026,LENA BENDER,LENA D. BENDER,DARLENE BENDER PAYROLL SERVICE LLC,1,Inside City Limits,541214,Payroll Services,5412185184,7/1/2021 0:00,4a0a4096-b6ff-41e8-bb32-28f295d55999,,,,,,,,,,,560,F,,NE,ST,,"STE A, PMB 727",GRANTS PASS,OR,97526,5/14/2026 10:47,5/31/2027 10:47
BTAX-043291-05-2026,CHRISTIAN MENDEZ,GIZMO TECH,,2,Inside City Limits,541519,Computer Services,5416464656,9/1/2017 0:00,14f0fe91-d6a9-429f-ae18-205aa3f3d8d4,850,6TH,,NW,ST,,UNIT #8,GRANTS PASS,OR,97526,850,6TH,,NW,ST,,UNIT #8,GRANTS PASS,OR,97526,5/14/2026 14:41,5/31/2027 14:41
BTAX-043292-05-2026,,RYAN ELY CONSTRUCTION LLC,,1,Inside City Limits,238190,Contractor-General/Building Exterior,,3/2/2018 0:00,97add148-96a1-4477-9ce9-40e3e7e3bc5a,,,,,,,,,,,311,COLLETTE ,,NW,WAY,, ,GRANTS PASS,OR,97526,5/14/2026 15:00,5/31/2027 15:00
BTAX-043296-05-2026,BRAD  ORTON,O2 CONSTRUCTION LLC,,3,Inside City Limits,238190,Contractor-General/Building Exterior,5416592098,8/1/2018 0:00,1a1d4338-13d2-4853-b124-c73b67952a41,,,,,,,,,,,10171,MONUMENT,,,DR,,,GRANTS PASS,OR,97526,5/15/2026 16:00,4/30/2027 16:00
BTAX-043297-05-2026,TAMARA ULREY,EYE TO EYE,EYE TO EYE INVESTIGATIONS/EYE TO EYE COUNSELING THERAPY,1,Inside City Limits,621330,Medical - Mental Health Counselor,5416211487,4/10/2018 0:00,9bb4fcb0-8e6b-4999-ae6f-07d966e221c8,980,6TH,,SW,ST,,19A,GRANTS PASS,OR,97526,980,6TH,,SW,ST,,SUITE 19A,GRANTS PASS,OR,97526,5/15/2026 16:02,5/31/2027 16:02
BTAX-043299-05-2026,GREGORY DOSS,ACUPUNCTURE AND HERBAL MEDICAL CENTER LLC ,,2,Inside City Limits,624190,Social Svcs-Individual & Family Svcs,5414764611,12/7/1987 0:00,A7624B2F-0B8F-423E-A384-350F0F752D2B,910,D,,NE,ST,, ,GRANTS PASS,OR,97526,91O,D,,NE,ST,,SUITE 104,GRANTS PASS,OR,97526,5/18/2026 15:48,5/31/2027 15:48
BTAX-043300-05-2026,,THE SUITES ASSISTED LIVING COMMUNITY,THE SUITES ASSISTED LIVING COMMUNITY,57,Inside City Limits,623110,Medical-Nursing Care Facility,5033759016,7/1/2007 0:00,09C5669E-D20B-46FD-9BAA-17B28AA3D9D5,1301,PARKDALE,, ,DR,, ,GRANTS PASS,OR,97527,1301,PARKDALE ,,SE,DR,,,GRANTS PASS,OR,97527,5/18/2026 15:53,5/31/2027 15:53
BTAX-043302-05-2026,,ABBY'S LEGENDARY PIZZA        ,,20,Inside City Limits,722511,Restaurant,5414762133,1/1/1997 0:00,DC63A696-E76E-4484-A89B-DAB4FD8DD8AB,205,BEACON,,NE,DR,, ,GRANTS PASS,OR,97526,205,BEACON,,NE,DR,,,GRANTS PASS,OR,97526,5/18/2026 16:02,5/31/2027 16:02
BTAX-043305-05-2026,DAVID  THOMASON,THOMASON BEAN CO INC         ,HUMAN BEAN,9,Inside City Limits,722515,Snack and Nonalcoholic Beverage Shop,5419559506,5/19/2022 0:00,480fc675-ea5a-492b-a3b0-ca4df3abf3b0,700,7TH,,SE,ST,,,GRANTS PASS,OR,97526,206,7TH,,NE,ST,,,GRANTS PASS,OR,97526,5/19/2026 8:58,5/31/2027 8:58
BTAX-043315-05-2026,ROBERT & CANDICE JOHNSON,STEDFAST PLUMBING & DRAINS LLC,,5,Outside City Limits,238220,Plumber,5416603545,3/23/2022 0:00,bd652277-24ad-4c21-97e9-c9b4d46f840e,,,,,,,,,,,PO BOX 2071,,,,,,,Grants Pass,OR,97528,5/19/2026 10:14,5/31/2027 10:14
BTAX-043317-05-2026,MING XI,88 SPA INC,,1,Inside City Limits,621399,Medical-Massage Therapy,9172928229,3/12/2024 0:00,f11598c4-e879-4b1c-b647-a6c5f03a282b,1252,6TH,,NW,ST,,SUITE 10,GRANTS PASS,OR,97526,1252,6TH,,NW,ST,,SUITE 10,GRANTS PASS,OR,97526,5/19/2026 12:08,5/31/2027 12:08
BTAX-043327-05-2026,Terry Hopkins,GRANTS PASS & JOSEPHINE COUNTY CHAMBER OF COMMERCE,,4,Inside City Limits,813319,Organization-Social Advocacy,5414767717,1/1/1924 0:00,a66c9e78-6129-4842-becd-9c8e739f76fc,1995,VINE,,NW,ST,,,GRANTS PASS,OR,97526,PO BOX 970,,,,,,,GRANTS PASS,OR,97528,5/22/2026 10:58,5/31/2027 10:58
BTAX-043331-05-2026,AUGUSTA  PUMILIA,ERRANDS PLUS                  ,,1,Inside City Limits,492210,Delivery Service-Local,5414790075,1/27/1997 0:00,86A9BC63-F867-4FDE-98F9-AA34D34C45A5,1719,PORTOLA,,SE,DR,, ,GRANTS PASS,OR,97526,AUGUSTA PUMILIA,PO BOX 191,,,,,,GRANTS PASS,OR,97528,5/26/2026 8:35,5/31/2027 8:35
BTAX-043340-05-2026,SARAH DAWSON,DAWSON BOOKKEEPING,,1,Outside City Limits,541213,Tax Preparation Services,5419168454,1/1/2020 0:00,f9a8ec8e-6965-4f05-a06f-c9e38522d10a,,,,,,,,,,,601,CARRIAGE,,,RD,,,GRANTS PASS,OR,97526,5/27/2026 10:29,5/31/2027 10:29
BTAX-043341-05-2026,,COUNTRYSIDE VILLAGE           ,,85,Inside City Limits,623110,Medical-Nursing Care Facility,5419560999,10/15/2005 0:00,4A685DF4-D1C9-494C-922A-FA9E01DB9528,1700,KELLENBECK,, ,AVE,, ,GRANTS PASS,OR,97527,1700,KELLENBECK,,,AVE,,,GRANTS PASS,OR,97527,5/26/2026 15:26,5/31/2027 15:26
BTAX-043345-05-2026,DR. MIRANDA COSTA,NEW MEDICINE COLLABORATIVE LLC,,2,Inside City Limits,621111,Medical-Physician,5416553870,1/27/2020 0:00,4a087e16-764e-436c-94a1-7cad97d8e2f2,1215,7TH,,NE,ST,,D,GRANTS PASS,OR,97526,1215,7TH,,NE,ST,,D,GRANTS PASS,OR,97526,5/26/2026 15:52,5/31/2027 15:52
BTAX-043349-05-2026,J TERWILLIGER S BOETTNER,ROGUE ROASTERS LLC            ,,12,Inside City Limits,722515,Snack and Nonalcoholic Beverage Shop,5414766134,8/26/2015 0:00,9375DEC4-9C90-49EF-A48D-C2780EE6C94A,610,6TH,,SW,ST,, ,GRANTS PASS,OR,97526,610,6TH,,SW,ST,,,GRANTS PASS,OR,97526,5/27/2026 15:56,5/31/2027 15:56
BTAX-043363-06-2026,ANTHONY  MORGAN,ANTHONY MORGAN'S TRAINING ACADEMY,,1,Inside City Limits,713940,Fitness Center,5416593534,6/1/2011 0:00,FBFB9691-CD9B-4E85-B4D9-DCB2AB19AC04,605,6th,,SE,ST,,,GRANTS PASS,OR,97526,605,6TH,,SE,ST,,,GRANTS PASS,OR,97526,6/1/2026 10:00,5/31/2027 10:00
BTAX-043364-06-2026,MARK KALMAN,KALMAN CONSTRUCTION,,1,Outside City Limits,238190,Contractor-General/Building Exterior,5414503350,3/7/2023 0:00,c21c8da5-8051-49a4-be97-a82db20b8a4f,,,,,,,,,,,1173,PLUMTREE,,,LN,,,GRANTS PASS,OR,97526,6/1/2026 11:22,5/31/2027 11:22
BTAX-043367-06-2026,ROBERT  THRESSEN,REDWOODCYCLES                 ,,2,Inside City Limits,459110,Retail-Sporting Goods,5414766333,1/5/2013 0:00,E00B99E0-8622-4C12-AF12-0A817266F7F6,849,ROGUE RIVER,,,HWY,,,GRANTS PASS,OR,97527,849,ROGUE RIVER,,,HWY,,,GRANTS PASS,OR,97527,6/1/2026 12:01,4/30/2027 12:01
BTAX-043378-06-2026,DALTON LESHER,LESHER LOGISTICS LLC,,1,Outside City Limits,492210,Delivery Service-Local,2092627121,4/12/2022 0:00,eeacf59d-bd4f-4bd2-a5c9-455f7f391b9c,,,,,,,,,,,916,STARLITE,,NW,PL,,,GRANTS PASS,OR,97526,6/2/2026 9:15,6/30/2027 9:15
BTAX-043380-06-2026,ELIZABETH  BRETKO,BE GOLDEN GARLAND COMPANY,SUP,2,Inside City Limits,459310,Retail-Misc Direct Selling Establishment,5412107320,4/2/2014 0:00,6CAB3E9D-0874-4DC2-AC38-89592114AE96,103,4TH,,SW,ST,,,GRANTS PASS,OR,97526,103,4TH,,SW,ST,,,GRANTS PASS,OR,97526,6/2/2026 9:44,6/30/2027 9:44
BTAX-043384-06-2026,ROBERT & SHIRLEY  JENSEN,HOLIDAY INN EXPRESS GRANTS PASS,,25,Inside City Limits,721110,Hotel/Motel,5414716144,4/29/1994 0:00,547ED227-218A-4546-B81A-E82EEB0DF4DF,105,AGNESS,,NE,AVE,, ,GRANTS PASS,OR,97526,105,AGNESS,,NE,AVE,,,GRANTS PASS,OR,97526,6/8/2026 9:26,6/30/2027 9:26
BTAX-043385-06-2026,ROBIN AND DIANNE GILLILAND,PRICK AND POKE TATTOO,,1,Inside City Limits,812199,Tattoo/Piercing Shop,4582123544,5/31/2023 0:00,c6424d4c-3be7-4302-bb33-aa956e1ca6ed,914,6TH,,SW,ST,,,GRANTS PASS,OR,97526,914,6TH,,SW,ST,,,GRANTS PASS,OR,97526,6/4/2026 14:02,6/30/2027 14:02
BTAX-043386-06-2026,GULSHANDEEP SALUTA,NEXT TOWN LLC,ACE SMOKE PLANET,3,Inside City Limits,459991,Retail-Tobacco Store,5419168018,5/15/2022 0:00,780225cb-cd2e-4679-948e-a2d53b9d6d79,,,,,,,,,,,1576,7TH,,NE,ST,,,GRANTS PASS,OR,97526,6/8/2026 9:42,6/30/2027 9:42
BTAX-043389-06-2026,PARKER PASTRELL,LOOK SHARP,,1,Inside City Limits,561720,Window Cleaning Service,,6/13/2022 0:00,4816f9da-1243-4a27-adf3-be44d4b0d270,309,KENNEDY,,SW,WAY,,,GRANTS PASS,OR,97526,309,KENNEDY,,SW,WAY,,,GRANTS PASS,OR,97526,6/8/2026 9:51,6/30/2027 9:51
BTAX-043391-06-2026,,RON HAGER CONSTRUCTION        ,,1,Inside City Limits,238190,Contractor-General/Building Exterior,5417610932,7/25/1994 0:00,BF22CEE9-FAD7-4B0D-8DB1-B52DBCC7DDDB,4279,LEONARD,,,RD,,,GRANTS PASS,OR,97527,4279,LEONARD,,,RD,,,GRANTS PASS,OR,97527,6/8/2026 10:16,6/30/2027 10:16
BTAX-043392-06-2026,,"SHAWLENA NORBERG, INSURANCE AG",,2,Outside City Limits,524210,Insurance Agency & Brokerages,5303915453,12/31/2009 0:00,7E221335-29BD-4290-A5A0-80186DFCC815,,,,,,,,,,,560,F,,NE,ST,,SUITE B,GRANTS PASS,OR,97526,6/8/2026 10:29,6/30/2027 10:29
BTAX-043397-06-2026,AMY HARBOLDT,ON CAMPUS KIDS ,ON CAMPUS KIDS @ HIGHLAND ELEMENTARY,2,Inside City Limits,624110,Social Svcs-Child & Youth Facility,5415312406,9/1/2011 0:00,2abdb16b-70e4-4d52-8b7d-388553c2aa01,1845,HIGHLAND,,NW,AVE,, ,GRANTS PASS,OR,97526,7624,MONUMENT,,,DR,,,GRANTS PASS,OR,97526,6/8/2026 11:24,6/30/2027 11:24
BTAX-043399-06-2026,DEBORA MORRISON,"FLORAL INNOVATIONS, LLC",,1,Inside City Limits,459310,Florist,5414767656,4/21/2020 0:00,4ccc84fd-b4c7-4583-9b39-58ccab466d2f,811,IDLE,, ,CT,, ,GRANTS PASS,OR,97527,811,IDLE,,,CT,,,GRANTS PASS,OR,97527,6/8/2026 11:33,5/31/2027 11:33
BTAX-043400-06-2026,AMY HARBOLDT,ON CAMPUS KIDS ,ON CAMPUS KIDS @ LINCOLN ELEMENTARY,2,Inside City Limits,624110,Social Svcs-Child & Youth Facility,5415312406,9/1/2017 0:00,d0bb917f-1136-4907-ae6b-8c2454d085d1,1132,10TH,,NE,ST,, ,GRANTS PASS,OR,97526,7624,MONUMENT,,,DR,,,GRANTS PASS,OR,97526,6/8/2026 11:39,6/30/2027 11:39
BTAX-043402-06-2026,"JENNIFER BUSHARD, LMFT#T1507",JENNIFER BUSHARD LICENSED MARRIAGE AND FAMILY THERAPIST,HOLISTIC HEALING THERAPY,1,Inside City Limits,624190,Social Svcs-Individual & Family Svcs,5412269088,4/4/2019 0:00,b9885d64-daf7-4cea-9bf1-67588d831302,777,7TH,,NE,ST,,,GRANTS PASS,OR,97526,777,7TH,,NE,ST,,SUITE 216,GRANTS PASS,OR,97526,6/8/2026 11:48,6/30/2027 11:48
BTAX-043407-06-2026,WILLIAM WILLIAMS,FED SPEC PURCHASES,,1,Inside City Limits,425120,Wholesale Agent,5592881471,5/17/2017 0:00,bdb54d60-ef66-408b-9e1b-5f113f63209c,1300,G,,SW,ST,,# C,GRANTS PASS,OR,97526,106,F,,NW,ST,,#17,GRANTS PASS,OR,97526,6/8/2026 12:17,5/31/2027 12:17
BTAX-043408-06-2026,J. MATT TRIPP,SMILE MAKERS DENTURE AND DENTAL,,2,Inside City Limits,621210,Medical-Dentist,5414768338,7/1/2018 0:00,12dc3f53-64db-4029-bf55-30f8d17c3ec1,212,SAVAGE ,,NE,ST,,SUITE B,GRANTS PASS,OR,97526,445,SCENIC,,NE,DR,,,GRANTS PASS,OR,97526,6/8/2026 12:23,6/30/2027 12:23
BTAX-043409-06-2026,Tag Wotherspoon,SOUTHERN OREGON HORSE RACING ASSOCIATION,,2,Inside City Limits,711211,Sports Teams & Clubs,5418210516,1/1/1968 0:00,318f4749-2875-48c0-a326-36f564b467b3,,,,,,,,,,,PO BOX 1694,,,,,,,GRANTS PASS,OR,97528,6/8/2026 12:38,6/30/2027 12:38
BTAX-043412-06-2026,JERRY L & NIKKI  APLAND,APLAND CUSTOM MASONRY INC   ,,7,Inside City Limits,238140,Contractor-Masonry,5414793880,7/1/1990 0:00,C0216D8C-1396-48B6-A459-1E2AC7A97821,3980,LEONARD,, ,RD,, ,GRANTS PASS,OR,97527,PO BOX 1184,,,,,,,GRANTS PASS,OR,97528,6/8/2026 12:56,6/30/2027 12:56
BTAX-043414-06-2026,AMY HARBOLDT,ON CAMPUS KIDS ,ON CAMPUS KIDS @ PARKSIDE ELEMENTARY,2,Inside City Limits,624110,Social Svcs-Child & Youth Facility,5415312406,9/1/2005 0:00,362f2007-34eb-46ac-aae5-d41dbf40066f,735,WAGNER MEADOWS,,SW,DR,, ,GRANTS PASS,OR,97526,7624,MONUMENT,,,DR,,,GRANTS PASS,OR,97526,6/8/2026 14:18,6/30/2027 14:18
BTAX-043415-06-2026,JEFF FREEMAN,JWF CONSTRUCTION SERVICES LLC,,1,Inside City Limits,238190,Contractor-General/Building Exterior,5412268161,4/5/2018 0:00,fb5ed921-d3d5-4a41-b0ed-b1eb5be4487a,,,,,,,,,,,1129,SPRUCE,,SW,ST,,,GRANTS PASS,OR,97526,6/8/2026 14:24,6/30/2027 14:24
BTAX-043417-06-2026,AARON  JOHNSON,IT IS FINISHED INC,,5,Outside City Limits,238190,Contractor-General/Building Exterior,5412183429,12/14/2021 0:00,657ff37a-e297-47ea-b6b3-0c33adb114dc,,,,,,,,,,,7071,MONUMENT,,,DR,,,GRANTS PASS,OR,97526,6/8/2026 14:45,6/30/2027 14:45
BTAX-043418-06-2026,CARL JOHNSON,THE LOFTS AT 6TH & G,,1,Inside City Limits,531110,Rental Units/Landlord,5419560231,5/24/2019 0:00,24149d36-0589-4620-93d3-57d90b42a7de,111,G,,SE,ST,,,GRANTS PASS,OR,97526,PO BOX 910,,,,,,,GRANTS PASS,OR,97528,6/8/2026 14:50,6/30/2027 14:50
BTAX-043419-06-2026,PATRICK  HOADLEY,BLAZE-N-MONKEYS LLC,BLAZE-N-MONKEYS,1,Inside City Limits,722320,Caterer,5414415104,7/20/2022 0:00,8ca335da-1c61-498a-b1c7-a6515f56ad5c,,,,,,,,,,,1702,PINECREST,,,DR,,,GRANTS PASS,OR,97526,6/8/2026 14:53,6/30/2027 14:53
BTAX-043423-06-2026,BEAU GARRETT,SOUTHERN OREGON DREAM CONSTRUCTION LLC,,1,Inside City Limits,236118,Const-Residential Remodeler,5416591182,4/20/2020 0:00,07127551-37d3-4838-9720-a74405fc3d8c,,,,,,,,,,,212,BRANDY,,,LN,,,GRANTS PASS,OR,97527,6/8/2026 15:40,6/30/2027 15:40
BTAX-043424-06-2026,CIARA HAMILTON,"THE SWEET LIFE HAIR SALON, LLC",,5,Inside City Limits,812112,Beauty Salon,5414761388,6/15/2021 0:00,18679c53-12c3-422b-83c7-7abfbfc68357,1681,7TH,,NE,ST,,,GRANTS PASS,OR,97526,931,CEDAR,,NE,LN,,,GRANTS PASS,OR,97526,6/8/2026 15:43,6/30/2027 15:43
BTAX-043433-06-2026,CRYSTAL LEE,SUCCESS CONSULTANTS OF SOUTHERN OREGON,,1,Inside City Limits,624190,Social Svcs-Individual & Family Svcs,5412266848,10/8/2018 0:00,a9ea92fa-5692-40cb-a2b4-aec1f373c3a9,418,6TH,,NW,ST,,,GRANTS PASS,OR,97526,418,6TH,,NW,ST,,,GRANTS PASS,OR,97526,6/10/2026 12:16,4/30/2027 12:16
BTAX-043434-06-2026,RANDY MCNEILLY,RANDY GENE MCNEILLY CONSTRUCTION,,1,Inside City Limits,238190,Contractor-General/Building Exterior,5417870708,2/2/2018 0:00,37fe2182-88ef-482e-81c8-104ba037638f,,,,,,,,,,,2807,LOWER RIVER,,,RD,,,GRANTS PASS,OR,97526,6/10/2026 15:53,6/30/2027 15:53
BTAX-043438-06-2026,JACK SUTTERS,"ALL AMERICAN CITY LANDSCAPE, INC",,7,Inside City Limits,541320,Landscaping Services,5414766127,8/1/1996 0:00,B891E131-04B9-4F6A-80F1-9903A72EC751,325,SHANNON,, ,LN,, ,GRANTS PASS,OR,97526,PO BOX 2093,,,,,,,GRANTS PASS,OR,97528,6/11/2026 9:35,6/30/2027 9:35
BTAX-043440-06-2026,LEROY BRABEC,BRABEC'S REMODELS & NEW CONSTRUCTION,,1,Inside City Limits,238190,Contractor-General/Building Exterior,4582124739,1/25/2022 0:00,d753769e-d12a-487c-9f47-7c1e2e8726bb,,,,,,,,,,,211,WILDERVILLE,,,LN,,,GRANTS PASS,OR,97527,6/11/2026 13:59,6/30/2027 13:59
BTAX-043442-06-2026,,OUTBACK POOL & SPA,,9,Inside City Limits,459999,Retail-Misc Direct Selling Establishment,5414798112,6/10/2022 0:00,252b57b9-c379-4366-8552-db8df619bf68,555,F,,NE,ST,,A,GRANTS PASS,OR,97526,555,F,,NE,ST,,A,GRANTS PASS,OR,97526,6/12/2026 9:26,6/30/2027 9:26
BTAX-043446-06-2026,STEVEN SABEL,STS PRODUCTIONS,,1,Outside City Limits,711510,Artist,9515326803,4/5/2022 0:00,5d71a733-0338-40e2-bb97-ae9bd2f6bcb1,,,,,,,,,,,120,SLOAN MOUNTAIN,,,LN,,,GRANTS PASS,OR,97527,6/12/2026 11:13,5/31/2027 11:13
BTAX-043448-06-2026,SHERI MORRIS,RIVER STONE MASSAGE AND WELLNESS,,1,Inside City Limits,621399,Medical-Massage Therapy,5414769659,2/21/2018 0:00,f3de9366-c239-4ce2-8096-9493cf20b133,598,E,,NE,ST,,B,GRANTS PASS,OR,97526,598,E,,NE,ST,,SUITE B,GRANTS PASS,OR,97526,6/12/2026 11:41,5/31/2027 11:41
BTAX-043454-06-2026,HEATHER WHITE,BIKEKRAFT                    ,,2,Inside City Limits,541990,Professional-Misc,5414764935,12/1/1998 0:00,B61C3F2B-E356-496F-9730-9E470A34EECC,1448,WILLIAMS,, ,HWY,, ,GRANTS PASS,OR,97527,1448,WILLIAMS,,,HWY,,,GRANTS PASS,OR,97527,6/15/2026 11:04,6/30/2027 11:04
BTAX-043456-06-2026,KARI & FELIX MARON,PALOMA ENTERPRISES INC,JOYFUL DOGGY CARE,1,Inside City Limits,812910,Pet Care Services,5412913514,6/4/2019 0:00,f065b7f7-f3f3-4994-99e1-8c9c9768eefd,1491,DAVID,,SW,DR,, ,GRANTS PASS,OR,97527,1491,DAVID,,SW,DR,,,GRANTS PASS,OR,97527,6/15/2026 11:25,6/30/2027 11:25
BTAX-043458-06-2026,BRENDEN SCOTT,BRENDEN C SCOTT,GRANTS PASS SMILE SUITE,8,Inside City Limits,621210,Medical-Dentist,5414711990,7/1/2022 0:00,e0650511-778f-413b-b33a-718eecefff16,570,E,,NE,ST,, ,GRANTS PASS,OR,97526,570,E,,NE,ST,,,GRANTS PASS,OR,97526,6/15/2026 11:40,6/30/2027 11:40
BTAX-043469-06-2026,DEBORAH  AYOLI,PEDIATRIC TLC                 ,,4,Inside City Limits,621111,Medical-Physician,5414792411,4/1/2013 0:00,9AFA6D3C-E466-49F4-B071-65D17A84B5B1,1819,NEBRASKA,,,Ave,,,GRANTS PASS,OR,97527,1819,NEBRASKA,,,Ave,,,GRANTS PASS,OR,97527,6/17/2026 9:07,6/30/2027 9:07
BTAX-043481-06-2026,MATTIE CAMPBELL,THE GOLDEN HOUR,,1,Inside City Limits,812112,Beauty Salon,5414143237,12/6/2023 0:00,2db1134b-df9b-4534-8040-aa960a4b2dd4,227,G,,SW,ST,,,GRANTS PASS,OR,97526,227,G,,SW,ST,,,GRANTS PASS,OR,97526,6/22/2026 11:19,6/30/2027 11:19
BTAX-043491-06-2026,LEONARDO & DAVID SOTELO,SOTELO INC,EDIBERTO'S TACO SHOP,6,Inside City Limits,722511,Restaurant,4582122790,3/7/2023 0:00,d0a5f186-f43e-4cac-bf91-017ce3ec83e9,1555,WILLIAMS,,,HWY,,E,GRANTS PASS,OR,97527,943,D,,NE,ST,,,GRANTS PASS,OR,97526,6/23/2026 13:00,6/30/2027 13:00
BTAX-043499-06-2026,BRENT RIDLEY,BRENT RIDLEY CONSTRUCTION,,2,Inside City Limits,238990,Contractor-Trade/Specialty,5416598173,2/26/2018 0:00,187f0daf-f5c7-4cd8-b45c-8d814666bb37,,,,,,,,,,,1533,10TH,,NE,ST,,,GRANTS PASS,OR,97526,6/25/2026 10:12,6/30/2027 10:12
BTAX-043501-06-2026,LINDSAY BROWN,"KATANACRAFT, LLC",,0,Inside City Limits,339999,Manufacturing-Misc Manufacturing,5414797204,8/31/2011 0:00,cfdb9eb8-4a03-4923-ad8b-4af6b8e25333,1420,M,,SE,ST,,,GRANTS PASS,OR,97526,966,6TH,,SW,ST,,,GRANTS PASS,OR,97526,6/25/2026 10:36,6/30/2027 10:36
BTAX-043502-06-2026,THERESE  THAYER,JESSE'S AUTO REPAIR,,2,Inside City Limits,811114,Auto-Transmission Repair,5419568878,7/3/2008 0:00,053D4D56-0D3E-42FE-9D48-6E3F87E46926,2197,REDWOOD,,,AVE,,,GRANTS PASS,OR,97527,2197,REDWOOD,,,AVE,,,GRANTS PASS,OR,97527,6/25/2026 14:41,6/30/2027 14:41
BTAX-043503-06-2026,KHALED KISHAWI,K & M DELIVERY SERVICES LLC,,1,Inside City Limits,484210,Moving Company,5417871822,3/19/2018 0:00,7138813d-abeb-4652-83a5-2f8d0d790556,,,,,,,,,,,1727,BROOKHURST,,,WAY,,,GRANTS PASS,OR,97527,6/25/2026 15:58,6/30/2027 15:58
BTAX-043504-06-2026,,PROTECH PLUMBING              ,,2,Inside City Limits,238220,Plumber,5414768589,11/11/2004 0:00,459A5F81-8DBD-44C6-903F-E8BA6CCC38ED,1406,PARKDALE,, ,DR,, ,GRANTS PASS,OR,97527,1406,PARKDALE,,,DR,,,GRANTS PASS,OR,97527,6/25/2026 16:21,6/30/2027 16:21
BTAX-043513-06-2026,TAMRA BLANCHARD,BLANCHARD COUNSELING SERVICES LLC,,1,Inside City Limits,621999,Health Screening Services,,3/1/2021 0:00,4a067c39-de49-4e63-a5d2-3751332f700a,,,,,,,,,,,1349,GOLDEN PARK,,,DR,,APT B,GRANTS PASS,OR,97527,6/29/2026 16:12,6/30/2027 16:12
BTAX-043514-06-2026,ANGELA  NEWTON,SOARING AROUND THE WORLD TRAVEL,,2,Inside City Limits,561510,Travel Agency,5417619947,2/23/2022 0:00,a7833aaf-7097-483e-8e5a-2973bb1d832c,2740,EASTWOOD,, ,LN,, ,GRANTS PASS,OR,97527,2740,EASTWOOD,,SW,LN,,,GRANTS PASS,OR,97527,6/29/2026 16:21,6/30/2027 16:21
BTAX-043519-06-2026,CHRIS  HART,CHRIS HART STUDIO             ,,1,Inside City Limits,711510,Artist,5414796568,3/30/1999 0:00,5D8E1354-CF02-4DD9-B038-5343F4C4A9F1,1100,GLADIOLA,,SE,DR,, ,GRANTS PASS,OR,97526,1100,GLADIOLA ,,SE,DR,,,GRANTS PASS,OR,97526,6/30/2026 14:47,6/30/2027 14:47
BTAX-043521-06-2026,,GRANTS PASS PRESSURE WASHING & MORE LLC ,,1,Inside City Limits,812990,All Other Personal Services,5413014271,7/14/2022 0:00,b1e4da59-e55e-48dd-a52c-e10f9b2d6bfa,120,CRYSTAL,,,DR,,,GRANTS PASS ,OR,97527,120,CRYSTAL,,,DR,,,GRANTS PASS,OR,97527,6/30/2026 15:08,6/30/2027 15:08
BTAX-043522-06-2026,ANGEL SELVAS,SEL-VAZ REPAIR LLC,,2,Inside City Limits,236220,Handyman,5412188555,5/21/2021 0:00,97ac34fb-951b-4537-a79f-7720cdfdc618,,,,,,,,,,,2395,REDWOOD,,,AVE,,#86,GRANTS PASS,OR,97527,6/30/2026 16:08,6/30/2027 16:08
BTAX-043526-07-2026,TONI SKAGGS,JUST BE BODYWORKS LLC,,1,Inside City Limits,621399,Medical-Massage Therapy,5417612247,6/14/2022 0:00,6fb151fb-0518-44ef-be1e-caa84e5ec262,225,5TH,,NW,ST,,,GRANTS PASS,OR,97526,225,5TH,,NW,ST,,,GRANTS PASS,OR,97526,7/1/2026 11:08,7/31/2027 11:08
BTAX-043528-07-2026,JUDITH  RODRIGUEZ,HAIR & NAILS BY JUDITH RODRIGUEZ,,1,Inside City Limits,812112,Beauty Salon,5414768854,3/3/1989 0:00,1070F2BA-D344-4E6C-87BF-FA501C562E11,1901,COLORADO,, ,LN,, ,GRANTS PASS,OR,97527,1901,COLORADO,,,LN,,,GRANTS PASS,OR,97527,7/1/2026 14:47,7/31/2027 14:47
BTAX-043529-07-2026,JEFFREY HARRELL,"GPP SOLUTIONS, LLC ",GRANTS PASS PHARMACY,22,Inside City Limits,456110,Pharmacy/Drug Store,5414764262,1/1/1933 0:00,E90CFB0B-C617-4BEF-880C-7471B709B302,414,6TH,,SW,ST,, ,GRANTS PASS,OR,97526,414,6TH,,SW,ST,,,GRANTS PASS,OR,97526,7/2/2026 11:28,7/31/2027 11:28
BTAX-043531-07-2026,JASBIR MEHROK,KAMBOJ MARKET LLC,TOWN AND COUNTRY MARKET 1,4,Inside City Limits,445131,Convenience Store,5414768186,11/21/2017 0:00,75a770cf-0701-475c-aba6-2626d58548d5,2482,WILLIAMS,, ,HWY,,A,GRANTS PASS,OR,97527,2482,WILLIAMS,, ,HWY,,A,GRANTS PASS,OR,97527,7/2/2026 9:31,7/31/2027 9:31
BTAX-043535-07-2026,SHANNON WALSH,BUCKMASTER BUILDING & DESIGN LLC,,1,Inside City Limits,238190,Contractor-General/Building Exterior,5416596696,6/21/2018 0:00,ce1ab1cb-a262-4e4c-a8b3-ee2b91530c30,,,,,,,,,,,891,PLUMTREE,,,LN,,,GRANTS PASS,OR,97526,7/2/2026 11:08,7/31/2027 11:08
BTAX-043538-07-2026,HERB  HEIER,PLAZA LIQUOR,,8,Inside City Limits,445320,Liquor Store,5414761844,11/29/2007 0:00,3261172B-73D8-43AB-AA21-35C82112FB5D,1638,WILLIAMS,,,Hwy,,,GRANTS PASS,OR,97527,1638,WILLIAMS,,,HWY,,,GRANTS PASS,OR,97527,7/2/2026 13:52,6/30/2027 13:52
BTAX-043543-07-2026,SALLY COLE,THE GOLDEN THREAD LLC,,1,Inside City Limits,811490,Tailor,5416596166,8/25/2009 0:00,5D736959-ACA3-48F1-8DF1-4520955934B5,432,6TH,,NW,ST,,SUITE 102,GRANTS PASS,OR,97526,432,6TH,,NW,ST,,SUITE 102,GRANTS PASS,OR,97526,7/6/2026 9:18,7/31/2027 9:18
BTAX-043544-07-2026,JOSE MARROQUIN DORANNE LONG,JOSE MARROQUIN RENTALS        ,,2,Outside City Limits,531110,Rental Units/Landlord,5414743527,7/13/1998 0:00,A601F8A5-F644-43E6-869C-1E56F518B06E,,,,,,,,,,,1005,SHARON,,,DR,,,GRANTS PASS,OR,97527,7/6/2026 9:29,7/31/2027 9:29
BTAX-043545-07-2026,,PERFECT NAILS                 ,,4,Inside City Limits,812112,Beauty Salon,5414743220,10/9/2009 0:00,11ED006D-9410-4618-B2F0-767B512D0084,826,E,,NE,ST,,,GRANTS PASS,OR,97526,826,E,,NE,ST,,,GRANTS PASS,OR,97526,7/6/2026 9:31,7/31/2027 9:31
BTAX-043546-07-2026,CLIFF & SUSAN  SIMILA,SIMILA INVESTMENTS RENTALS,,1,Outside City Limits,531110,Rental Units/Landlord,5414760583,7/1/1989 0:00,A7C0E2E8-49D9-4D1E-B61A-344E9E866D8B,,,,,,,,,,,305,HAZEL,,SW,WAY,,,GRANTS PASS,OR,97526,7/6/2026 9:37,7/31/2027 9:37
BTAX-043547-07-2026,RODNEY NELSON,AT HOME CUSTOM HOMES LLC,,3,Outside City Limits,238190,Contractor-General/Building Exterior,5416597502,7/6/2020 0:00,c7f12264-a85c-4ea1-bfec-39c1016e3263,,,,,,,,,,,305,HAZEL,,SW,WAY,,,GRANTS PASS,OR,97526,7/6/2026 9:40,7/31/2027 9:40
BTAX-043548-07-2026,CLAYTON BENCH,FUR THE LOVE OF FLUFF,,2,Inside City Limits,812910,Pet Care Services,5416597718,7/14/2022 0:00,0522766c-7ad3-4e9e-8a60-a97edeed70fa,783,6,,SE,ST,,A,GRANTS PASS,OR,97526,783,6,,SE,ST,,A,GRANTS PASS,OR,97526,7/6/2026 9:52,7/31/2027 9:52
BTAX-043549-07-2026,TERRESA  MUSSER,LITTLE SPROUTS PRESCHOOL      ,,1,Inside City Limits,624410,Child Day Care,5414711628,7/19/2004 0:00,4D98D7D9-8AAB-410C-8FC8-207E5BDB5697,736,8TH,,NE,ST,, ,GRANTS PASS,OR,97526,736,8TH,,NE,ST,,,GRANTS PASS,OR,97526,7/6/2026 10:21,7/31/2027 10:21
BTAX-043551-07-2026,JONATHAN MITCHELL,U NAME IT LLC,,1,Inside City Limits,238190,Contractor-General/Building Exterior,5412956117,5/22/2019 0:00,b5d5aa07-ab31-44b0-8bb1-ad57d73a1f8f,,,,,,,,,,,300,3RD,,SW,ST,,,GRANTS PASS,OR,97526,7/6/2026 11:54,7/31/2027 11:54
BTAX-043552-07-2026,CALVIN  SCHMIDT,NWD INC  ,NORTHWESTERN DESIGN,36,Inside City Limits,339999,Manufacturing-Misc Manufacturing,5414710900,6/1/1992 0:00,0AAF53F9-2BD2-4802-9D49-8C840606695F,605,J,,SE,ST,, ,GRANTS PASS,OR,97526,605,J,,SE,ST,,,GRANTS PASS,OR,97526,7/6/2026 12:10,7/31/2027 12:10
BTAX-043553-07-2026,,NORTHRIDGE ENTERPRISES LLC   ,,12,Inside City Limits,238190,Contractor-General/Building Exterior,5414721100,10/1/1996 0:00,86F7A78B-776E-439B-A04A-F818BFF8FC64,2200,INDUSTRY,,NE,WAY,, ,GRANTS PASS,OR,97526,PO BOX 891,,,,,,,GRANTS PASS,OR,97528,7/6/2026 12:18,7/31/2027 12:18
BTAX-043554-07-2026,"ANDREW OLSON, GRANT JANTZER","DRUTHERS CONSTRUCTION, LLC",,5,Inside City Limits,238190,Contractor-General/Building Exterior,5414412029,7/15/2019 0:00,b381da71-1cfd-499e-9cf1-f1aa584b81d1,,,,,,,,,,,PO BOX 1586,,,,,,,GRANTS PASS,OR,97528,7/6/2026 12:28,7/31/2027 12:28
BTAX-043556-07-2026,KELSEY REESER,CASCADE CHIROPRACTIC OF SOUTHERN OREGON LLC,,4,Inside City Limits,621310,Medical-Chiropractor,5414720500,12/19/2005 0:00,AA7871BC-B3F3-4614-9BB9-3BED9C84ACA0,745,7TH,,NE,ST,, ,GRANTS PASS,OR,97526,745,7TH,,NE,,,,GRANTS PASS,OR,97526,7/6/2026 12:42,7/31/2027 12:42
BTAX-043557-07-2026,MONTE & BRETT  SHARP,SHARP'S TARPS LTD             ,,20,Inside City Limits,459110,Retail-Sporting Goods,5414760832,1/1/1971 0:00,34A57C45-6AEB-4922-8378-F5305701E7FE,2741,HIGHLAND,,NW,AVE,, ,GRANTS PASS,OR,97526,2741,HIGHLAND ,,NW,AVE,,,GRANTS PASS,OR,97526,7/6/2026 12:46,7/31/2027 12:46
BTAX-043558-07-2026,WENDY  DEMAREE,PROBOOKS CONSULTING LLC      ,,3,Inside City Limits,541213,Tax Preparation Services,5412441886,5/1/2009 0:00,1B02F19E-D9BF-4A91-815B-F7F9BE540241,824,A,,NE,ST,, ,GRANTS PASS,OR,97526,824,A,,NE,ST,,,GRANTS PASS,OR,97526,7/6/2026 12:49,7/31/2027 12:49
BTAX-043560-07-2026,MICHAEL & DENISE  PRATT,EAGLE PLYWOOD SPECIALTIES     ,,6,Inside City Limits,321999,Manufacturing-Wood Products,5414793301,10/2/2007 0:00,AF381211-75EF-41F4-B2B5-0ACE1FCDB046,2158,INDUSTRY,,NE,DR,,,GRANTS PASS,OR,97526,PO BOX 908,,,,,,,GRANTS PASS,OR,97528,7/6/2026 12:58,7/31/2027 12:58
BTAX-043562-07-2026,JUSTIN SCHNECK,O K BARBER SHOP               ,,1,Inside City Limits,812111,Barber Shop,5414799622,10/1/2009 0:00,BE1A2B86-9B5D-459B-A498-E6FF7984BA6F,103,D,,NE,ST,,,GRANTS PASS,OR,97526,103,D,,NE,ST,,,GRANTS PASS,OR,97526,7/6/2026 13:58,7/31/2027 13:58
BTAX-043563-07-2026,JOHN DILLINGHAM,JOHN A DILLINGHAM RENTALS     ,,2,Inside City Limits,531110,Rental Units/Landlord,5414797205,7/1/1991 0:00,9FB61741-03FD-4026-ACFD-1F335629AFD6,1080,BELLE AIRE,,SE,DR,, ,GRANTS PASS,OR,97526,1080,BELLE AIRE ,,SE,DR,,,GRANTS PASS,OR,97526,7/6/2026 14:05,7/31/2027 14:05
BTAX-043564-07-2026,HEATHER  LINNEMEYER,HEATHER LINNEMEYER LLC        ,,1,Inside City Limits,621399,Medical-Massage Therapy,5416608367,7/10/1997 0:00,733CE19A-10F8-4B6F-9EAB-F215F8F2DABC,777,7TH,,NE,ST,,#211,GRANTS PASS,OR,97526,777,7TH,,NE,ST,,SUITE 211,GRANTS PASS,OR,97526,7/6/2026 14:17,7/31/2027 14:17
BTAX-043566-07-2026,CHERYL  BRIGHT,CHERYL'S MOBILE GROOMING      ,,1,Inside City Limits,812910,Pet Care Services,5412182825,1/20/2012 0:00,F68CCCA7-639B-4588-A1C8-4F1C0E8F3C05,,,,,,,,,,,222,BURTON,,,DR,,,GRANTS PASS,OR,97527,7/6/2026 14:32,7/31/2027 14:32
BTAX-043567-07-2026,TOM  LAWSON,PARADISE POOLS & SPAS         ,,2,Inside City Limits,459999,Retail-Misc Direct Selling Establishment,5414741962,10/3/1985 0:00,EC380DCB-426C-4B64-88F0-1562EDF7F18B,1578,7TH,,NE,ST,,,GRANTS PASS,OR,97526,1578,7TH ,,NE,ST,,,GRANTS PASS,OR,97526,7/6/2026 14:39,7/31/2027 14:39
BTAX-043568-07-2026,"STEVE/SHIRLEY, TIM  CHILCOTT",GOLDEN WEST AUTO BODY         ,,1,Inside City Limits,811121,"Auto-Body, Paint & Interior",5414798717,2/1/2003 0:00,12CFFEEF-A93C-4604-A5DD-8ACC7FDF086A,317,G,,SE,ST,, ,GRANTS PASS,OR,97526,317,G,,SE,ST,,,GRANTS PASS,OR,97526,7/6/2026 14:48,7/31/2027 14:48
BTAX-043570-07-2026,ERIC CHARLES  WERNER,ERIC'S TREE SERVICE LLC,,8,Inside City Limits,113310,Logging,5414794064,2/6/1989 0:00,96078F20-EE2B-4400-A828-E14F0498023E,932,MCVAY,, ,LN,, ,GRANTS PASS,OR,97526,233,ROGUE RIVER,,,HWY,,#435,GRANTS PASS,OR,97526,7/6/2026 15:09,7/31/2027 15:09
BTAX-043571-07-2026,MARKLAN  LINNEMEYER,MARKLAN LINNEMEYER LMT       ,,1,Inside City Limits,621111,Medical-Physician,5416595362,1/1/2004 0:00,F5F75430-A3FD-4768-9D73-441F7F03EECF,1829,NEBRASKA,,,AVE,,,GRANTS PASS,OR,97527,1829,NEBRASKA,,NE,AVE,,,GRANTS PASS,OR,97527,7/6/2026 15:33,7/31/2027 15:33
BTAX-043572-07-2026,CLARA  PUTLITZ,BEYOND THE GARDEN GATE        ,,1,Inside City Limits,712130,Zoo/Botanical Garden,5412185003,5/19/2006 0:00,A5722AB1-EE1B-4491-85CD-C6C6F54110B7,2237,ALLEN CREEK,, ,RD,, ,GRANTS PASS,OR,97527,2237,ALLEN CREEK,,,CR,,,GRANTS PASS,OR,97527,7/7/2026 8:39,7/31/2027 8:39
BTAX-043573-07-2026,,ALLEN LAND SURVEYING          ,,5,Inside City Limits,541370,Surveying/Mapping Services,5414764502,1/4/1999 0:00,17D1EFF4-6CE1-4E16-A2CA-9484D298B2F0,321,A,,NW,ST,, ,GRANTS PASS,OR,97526,321,A,,NW,ST,,,GRANTS PASS,OR,97526,7/7/2026 8:43,7/31/2027 8:43
BTAX-043576-07-2026,LISA & CURTIS  KISSEL,FREEDOM SALES                 ,,1,Inside City Limits,541990,Professional-Misc,5416598456,8/18/2001 0:00,109EF3FD-C762-499F-AF48-DBB69D7059A9,410,PLUMTREE,, ,LN,, ,GRANTS PASS,OR,97526,410,PLUMTREE,,,LN,,,GRANTS PASS,OR,97526,7/7/2026 9:01,7/31/2027 9:01
BTAX-043577-07-2026,"TIMOTHY,JOAN & KERRY PRULHIERE",COLONIAL DECORATORS           ,,6,Inside City Limits,449121,Retail-Floor Coverings,5414793192,6/1/1958 0:00,C5BFF606-DF98-4121-AB5C-29026217CBC9,545,WESTBROOK,,NE,WAY,, ,GRANTS PASS,OR,97526,545,WESTBROOK,,NE,WAY,,,GRANTS PASS,OR,97526,7/7/2026 9:05,7/31/2027 9:05
BTAX-043578-07-2026,BRIAN  MAZE,LYLE'S BARBER SHOP            ,,1,Inside City Limits,812111,Barber Shop,,1/1/1991 0:00,BF9C11B3-8590-4075-AEDC-3BB996BD5DF4,916,6TH,,SW,ST,, ,GRANTS PASS,OR,97526,916,6TH,,SW,ST,,,GRANTS PASS,OR,97526,7/7/2026 9:08,7/31/2027 9:08
BTAX-043579-07-2026,STEPHEN & RENE'  STARK,STEPHEN STARK EXCAVATION LLC ,,11,Outside City Limits,238190,Contractor-General/Building Exterior,5414761226,2/8/1997 0:00,4590A7BB-D799-409C-9B15-2AF09E02DEA1,756,STRINGER GAP,,,RD,,,GRANTS PASS,OR,97527,756,STRINGER GAP,,,RD,,,GRANTS PASS,OR,97527,7/7/2026 9:11,7/31/2027 9:11
BTAX-043580-07-2026,VALENTINA VELEA,MIRROR IMAGE                  ,,2,Inside City Limits,812112,Beauty Salon,5417612939,4/1/2003 0:00,8DC89F29-F30C-4A1F-84AD-B2C35C3E6A1D,940,ROGUE RIVER,, ,HWY,, ,GRANTS PASS,OR,97527,233,ROGUE RIVER,,,HWY,,#377,GRANTS PASS,OR,97527,7/7/2026 9:20,7/31/2027 9:20
BTAX-043581-07-2026,JON DAHL,CORVETTE BAR AND GRILL,,10,Inside City Limits,722410,Bar/Tavern,5414796144,10/22/2019 0:00,72dee038-8056-48b4-ab2a-d560a9056f5b,,,,,,,,,,,1831,6TH,,NE,ST,, ,GRANTS PASS,OR,97526,7/7/2026 9:22,2/28/2027 9:22
BTAX-043582-07-2026,STEVE  REEVES,"REEVES ENTERPRISES, INC       ",DRAPERIES N THINGS,2,Inside City Limits,449110,Retail-Home Furnishings ,5414795519,1/1/1985 0:00,30E035C8-D899-41B1-8193-A4C182B23621,122,F,,NE,ST,, ,GRANTS PASS,OR,97526,122,F,,NE,ST,,,GRANTS PASS,OR,97526,7/7/2026 9:25,7/31/2027 9:25
BTAX-043583-07-2026,DANA & PATRICIA  CRAWFORD,DANA & PATRICIA CRAWFORD RENTALS,,2,Inside City Limits,531110,Rental Units/Landlord,5412189950,6/1/2003 0:00,6A871798-35CF-4B64-A88C-DC3A49E616D0,410,CEDAR HEIGHTS,, ,DR,, ,GRANTS PASS,OR,97526,410,CEDAR HEIGHTS,,,DR,,,GRANTS PASS,OR,97526,7/7/2026 9:29,7/31/2027 9:29
BTAX-043584-07-2026,KENNETH M & CHRISTINE  ZIMMER,KENNETH M & CHRISTINE ZIMMER RENTALS,,2,Outside City Limits,531110,Rental Units/Landlord,5414795016,2/5/1991 0:00,48D49E0B-427A-4A1E-A03B-B1C51D23B71C,,,,,,,,,,,3920,JUMPOFF JOE CREEK,,,RD,,,GRANTS PASS,OR,97526,7/7/2026 9:38,7/31/2027 9:38
BTAX-043585-07-2026,,ANN BAUER PROPERTIES          ,,1,Outside City Limits,531110,Rental Units/Landlord,,9/30/2005 0:00,E658494F-1E5E-4254-8227-D8F434F75525,,,,,,,,,,,PO BOX 1863,,,,,,,GRANTS PASS,OR,97528,7/7/2026 9:40,7/31/2027 9:40
BTAX-043586-07-2026,,BELA & KADE,,3,Inside City Limits,4239,OTHER MISCELLANEOUS DURABLE GOODS MERCHANT WHOLESALERS,5412442192,1/1/1997 0:00,EA9C6378-5697-405E-975C-14CC3B087757,406,G,,SE,ST,,SUITE B,GRANTS PASS,OR,97526,406,G,,SE,ST,,SUITE B,GRANTS PASS,OR,97526,7/7/2026 9:51,7/31/2027 9:51
BTAX-043588-07-2026,KEVIN MICHAEL  KISSLING,MOHUN INC                     ,BAYAREA TRAVEL,2,Inside City Limits,561510,Travel Agency,6506971570,1/9/2012 0:00,3E363AFA-D35D-4871-ACC6-9C8E5602F8BF,970,DONEEN,,SW,LN,, ,GRANTS PASS,OR,97526,970,DONEEN LN    ,,SW,,,,GRANTS PASS,OR,97526,7/7/2026 10:38,7/31/2027 10:38
BTAX-043589-07-2026,CHELSEA MILNER,"MAILBOX PLUS, LLC",,1,Inside City Limits,491110,Postal Service,5414794957,11/1/2016 0:00,df9e7609-2663-4729-baa6-a63cfb85ea50,1051,6TH,,NE,ST,,STE C,GRANTS PASS,OR,97526,1051,6TH,,NE,ST,,STE C,GRANTS PASS,OR,97526,7/7/2026 10:41,7/31/2027 10:41
BTAX-043590-07-2026,KEITH  POTTS,KEITH'S GASOLINE ALLEY        ,,1,Inside City Limits,457120,Gas Station,5412185154,10/15/2008 0:00,8ACD7C1E-37C8-48CF-9EAE-B7684CB2CC4E,838,FRUITDALE ,,,DR,,,GRANTS PASS,OR,97526,838,FRUITDALE,,,DR,,,GRANTS PASS,OR,97527,7/7/2026 10:45,7/31/2027 10:45
BTAX-043591-07-2026,BRIAN E  HANCOCK,BRIAN E HANCOCK MD           ,,3,Inside City Limits,621111,Medical-Physician,5414742721,11/5/1991 0:00,45F0968E-5D2A-444B-A2B7-9D993BD69F49,841,7TH,,NE,ST,, ,GRANTS PASS,OR,97526,841,7TH,,NE,ST,,,GRANTS PASS,OR,97526,7/7/2026 10:49,7/31/2027 10:49
BTAX-043592-07-2026,MARILYN IRVING,MARILYN IRVING INCOME TAX SERVICE,,1,Inside City Limits,541213,Tax Preparation Services,5414791780,2/23/1995 0:00,2CC0D5C1-DFAC-4C9E-8CBB-5E980E12A38C,326,PLEASANT VIEW,,NW,DR,, ,GRANTS PASS,OR,97526,326,PLEASANT VIEW,,NW,DR,,,GRANTS PASS,OR,97526,7/7/2026 11:06,7/31/2027 11:06
BTAX-043593-07-2026,,"LAURA ERKENEFF, LMFT",,2,Inside City Limits,624190,Social Svcs-Individual & Family Svcs,5412958722,11/15/2018 0:00,33e37174-31e5-4624-9c87-4b7868554e44,215,6TH,,SE,ST,,#210,GRANTS PASS,OR,97526,215,6TH,,SE,ST,,#210,GRANTS PASS,OR,97526,7/7/2026 11:11,6/30/2027 11:11
BTAX-043594-07-2026,JAMES AYLING,JAMES W AYLING                ,,3,Outside City Limits,531110,Rental Units/Landlord,5416596674,5/3/2007 0:00,C588C227-6D19-46AE-B98C-0BA576EB86E4,,,,,,,,,,,PO BOX 2155,,,,,,,GRANTS PASS,OR,97528,7/7/2026 11:35,7/31/2027 11:35
BTAX-043596-07-2026,JERRY  CLINTON,CLINTON'S LAWN SERVICE        ,,2,Outside City Limits,541320,Landscaping Services,5419566991,2/20/2004 0:00,21ECFF9C-AC26-4E7C-988F-968D3961AD6A,5287,ROGUE RIVER,,,HWY,,,GRANTS PASS,OR,97527,5287,ROGUE RIVER,,,HWY,,,GRANTS PASS,OR,97527,7/7/2026 11:53,7/31/2027 11:53
BTAX-043598-07-2026,RYAN  BAKER,RYAN BAKER DC PC              ,,1,Inside City Limits,621310,Medical-Chiropractor,5414710701,9/1/2008 0:00,B03114A2-8930-43DE-BF57-7E4AC7541749,333,5TH,,SW,ST,, ,GRANTS PASS,OR,97526,333,5TH,,SW,ST,,,GRANTS PASS,OR,97526,7/7/2026 12:03,7/31/2027 12:03
BTAX-043600-07-2026,ALAN S & KIM  HOEFFLINGER,ALAN S & KIM HOEFFLINGER RENTA,,2,Inside City Limits,531110,Rental Units/Landlord,5416592803,3/22/1994 0:00,043671BD-D71A-4498-8F3F-A5B787FB6FE6,,,,,,,,,,,1061,FRUITDALE ,,SE,DR,,,GRANTS PASS,OR,97526,7/7/2026 12:41,7/31/2027 12:41
BTAX-043601-07-2026,JULIA DENEAU,GO MINI'S OF OREGON LLC,GO MINI'S,1,Inside City Limits,493110,Storage & General Warehousing,5416591800,3/21/2018 0:00,9bc55723-ae93-4bc2-8d31-9223b9b65e03,675,PARK,,E,ST,, ,GRANTS PASS,OR,97527,PO BOX 671,,,,,,,GRANTS PASS,OR,97528,7/7/2026 12:45,7/31/2027 12:45
BTAX-043604-07-2026,JAMES SHERMAN,JAMES SHERMAN FLOORING,,3,Inside City Limits,238330,Flooring,5414156162,1/12/2016 0:00,ce22ef95-a124-45e8-a1fe-5d4624a5b1f7,,,,,,,,,,,1651,VIRGINIA,,,LN,,,GRANTS PASS,OR,97527,7/7/2026 12:57,7/31/2027 12:57
BTAX-043606-07-2026,BRENDA  KELLEY,KELLEY STUDIOS                ,,2,Outside City Limits,711510,Artist,5416604969,6/2/2006 0:00,8F1E2BF2-F2D3-4D35-9537-B9EA79E68668,4855,REDWOOD,, ,HWY,, ,GRANTS PASS,OR,97527,4855,REDWOOD,,,HWY,,,GRANTS PASS,OR,97527,7/7/2026 14:00,7/31/2027 14:00
BTAX-043607-07-2026,QUINTYN & ROBIN ZILEMBO,HOLLOW CLOSET ESTATE SALES,,2,Outside City Limits,531320,Real Estate Appraisal & Sales,5414411353,4/15/2022 0:00,63e98aa7-62ef-41b7-9af8-c2af80f5b299,,,,,,,,,,,1008,PEPPERWOOD,,NE,DR,,,GRANTS PASS,OR,97526,7/7/2026 14:10,7/31/2027 14:10
BTAX-043608-07-2026,JON  ERMSHAR,WELLSPRING FAMILY PRACTICE    ,,2,Inside City Limits,621111,Medical-Physician,5414746053,7/1/1991 0:00,8BAD7936-9993-4B68-8570-550B73D8C40D,220,CLYDESDALE,, ,DR,, ,GRANTS PASS,OR,97526,220,CLYDESDALE,,,DR,,,GRANTS PASS,OR,97526,7/7/2026 15:04,7/31/2027 15:04
BTAX-043609-07-2026,ANTHONY  JAVORIC,GARDEN PLAZA MANAGEMENT LLC         ,GARDEN PLAZA APTS,1,Inside City Limits,531311,Property Management,5414794991,12/4/2003 0:00,8ECFA66E-7C47-4AD2-83ED-008CD0F615AC,525,6TH,,NE,ST,, ,GRANTS PASS,OR,97526,PO BOX 33,,,,,,,GRANTS PASS,OR,97528,7/7/2026 15:48,7/31/2027 15:48
BTAX-043613-07-2026,JENNIFER  AUSLAND,"AUSLAND, AUSLAND REEDY LLC    ",,2,Inside City Limits,541320,Landscaping Services,5414764441,1/10/2008 0:00,4BCE3080-E0DA-4790-9312-4C9C6338CB3F,695,J,,SE,ST,, ,GRANTS PASS,OR,97527,695,J,,SE,ST,,,GRANTS PASS,OR,97527,7/8/2026 10:32,7/31/2027 10:32
BTAX-043614-07-2026,JENNIFER  AUSLAND,STAR MINI STORAGE LLC        ,,2,Inside City Limits,493110,Storage & General Warehousing,5414764441,7/1/1997 0:00,96434189-F033-49C6-B00F-E6BEB42E99F7,2744,HIGHLAND,,NW,AVE,, ,GRANTS PASS,OR,97526,695,J,,SE,ST,,,GRANTS PASS,OR,97526,7/8/2026 10:46,7/31/2027 10:46
BTAX-043615-07-2026,JENNIFER  AUSLAND,AFI PROPERTIES,COPELAND LANDSCAPE SUPPLY,7,Inside City Limits,238990,Contractor-Trade/Specialty,5414764441,6/1/2004 0:00,09C318C1-590B-4048-BA85-D93959824E2B,695,J,,SE,ST,, ,GRANTS PASS,OR,97526,695,J,,SE,ST,,,GRANTS PASS,OR,97527,7/8/2026 10:49,7/31/2027 10:49
BTAX-043616-07-2026,,COPELAND SAND & GRAVEL INC   ,,7,Inside City Limits,425120,Wholesale Agent,5414764441,1/1/1997 0:00,8AE6C436-78CE-4058-93AD-6C70C68F9E6A,695,J,,SE,ST,, ,GRANTS PASS,OR,97526,695,J,,SE,ST,,,GRANTS PASS,OR,97526,7/8/2026 10:52,7/31/2027 10:52
BTAX-043617-07-2026,RAYMOND O  WILLIAMS,ATILLA THE HOE                ,,1,Inside City Limits,238110,Contractor-Concrete/Found/Structural,5414768833,3/1/1998 0:00,25E3DD50-A3A5-4BC6-9B96-78FACA3BDFA6,1919,NEBRASKA,, ,AVE,, ,GRANTS PASS,OR,97527,PO BOX 835,,,,,,,GRANTS PASS,OR,97528,7/8/2026 10:57,7/31/2027 10:57
BTAX-043618-07-2026,JOSEPH  SPEELMA,JOSEPH SPEELMAN RENTALS       ,,1,Inside City Limits,531110,Rental Units/Landlord,5414766838,9/17/2004 0:00,229498DD-A1B5-46EB-AECB-754C253586A0,561,G,,SW,ST,, ,GRANTS PASS,OR,97526,PO BOX 866,,,,,,,GRANTS PASS,OR,97528,7/8/2026 11:14,7/31/2027 11:14
BTAX-043621-07-2026,DONALD ODEN,,,1,Inside City Limits,811122,Auto-Glass Replacement Shop,5414794444,4/1/1986 0:00,A5CDB9C6-1891-4107-9522-89F946E81935,307,G,,SW,ST,, ,GRANTS PASS,OR,97526,307,G,,SW,ST,,,GRANTS PASS,OR,97526,7/8/2026 11:37,7/31/2027 11:37
BTAX-043622-07-2026,LONNIE  LEONARD,CAVEMAN TOWING SERVICE        ,,15,Inside City Limits,488410,Towing,5414795001,7/1/1990 0:00,B52E1FFF-F5A2-43E3-8646-097CFF386BF4,2100,VINE,,NW,ST,, ,GRANTS PASS,OR,97526,2100,VINE ,,NW,ST,,,GRANTS PASS,OR,97526,7/8/2026 11:48,7/31/2027 11:48
BTAX-043623-07-2026,,ADVANCED MAINTENANCE SERVICES ,,2,Inside City Limits,238190,Contractor-General/Building Exterior,5414796358,9/6/1985 0:00,2F4360D7-7440-4102-8222-FB82E44E62C1,,,,,,,,,,,4195,REDWOOD,,,AVE,,,GRANTS PASS,OR,97527,7/8/2026 11:52,7/31/2027 11:52
BTAX-043624-07-2026,WAYNE & BUNNY  OWEN,WAYNE OWEN FIGHTING ARTS      ,,2,Inside City Limits,713940,Fitness Center,5414769794,1/1/1997 0:00,65D1D9E6-D4EE-4FAD-B869-A5A1C3C7A171,113,K,,SE,ST,, ,GRANTS PASS,OR,97526,113,K,,SE,ST,,,GRANTS PASS,OR,97526,7/8/2026 11:58,7/31/2027 11:58
BTAX-043625-07-2026,MAUREEN  MCCARTHY,3R'S TUTORING                 ,,1,Inside City Limits,611710,Educational Support Services,5414412689,7/9/2007 0:00,421FECD8-B73F-45B2-AF9A-3ED6D694D5A2,1210,ORIOLE,,SE,ST,, ,GRANTS PASS,OR,97526,1210,ORIOLE ,,SE,ST,,,GRANTS PASS,OR,97526,7/8/2026 12:21,7/31/2027 12:21
BTAX-043627-07-2026,JAN  KOSKI,GLAMOR ATTIRE BY JAN,GLAMOR ATTIRE BY JAN,1,Inside City Limits,458310,Retail-Clothing & Accessories,5414798820,1/2/1990 0:00,2809583E-62B8-4B19-BA16-AC4817FBCF96,1439,6TH,,NE,ST,, ,GRANTS PASS,OR,97526,1439,6TH,,NE,ST,, ,GRANTS PASS,OR,97526,7/8/2026 13:29,7/31/2027 13:29
BTAX-043628-07-2026,LEAH BERNARD,METAL AIR LLC,,2,Outside City Limits,238220,Contractor-HVAC Services,5419559335,9/21/2016 0:00,f4c0b9c3-37ab-452e-aa92-3a8781361e79,,,,,,,,,,,7350,NEW HOPE,,,RD,,,GRANTS PASS,OR,97527,7/8/2026 13:31,7/31/2027 13:31
BTAX-043629-07-2026,MISTY  BRADBEER,THE PLAYGROUND EARLY LEARNING CENTER,,4,Inside City Limits,624410,Child Day Care,5414790019,4/1/2016 0:00,901CE3DA-72D6-48D1-976B-F855D5A625D6,1351,M,,SE,ST,, ,GRANTS PASS,OR,97527,1351,M,,SE,ST,,,GRANTS PASS,OR,97527,7/8/2026 13:39,7/31/2027 13:39
BTAX-043630-07-2026,PAUL  ZACHA,REAL PROPERTY CONSULTANTS GRANTS PASS,,1,Inside City Limits,541611,Consulting Service,5414742541,2/15/1999 0:00,E9002E99-EE08-49B3-8C92-574A6659ECAF,1040,HAWTHORNE,,NW,AVE,, ,GRANTS PASS,OR,97526,PO BOX 312,,,,,,,GRANTS PASS,OR,97528,7/8/2026 13:43,7/31/2027 13:43
BTAX-043631-07-2026,ELLEN  LEONARD,ACUPUNCTURE AT RIVERSIDE      ,,1,Inside City Limits,541990,Professional-Misc,5414741974,11/1/2005 0:00,1AE158B2-2A46-4BA4-A591-3F05B2E62476,957,7TH,,SE,ST,,,GRANTS PASS,OR,97526,957,7TH,,SE,ST,,,GRANTS PASS,OR,97526,7/8/2026 13:46,7/31/2027 13:46
BTAX-043632-07-2026,,JOSEPHINE COUNTY HISTORICAL SOCIETY      ,,2,Inside City Limits,712110,Museum,5414797827,4/18/2007 0:00,E926F2EC-EF6E-45EC-904A-9CF61DEBEB04,512,5TH,,SW,ST,, ,GRANTS PASS,OR,97526,512,5TH,,SW,ST,,,GRANTS PASS,OR,97526,7/8/2026 13:49,7/31/2027 13:49
BTAX-043633-07-2026,VIRGINIA  SKUDSTAD,THE HAIRPORT SALON            ,,1,Inside City Limits,812112,Beauty Salon,5416605688,3/17/1995 0:00,0103710E-7877-4C87-B673-F78E7D63ACA2,424,6TH,,NW,ST,,SUITE 108,GRANTS PASS,OR,97526,424,6TH,,NW,ST,,SUITE 108,GRANTS PASS,OR,97526,7/8/2026 13:55,7/31/2027 13:55
BTAX-043635-07-2026,,SI CASA FLORES                ,,20,Inside City Limits,722511,Restaurant,5416609726,10/15/1996 0:00,6B3FDED1-1A5A-4E83-8288-62CA64663193,202,BEACON,,NE,DR,, ,GRANTS PASS,OR,97526,202,BEACON,,NE,DR,,,GRANTS PASS,OR,97526,7/8/2026 14:41,7/31/2027 14:41
BTAX-043636-07-2026,CARLOS & CLAUDIA  MARCHINI,LUNG CLINIC - CENTER FOR SLEEP MEDICINE INC,,3,Inside City Limits,621111,Medical-Physician,5414716026,8/10/1992 0:00,3F92F42D-E417-4886-9B5A-1E1BDDCD7393,874,7TH,,NE,ST,, ,GRANTS PASS,OR,97526,874,7TH,,NE,ST,,,GRANTS PASS,OR,97526,7/8/2026 14:47,7/31/2027 14:47
BTAX-043638-07-2026,MARIA LINDEMOOD,MARIA CARMEN LINDEMOOD        ,SUPER STAR CLEANING,1,Inside City Limits,561720,Cleaning Service,5416592665,6/13/2006 0:00,0425398A-98AD-4B89-A4E2-AC5E5298F6E3,5941,HIGHLAND,, ,AVE,, ,GRANTS PASS,OR,97526,233,ROGUE RIVER,,,HWY,,#954,GRANTS PASS,OR,97527,7/8/2026 16:21,7/31/2027 16:21
BTAX-043639-07-2026,TED  EELLS,TED EELLS TRUCKING & EXCAVATING,,1,Outside City Limits,238990,Contractor-Trade/Specialty,5416606859,1/1/1996 0:00,3D3D9F4F-07F1-4766-8024-A99000714E43,,,,,,,,,,,228,EMILY,,,WAY,,,GRANTS PASS,OR,97527,7/9/2026 9:37,7/31/2027 9:37
BTAX-043640-07-2026,LLOYD  RUSSELL,PRECISE FINISHING             ,,1,Inside City Limits,238990,Contractor-Trade/Specialty,5417871550,6/1/2011 0:00,6F35B29D-62BB-4FC1-B32B-CE127B854FC3,,,,,,,,,,,1400,LOVITT,,,LN,,,GRANTS PASS,OR,97527,7/9/2026 9:42,7/31/2027 9:42
BTAX-043642-07-2026,NATASHA POWELL,BARK BATH & BEYOND            ,,3,Inside City Limits,812910,Pet Care Services,5414761718,5/1/2012 0:00,FDAAA2BA-D4AB-45DD-82B1-07987625CF5A,516,7TH,,NE,ST,,,GRANTS PASS,OR,97526,516,7TH,,NE,ST,,,GRANTS PASS,OR,97526,7/9/2026 9:54,7/31/2027 9:54
BTAX-043644-07-2026,,M V L ENTERPRISES INC,MOUNTAIN VIEW LANDSCAPING,16,Outside City Limits,541320,Landscaping Services,5414740224,1/1/1997 0:00,DED1FDEB-C3A3-46E3-B22C-2372EF11DD16,7016,NEW HOPE,,,RD,,,GRANTS PASS,OR,97527,PO BOX 404,,,,,,,GRANTS PASS,OR,97528,7/9/2026 10:06,7/31/2027 10:06
BTAX-043647-07-2026,TROY  WHITAKER,U-SAVE GAS & TACKLE LLC       ,,8,Inside City Limits,457120,Gas Station,5414769871,10/1/2006 0:00,05B155A4-D125-4163-8E86-0A2D80B04FA2,935,ROGUE RIVER,, ,HWY,, ,GRANTS PASS,OR,97527,935,ROGUE RIVER,,,HWY,,,GRANTS PASS,OR,97527,7/9/2026 10:20,7/31/2027 10:20
BTAX-043648-07-2026,BROOKE GILMORE,BLUE DOOR SALON,,6,Inside City Limits,812112,Beauty Salon,5419555956,6/1/2013 0:00,C8FF7EE3-1099-4E84-A4DB-6CC6C10B5DF8,980,6TH,,SW,ST,,26,GRANTS PASS,OR,97526,2169,NICK,,,WAY,,,GRANTS PASS,OR,97527,7/9/2026 10:25,7/31/2027 10:25
BTAX-043652-07-2026,"RAMSOM, FERGUSON  SORENSON & CLYDE","SORENSON, RANSOM & FERGUSON, LLP",,9,Inside City Limits,541110,Lawyer,5414763883,3/22/2010 0:00,45FB5E98-D2F3-4934-8F00-F62E52B8EA53,133,D,,NW,ST,, ,GRANTS PASS,OR,97526,133,D,,NW,ST,,,GRANTS PASS,OR,97526,7/9/2026 11:16,7/31/2027 11:16
BTAX-043655-07-2026,JAMES LEFEBER,STARPRISES INC,STAR AUTOMOTIVE / STAR IMPORT,8,Inside City Limits,811111,Auto-General Repair,5414769646,7/2/1991 0:00,7A240BE4-3D5C-48C2-9867-7A5D75888743,414,F,,NE,ST,, ,GRANTS PASS,OR,97526,414,F,,NE,ST,,,GRANTS PASS,OR,97526,7/9/2026 11:32,7/31/2027 11:32
BTAX-043656-07-2026,DAWN M  SCHMIDT,DAWN SCHMIDT - PK TRANSCRIPTION ,,1,Inside City Limits,532282,Video Tape and Disc Rental,5419550445,2/1/2006 0:00,86545FE8-A36C-46F5-9045-87363E77C649,619,LEONARD,,SW,ST,, ,GRANTS PASS,OR,97526,619,LEONARD,,SW,ST,,,GRANTS PASS,OR,97526,7/9/2026 11:35,7/31/2027 11:35
BTAX-043657-07-2026,RUDY CAMPOS,THE MUFF SHOP                 ,,1,Inside City Limits,441330,Retail-Automotive Parts & Accessories,5414795333,3/1/1999 0:00,A37D52ED-A247-4440-94DB-EEDB6BD06FC2,321,H,,SE,ST,, ,GRANTS PASS,OR,97526,321,H,,SE,ST,,,GRANTS PASS,OR,97526,7/9/2026 11:45,7/31/2027 11:45
BTAX-043658-07-2026,JUSTIN GERLITZ,GERLITZ ENGINEERING CONSULTANTS,,5,Inside City Limits,541330,Engineering Services,5412442617,2/8/2016 0:00,24608d74-0172-4abe-8426-e9e6b1230a7d,223,B,,NE,ST,,STE A,GRANTS PASS,OR,97526,223,B,,NE,ST,,STE A,GRANTS PASS,OR,97526,7/9/2026 12:09,7/31/2027 12:09
BTAX-043659-07-2026,SHIRLEY & DANIEL  BARKLIND,HORIZON VILLAGE MANAGEMENT    ,CLASSIC CONSTRUCTION,3,Inside City Limits,238190,Contractor-General/Building Exterior,5414769026,7/13/2001 0:00,A6B026A7-4444-4BAF-8002-4E55055E8265,3095-B,CANAL,,,AVE,,,GRANTS PASS,OR,97527,PO BOX 5533,,,,,,,GRANTS PASS,OR,97527,7/9/2026 12:12,7/31/2027 12:12
BTAX-043660-07-2026,"GRACE, JON & ANTHONY TAMASHIRO",MATSUKAZE                     ,,16,Inside City Limits,722511,Restaurant,5414792961,8/1/1984 0:00,03C9252A-AF88-408B-AED4-E5C5D7E8AC56,1675,7TH,,NE,ST,,,GRANTS PASS,OR,97526,1675,7TH ,,NE,ST,,,GRANTS PASS,OR,97526,7/9/2026 12:16,7/31/2027 12:16
BTAX-043664-07-2026,KEN  FERGUSON,FERGUSON TREE'S               ,,2,Inside City Limits,111421,Christmas Tree Lot,5416599458,11/24/1990 0:00,C7FF23BF-8193-4BB2-A1B5-6E54551314EB,1401,6TH,,NE,ST,, ,GRANTS PASS,OR,97526,5172,AZALEA,,,DR,,,GRANTS PASS,OR,97526,7/9/2026 12:37,7/31/2027 12:37
BTAX-043667-07-2026,BOB  FEIL,THE TRAIN DEPOT LLC.  ,,12,Inside City Limits,722511,Restaurant,5414714800,1/1/1995 0:00,DEADF483-4703-4944-B25B-C72C5E732ED7,577,F,,NE,ST,, ,GRANTS PASS,OR,97526,577,F,,NE,ST,,,GRANTS PASS,OR,97526,7/9/2026 12:46,7/31/2027 12:46
BTAX-043668-07-2026,,CAVEMAN FENCE & FABRICATION INC,,16,Inside City Limits,238990,Contractor-Trade/Specialty,5414740302,1/19/2001 0:00,FCFE31EB-BF10-473B-B8B2-29AC48EA3912,1080,M,,SE,ST,,,GRANTS PASS,OR,97526,1080,M,,SE,ST,,,GRANTS PASS,OR,97526,7/9/2026 12:51,7/31/2027 12:51
BTAX-043669-07-2026,EDWARD GOFFREDA,THE ACCOUNTING OFFICE         ,,1,Inside City Limits,4239,OTHER MISCELLANEOUS DURABLE GOODS MERCHANT WHOLESALERS,5412182776,1/1/1995 0:00,62C02B43-9F56-48DC-AA8D-AFEF1E9DB710,1478,ANDY GRIFFITH,,SW,DR,, ,GRANTS PASS,OR,97527,1478,ANDY GRIFFITH ,,SW,DR,,,GRANTS PASS,OR,97527,7/9/2026 12:56,7/31/2027 12:56
BTAX-043672-07-2026,WINDY ALARIE,PARK PLACE BOOKKEEPING AND TAX SERVICE LLC,,1,Inside City Limits,541213,Tax Preparation Services,5414765548,5/2/2016 0:00,c33176b2-df1c-4a18-8181-577337f481d1,1500,ROGUE RIVER,,,HWY,,SUITE F,GRANTS PASS,OR,97527,1500,ROGUE RIVER,,,HWY,,SUITE F,GRANTS PASS,OR,97527,7/9/2026 13:50,7/31/2027 13:50
BTAX-043673-07-2026,CHET BOLEN,SOUTHERN OREGON REAL ESTATE VENTURES LLC,,2,Outside City Limits,531110,Rental Units/Landlord,5414505926,1/19/2016 0:00,f286f87e-42f3-4aa1-941b-85249d34ebc3,649,GRAY WOLF,, ,DR,, ,GRANTS PASS,OR,97526,649,GRAY WOLF,, ,DR,, ,GRANTS PASS,OR,97526,7/9/2026 14:19,7/31/2027 14:19
BTAX-043674-07-2026,WILLIAM HODGE,METAL FINISHER'S INC,,4,Inside City Limits,339999,Manufacturing-Misc Manufacturing,5414791334,7/14/2016 0:00,1a0a4538-cc51-418b-9f5f-3b91268abdbc,817,FOUNDRY,,SW,ST,, ,GRANTS PASS,OR,97526,110,BOOTH,,SW,ST,,,GRANTS PASS,OR,97526,7/9/2026 14:24,7/31/2027 14:24
BTAX-043675-07-2026,JUSTIN BRIGGS,JB CREATIVE,JUST B CREATIVE,1,Inside City Limits,541921,Photography,7073543474,6/14/2018 0:00,3a7b82ba-f4c0-4048-a955-5b86acf58888,1435,STURGEON,,SW,CT,,,GRANTS PASS,OR,97527,1435,STURGEON,,SW,CT,,,GRANTS PASS,OR,97527,7/9/2026 15:25,7/31/2027 15:25
BTAX-043676-07-2026,KRISTEN  PLUNKETT,NATUROPATHIC MEDICAL CLINIC PC,,5,Inside City Limits,621111,Medical-Physician,5414762916,10/15/2007 0:00,9F6B5861-DCE6-4AB1-AE6D-AE6F84E7591C,1200,7TH,,NE,ST,, ,GRANTS PASS,OR,97526,1200,7TH ,,NE,ST,,,GRANTS PASS,OR,97526,7/9/2026 15:38,7/31/2027 15:38
BTAX-043677-07-2026,JEREMY  ELLEDGE,3 SEVENS TATTOO               ,,1,Inside City Limits,812199,Tattoo/Piercing Shop,5418909777,1/15/2008 0:00,A76D8C40-D171-44A0-9955-D06699A0FE1E,1312,REDWOOD,,,AVE,,B,GRANTS PASS,OR,97527,1240,MARCUS,,,WAY,,,GRANTS PASS,OR,97527,7/9/2026 15:48,7/31/2027 15:48
BTAX-043678-07-2026,JEFFREY P  CAMPBELL,MOUNTAIN SPRING BOTTLED WATER ,,2,Inside City Limits,424490,Soft Drink Merchant Wholesaler,5414767384,7/1/1987 0:00,5803B573-534D-4F6B-97E4-AFE27F7F38AA,135,CAMBRIDGE,, ,DR,, ,GRANTS PASS,OR,97526,135,CAMBRIDGE,,,DR,,,GRANTS PASS,OR,97526,7/10/2026 8:38,7/31/2027 8:38
BTAX-043680-07-2026,,BOYS & GIRLS CLUB OF THE ROGUE VALLEY,,90,Inside City Limits,624190,Social Svcs-Individual & Family Svcs,5414795258,3/22/2007 0:00,61809263-a83a-4f25-b855-f5d4a3e3b47d,203,9TH,,SE,ST,, ,GRANTS PASS,OR,97526,PO BOX,2450,,SE,ST,, ,GRANTS PASS,OR,97528,7/10/2026 9:01,7/31/2027 9:01
BTAX-043681-07-2026,WILLIAM ALLEN,CVG CARPENTRY LLC,,2,Inside City Limits,238190,Contractor-General/Building Exterior,5414198258,5/21/2018 0:00,292bb119-93d9-4051-8703-2c3387c98294,9290,LOWER RIVER,,,RD,,,GRANTS PASS,OR,97526,9290,LOWER RIVER,,,RD,,,GRANTS PASS,OR,97526,7/10/2026 9:12,7/31/2027 9:12
BTAX-043682-07-2026,,CHIERICHETTI PLUMBING LLC    ,MR ROOTER,20,Inside City Limits,238220,Plumber,5414768216,9/11/1989 0:00,AFDAF4D7-20B0-48BE-A0FB-614982F36184,2062,VINE,,NW,ST,,,GRANTS PASS,OR,97526,2062,VINE,,NW,ST,,,GRANTS PASS,OR,97526,7/10/2026 9:19,7/31/2027 9:19
BTAX-043683-07-2026,RUSSELL  GALLUP,OREGON CALIFORNIA SUPPLY INC ,,6,Inside City Limits,424690,Retail-Misc Direct Selling Establishment,5414795990,9/23/2003 0:00,436B85A7-9F08-4BB7-91E0-5325424C3551,574,F,,NE,ST,, ,GRANTS PASS,OR,97527,574,F,,NE,ST,,,GRANTS PASS,OR,97527,7/10/2026 9:22,7/31/2027 9:22
BTAX-043684-07-2026,REBECCA  BERUBEE,5 STAR PEST CONTROL           ,,1,Inside City Limits,561710,Pest Control,5414413755,4/1/2009 0:00,AB6BD1ED-C23E-4F9F-AA32-0A7326A42EA1,233,ROGUE RIVER,, ,HWY,,#898,GRANTS PASS,OR,97527,233,ROGUE RIVER,,,HWY,,#898,GRANTS PASS,OR,97527,7/10/2026 9:25,7/31/2027 9:25
BTAX-043685-07-2026,DAN & SHIRLEY  BARKLIND,CLASSIC HOUSING               ,,2,Outside City Limits,531110,Rental Units/Landlord,5412916011,9/23/2009 0:00,5AAABB1B-BEE8-4101-92E8-97EBB9945480,,,,,,,,,,,PO BOX 5533,,,,,,,GRANTS PASS,OR,97528,7/10/2026 9:31,7/31/2027 9:31
BTAX-043687-07-2026,GUSTAVO  HERNANDEZ,GUSTAVO HERNANDEZ             ,,1,Inside City Limits,561730,Yard Services,5418906832,7/1/2014 0:00,5AB83B12-F787-4E6A-9B60-0927F4AB929D,900,GREEN BRIAR,,SE,Ln,,B,GRANTS PASS,OR,97526,900,GREEN BRIAR,,SE,LN,,#B,GRANTS PASS,OR,97526,7/10/2026 9:40,7/31/2027 9:40
BTAX-043689-07-2026,RANNA KRAWCZYK,SUNSHINE IN HOME CARE LLC,,30,Inside City Limits,621610,Medical-Home Health Care Services,5416590862,3/21/2017 0:00,3b4c31fe-7338-4adc-ac7d-3ff072bb0b6e,777,7TH,,NE,ST,,,GRANTS PASS,OR,97526,2059,FORT,,SW,ST,,,GRANTS PASS,OR,97526,7/10/2026 9:46,7/31/2027 9:46
BTAX-043690-07-2026,JILL FLOWERS,PACIFIC TRUST DEED SERVICING COMPANY INC,,6,Inside City Limits,525990,Finance-Misc Finance,5419556672,7/8/2004 0:00,E57B0691-4D96-45ED-80A0-740B8F9A1105,222,B,,NE,ST,, ,GRANTS PASS,OR,97526,PO BOX 697,,,,,,,GRANTS PASS,OR,97528,7/10/2026 9:51,7/31/2027 9:51
BTAX-043691-07-2026,TERRIE M  RENECKER,CUSTOM CONCRETE & MASONRY     ,,5,Inside City Limits,238110,Contractor-Concrete/Found/Structural,5414761591,7/1/1996 0:00,D818CB3C-CAC4-4B90-A451-26CD4B960C25,1294,SHADY,, ,LN,, ,GRANTS PASS,OR,97527,1294,SHADY,,,LN,,,GRANTS PASS,OR,97527,7/10/2026 9:54,7/31/2027 9:54
BTAX-043692-07-2026,NELSON MALER,NELSON R MALER                ,,1,Inside City Limits,523999,Finance-Investment Activities,5416186425,12/8/2015 0:00,B326B722-61AF-4CC4-8721-C61AB6745702,1051,6TH,,NE,ST,, ,GRANTS PASS,OR,97526,1111,STARLITE,,NW,PL,,,GRANTS PASS,OR,97526,7/10/2026 9:59,7/31/2027 9:59
BTAX-043693-07-2026,DAVID S.  WOOD,DAVE'S YARD CARE              ,,1,Inside City Limits,561730,Yard Services,5412188253,10/3/2008 0:00,0938A685-7162-43D4-91A6-3DF903C597D9,,,,,,,,,,,1771,STRINGER GAP,,,RD,,,GRANTS PASS,OR,97527,7/10/2026 10:06,7/31/2027 10:06
BTAX-043694-07-2026,KIRK & JAMEE  CHAPMAN,"CHAPMAN PROPERTIES, LLC       ",,2,Inside City Limits,531110,Rental Units/Landlord,5416601995,4/26/1999 0:00,214797DC-D6FA-482B-A18E-2D4ADB9CBB9F,1225,GRAYS CREEK,, ,RD,, ,GRANTS PASS,OR,97527,1225,GRAYS CREEK,,,CR,,,GRANTS PASS,OR,97527,7/10/2026 10:09,7/31/2027 10:09
BTAX-043695-07-2026,WILLIAM & NONNIE  EVENSEN,WLM & NONNIE EVENSEN RENTALS  ,,2,Inside City Limits,531110,Rental Units/Landlord,5416601372,6/1/1994 0:00,79C294AF-6875-4001-A5AC-7D11D528447C,134,KINGSGATE,, ,WAY,, ,GRANTS PASS,OR,97527,134,KINGSGATE,,,WAY,,,GRANTS PASS,OR,97527,7/10/2026 10:15,7/31/2027 10:15
BTAX-043696-07-2026,JOHN WASCHAK,"JOHN P WASCHAK DDS, MS, PC",DR WASCHAK PEDIATRIC DENTISTRY AND ORTHODONTICS,13,Inside City Limits,621210,Medical-Dentist,5414768383,1/1/2010 0:00,F51B31FA-0269-4ACE-A11A-4061A7249112,1501,6TH,,NE,ST,,,GRANTS PASS,OR,97526,1501,6TH,,NE,ST,,,GRANTS PASS,OR,97526,7/10/2026 10:23,7/31/2027 10:23
BTAX-043697-07-2026,"HAROLD, GREG & DAVID  JACOBY",JACOBY PROPERTIES LLC        ,PARKWAY MINI STORAGE,3,Inside City Limits,493110,Storage & General Warehousing,5414721988,7/23/1996 0:00,3F9F38BC-1304-4A44-90B1-2DA3E4945CC2,1110,MILBANK,,SE,RD,,,GRANTS PASS,OR,97526,1110,MILBANK,,SE,RD,,,GRANTS PASS,OR,97526,7/10/2026 10:28,7/31/2027 10:28
BTAX-043698-07-2026,DEL & IDA  SAITO,DEL SAITO'S MARTIAL ARTS      ,,2,Inside City Limits,713940,Fitness Center,5414713002,1/1/1996 0:00,3C2D604E-A8E2-4B0A-B8CE-BE6058C90C22,1535,HARBECK,, ,RD,, ,GRANTS PASS,OR,97527,1535,HARBECK,,,RD,,,GRANTS PASS,OR,97527,7/10/2026 10:35,7/31/2027 10:35
BTAX-043699-07-2026,JOHN J & CLETA ANN  GALLO,JOHN J & CLETA ANN GALLO RENTAL,,1,Inside City Limits,531110,Rental Units/Landlord,5414768236,6/15/1993 0:00,509CD603-BED0-4661-B8FE-C2EC8FC8ABB2,1412,GILBERT,,NW,WAY,, ,GRANTS PASS,OR,97526,1412,GILBERT,,NW,WAY,,,GRANTS PASS,OR,97526,7/10/2026 10:40,7/31/2027 10:40
BTAX-043700-07-2026,MIGUEL DOMINGUEZ,PEAR BLOSSOM LAWN AND YARD MAINTENANCE,,1,Outside City Limits,561730,Yard Services,5416601877,3/3/2017 0:00,aaaa49e6-4b82-4b30-8fff-ac4a6ffda940,,,,,,,,,,,228,JAIME,,,LN,,,GRANTS PASS,OR,97526,7/10/2026 10:52,7/31/2027 10:52
BTAX-043701-07-2026,,SOUTHERN OREGON RESTORATION INC,JACOBY CONSTRUCTION & DESIGN,3,Inside City Limits,238190,Contractor-General/Building Exterior,5414729224,5/1/1997 0:00,160D5181-01A3-4DEB-A8CE-9D4514A04753,1110,MILBANK,,SE,RD,,,GRANTS PASS,OR,97526,1110,MILBANK,,SE,RD,,,GRANTS PASS,OR,97526,7/10/2026 10:56,7/31/2027 10:56
BTAX-043702-07-2026,CONNIE  WESTPHALL,CONNIE'S HAIR DESIGN LLC,,7,Inside City Limits,812112,Beauty Salon,5414741772,1/1/1997 0:00,76E97896-B143-47E4-8FF5-D5ED23B588D3,266,9TH,,SE,ST,,,GRANTS PASS,OR,97526,266,9TH,,SE,ST,,,GRANTS PASS,OR,97526,7/10/2026 11:02,7/31/2027 11:02
BTAX-043703-07-2026,,BEHYMER SORENSON & PRICE LLC,,6,Inside City Limits,4239,OTHER MISCELLANEOUS DURABLE GOODS MERCHANT WHOLESALERS,5419550500,7/16/2007 0:00,9EAF9B87-7BB2-49A7-A198-DB012284F941,237,J,,SE,ST,, ,GRANTS PASS,OR,97526,237,J,,SE,ST,,,GRANTS PASS,OR,97526,7/10/2026 11:07,7/31/2027 11:07
BTAX-043704-07-2026,DAVID YOUNG,DAVID F YOUNG MD PC          ,,22,Inside City Limits,621111,Medical-Physician,5414793367,11/1/1981 0:00,0262741F-CE9C-4AD2-9B4C-FEABFABE3B52,1309,6TH,,NE,ST,, ,GRANTS PASS,OR,97526,1309,6TH ,,NE,ST,,,GRANTS PASS,OR,97526,7/10/2026 11:13,7/31/2027 11:13
BTAX-043705-07-2026,,RCRV'S OREGON LLC,RIVER CITY RV'S ,28,Inside City Limits,459930,RV/Mobile Home Dealer,5414724999,7/21/2022 0:00,4214706b-aad3-41d3-9362-8c64f3ea3cce,1581,REDWOOD,,,AVE,,,GRANTS PASS,OR,97527,1581,REDWOOD,,,AVE,,,GRANTS PASS,OR,97527,7/10/2026 11:18,7/31/2027 11:18
BTAX-043711-07-2026,JOSE  SEGURA,SEGURA'S UPHOLSTERY SERVICE   ,,1,Inside City Limits,811420,Furniture/Reupholstery Repair,5419554469,6/27/2009 0:00,71C35A2E-6B41-42BA-B841-827B9A796650,1440,WILLIAMS,, ,HWY,, ,GRANTS PASS,OR,97527,1440,WILLIAMS ,,,HWY,,,GRANTS PASS,OR,97527,7/10/2026 11:51,7/31/2027 11:51
BTAX-043712-07-2026,JERRY  BALLINGER,BALLINGER INDUSTRIAL PARK     ,,2,Inside City Limits,531120,Research & Development,5416608826,7/1/1987 0:00,D07D8155-B0DA-4532-A323-881048B770F3,2001,FOOTHILL,,NE,BLVD,, ,GRANTS PASS,OR,97526,2001,FOOTHILL,,NE,BLVD,,#A-2,GRANTS PASS,OR,97526,7/10/2026 12:05,7/31/2027 12:05
BTAX-043714-07-2026,NICOLAAS AND DEVON HUTTEMA,POWER EQUIPMENT INC,LEWIS POWER EQUIPMENT,10,Inside City Limits,811310,Machinery/Equipment Maint,5414712787,12/4/2007 0:00,39F43F44-1E29-4996-852A-FABA4AE2C703,1307,REDWOOD,, ,AVE,, ,GRANTS PASS,OR,97527,1307,REDWOOD,,,AVE,,,GRANTS PASS,OR,97527,7/10/2026 12:12,7/31/2027 12:12
BTAX-043715-07-2026,SANDRA  MORROW,SANDRA MORROW TRANSPORTATION  ,,1,Inside City Limits,484110,Transportation-Trucking (Local),5414720250,1/31/2008 0:00,059E158D-7F3F-4345-943C-6C2B572C51D4,1439,6TH,,NE,ST,,SUITE D,GRANTS PASS,OR,97526,1439,6TH ,,NE,ST,,SUITE D,GRANTS PASS,OR,97526,7/10/2026 12:16,7/31/2027 12:16
BTAX-043716-07-2026,DANIELLE CASTRO,Y&D AUTOMOTIVE,,2,Inside City Limits,811111,Auto-General Repair,5414508052,7/17/2020 0:00,d8cfd996-41dd-4442-a268-76eb6fc7fc5a,2416,LEONARD,, ,RD,, ,GRANTS PASS,OR,97527,1179,GARDEN TERRACE,,,RD,,,GRANTS PASS,OR,97527,7/10/2026 12:19,7/31/2027 12:19
BTAX-043717-07-2026,,C WOODRUFF CONSTRUCTION LLC ,,13,Outside City Limits,238190,Contractor-General/Building Exterior,5414793621,6/1/1986 0:00,9133ED15-9813-4395-B577-95E92EC86E4B,,,,,,,,,,,PO BOX 909,,,,,,,GRANTS PASS,OR,97528,7/10/2026 12:29,7/31/2027 12:29
BTAX-043720-07-2026,KORICK & KIMBERLY  DANIELS,EAM INC                      ,SOUTHERN OREGON RENTALS ,4,Inside City Limits,532111,Rental-Car Rentals,5414760007,7/22/2013 0:00,DC4EAA8A-7A76-47ED-8997-A03D39A9A5FD,825,F,,NE,ST,, ,GRANTS PASS,OR,97526,PO BOX 2080,,,,,,,GRANTS PASS,OR,97528,7/10/2026 12:42,7/31/2027 12:42
BTAX-043722-07-2026,SCOTT  WALTER,AQUARIUS BOOKS AND GIFTS      ,,5,Inside City Limits,459210,Retail-Book Store,5414794000,1/1/2009 0:00,DB1D3624-D964-41B8-B6C5-02F3F2AD58D0,,,,,,,,,,,528,E,,NE,ST,,,GRANTS PASS,OR,97526,7/10/2026 12:51,7/31/2027 12:51
BTAX-043723-07-2026,LYDIA  KASPARIAN,SISTERS CLEANING SERVICES   ,,2,Inside City Limits,561720,Cleaning Service,5414502990,4/16/2012 0:00,F7BB1CE0-A949-4B31-9094-0A5D7AFB9D23,,,,,,,,,,,154,MOUNTAIN SPRINGS,,,DR,,,GRANTS PASS,OR,97527,7/10/2026 12:55,7/31/2027 12:55
BTAX-043724-07-2026,ANGELO & JEAN  MARGOLIS,ANGELO & JEAN MARGOLIS RENTALS,,2,Inside City Limits,531110,Rental Units/Landlord,5419568694,8/16/2002 0:00,4345CBAB-5FA9-4C0A-9FC5-EFEDFC29F477,,,,,,,,,,,388,GORDON,,,WAY,,,GRANTS PASS,OR,97527,7/10/2026 12:58,7/31/2027 12:58
BTAX-043725-07-2026,ANDREA  FELBER,JUST IN TIME DOG GROOMING     ,,1,Inside City Limits,812910,Pet Care Services,5414763529,1/18/2008 0:00,C815C9E1-C94A-4266-A807-87418D5D83C2,2482,WILLIAMS,, ,HWY,,#C,GRANTS PASS,OR,97527,2482,WILLIAMS,,,HWY,,#C,GRANTS PASS,OR,97527,7/10/2026 13:37,7/31/2027 13:37
BTAX-043726-07-2026,ROBIN BOONE,DAN'L BOONE'S TRADIN' POST    ,,2,Inside City Limits,459420,Retail-Gift & Novelty Store,5414742992,4/15/1986 0:00,B879B0E1-253A-42AA-AAF1-E01CB518EA40,470,REDWOOD,, ,HWY,, ,GRANTS PASS,OR,97527,470,REDWOOD,,,HWY,,,GRANTS PASS,OR,97527,7/10/2026 13:41,7/31/2027 13:41
BTAX-043729-07-2026,LINDA  FUIDGE,LINDA FUIDGE RENTALS,,1,Inside City Limits,531110,Rental Units/Landlord,5414795398,5/20/2004 0:00,BD79CAF6-6964-431F-B76A-77CAF7C558D5,245,ERIC,, ,WAY,, ,GRANTS PASS,OR,97526,245,ERIC,,,WAY,,,GRANTS PASS,OR,97526,7/10/2026 14:07,7/31/2027 14:07
BTAX-043732-07-2026,ALI  RAPOSE,ALI RAPOSE RENTALS            ,,1,Inside City Limits,531110,Rental Units/Landlord,5412952103,3/10/1998 0:00,494FCD5D-51C1-4B5C-91E9-A28543EEAD56,,,,,,,,,,,369,ROAN DRIVE    ,,,DR,,,GRANTS PASS,OR,97526,7/10/2026 14:26,7/31/2027 14:26
BTAX-043733-07-2026,ROBERT LOPER BRETT & MELISSA HOBBS,LOPER INCOME PROPERTIES LLC   ,,3,Outside City Limits,531110,Rental Units/Landlord,5416600923,7/1/1989 0:00,6DECF0E3-B489-49DF-B869-5409D66DC862,,,,,,,,,,,271,SERENITY,,,LN,,,GRANTS PASS,OR,97526,7/10/2026 14:29,7/31/2027 14:29
BTAX-043734-07-2026,TOM BROWNELL,"BROWNELL'S ELECTRIC STORE, LLC",,4,Inside City Limits,238210,Contractor-Electrical,5414763674,2/1/1961 0:00,7DEAF905-A2F6-48F5-A668-76DD7DA86F19,,,,,,,,,,,1290,SHADY,, ,LN,,,GRANTS PASS,OR,97527,7/10/2026 14:48,7/31/2027 14:48
BTAX-043735-07-2026,,JOHNSON BUILDERS  CORP,,9,Inside City Limits,238190,Contractor-General/Building Exterior,5414791465,8/1/2006 0:00,884E315E-5043-41AE-9AF1-EC0E049BA527,1300,ROGUE RIVER,, ,HWY,, ,GRANTS PASS,OR,97527,1300,ROGUE RIVER,,,HWY,,,GRANTS PASS,OR,97527,7/10/2026 14:55,7/31/2027 14:55
BTAX-043736-07-2026,JESSE  LEE,JESSE'S SUPERIOR PAINTING     ,,1,Inside City Limits,238320,Painting & Wall Covering,5412267782,11/20/2007 0:00,82E43407-AB9A-46C8-873D-6B5B049D0680,300,ELKHORN,, ,DR,, ,GRANTS PASS,OR,97526,300,ELKHORN,,,DR,,,GRANTS PASS,OR,97527,7/20/2026 13:41,5/31/2027 13:41
BTAX-043737-07-2026,"K. JOHNSTON, K. BURNETT S. MARSHAK",SISKIYOU PEDIATRIC CLINIC LLP ,,29,Inside City Limits,621111,Medical-Physician,5419555683,7/10/1995 0:00,6BFF685E-E4A5-4A87-A6B0-72901607B4FC,700,RAMSEY,,SW,AVE,,,GRANTS PASS,OR,97527,700,RAMSEY,,,AVE,,SUITE 204,GRANTS PASS,OR,97527,7/10/2026 15:03,7/31/2027 15:03
BTAX-043746-07-2026,SCOTT & PATTI HILLIER,PARTAKE HOSPITALITY LLC,PARTAKE,12,Inside City Limits,493110,Storage & General Warehousing,5416597988,6/22/2021 0:00,908ba4b1-b633-4d8a-8e79-e77d3630cf51,111,G,,SE,ST,,,GRANTS PASS,OR,97526,8174,APPLEGATE,,N,RD,,,GRANTS PASS,OR,97526,7/14/2026 9:41,7/31/2027 9:41
BTAX-043748-07-2026,,DALE WOODRUFF CONSTRUCTION    ,,1,Inside City Limits,238190,Contractor-General/Building Exterior,5414765862,9/19/1991 0:00,89742688-5064-473C-BCD8-120A6A1365F1,721,7TH,,SE,ST,, ,GRANTS PASS,OR,97526,PO BOX 1306,,,,,,,GRANTS PASS,OR,97528,7/14/2026 10:04,7/31/2027 10:04
BTAX-043750-07-2026,,ROE MOTORS INC       ,,49,Inside City Limits,441110,Auto-New Car Dealer,5414767701,3/1/1983 0:00,06206028-788E-41F8-A829-FB81C92F702F,201,7TH,,NE,ST,, ,GRANTS PASS,OR,97526,PO BOX 488,,,,,,,GRANTS PASS,OR,97528,7/14/2026 10:33,7/31/2027 10:33
BTAX-043754-07-2026,NORMAN  COVENEY,ALL SMALL APPLIANCE REPAIR    ,,2,Inside City Limits,811412,Appliance Reapair/Maint,5414763612,5/4/1992 0:00,556746B3-D498-42D2-B20A-085F5D71EBE7,,,,,,,,,,,1220,OAKVIEW,,,DR,,,GRANTS PASS,OR,97526,7/14/2026 10:51,7/31/2027 10:51
BTAX-043756-07-2026,DEBRA & DAN  WASHBURN,WASHBURN APPRAISALS INC      ,,2,Outside City Limits,531320,Real Estate Appraisal & Sales,5414710228,9/7/2004 0:00,7A3FF606-A265-499E-913B-A20416667BF5,,,,,,,,,,,PO BOX 2365,,,,,,,GRANTS PASS,OR,97528,7/14/2026 11:20,7/31/2027 11:20
BTAX-043757-07-2026,J MAUST,SIGNS BY J,,2,Inside City Limits,711510,Artist,5417617330,2/5/2016 0:00,a1b48984-815d-487e-98b9-6e97adc61cba,821,BRYN,,SW,CT,, ,GRANTS PASS,OR,97527,821,BRYN,,SW,CT,, ,GRANTS PASS,OR,97527,7/14/2026 11:24,7/31/2027 11:24
BTAX-043758-07-2026,MICHAEL & MEGAN  TOCH,MICHAEL'S PLUMBING NW INC     ,,3,Inside City Limits,238220,Plumber,5416607490,3/1/1993 0:00,E2190A0C-CFEB-40DC-878D-6643D31FD60B,615,L,,SE,ST,, ,GRANTS PASS,OR,97526,1285,OJAI,,,AVE,,,GRANTS PASS,OR,97527,7/14/2026 11:29,7/31/2027 11:29
BTAX-043759-07-2026,JES  WEBB,SIGHTS AND SOUNDS UNLIMITED   ,,4,Inside City Limits,425120,Wholesale Agent,5414768558,8/1/1990 0:00,A82F2D9A-C3BA-4258-998C-CCD1351ED26E,703,TOWNE,, ,ST,, ,GRANTS PASS,OR,97527,703,TOWNE,,,ST,,,GRANTS PASS,OR,97527,7/14/2026 11:32,7/31/2027 11:32
BTAX-043761-07-2026,JEFF & YVONNE  ROTHROCK,QUALITY AUTOMOTIVE PARTS      ,,8,Inside City Limits,441330,Retail-Automotive Parts & Accessories,5414749858,3/1/2001 0:00,7CC3C6DE-C401-4EBB-B518-1A14E94610CB,531,G,,SW,ST,, ,GRANTS PASS,OR,97526,531,G,,SW,ST,,,GRANTS PASS,OR,97526,7/14/2026 11:46,7/31/2027 11:46
BTAX-043765-07-2026,DARLA K  BOHN,DARLA K BOHN AFC WILLOW HOUSE,,1,Inside City Limits,623110,Medical-Nursing Care Facility,5414720480,3/1/2007 0:00,6E514249-3906-4086-B201-AC0E60ED57EF,1717,G,,SW,ST,, ,GRANTS PASS,OR,97526,1717,G ,,SW,ST,,,GRANTS PASS,OR,97526,7/14/2026 12:04,7/31/2027 12:04
BTAX-043766-07-2026,CHRISTLIN & STUART  FREEDMAN,FIRE MOUNTAIN GEMS            ,,134,Inside City Limits,339999,Manufacturing-Misc Manufacturing,5419567700,10/1/2001 0:00,897836BC-1F3E-4BB6-A3E5-ACE9AEF8596F,1001,E,,NE,ST,,,GRANTS PASS,OR,97526,1,FIRE MOUNTAIN,,,WAY,,,GRANTS PASS,OR,97526,7/14/2026 12:07,7/31/2027 12:07
BTAX-043767-07-2026,WILLIAM LOVELACE,"LOVELACE PROPERTIES, LLC","LOVELACE PROPERTIES, LLC",5,Inside City Limits,238190,Contractor-General/Building Exterior,5414792112,10/12/1986 0:00,2D83D95E-0FF0-487C-936E-DF6C5DF94A35,910,D,,NE,ST,,SUITE 103,GRANTS PASS,OR,97526,910,D,,NE,ST,,SUITE 103,GRANTS PASS,OR,97526,7/14/2026 12:10,7/31/2027 12:10
BTAX-043768-07-2026,ROXINE MOCK,CASTLE CREEK AUTO SALES       ,,2,Inside City Limits,441120,Auto-Used Car Dealer,5416017657,9/11/1997 0:00,4729CA33-EEDC-4A4F-848D-E6E8993A3091,324,REDWOOD,, ,HWY,, ,GRANTS PASS,OR,97527,143,PLUMLEE,,,WAY,,,GRANTS PASS,OR,97527,7/14/2026 12:17,7/31/2027 12:17
BTAX-043769-07-2026,YUAN CHANG  ZHU,GOOSEBERRIES                  ,,14,Inside City Limits,456191,Retail-Health Food & Supplements,5414712700,10/25/2005 0:00,30557EC6-CAF0-474B-93AB-C5D990BAC05C,1201,REDWOOD,, ,AVE,, ,GRANTS PASS,OR,97527,1201,REDWOOD,,,AVE,,,GRANTS PASS,OR,97527,7/14/2026 12:20,7/31/2027 12:20
BTAX-043771-07-2026,WILLIAM FAIRHURST,"WSF, INC. DBA GRANTS PASS PLUMBING",GRANTS PASS PLUMBING,4,Inside City Limits,238220,Plumber,5419550330,7/1/2004 0:00,8A091176-D01B-46BA-8A46-ED7A2E2BDDAE,432,6TH,,NW,ST,, ,GRANTS PASS,OR,97526,432,6TH ,,NW,ST,,SUITE 106,GRANTS PASS,OR,97526,7/14/2026 12:29,7/31/2027 12:29
BTAX-043772-07-2026,,GRANTS PASS TOYOTA LLC,GRANTS PASS TOYOTA,117,Inside City Limits,441110,Auto-New Car Dealer,5414766858,9/10/2008 0:00,A4D10D8D-BAF3-445E-956C-401FF34A31AD,375,REDWOOD,, ,HWY,, ,GRANTS PASS,OR,97527,PO BOX 2430,,,,,,,GRANTS PASS,OR,97528,7/14/2026 12:35,7/31/2027 12:35
BTAX-043773-07-2026,MONICA  BROERMAN,MONICA BROERMAN               ,ML BROERMAN,1,Inside City Limits,541611,Consulting Service,5414747657,1/1/2010 0:00,21CBCD0E-04DB-4098-BFAA-C46E7C7E378A,1376,MOON GLO,, ,DR,, ,GRANTS PASS,OR,97527,1376,MOON GLO,,,,,,GRANTS PASS,OR,97527,7/14/2026 12:37,7/31/2027 12:37
BTAX-043775-07-2026,TODD  FILIPEK,"FILIPEK CONSTRUCTION, TODD A. ",,1,Inside City Limits,238190,Contractor-General/Building Exterior,5414711946,6/10/2002 0:00,B62BC5CC-EF6E-4973-AFCB-C805DE035DCA,5523,LEONARD,, ,RD,, ,GRANTS PASS,OR,97527,5523,LEONARD,,,RD,,,GRANTS PASS,OR,97527,7/14/2026 13:35,7/31/2027 13:35
BTAX-043776-07-2026,,POWDERHORN CAFE + PIES LLC,,14,Inside City Limits,722511,Restaurant,5414799403,7/25/2022 0:00,ac8cffe3-6cb2-4eba-a88e-1dab786ef393,321,6TH,,NE,ST,,,GRANTS PASS,OR,97526,321,6th,,NE,ST,,,GRANTS PASS,OR,97526,7/14/2026 13:39,7/31/2027 13:39
BTAX-043777-07-2026,,SALON VENUSTO                 ,,3,Inside City Limits,812112,Beauty Salon,5416591001,2/11/2014 0:00,08804BEF-645E-48B9-B525-3A76A4368083,564,E,,NE,ST,,,GRANTS PASS,OR,97526,564,E,,NE,ST,,,GRANTS PASS,OR,97526,7/14/2026 13:42,7/31/2027 13:42
BTAX-043779-07-2026,"OHEN, MEDLEY, EAGAN & BATTEY",WOMEN'S HEALTH CENTER OF SOUTHERN OREGON PC,,70,Inside City Limits,621111,Medical-Physician,5414798363,9/12/2005 0:00,6A410D0B-C6D6-41D3-814D-535CF958A8C6,1075,GRANDVIEW,,SW,AVE,,SUITE 200,GRANTS PASS,OR,97527,1075,GRANDVIEW,,SW,AVE,,SUITE 200,GRANTS PASS,OR,97527,7/14/2026 14:35,7/31/2027 14:35
BTAX-043780-07-2026,RONALD SCOTT,THREE OAKS LANDSCAPE DESIGN & LAWN CARE,,1,Outside City Limits,541320,Landscaping Services,5412181779,10/11/2002 0:00,3DB3BD94-9072-4889-A97C-85DE9A5CBA0C,,,,,,,,,,,3363,HELGESON,,,LN,,,GRANTS PASS,OR,97527,7/14/2026 14:39,7/31/2027 14:39
BTAX-043782-07-2026,GREGORY  SMITH,AUTOSMITH OF OREGON           ,,5,Inside City Limits,811111,Auto-General Repair,5414742886,4/1/1995 0:00,5651ED5F-7343-4DA9-AD3E-402D0C79710E,301,J,,SE,ST,, ,GRANTS PASS,OR,97526,301,J,,SE,ST,,,GRANTS PASS,OR,97526,7/14/2026 14:53,7/31/2027 14:53
BTAX-043783-07-2026,MATTHEW HILL,MATTHEW M HILL DMD       ,,8,Inside City Limits,621210,Medical-Dentist,5414767725,1/1/1997 0:00,2B26A640-3178-4376-8B0B-D9DA1BEE3557,114,JACKSON,,NE,ST,, ,GRANTS PASS,OR,97526,114,JACKSON,,NE,ST,,,GRANTS PASS,OR,97526,7/14/2026 14:57,7/31/2027 14:57
BTAX-043785-07-2026,,LEE'S MINI STORAGE            ,,2,Inside City Limits,493110,Storage & General Warehousing,5414762772,12/19/2007 0:00,6A065782-AB7A-4C35-BBFD-E63B07A37265,1249,ROGUE RIVER,, ,Hwy,, ,GRANTS PASS,OR,97527,PO BOX 877,,,,,,,GRANTS PASS,OR,97528,7/14/2026 15:11,7/31/2027 15:11
BTAX-043789-07-2026,JEANETTE DARROW,541 PROPERTY MANAGEMENT LLC,,1,Outside City Limits,531311,Property Management,5414761026,7/6/2016 0:00,1f37609a-4fc5-434c-bfce-a0fc80d6e6b7,3098,UNIVERSITY,, ,RD,,B,GRANTS PASS,OR,97527,1630,WILLIAMS,,,HWY,,PMB 187,GRANTS PASS,OR,97527,7/14/2026 15:19,7/31/2027 15:19
BTAX-043791-07-2026,DAVID  WILLIAMS,MINI PET MART INC             ,NEWS & SMOKES,14,Inside City Limits,459910,Retail-Pets & Pet Supplies,5414797506,12/17/2007 0:00,0F15BE64-E34B-415C-B7E4-251119746146,1060,M,,SE,ST,, ,GRANTS PASS,OR,97526,1060,M,,SE,ST,,,GRANTS PASS,OR,97526,7/14/2026 15:32,7/31/2027 15:32
BTAX-043792-07-2026,DAVID  WILLIAMS,MINI PET MART                 ,,6,Inside City Limits,459910,Retail-Pets & Pet Supplies,5414797506,1/1/1997 0:00,72D5C5B8-2369-490C-A8B4-45E1C80F07B9,876,6TH,,NW,ST,, ,GRANTS PASS,OR,97526,876,6TH,,NW,ST,,,GRANTS PASS,OR,97526,7/14/2026 15:35,7/31/2027 15:35
BTAX-043793-07-2026,DAVID  WILLIAMS,GRANTS PASS NEWS & SMOKES     ,,6,Inside City Limits,459991,Retail-Tobacco Store,5414797506,7/1/1988 0:00,FB607C12-08C1-45D9-B5FF-325AFD92E4E4,1569,6TH,,NE,ST,, ,GRANTS PASS,OR,97526,1060,M,,SE,ST,,,GRANTS PASS,OR,97526,7/14/2026 15:40,7/31/2027 15:40
BTAX-043794-07-2026,DAVID WILLIAMS,THE MARKET                    ,,7,Inside City Limits,445131,Retail-General Merchandise ,5414797506,4/15/2005 0:00,D37C3D8F-B398-4A7A-AEF1-109CDB6316E2,1070,ROGUE RIVER,, ,HWY,, ,GRANTS PASS,OR,97527,1060,M,,SE,ST,,,GRANTS PASS,OR,97526,7/14/2026 15:43,7/31/2027 15:43
BTAX-043795-07-2026,MICHAEL  CARRERA,MIKE'S CUSTOM TOYS            ,,4,Inside City Limits,811111,Auto-General Repair,5412958012,8/1/2015 0:00,D40C72BB-C481-4155-B172-DB986E184E1B,2751,HIGHLAND,,NW,AVE,,,GRANTS PASS,OR,97526,2751,HIGHLAND ,,NW,AVE,,,GRANTS PASS,OR,97526,7/14/2026 15:46,7/31/2027 15:46
BTAX-043796-07-2026,DAVID E & JOHN G  DENNIS,ROGUE VALLEY PUMP SERVICE LLC ,CAPP'S PUMP SERVICE,9,Inside City Limits,238990,Contractor-Trade/Specialty,5414747877,4/11/1997 0:00,0D540B83-FCC5-4FBF-B88C-440EEECC74BC,3396,REDWOOD,, ,AVE,, ,GRANTS PASS,OR,97527,3396,REDWOOD,,,AVE,,,GRANTS PASS,OR,97527,7/14/2026 15:52,7/31/2027 15:52
BTAX-043798-07-2026,VITALY & GALINA  GRITSIOUK,VICTOR'S CARS FOR LESS        ,,2,Inside City Limits,441120,Auto-Used Car Dealer,5414413839,4/27/1995 0:00,63FF010E-7D86-4855-B26D-4B1DF04A0CC9,239,REDWOOD,,,HWY,,,GRANTS PASS,OR,97527,1959,CROWN ,,NW,ST,,,GRANTS PASS,OR,97526,7/14/2026 15:59,7/31/2027 15:59
BTAX-043806-07-2026,,PREGNANCY CARE CENTER OF GRANTS PASS,,13,Inside City Limits,621498,Medical-Outpatient Care Center,5414796264,5/1/2010 0:00,BC143D42-72DC-47CB-8B12-9157D760D3DE,714,8TH,,SE,ST,, ,GRANTS PASS,OR,97526,714,8TH,,SE,ST,,,GRANTS PASS,OR,97526,7/15/2026 9:52,7/31/2027 9:52
BTAX-043807-07-2026,LINDA DAY JEANEEN BEAGLEY,FIRELIGHT LASER DESIGN,,2,Inside City Limits,339999,Manufacturing-Misc Manufacturing,5412186134,6/10/2022 0:00,440983fb-99bf-48df-b868-e86a798f0ddd,225,HILLCREST,,NE,Dr,,6,GRANTS PASS,OR,97526,225,HILLCREST,,NE,DR,,6,GRANTS PASS,OR,97526,7/15/2026 9:58,7/31/2027 9:58
BTAX-043808-07-2026,JAMIE JONES,DOUBLE J ELECTRIC INC,,7,Outside City Limits,238190,Contractor-General/Building Exterior,5414794489,12/29/2017 0:00,cbbd1097-3083-4573-ae09-163043cc5e80,,,,,,,,,,,PO BOX 247,,,,,,,GRANTS PASS,OR,97528,7/15/2026 10:00,7/31/2027 10:00
BTAX-043811-07-2026,NANCY HUEBSCH,NANCY A HUEBSCH LMT          ,,1,Inside City Limits,621399,Medical-Massage Therapy,5414747827,7/1/2006 0:00,DEAB22C1-6408-49C2-99EC-34DF7D9EE9F1,595,HARBECK,,W,RD,, ,GRANTS PASS,OR,97527,595,WEST HARBECK,,,RD,,,GRANTS PASS,OR,97527,7/15/2026 10:10,7/31/2027 10:10
BTAX-043813-07-2026,KEVIN GAMBUCCI,LET THERE BE LIGHT ELECTRIC,,1,Inside City Limits,238210,Contractor-Electrical,8009207573,11/1/2016 0:00,42f9e447-63c0-4e36-aa26-bc72bce46e91,2312,WYNDHAM,,SE,WAY,, ,GRANTS PASS,OR,97527,2312,WYNDHAM,,SE,WAY,,,GRANTS PASS,OR,97527,7/15/2026 10:16,7/31/2027 10:16
BTAX-043815-07-2026,MIKE & CONNIE  MURPHY,MURPHY PLUMBING LLC,,1,Inside City Limits,238220,Plumber,5414761974,5/20/1996 0:00,76E36CD5-61E8-47DB-AAB6-4C342DC2BEEE,7020,NEW HOPE,, ,RD,, ,GRANTS PASS,OR,97527,7020,NEW HOPE,,NE,RD,,,GRANTS PASS,OR,97527,7/15/2026 10:32,7/31/2027 10:32
BTAX-043816-07-2026,DARREN  LEIGHTON,SUPERIOR WINDOW CLEANING      ,,2,Inside City Limits,561720,Cleaning Service,5418621662,3/20/2014 0:00,64CE257A-2F2D-45A7-85CE-86D32D918905,905,GRANITE HILL,, ,RD,, ,GRANTS PASS,OR,97526,905,GRANITE HILL,,,RD,,,GRANTS PASS,OR,97526,7/15/2026 10:36,7/31/2027 10:36
BTAX-043817-07-2026,HERSCHEL  NORDHAUS,APPLIANCE & MOWER CENTER/RODER,,12,Inside City Limits,811412,Appliance Reapair/Maint,5414792691,1/1/1997 0:00,A6F7C106-04C8-47A9-AE41-719684BA9415,950,M,,SE,ST,, ,GRANTS PASS,OR,97526,950,M,,SE,ST,,,GRANTS PASS,OR,97526,7/15/2026 10:52,7/31/2027 10:52
BTAX-043820-07-2026,L. WASSINK &  N. SHEAFOR,THE GLASS FORGE GALLERY & STUDIO LLC,,7,Inside City Limits,711510,Artist,5419550815,4/1/1998 0:00,E2961612-2C65-4895-8684-612E680411C9,501,G,,SW,ST,, ,GRANTS PASS,OR,97526,501,G,,SW,ST,,,GRANTS PASS,OR,97526,7/15/2026 11:03,7/31/2027 11:03
BTAX-043823-07-2026,GARY  THOMAS,SOLAR MAN CO                  ,,2,Inside City Limits,238220,Solar Equipment Installation,5416604254,7/1/1994 0:00,AEBC4708-DB79-4EBB-B3BF-47E42B2C4C80,1205,JORDAN,,SW,ST,, ,GRANTS PASS,OR,97526,1205,JORDAN ,,SW,ST,,,GRANTS PASS,OR,97526,7/15/2026 12:23,7/31/2027 12:23
BTAX-043824-07-2026,,COUGHRAN OUTFITTERS           ,,2,Inside City Limits,541990,Professional-Misc,5417780279,7/2/2012 0:00,DB2A899A-9F8D-4D9C-B555-AEA8BC0C8DDC,2929,CHENEY CREEK,, ,RD,, ,GRANTS PASS,OR,97527,2929,CHENEY CREEK,,,RD,,,GRANTS PASS,OR,97527,7/15/2026 14:54,7/31/2027 14:54
BTAX-043827-07-2026,,BARRY PETERSON'S VERSATILE CONSTRUCTION,,4,Inside City Limits,238190,Contractor-General/Building Exterior,5414746007,7/27/1987 0:00,7365EBCC-4F2E-4705-AF61-2246C880CF5A,1702,BEVERLY,,NE,DR,, ,GRANTS PASS,OR,97526,1702,BEVERLY ,,NE,DR,,,GRANTS PASS,OR,97526,7/16/2026 9:27,7/31/2027 9:27
BTAX-043828-07-2026,CHERYL  STRUBEL,CHERYL'S SUPREME HOUSECLEANING,,1,Inside City Limits,561720,Cleaning Service,5414411537,1/1/2015 0:00,30511D82-7E4F-4490-9A1A-51450406A320,,,,,,,,,,,905,CENTRAL,,SW,AVE,,,GRANTS PASS,OR,97526,7/16/2026 10:23,7/31/2027 10:23
BTAX-043829-07-2026,,MILLER'S SHADY OAKS INC,WILD RIVER BREWING & PIZZA,35,Inside City Limits,722511,Restaurant,5414717487,9/1/1994 0:00,6914124E-8B9D-4FCF-AF57-9256F9AB6D63,595,E,,NE,ST,, ,GRANTS PASS,OR,97526,595,E,,NE,ST,,,GRANTS PASS,OR,97526,7/16/2026 10:27,7/31/2027 10:27
BTAX-043831-07-2026,SHARON  RYDELL,IMPRINTS DESIGN & SCREEN PRINT,,3,Inside City Limits,541430,Graphic Design,5414768176,7/1/1991 0:00,06AAFC6C-3BE9-48D0-9AFF-EC8DE81B68CD,65,FRUITDALE,, ,DR,, ,GRANTS PASS,OR,97527,65,FRUITDALE,,,DR,,,GRANTS PASS,OR,97527,7/16/2026 10:38,7/31/2027 10:38
BTAX-043833-07-2026,PAUL & BIRTHE  KAMINS,PAUL & BIRTHE KAMINS RENTALS  ,,2,Outside City Limits,531110,Rental Units/Landlord,5414502211,7/26/2004 0:00,101A75C7-58E3-4907-87B7-701B7CACE94D,,,,,,,,,,,1551,SLEEPY HOLLOW,,,LP,,,GRANTS PASS,OR,97526,7/16/2026 10:52,7/31/2027 10:52
BTAX-043837-07-2026,,R & L INVESTMENTS             ,,2,Outside City Limits,531110,Rental Units/Landlord,5417611700,11/28/2011 0:00,C95678D3-F30B-4853-9234-80677EF5C89F,,,,,,,,,,,1465,THREE PINES,,,RD,,,GRANTS PASS,OR,97526,7/16/2026 11:13,7/31/2027 11:13
BTAX-043838-07-2026,,WOOD CONSULTING INC,RIVERSIDE PHYSICAL THERAPY,2,Inside City Limits,621399,Medical-Massage Therapy,5419550940,7/9/2004 0:00,0B8D3254-BAD0-495D-AD66-D66FC7F41173,544,UNION,,,AVE,,,GRANTS PASS,OR,97527,544,UNION,,,AVE,,,GRANTS PASS,OR,97527,7/16/2026 11:19,7/31/2027 11:19
BTAX-043839-07-2026,TIM & HOLLY  REYES,GROOM AT THE TOP              ,,1,Inside City Limits,812910,Pet Care Services,5415077052,8/1/2013 0:00,74B904FF-45C4-4452-8B71-3618820E73D1,128,K,,SE,ST,,,GRANTS PASS,OR,97526,128,K,,SE,ST,,,GRANTS PASS,OR,97526,7/16/2026 11:38,7/31/2027 11:38
BTAX-043842-07-2026,LORI GEURIN,MAIL CALL,,2,Inside City Limits,561431,Mail Center-Private,5414741748,9/21/2009 0:00,931F07F3-BC45-4FBC-A3A6-8C7D5B680DEA,233,ROGUE RIVER,, ,HWY,, ,GRANTS PASS,OR,97527,233,ROGUE RIVER,,,HWY,,,GRANTS PASS,OR,97527,7/16/2026 11:58,7/31/2027 11:58
BTAX-043847-07-2026,JAMES  BROWN,BROWN BEAR MASONRY LLC        ,,10,Outside City Limits,238140,Contractor-Masonry,5416599622,10/6/2008 0:00,52885891-590A-402A-B024-2B43C316C001,,,,,,,,,,,375,SLEEPY HOLLOW,,,LP,,,GRANTS PASS,OR,97527,7/17/2026 9:37,7/31/2027 9:37
BTAX-043848-07-2026,SARA  RIECHERS,SARA RIECHERS DDS PC        ,COMPASSIONATE DENTISTRY,6,Inside City Limits,621210,Medical-Dentist,5419562177,8/18/2011 0:00,74F32052-BB36-4466-A3A7-1E152B3E5391,130,D,,NW,ST,, ,GRANTS PASS,OR,97526,130,D,,NW,ST,,,GRANTS PASS,OR,97526,7/17/2026 9:45,7/31/2027 9:45
BTAX-043851-07-2026,DEBORAH  LANG,RIVER OF WELLNESS ACUPUNCTURE ,,1,Inside City Limits,541990,Professional-Misc,5419569595,2/10/2004 0:00,0C6BFB3A-DA98-4581-A24A-42AB9B6DD88A,1692,LYNDA,,NE,Ln,,#A,GRANTS PASS,OR,97526,1692,LYNDA,,NE,LN,,#A,GRANTS PASS,OR,97526,7/17/2026 9:55,7/31/2027 9:55
BTAX-043852-07-2026,,PATRICIA FLENNER LLC  ,,1,Outside City Limits,624190,Social Svcs-Individual & Family Svcs,8188590859,8/28/2012 0:00,8C69FCFD-4B00-45B1-8650-37877E2B2DAB,236,WILDROSE,,,LN,,,GRANTS PASS,OR,97527,1630,WILLIAMS,, ,HWY,,PMB 199,GRANTS PASS,OR,97527,7/17/2026 10:00,7/31/2027 10:00
BTAX-043855-07-2026,,ASSOCIATES FOR ORAL AND MAXILLOFACIAL SURGERY,,7,Inside City Limits,621210,Medical-Dentist,5417793781,7/26/1997 0:00,21C257C0-7F90-427C-81AA-4A9877E0BB7C,869,7TH,,NE,ST,,,GRANTS PASS,OR,97526,869,7TH,,NE,,,,GRANTS PASS,OR,97526,7/17/2026 10:10,7/31/2027 10:10
BTAX-043857-07-2026,ANTHONY HICKEY,HICKEY FLOOR COVERING         ,,1,Inside City Limits,449121,Retail-Floor Coverings,5414410938,5/27/1999 0:00,A80FFE95-B7E5-4BB1-8AE7-979ABE39A0D1,1495,FOUNDRY,,SW,ST,, ,GRANTS PASS,OR,97526,1495,FOUNDRY ,,SW,ST,,,GRANTS PASS,OR,97526,7/17/2026 14:48,7/31/2027 14:48
BTAX-043863-07-2026,ROBERT A  DRAKE,BOB DRAKE REPRODUCTIONS III,,2,Inside City Limits,811111,Auto-General Repair,5414740043,7/1/2008 0:00,6DE83F88-9546-493D-B78A-E04601BDF2A3,1899,HAWTHORNE,,NW,Ave,,,GRANTS PASS,OR,97526,1819,WASHINGTON,,NW,BLVD,,,GRANTS PASS,OR,97526,7/20/2026 11:06,7/31/2027 11:06
BTAX-043864-07-2026,ROBERT A  DRAKE,BOB DRAKE REPRODUCTIONS I,,4,Inside City Limits,811111,Auto-General Repair,5414740043,7/1/2004 0:00,5D74452A-CD4E-43F9-950A-4B95786FC3FA,1819,WASHINGTON,,NW,BLVD,, ,GRANTS PASS,OR,97526,1819,WASHINGTON,,NW,BLVD,,,GRANTS PASS,OR,97526,7/20/2026 11:12,7/31/2027 11:12
BTAX-043865-07-2026,TRAVIS BRUNNER,AMP PRO ELECTRIC LLC         ,PRO ELECTRIC,5,Outside City Limits,238210,Contractor-Electrical,5414747943,2/4/1991 0:00,B536670E-A291-4096-BF30-1A27BE481D3C,,,,,,,,,,,1544,DOWELL,,,RD,,,GRANTS PASS,OR,97527,7/20/2026 11:16,7/31/2027 11:16
BTAX-043868-07-2026,ALONA  MYSIOR,BALANCING ACT                 ,,1,Inside City Limits,4239,OTHER MISCELLANEOUS DURABLE GOODS MERCHANT WHOLESALERS,5419558584,4/1/1995 0:00,165B8104-14C4-49D4-998D-FEBFF797EDE0,1034,WASHINGTON,,NW,BLVD,, ,GRANTS PASS,OR,97526,1034,WASHINGTON,,NW,BLVD,,,GRANTS PASS,OR,97526,7/20/2026 11:28,7/31/2027 11:28
BTAX-043871-07-2026,JOHN M  JACOBS,PURE WATER PLUMBING INC      ,,2,Inside City Limits,238220,Plumber,5416601462,11/15/2007 0:00,46F775C5-ABA2-4B9C-8577-40F77EC4FBE3,3233,REDWOOD,, ,AVE,, ,GRANTS PASS,OR,97527,560,E,,NE,ST,,STE A,GRANTS PASS,OR,97526,7/20/2026 12:20,7/31/2027 12:20
BTAX-043872-07-2026,MARK  TOBIN,ADVANCED DENT REPAIR          ,,2,Inside City Limits,811121,"Auto-Body, Paint & Interior",5414763605,2/16/2006 0:00,5B5D2B32-6747-437A-BF93-D546000E5563,669,ROGUE RIDGE,, ,DR,, ,GRANTS PASS,OR,97527,PO BOX 1208,,,,,,,GRANTS PASS,OR,97528,7/20/2026 12:25,7/31/2027 12:25
BTAX-043875-07-2026,SHANE  DRURY,SOUTHERN OREGON DRYWALL LLC   ,,11,Inside City Limits,238310,Drywall & Insulation,5416601131,12/17/2007 0:00,509C6EF7-8BA1-4CAF-B050-006F8AC7923A,624,L,,SE,ST,, ,GRANTS PASS,OR,97526,163,FAIRWAY,,,DR,,,GRANTS PASS,OR,97527,7/20/2026 12:36,7/31/2027 12:36
BTAX-043876-07-2026,BELINDA LOONEY-ZELTVAY,OLD HICKORY LIVING LLC,,2,Inside City Limits,444180,Retail-Misc Direct Selling Establishment,5416606195,4/25/2017 0:00,9ca682e2-0385-43f2-94bf-6197ef194354,1880,7TH,,NE,ST,,,GRANTS PASS,OR,97526,279,ERIC,,,WAY,,,GRANTS PASS,OR,97526,7/20/2026 12:43,7/31/2027 12:43
BTAX-043877-07-2026,NANCY  COLLINS,BLUE WILLOW BOOKKEEPING LLC   ,,1,Inside City Limits,541214,Payroll Services,5414710626,1/1/1998 0:00,D018CA25-FFF0-42B5-9669-87BC7A5356D5,725,G,,SW,ST,, ,GRANTS PASS,OR,97526,725,G,,SW,ST,,,GRANTS PASS,OR,97526,7/20/2026 12:49,7/31/2027 12:49
BTAX-043880-07-2026,ANDREA KREMKO,INNER WORKS WAY LLC,,1,Inside City Limits,624190,Social Svcs-Individual & Family Svcs,5417615478,2/1/2008 0:00,52C6AF0E-A4C5-479C-9406-D4885D0B6659,1590,N,,SE,ST,,,GRANTS PASS,OR,97526,2034,HAVILAND,,,DR,,SUITE F,GRANTS PASS,OR,97527,7/20/2026 13:45,7/31/2027 13:45
BTAX-043881-07-2026,WENDY YUENKUEN & FONG WING FONG,CHINA HUT RESTAURANT & LOUNGE ,,12,Inside City Limits,722511,Restaurant,5414763441,1/1/1997 0:00,2F900140-30C0-4917-B16E-10AF1738556B,1434,6TH,,NW,ST,, ,GRANTS PASS,OR,97526,1434,6TH ,,NW,ST,,,GRANTS PASS,OR,97526,7/20/2026 13:48,7/31/2027 13:48
BTAX-043882-07-2026,KEVIN  GILL,CLOUSER DRILLING INC          ,,10,Inside City Limits,238990,Contractor-Trade/Specialty,5414767795,1/1/1971 0:00,BB9ADB52-E9FA-4BB1-A15D-7B5057F4962E,129,ASSEMBLY,,,CIR,,,GRANTS PASS,OR,97526,129,ASSEMBLY,,,CIR,,,GRANTS PASS,OR,97526,7/20/2026 13:50,7/31/2027 13:50
BTAX-043883-07-2026,GREG  CHANDLER,OREGON HOME PERFORMANCE,SOUTHERN OREGON INSULATION LLC,11,Inside City Limits,238310,Drywall & Insulation,5414761104,4/4/2015 0:00,78FD0340-068F-49B5-8879-218BCE8CACAF,327,6TH,,NE,ST,,,GRANTS PASS,OR,97526,402,SIERRA LODGE,,,DR,,,GRANTS PASS,OR,97527,7/20/2026 13:56,7/31/2027 13:56
BTAX-043884-07-2026,EDUARDO GARCIA,EG QUALITY LANDSCAPING MAINTENANCE,,2,Inside City Limits,541320,Landscaping Services,5412261041,2/1/2019 0:00,9529594d-21a5-45c8-b08e-7d861c34aeb4,,,,,,,,,,,849,M,,SE,ST,,,GRANTS PASS,OR,97526,7/20/2026 14:00,7/31/2027 14:00
BTAX-043885-07-2026,AYESHA FABER,GET IT DONE CLEANING SERVICES,,2,Inside City Limits,561720,Cleaning Service,5412956604,5/24/2023 0:00,e2f4b4c6-738f-425a-a83f-116757f7f45e,,,,,,,,,,,1299,WILLOW,,,LN,,,GRANTS PASS,OR,97527,7/20/2026 14:04,7/31/2027 14:04
BTAX-043888-07-2026,CHARLES  LAHORGUE,LAHORGUE METAL FABRICATING    ,,1,Inside City Limits,238190,Welding/Fabrication,5414795050,11/1/2014 0:00,E2C0B6C6-1BE3-4581-ABF7-7DC477364466,1470,M,,SE,ST,,UNIT 2C,GRANTS PASS,OR,97526,1470,M ,,SE,ST,,UNIT 2C,GRANTS PASS,OR,97526,7/20/2026 14:20,7/31/2027 14:20
BTAX-043889-07-2026,NANCY  OSTER-COURTNEY,"NANCY OSTER-COURTNEY, AUDIT & ACCOUNTING CONSULTING",,1,Inside City Limits,4239,OTHER MISCELLANEOUS DURABLE GOODS MERCHANT WHOLESALERS,5418520444,7/25/2012 0:00,BFD20FF8-6CA3-47E6-9447-5C47D6AAE142,1329,ANNABELLE,, ,LN,, ,GRANTS PASS,OR,97527,1630,WILLIAMS,,,HWY,,PMB 59,GRANTS PASS,OR,97527,7/20/2026 14:27,7/31/2027 14:27
BTAX-043892-07-2026,INDRA NICHOLAS,INDRA'S ICE CREAM INC,UDDERS,6,Inside City Limits,722511,Restaurant,5414417047,4/4/2019 0:00,9a97eee9-934c-4761-a096-e499e19fe5b7,1893,7TH,,NE,ST,,,GRANTS PASS,OR,97526,716,4TH,,NW,ST,,,GRANTS PASS,OR,97526,7/20/2026 16:05,6/30/2027 16:05
BTAX-043893-07-2026,STACEY & JEFFREY  BERG,AUDIOLOGY ASSOCIATES OF SOUTHERN OREGON INC,,11,Inside City Limits,621340,Medical-Audiologist,5414744694,11/16/2006 0:00,BFEEBC9E-6F11-4121-9A6C-36C7D9CAD95D,1665,WILLIAMS,, ,HWY,,,GRANTS PASS,OR,97527,1665,WILLIAMS,,,HWY,,,GRANTS PASS,OR,97527,7/20/2026 16:08,7/31/2027 16:08
BTAX-043895-07-2026,ETHAN KLINE,HAVOC                         ,,2,Inside City Limits,458310,Retail-Clothing & Accessories,5414794846,8/15/2006 0:00,61D5A2DC-4B25-4A65-A620-7B02C50DF2CD,791,6TH,,SE,ST,, ,GRANTS PASS,OR,97526,791,6TH,,SE,ST,,,GRANTS PASS,OR,97526,7/21/2026 8:38,7/31/2027 8:38
BTAX-043896-07-2026,MIKE & TONI  JONES,ABRAHAM CONTRACTING INC       ,PMC MOVERS,7,Outside City Limits,484210,Moving Company,5414790554,4/28/2015 0:00,258001C3-9742-4CA4-8312-811609CB1BDA,,,,,,,,,,,6152,RIVERBANKS,,,RD,,,GRANTS PASS,OR,97527,7/21/2026 8:42,7/31/2027 8:42
BTAX-043897-07-2026,EDWARD & SUSAN  CULVER,ESC INC    ,,2,Outside City Limits,531110,Rental Units/Landlord,5414719234,9/11/1989 0:00,13889556-6B1C-4999-88DA-37CDBFC6A6A0,,,,,,,,,,,PO BOX 2429,,,,,,,GRANTS PASS,OR,97528,7/21/2026 8:45,7/31/2027 8:45
BTAX-043902-07-2026,ALYSSA WARNE,ROOTS FARMSTEAD LLC DBA BEEF CAKES BAKERY & PATISSERIE,BEEF CAKES,1,Inside City Limits,311811,Bakery,5037075995,5/1/2022 0:00,72d3b80a-5865-4c14-83f2-3c1eb418958f,331,6TH,,NE,ST,,,GRANTS PASS,OR,97526,7550,MONUMENT,,,DR,,,GRANTS PASS,OR,97526,7/21/2026 14:16,7/31/2027 14:16
BTAX-043903-07-2026,BRANDAN & BARBARA  CONOVER,SUNDANCE DISTILLING LLC,,1,Inside City Limits,722511,Restaurant,,6/25/2020 0:00,b2396b87-27c5-4c32-95fe-f58c8cd615f8,980,6TH,,SW,ST,,SUITE 14,GRANTS PASS,OR,97526,2179,INDUSTRY,,NE,DR,,#6,GRANTS PASS,OR,97526,7/21/2026 14:18,6/30/2027 14:18
BTAX-043904-07-2026,BRANDON CONOVER,SUNDANCE DISTILLING,,1,Inside City Limits,312120,Brewery,5414799715,7/8/2016 0:00,cd423fac-9345-4f7a-9f38-1bfef4104fe0,2179,INDUSTRY,,NE,DR,, #6,GRANTS PASS,OR,97526,3345,ELK,,,LN,,,GRANTS PASS,OR,97527,7/21/2026 14:30,7/31/2027 14:30
BTAX-043906-07-2026,LEON  STUTZMAN,ROGUE TRUSS SYSTEMS INC      ,,19,Inside City Limits,238990,Contractor-Trade/Specialty,5414760854,7/1/1987 0:00,31679D8D-E6BC-443D-A363-860DB1AB677A,1741,DOWELL,, ,RD,, ,GRANTS PASS,OR,97527,1741,DOWELL,,,RD,,,GRANTS PASS,OR,97527,7/22/2026 12:33,7/31/2027 12:33
BTAX-043907-07-2026,MAX & MARLA  QUINTANA,AESTHETISPA LASER & WELLNESS C,,1,Inside City Limits,621399,Medical-Massage Therapy,5414799772,5/1/2008 0:00,3A24F5BF-2037-4237-998D-C77DD6B2C768,,,,,,,,,,,1246,7TH ,,NE,ST,,SUITE C,GRANTS PASS,OR,97526,7/22/2026 12:39,7/31/2027 12:39
BTAX-043911-07-2026,CARA GORE,GRANTS PASS POWER EQUIPMENT LLC              ,,4,Inside City Limits,811111,Auto-General Repair,5414797815,9/1/1991 0:00,7D276290-0BF2-4FC9-AAA9-666EEC68FA9B,407-B,UNION,,SW,AVE,,,GRANTS PASS,OR,97527,407-B,UNION ,,SW,AVE,,,GRANTS PASS,OR,97527,7/23/2026 9:58,7/31/2027 9:58
BTAX-043912-07-2026,,CAVEMAN HEATING AND AIR CONDITIONING INC       ,,30,Inside City Limits,238220,Contractor-HVAC Services,5414760009,1/1/1997 0:00,C418B97E-835F-47DE-9FE7-9EE17397988C,1010,MILBANK,,SE,RD,, ,GRANTS PASS,OR,97526,1010,MILBANK ,,SE,,,,GRANTS PASS,OR,97526,7/23/2026 10:02,7/31/2027 10:02
BTAX-043913-07-2026,PETER & SUSAN  TAMASHIRO,PLATINUM FINANCIAL LLC        ,,4,Inside City Limits,525990,Finance-Misc Finance,5414721222,7/1/2003 0:00,59D24765-A8C9-401F-A509-37EF60878836,752,6TH,,NW,ST,, ,GRANTS PASS,OR,97526,752,6TH,,NW,ST,,,GRANTS PASS,OR,97526,7/23/2026 10:05,7/31/2027 10:05
BTAX-043914-07-2026,,WASHINGTON FEDERAL #284       ,,7,Inside City Limits,522110,Finance-Commercial Bank,5414714993,10/31/2012 0:00,54262239-3F6F-45EF-B026-92DE3F95CB9F,660,7TH,,SE,ST,, ,GRANTS PASS,OR,97526,660,7TH,,SE,ST,,,GRANTS PASS,OR,97526,7/23/2026 10:15,7/31/2027 10:15
BTAX-043918-07-2026,SARAH  GAYLOR,SARAH GAYLOR'S JANITORIAL     ,,1,Inside City Limits,561720,Janitorial Services,5414794775,2/21/2006 0:00,54ED7344-4842-46FF-AA18-E431869B67A8,,,,,,,,,,,161,BUCKHORN,,,DR,,,GRANTS PASS,OR,97526,7/23/2026 14:05,7/31/2027 14:05
BTAX-043920-07-2026,Collin Hebert,JOE'S BALANCE SHOP,,2,Inside City Limits,811111,Auto-General Repair,5417617509,7/1/2023 0:00,9573f242-1fe3-402f-b59f-74c7964e07b6,1339,FOUNDRY,,SW,ST,,,GRANTS PASS,OR,97526,1339,FOUNDRY,,SW,ST,,,GRANTS PASS,OR,97526,7/24/2026 8:39,7/31/2027 8:39
BTAX-043923-07-2026,,RENTEC DIRECT LLC            ,,20,Inside City Limits,541511,Computer Programming,8008815139,2/6/2009 0:00,19399315-AD89-4946-9CD3-51F4926FA765,,,,,,,,,,,231,I,,SW,ST,,,GRANTS PASS,OR,97526,7/24/2026 9:01,7/31/2027 9:01
BTAX-043924-07-2026,,JOSEPHINE COUNTY PUBLIC DEFENDERS,,10,Inside City Limits,541110,Lawyer,5417795636,1/1/1992 0:00,F81EA7EB-F6F6-46BE-9270-385BEE6AD33E,215,6TH,,SE,ST,,4TH FLOOR,GRANTS PASS,OR,97526,211,6TH,,SE,ST,,FORTH FLOOR,GRANTS PASS,OR,97526,7/24/2026 9:03,7/31/2027 9:03
BTAX-043927-07-2026,DAWN  HILLMAN,NEW HORIZONS IN WELLNESS      ,,1,Inside City Limits,621112,Medical-Mental Health Specialist,5416592129,12/1/2009 0:00,057089D7-CAFE-448C-9654-E9855C4BF3EE,432,6TH,,NW,ST,, ,GRANTS PASS,OR,97526,216,TROLLVIEW,,,RD,,,GRANTS PASS,OR,97527,7/24/2026 9:16,7/31/2027 9:16
BTAX-043928-07-2026,RANDY  HVALL,R & M LUMBER SALES            ,,8,Inside City Limits,423310,"Lumber, Plywood, Millwork, and Wood Panel Merchant",5414798292,4/13/1992 0:00,8DB6C6BB-1405-431B-AD50-B84D6A007CBA,117,MILL,,SE,ST,,,GRANTS PASS,OR,97526,PO BOX 2047,,,,,,,GRANTS PASS,OR,97528,7/24/2026 9:18,7/31/2027 9:18
BTAX-043929-07-2026,WARREN C & SUSAN A  MEYER,CLIFF MEYER CUSTOM WOOD TURNING,,1,Inside City Limits,999999,Crafts & Hobbies,5416602752,2/27/2013 0:00,C8FB5024-E420-4E09-BA64-C94ECAB366CA,220,CENTRAL,,SW,AVE,, ,GRANTS PASS,OR,97526,220,CENTRAL,,SW,AVE,,,GRANTS PASS,OR,97526,7/24/2026 14:20,7/31/2027 14:20
BTAX-043930-07-2026,BHARAT & VAISHALI B  PATEL,SIVSAGAR HOSPITALITY LLC      ,BESTWAY INN ,3,Inside City Limits,721110,Hotel/Motel,5414792952,1/1/2006 0:00,C625CD64-609B-43CA-A856-BECB68F09633,1253,6TH,,NE,ST,, ,GRANTS PASS,OR,97526,1253,6TH ,,NE,,,,GRANTS PASS,OR,97526,7/24/2026 15:00,7/31/2027 15:00
BTAX-043934-07-2026,VICTOR KEENER,CREATIVE CONSTRUCTION SOLUTIONS,,4,Outside City Limits,238190,Contractor-General/Building Exterior,5414503220,4/3/2019 0:00,d0e2d9ce-dde2-40b0-adf7-520d045cd088,,,,,,,,,,,6090,HUGO,,,RD,,,GRANTS PASS,OR,97526,7/27/2026 10:15,7/31/2027 10:15
BTAX-043936-07-2026,LEON  STUTZMAN,FARMERS BUILDING SUPPLY INC  ,,38,Inside City Limits,444140,Retail-Hardware,5414760851,7/1/1987 0:00,C0ADC56C-181B-458C-9743-964DEEE1F05E,1741,DOWELL,, ,RD,, ,GRANTS PASS,OR,97527,1741,DOWELL,,,RD,,,GRANTS PASS,OR,97527,7/27/2026 10:46,7/31/2027 10:46
BTAX-043939-07-2026,NICHOLAS HAWLEY,HAWLEY'S HAULING LLC,,1,Outside City Limits,484110,Transportation-Trucking (Local),5417875357,4/13/2022 0:00,dbb24ba2-ba5b-476e-827d-c4354e923e06,,,,,,,,,,,2713,APPLEGATE,,,AVE,,,GRANTS PASS,OR,97527,7/27/2026 11:42,7/31/2027 11:42
BTAX-043940-07-2026,BRADLEY CONVERSE,BRADLEY PUTTER COMPANY,,1,Inside City Limits,339999,Manufacturing-Misc Manufacturing,5417409098,2/1/2017 0:00,659ba06d-c2c2-4ce6-902d-b726cfb51c9f,310,JOSEPHINE,,NE,ST,,,GRANTS PASS,OR,97526,310,JOSEPHINE,,NE,ST,,,GRANTS PASS,OR,97526,7/27/2026 11:55,5/31/2027 11:55
BTAX-043942-07-2026,CHARLA LEHMAN,ALL 4 PAWS,,1,Inside City Limits,812910,Pet Care Services,5417612275,6/24/2019 0:00,225aeae8-9f10-417d-891e-e2053f68a957,1950,REDWOOD,, ,AVE,, ,GRANTS PASS,OR,97527,360,BAYARD ,,,DR,,,GRANTS PASS,OR,97527,7/27/2026 12:03,7/31/2027 12:03
BTAX-043943-07-2026,NATALIE AND BILL GLADBACH,NATALIE AND BILL GLADBACH,,2,Inside City Limits,531110,Rental Units/Landlord,5412448100,5/1/2020 0:00,ba36920f-f886-4d2e-ac8e-843a37307795,1147,LEE,,SW,LN,, ,GRANTS PASS,OR,97526,1147,LEE,,SW,LN,,,GRANTS PASS,OR,97526,7/27/2026 12:12,7/31/2027 12:12
BTAX-043944-07-2026,SCOTT KASIAH,KASIAH CONSULTING,,1,Inside City Limits,541611,Consulting Service,5414150166,4/11/2017 0:00,6049ba73-370e-4bc8-ba00-3281fb9c018a,1060,WOODCREST,,NW,CIR,, ,GRANTS PASS,OR,97526,1060,WOODCREST,,NW,CIR,,,GRANTS PASS,OR,97526,7/27/2026 12:40,7/31/2027 12:40
BTAX-043947-07-2026,ASHTON PETKUS,SHERLOCK HOMES PLUMBING LLC,,5,Inside City Limits,238220,Plumber,5416600101,2/10/2022 0:00,2aa306c2-9dc6-4ee1-baf9-f7b6ef23c7a5,,,,,,,,,,,1630,WILLIAMS,,,HWY,,#1025,GRANTS PASS,OR,97527,7/27/2026 13:37,7/31/2027 13:37
BTAX-043948-07-2026,SHEILA HADDAD B. HAITHAM,THREE RIVERS HOUSING LLC,,8,Outside City Limits,531110,Rental Units/Landlord,5417618238,7/5/2002 0:00,FC5455A6-118B-486F-B743-11F6305F88EC,936,6TH,,SW,ST,,,GRANTS PASS,OR,97526,PO BOX 5744,,,,,,,GRANTS PASS,OR,97527,7/27/2026 14:41,7/31/2027 14:41
MBLFDTRK-043516-06-2026,DAWN RILVERIA,MAYJAH FLAYVAH FOOD TRUCK,,2,Inside City Limits,722330,Food-Mobile/Ice Cream Truck,5417870410,5/19/2021 0:00,7c82d4f9-911b-493c-adb7-0244aa75e9fd,,,,,,,,,,,640,D,,NE,ST,,,GRANTS PASS,OR,97526,6/30/2026 9:48,6/30/2027 9:48
MBLFDTRK-043569-07-2026,KERNEL DANIEL,"ROGUE SUSHI, LLC",,2,Inside City Limits,722330,Food-Mobile/Ice Cream Truck,5416608369,6/30/2021 0:00,607fb240-8910-4be8-b265-379426b4a0d2,,,,,,,,,,,430,CRESTVIEW,,,LP,,,GRANTS PASS,OR,97527,7/6/2026 14:56,7/31/2027 14:56
TAXICO-041458-08-2025,ANDREA  LEMASTER MADAMBA,JC'S TAXI LLC,,2,Inside City Limits,485310,Transportation-Taxi,5417617433,6/1/2009 0:00,2CC939EA-9F99-49B5-8A97-D6D0F7BD5A14,607,A,,NW,ST,, ,GRANTS PASS,OR,97526,607,A,,NW,ST,,,GRANTS PASS,OR,97526,8/20/2025 12:52,8/31/2026 12:52
TAXICO-041991-10-2025,JEFFREY MCCONNELL CHRISTOPHER ISABELL,,,70,Inside City Limits,485310,Transportation-Taxi,5414793530,9/2/2014 0:00,791B054E-5BA4-4E4B-B364-D4B85A3A3F81,114,ASSEMBLY,,,CIR,, ,GRANTS PASS,OR,97526,114,ASSEMBLY,,,CIR,,,GRANTS PASS,OR,97526,10/24/2025 9:49,9/30/2026 9:49
TAXICO-042448-12-2025,SEAN VARNER,ROGUE TAXI,,4,Inside City Limits,485310,Transportation-Taxi,5412910514,12/1/2023 0:00,52d2301c-cbc3-4481-a1a1-e2a2d5e430cc,1304,ROGUE,,SE,DR,,,GRANTS PASS,OR,97526,1304,ROGUE,,SE,DR,,,GRANTS PASS,OR,97526,12/11/2025 12:28,12/31/2026 12:28
TAXICO-043375-06-2026,BENNIE GRAEBER,GRANTS PASS CAB LLC           ,,1,Outside City Limits,485310,Transportation-Taxi,5414766444,7/1/2013 0:00,546AC471-327E-4AF2-972E-8B6A57FA8A51,2001,FOOTHILL,, ,BLVD,, ,GRANTS PASS,OR,97526,2001,FOOTHILL ,,,BLVD,,,GRANTS PASS,OR,97526,6/2/2026 8:52,6/30/2027 8:52
BTAX-041099-08-2025,ALVEN & RAYNORA  PIATT,ROGUE VALLEY ENGRAVING INC    ,,2,Inside City Limits,561990,Retail-Misc Direct Selling Establishment,5414760034,5/16/1988 0:00,6328A897-DAE2-4F3F-8A6D-F799AF742146,,,,,,,,,,,225,HILLCREST ,,NE,DR,,STE 5,GRANTS PASS ,OR,97526,8/5/2025 10:47,8/31/2026 10:47
BTAX-041263-08-2025,,SISKIYOU COMMUNITY HEALTH CENTER ,,2,Inside City Limits,621111,Medical-Physician,5414724737,8/1/2018 0:00,93f3a1ca-9070-4d6c-9772-0c1defdb9132,830,9TH,,NE,ST,,,GRANTS PASS,OR,97526,1701,HAWTHORNE,,NE,AVE,,,GRANTS PASS ,OR,97526,8/14/2025 14:48,8/31/2026 14:48
BTAX-041507-08-2025,,S&B GRADING AND EXCAVATION LLC,,3,Inside City Limits,238190,Contractor-General/Building Exterior,5419563080,8/1/2022 0:00,b7cb463a-5875-43a7-a3cd-7febeaade435,,,,,,,,,,,7841,ROGUE RIVER,,,HWY,,,GRANTS PASS ,OR,97527,8/22/2025 11:45,8/31/2026 11:45
BTAX-041590-08-2025,,MEC DISABILITIES,,1,Inside City Limits,813990,Organization-Misc,5417871200,8/1/2022 0:00,7e6f472c-68de-4944-80a1-712da01a3ad7,,,,,,,,,,,PO BOX 463,,,,,,,GRANTS PASS ,OR,97528,8/28/2025 16:29,8/31/2026 16:29
BTAX-042512-12-2025,,PARK HEALTH INSURANCE ,,2,Inside City Limits,52411,"Direct Life, Health, and Insurance",5417617788,8/5/2022 0:00,e4e56369-afe7-4667-9dac-3cbdc4ea4b62,,,,,,,,,,,7295,APPLEGATE ,,N,RD,,,GRANTS PASS ,OR,97527,12/26/2025 11:51,11/30/2026 11:51
BTAX-041473-08-2025,,GAMESTOP INC                  ,GAMESTOP #7749 ,5,Inside City Limits,423920,"Retail-Hobbies, Toys & Games ",8177227221,3/10/2014 0:00,9D9FBD8E-AE65-477F-9278-CAD89EE5341B,144,TERRY,,NE,LN,,SUITE 5,GRANTS PASS,OR,97526,ATTN: LICENSING,,625 WESTPORT PKWY,,,,,GRAPEVINE,TX,76051,8/20/2025 14:57,8/31/2026 14:57
BTAX-042628-01-2026,BO SCOTT,SLETTEN CONSTRUCTION COMPANY,,2,Outside City Limits,236118,Const-Residential Remodeler,4067617920,1/2/2020 0:00,7d0de03e-c8b8-4c0b-9e87-206f5148d9ef,,,,,,,,,,,1000,25TH,,,ST,N,,GREAT FALLS,MT,59401,1/13/2026 12:35,1/31/2027 12:35
BTAX-041982-10-2025,EUGENE  SKOURTES,WILLAMETTE DENTAL GROUP       ,,4,Inside City Limits,621210,Medical-Dentist,5039522000,1/1/1995 0:00,DF7F58C1-9EC7-453C-B39D-93FB1B59333C,702,RAMSEY,,SW,AVE,,224,GRANTS PASS,OR,97527,6950,CAMPUS,,NE,WAY,,,HILLSBORO,OR,97124,10/10/2025 8:55,10/31/2026 8:55
BTAX-042240-11-2025,NANCY NGUYEN PATRICK FEYANT,"IRS ENVIRONMENTAL OF PORTLAND, INC",,4,Outside City Limits,238190,Contractor-General/Building Exterior,5036936388,11/15/2022 0:00,e0214467-2725-45ff-b489-dd5ec3ff7bce,,,,,,,,,,,777,ARMCO,,SW,AVE,,,HILLSBORO,OR,97123,11/7/2025 11:12,11/30/2026 11:12
BTAX-043620-07-2026,MARGRIT & SIEGRIED  KNIPPERT,SIEGFRIED / MARGRIT KNIPPERT RENTALS,,2,Outside City Limits,531110,Rental Units/Landlord,5036495314,9/6/1985 0:00,50971744-D95E-4B89-9E44-173D8334D95E,,,,,,,,,,,6184,LOIS,,SE,ST,,,HILLSBORO,OR,97129,7/8/2026 11:23,7/31/2027 11:23
BTAX-043846-07-2026,,CHAPEL OF THE VALLEY - L.B. HALL FUNERAL HOME,,2,Inside City Limits,812210,Funeral Home/Services,5414797581,2/1/2008 0:00,FB93F48C-D12F-48AB-A240-54EDDDBCFA52,2065,UPPER RIVER,, ,RD,, ,GRANTS PASS,OR,97526,PO BOX 130548,,,,,,TAX DEPT.,HOUSTON,TX,77219,7/17/2026 9:28,7/31/2027 9:28
BTAX-043159-04-2026,FORD & SHARON  STIGALL,WESTERN STATES SOIL CONSERVATION INC,,3,Outside City Limits,238990,Contractor-Trade/Specialty,5039821777,10/28/2010 0:00,14F78055-930A-4AA6-A745-5BC71562D55D,,,,,,,,,,,PO BOX 428,,,,,,,HUBBARD,OR,97032,4/17/2026 12:06,4/30/2027 12:06
BTAX-041606-09-2025,ROBERT  LLOYD,ROBERT LLOYD SHEET METAL INC  RLSM,,2,Outside City Limits,238220,Contractor-HVAC Services,5038383863,12/8/2009 0:00,89596322-09AA-45E4-B778-B0B07228D987,,,,,,,,,,,PO BOX 307,,,,,,,INDEPENDENCE,OR,97351,9/2/2025 15:21,8/31/2026 15:21
BTAX-043019-03-2026,JEREMY SOPKO,NATIONS LENDING,,6,Inside City Limits,522291,Finance-Consumer Lending,2165031811,1/21/2022 0:00,17cec5be-f20f-463e-a8e2-d5f5f6a211dc,783,7TH,,NE,ST,, ,GRANTS PASS,OR,97526,4,SUMMIT PARK,,,DR,,SUITE 200,INDEPENDENCE,OH,44131,3/24/2026 11:02,3/31/2027 11:02
BTAX-041055-08-2025,,SIEMENS INDUSTRY INC         ,,1,Outside City Limits,238190,Contractor-General/Building Exterior,3175963260,8/30/2007 0:00,15FFEBB5-28E5-4A67-933D-B954CB434FCA,,,,,,,,,,,"C/O DUCHARME, MCMILLEN & ASSOC",,PO BOX 80600,,,,,INDIANAPOLIS,IN,46280,8/1/2025 9:46,8/31/2026 9:46
BTAX-041673-09-2025,ROBERT LLOYD MIKE NICHOLS,"PRIME COMMS RETAIL, LLC",AT&T AUTHORIZED RETAILER #2812,4,Inside City Limits,517112,Telecommunication-Wireless Carrier,2812756893,11/1/2015 0:00,40E471EF-44A2-45F1-B8CD-EC07E8B84806,150,AGNESS,,NE,AVE,, ,GRANTS PASS,OR,97526,C/O DMA,PO BOX 80600,,,,,,INDIANAPOLIS,IN,46280,9/8/2025 10:25,9/30/2026 10:25
BTAX-041817-09-2025,,"GREYHOUND LINES, INC",,1,Inside City Limits,485113,Transportation-Bus System,2148498082,1/1/1997 0:00,37B178D0-2D62-4954-8A7B-CEA4F6895B9B,605,7TH,,NE,ST,, ,GRANTS PASS,OR,97526,"C/O DUCHARME, MCMILLEN & ASSOC.",,PO BOX 80600,,,,,INDIANAPOLIS,IN,46280,9/18/2025 13:00,9/30/2026 13:00
BTAX-042176-10-2025,,IN-N-OUT BURGERS #328,,78,Inside City Limits,722513,Limited-Service Restaurant,9495096200,9/7/2017 0:00,2cc69602-5196-4f47-9be6-d6ab604c4b8e,124,MORGAN,,NE,LN,, ,GRANTS PASS,OR,97526,ATTN: TAX,,4199 CAMPUS DR,,,,9TH FLOOR,IRVINE,CA,92612,10/31/2025 10:51,10/31/2026 10:51
BTAX-043858-07-2026,,WELLS FARGO BANK NA II,,11,Inside City Limits,522110,Finance-Commercial Bank,5415079500,9/8/1990 0:00,971753FC-5817-4671-AEAB-6F93511B18EA,205,6TH,,NE,ST,, ,GRANTS PASS,OR,97526,BUSINESS LICENSE DEPARTMENT,,2030 MAIN ST FL 10 #E2231-101,,,,,IRVINE,CA,92614,7/17/2026 15:03,7/31/2027 15:03
BTAX-041867-09-2025,"POPULUS FINANCIAL GROUP, INC",ACE CASH EXPRESS,,3,Inside City Limits,522299,Pawnshop,5414718865,7/20/2010 0:00,f7e8d72d-af06-482e-b6d9-6a49777163f5,412,7TH,,SE,ST,, ,GRANTS PASS,OR,97526,ATTN: LICENSING,,"300 E JOHN CARPENTER FWY, STE 900",,,,,IRVING,TX,75062,9/23/2025 12:17,9/30/2026 12:17
BTAX-041422-08-2025,KERRY CHESTNUT,"WESTERN STATES ENVIRONMENTAL, LLC",,7,Outside City Limits,238190,Contractor-General/Building Exterior,5417702482,12/1/1997 0:00,770796CA-EAF7-4362-851D-653EE46AD1AE,,,,,,,,,,,PO BOX 1745,,,,,,,JACKSONVILLE,OR,97530,8/19/2025 15:49,8/31/2026 15:49
BTAX-041444-08-2025,JOSEPHINE  LANDERS,LANDERS ELECTRIC,,2,Outside City Limits,238210,Contractor-Electrical,5419519094,8/24/2010 0:00,2051EA97-525F-4DB5-A491-30C39492C502,,,,,,,,,,,PO BOX 717,,,,,,,JACKSONVILLE,OR,97530,8/20/2025 10:34,8/31/2026 10:34
BTAX-041696-09-2025,,SMITH AIR & METAL INC,,3,Outside City Limits,238220,Contractor-HVAC Services,5418997491,11/1/2010 0:00,FB503522-D435-4467-8213-BAD42E91FBA1,,,,,,,,,,,PO BOX 1655,,,,,,,JACKSONVILLE,OR,97530,9/9/2025 10:56,9/30/2026 10:56
BTAX-041804-09-2025,JOHN  HOLMES,"JOHNNY CAT, INC               ",,2,Outside City Limits,238190,Contractor-General/Building Exterior,5418994494,2/25/2003 0:00,92F07830-FE97-4998-B299-B381621CBF2A,,,,,,,,,,,PO BOX 89,,,,,,,JACKSONVILLE,OR,97530,9/18/2025 11:06,9/30/2026 11:06
BTAX-042937-03-2026,JONATHAN ROBERTSON,,,4,Outside City Limits,238210,Contractor-Electrical,(541) 512-0530,1/1/1986 0:00,a391fb91-1c85-46f8-9740-1bec288f1f0d,1007,PACIFIC,,S,HWY,,SPACE A,TALENT,OR,97535,1708,WAGON TRAIL,,,DR,,,JACKSONVILLE,OR,97530,3/10/2026 12:43,3/31/2027 12:43
BTAX-042945-03-2026,PAUL SARGANIS,VALLEY MOBILE SHARPENING SERVICE,,1,Outside City Limits,811310,Machinery/Equipment Maint,5416138330,8/24/2020 0:00,fee20f16-3bec-47c1-9a74-7378e89cafc1,,,,,,,,,,,2215,UPPER APPLEGATE ,,,RD,,,JACKSONVILLE,OR,97530,3/11/2026 14:34,3/31/2027 14:34
BTAX-043192-04-2026,JAMES CASTELLANO,"ALPINE ELECTRIC, LLC",,1,Outside City Limits,238210,Contractor-Electrical,5412823665,10/31/2016 0:00,23f90b3e-3aa7-4ed3-bec7-a88ccc8b6120,,,,,,,,,,,521,HAVEN,,,RD,,,JACKSONVILLE,OR,97530,4/24/2026 14:45,4/30/2027 14:45
BTAX-041679-09-2025,PRIMO CASTILLO,AMERICAN CARPORTS INC,,2,Outside City Limits,551114,"Managing, Corporate & Subsidiary Offices",8667309865,6/9/2021 0:00,31df0e2b-e90b-4cc8-9272-8a05176f6ad9,,,,,,,,,,,PO BOX 38,,,,,,,JOSHUA,TX,76050,9/8/2025 11:51,8/31/2026 11:51
BTAX-042454-12-2025,AARON  CROWLEY,INTEGRATED ELECTRONIC SYSTEMS INC,,1,Outside City Limits,238210,Contractor-Electrical,5414854456,4/1/2011 0:00,4EBD9A82-CDC4-49F6-8FA4-6DD2D7BE925F,937,FRONT,,,ST,,,JUNCTION CITY,OR,97448,PO BOX 700,,,,,,,JUNCTION CITY,OR,97448,12/12/2025 14:49,12/31/2026 14:49
BTAX-043731-07-2026,KEITH L & SANDRA G  MARTIN,KEITH L & SANDRA G MARTIN RENTALS,,2,Outside City Limits,531110,Rental Units/Landlord,5033936204,7/13/1998 0:00,345C738F-B864-48FA-931C-3B0B00D46007,,,,,,,,,,,879,GREENWOOD,,,DR,,,KEIZER,OR,97303,7/10/2026 14:21,7/31/2027 14:21
BTAX-041327-08-2025,,KEY MECHANICAL COMPANY OF WASHINGTON,,2,Outside City Limits,238220,Contractor-HVAC Services,5032310731,7/18/1977 0:00,5B863A9E-A5E5-4966-8C44-585E61DE0327,4655,190TH,,NE,LN,,,PORTLAND,OR,97230,19430,68TH ,,,AVE,,SUITE B,KENT,WA,98032,8/18/2025 14:40,8/31/2026 14:40
BTAX-042843-02-2026,INC  THERAPEUTIC ASSSOCIATES,GRANTS PASS PHYSICAL THERAPY ,,9,Inside City Limits,621111,Medical-Physician,5414790765,8/27/1996 0:00,FA586950-25D3-4B48-A7B0-8C828ABFE5FF,702,RAMSEY,,SW,AVE,,220,GRANTS PASS,OR,97527,20829,72ND,,,AVE,S,#710,KENT,WA,98032,2/24/2026 15:26,2/28/2027 15:26
BTAX-043250-05-2026,ROBERT & MIKE  NOLAN,KERBY ELECTRIC                ,,4,Outside City Limits,238210,Contractor-Electrical,5415924200,11/1/1998 0:00,6835A8D8-7335-4529-8D92-0C4300ED40B2,,,,,,,,,,,PO BOX 3288,,,,,,,KERBY,OR,97531,5/7/2026 14:36,4/30/2027 14:36
BTAX-042194-11-2025,BOB -SR. VICE PRES.-  ROSELER,AMERIGAS PROPANE LP           ,,7,Inside City Limits,221210,Natural Gas Company,5414767797,5/17/1995 0:00,025A3CF0-87A1-42F2-A119-859245E4EE1F,1126,ROGUE RIVER,,,HWY,,,GRANTS PASS,OR,97527,500,GULPH,,N,RD,,,KING OF PRUSSIA,PA,19406,11/4/2025 9:26,10/31/2026 9:26
BTAX-041533-08-2025,,SEASONS CHANGE LLC,,2,Outside City Limits,238220,Contractor-HVAC Services,5412730596,10/16/2002 0:00,45E8C0EC-B2F1-4749-AE99-488BD4B7C85F,,,,,,,,,,,2815,LAVERNE,,,AVE,,SUITE A,KLAMATH FALLS,OR,97603,8/25/2025 14:41,8/31/2026 14:41
BTAX-041670-09-2025,,MORELLO CONSTRUCTION LLC,,21,Outside City Limits,238190,Contractor-General/Building Exterior,5418872285,9/23/2022 0:00,c0019500-2d59-43e7-be2f-8225c6b1c239,,,,,,,,,,,2637,OLD MIDLAND ,,,RD,,,KLAMATH FALLS,OR,97603,9/5/2025 16:23,9/30/2026 16:23
BTAX-041726-09-2025,ERIC BAKER,HENRIS ROOFING & SUPPLY OF OREGON INC,,7,Outside City Limits,238160,Roofing,5418846161,9/14/2017 0:00,f64bb0f5-d701-481a-8547-c2abdbd90c75,,,,,,,,,,,410,ADAMS,,,ST,,,KLAMATH FALLS,OR,97601,9/10/2025 11:13,9/30/2026 11:13
BTAX-042516-12-2025,,"LRG RESTAURANT GROUP, LLC",KENTUCKY FRIED CHICKEN,15,Inside City Limits,722511,Restaurant,5412734639,12/29/2021 0:00,7fa9836c-ca23-4d7d-9280-06d7de151552,280,BEACON,,NE,DR,, ,GRANTS PASS,OR,97526,PO BOX 2650,,,,,,,KLAMATH FALLS,OR,97601,12/26/2025 12:10,12/31/2026 12:10
BTAX-043821-07-2026,,ZCS ENGINEERING & ARCHITECTURE       ,,8,Inside City Limits,541330,Engineering Services,5414793865,11/1/2006 0:00,F0C8712B-4101-4D87-84CE-83666204FCA9,127,D,,NW,ST,,,GRANTS PASS,OR,97526,900,KLAMATH,,,AVE,,,KLAMATH FALLS,OR,97601,7/15/2026 11:08,7/31/2027 11:08
BTAX-043836-07-2026,,QUAIL MOUNTAIN COFFEE & VENDING,,4,Outside City Limits,424210,Vending Machine Operator,5418841313,3/11/2014 0:00,3AB4AA8B-352D-4C0A-B027-4849E5357680,,,,,,,,,,,4033,MILLER,,,AVE,,,KLAMATH FALLS,OR,97603,7/16/2026 11:10,7/31/2027 11:10
BTAX-043205-04-2026,,"ICCO, LLC",BESTMED URGENT CARE,7,Inside City Limits,621498,Medical-Outpatient Care Center,3374277690,7/25/2023 0:00,9eaa9c45-5183-4054-9190-acf13f685306,1890,6TH,,NW,ST,,,GRANTS PASS,OR,97526,600,JEFFERSON,,,ST,,STE 600,LAFAYETTE,LA,70501,4/27/2026 12:17,4/30/2027 12:17
BTAX-041381-08-2025,,APPLIED TECHNICAL SYSTEMS INC.,,2,Outside City Limits,238210,Contractor-Electrical,5036849611,1/1/1997 0:00,D333BB97-AF42-4764-800C-FAA8B9ADAAA5,,,,,,,,,,,7015,MCEWAN,,SW,RD,,,LAKE OSWEGO,OR,97035,8/19/2025 11:13,8/31/2026 11:13
BTAX-041550-08-2025,,POINT MONITOR CORPORATION     ,,3,Outside City Limits,238990,Contractor-Trade/Specialty,5036270100,7/1/2003 0:00,280CF488-EC25-4955-932A-BDB544CF59B5,,,,,,,,,,,5863,LAKEVIEW ,,,BLVD,,SUITE 100,LAKE OSWEGO,OR,97035,8/26/2025 9:47,8/31/2026 9:47
BTAX-043641-07-2026,STEVE STODLEY DEB TEBBS,"CSIR, LLC",CASCADE HASSON SOTHEBY'S INTERNATIONAL REALTY,4,Inside City Limits,531210,Real Estate Agents/Brokers,5413124057,5/11/2023 0:00,75395707-2e19-4c7b-b117-aa38053ca2ff,1661,7TH,,NE,ST,,,GRANTS PASS,OR,97526,310,STATE,,N,ST,,102,LAKE OSWEGO,OR,97034,7/9/2026 9:45,6/30/2027 9:45
BTAX-043004-03-2026,"MARGARET FORSBERG BOWMAN, GLENN","WELLHAVEN PETHEALTH OR, LLC",,17,Inside City Limits,541940,Veterinary,5419559655,5/1/2003 0:00,171EDAB5-4A81-4CB0-8E12-FAA680470A33,400,E,,NE,ST,, ,GRANTS PASS,OR,97526,PO BOX 98503,,,,,,,LAS VEGAS,NV,89193,3/20/2026 10:15,3/31/2027 10:15
BTAX-042179-10-2025,,VIVINT LLC,,15,Outside City Limits,561621,Security System Services,8774791670,5/19/2011 0:00,A7FE20B4-FB9D-4E6E-8FC6-719F22CB1074,,,,,,,,,,,3401,ASHTON,,N,BLVD,,,LEHI,UT,84043,10/31/2025 11:46,10/31/2026 11:46
BTAX-042592-01-2026,,VIVINT LLC,,10,Outside City Limits,238990,Contractor-Trade/Specialty,8774791670,9/21/1988 0:00,6DCFE47E-B4A5-42DC-8D87-EAD9ADB51C35,,,,,,,,,,,3401,ASHTON,,N,BLVD,,,LEHI,UT,84043,1/9/2026 15:55,12/31/2026 15:55
BTAX-041623-09-2025,BRAD  BOTTERON,WACHTER INC                  ,,2,Outside City Limits,238990,Contractor-Trade/Specialty,9135412500,12/11/2002 0:00,BA907419-3FF1-4AFF-98B6-3FE93176BEEB,,,,,,,,,,,16001,99TH ,,W,ST,,,LENEXA,KS,66219,9/3/2025 11:26,8/31/2026 11:26
BTAX-042669-01-2026,JACOB  BORG,POINTE PEST CONTROL,,2,Outside City Limits,561710,Pest Control,5095904100,7/3/2018 0:00,7ad78de9-e339-459f-b047-3a31d8435870,,,,,,,,,,,1324,LIBERTY LAKE,,N,RD,,#226,LIBERTY LAKE,WA,99019,1/22/2026 12:45,1/31/2027 12:45
BTAX-041810-09-2025,JAMES LAUB,CACHE VALLEY ELECTRIC,,1,Outside City Limits,238210,Contractor-Electrical,4357526405,9/7/2022 0:00,59d1ab33-0df7-4309-a357-6d6c1097c398,,,,,,,,,,,875 NORTH 1000 WEST,,,,,,,LOGAN,UT,84321,9/18/2025 11:32,9/30/2026 11:32
BTAX-041655-09-2025,,AIRGAS USA LLC               ,,3,Inside City Limits,238190,Welding/Fabrication,2135637397,9/1/2012 0:00,55E5079F-FF22-4474-96D5-82F49C9E36F9,2110,VINE,,NW,ST,,,GRANTS PASS,OR,97526,3737,WORSHAM,,,AVE,,,LONG BEACH,CA,908081774,9/8/2025 9:21,9/30/2026 9:21
BTAX-042388-12-2025,MASON  EVANS,"JH KELLY, LLC",,7,Outside City Limits,238210,Contractor-Electrical,3604235510,9/10/2021 0:00,7518fdd0-4b77-4930-80f8-e2caff7ccdbe,821,3RD,,,AVE,,,LONGVIEW,WA,98632,PO BOX 2038,,,,,,,LONGVIEW,WA,98632,12/4/2025 11:49,12/31/2026 11:49
BTAX-041182-08-2025,,BIG 5 SPORTING GOODS #227     ,,15,Inside City Limits,459110,Retail-Sporting Goods,3105360611,8/1/1998 0:00,3AF12282-02D3-4756-AB25-80074BB4059E,310,AGNESS,,NE,Ave,, ,GRANTS PASS,OR,97526,PO BOX 92088,,,,,,,LOS ANGELES,CA,900092088,8/12/2025 14:15,8/31/2026 14:15
BTAX-043359-06-2026,,GILBERT CREEK HEALTH & REHABILITATION CENTER LLC,ROYALE GARDENS HEALTH & REHABILITATION CENTER,108,Inside City Limits,623110,Medical-Nursing Care Facility,5414768891,3/1/2023 0:00,97d29065-87f3-4057-8eab-8f7df4a1d1b9,2075,HIGHLAND,,NW,AVE,,,GRANTS PASS,OR,97526,10401,LINN STATION,,,RD,,300,LOUISVILLE,KY,40223,6/1/2026 9:01,6/30/2027 9:01
BTAX-043360-06-2026,,GRANTS PASS NURSING & REHAB CENTER LLC,HIGHLAND HOUSE NURSING & REHABILITATION CENTER,125,Inside City Limits,623110,Medical-Nursing Care Facility,5414741901,3/1/2023 0:00,6251ee7e-ac3a-4d65-8f57-798a9c75bf75,2201,HIGHLAND,,NW,AVE,,,GRANTS PASS,OR,97526,10401,LINN STATION,,,RD,,SUITE 300,LOUISVILLE,KY,40223,6/1/2026 9:04,6/30/2027 9:04
BTAX-043266-05-2026,,WESCO GROUP INC,AUTOMOTIVE PAINT SPECIALTIES,4,Inside City Limits,811121,"Auto-Body, Paint & Interior",4257710926,12/14/2007 0:00,D401AC63-4046-4345-8819-72B65A0C99E4,245,H,,SE,ST,, ,GRANTS PASS,OR,97526,PO BOX 5003,,,,,,,LYNNWOOD,WA,98046,5/12/2026 8:49,5/31/2027 8:49
WOY-043228-05-2026,JENNIFER TORRE,"OOMA, INC.",,0,Outside City Limits,517919,Telecommunications,4053846490,2/9/2022 0:00,17aa47bd-50a2-4396-bf89-da1da8bd54f3,525,ALMANOR,,,AVE,,SUITE 200,SUNNYVALE,CA,94085,151,SOUTHHALL,,,LN,,STE 450,MAITLAND,FL,32751,2/28/2027 16:00,2/28/2032 0:00
BTAX-043922-07-2026,SCOTT  FARMER,CINTAS CORP                   ,,1,Outside City Limits,561439,Business Service Center-Misc,5418269425,10/1/1992 0:00,E6BEA0B8-73D7-4EF5-A424-D61784E677BD,,,,,,,,,,,6800,CINTAS ,,,BLVD,,,MASON,OH,45040,7/24/2026 8:56,7/31/2027 8:56
BTAX-043335-05-2026,EUSEBIO CASTILLO,PACIFIC METAL BUILDINGS INC   ,PACIFIC METAL BUILDINGS INC,6,Outside City Limits,238990,Contractor-Trade/Specialty,5304382777,8/12/2015 0:00,96BECAF5-9CA7-46A1-B40D-66281758CF96,,,,,,,,,,,PO BOX 485,,,,,,,MAXWELL,CA,95955,5/26/2026 13:44,5/31/2027 13:44
BTAX-042342-11-2025,G.W. AMPULSKI,TAB PRODUCTS COMPANY LLC          ,,1,Outside City Limits,541990,Professional-Misc,9203873131,7/1/1991 0:00,1DA51B8E-58FC-4425-9155-2CAC9AE319C6,,,,,,,,,,,605 4TH STREET,,,,,,,MAYVILLE,WI,53050,11/24/2025 11:44,11/30/2026 11:44
BTAX-041237-08-2025,MATTHEW WILCOX,"WILCON ELECTRIC, LLC",,2,Outside City Limits,238210,Contractor-Electrical,5419416997,8/22/2022 0:00,b230a027-e0aa-4e33-b624-f026117f50b6,,,,,,,,,,,4935,PIONEER,,,RD,,,MEDFORD,OR,97501,8/14/2025 10:47,8/31/2026 10:47
BTAX-041253-08-2025,DAVID  WRIGHT,CPM REAL ESTATE SERVICES INC ,,3,Inside City Limits,531311,Property Management,5418422426,3/1/2005 0:00,F1D66E07-8787-4100-8173-0C0B28E65172,126,F,,NE,ST,,,GRANTS PASS,OR,97526,718,BLACK OAK,,,DR,,,MEDFORD,OR,97504,8/14/2025 12:26,8/31/2026 12:26
BTAX-041281-08-2025,DAVE & MARILYN  MYERS,REALTY SERVICES TEAM INC      ,,2,Outside City Limits,531210,Real Estate Agents/Brokers,5414996402,1/1/2009 0:00,0CC0B777-EAE4-49EC-B1EE-F2503547D081,,,,,,,,,,,3089,MADRONA,,,LN,,,MEDFORD,OR,97501,8/14/2025 15:30,8/31/2026 15:30
BTAX-041282-08-2025,BRENT CARLSON,CARLSON CORP DBA ACCURATE PLUMBING SOLUTIONS,ACCURATE PLUMBING & ELECTRICAL SOLUTIONS,2,Outside City Limits,238220,Plumber,5417733035,1/1/2011 0:00,04329510-61D7-4825-A479-7EAA14C10A5D,1234,CORONA,,,AVE,,,MEDFORD,OR,97504,PO BOX 1503,,,,,,,MEDFORD,OR,97501,8/14/2025 15:31,8/31/2026 15:31
BTAX-041295-08-2025,,CREATIVE SUPPORTS INC        ,,7,Outside City Limits,624190,Social Svcs-Individual & Family Svcs,5418641673,3/1/2002 0:00,C0A322B5-47DD-40BF-926B-B70A398E29C5,109,MANZANITA,,NE,AVE,,,GRANTS PASS,OR,97526,930,8TH,,W,ST,,,MEDFORD,OR,97501,8/15/2025 15:23,8/31/2026 15:23
BTAX-041309-08-2025,,APPLIED REFRIGERATION TECH    ,,2,Outside City Limits,811412,Appliance Reapair/Maint,5418305513,9/17/1998 0:00,634B191B-F1CD-49F8-B8BD-D4AA0ACE145E,,,,,,,,,,,PO BOX 1628,,,,,,,MEDFORD,OR,97501,8/18/2025 10:40,8/31/2026 10:40
BTAX-041320-08-2025,DR EDWARD KERWIN & DR KEVIN PARKS,ALLERGY AND ASTHMA CENTER OF SOUTHERN OREGON,,6,Inside City Limits,621111,Medical-Physician,5418581003,7/18/2018 0:00,f9e126c4-859d-445f-b4e6-7a7ed41d2013,1722,WILLIAMS,, ,HWY,, ,GRANTS PASS,OR,97527,3860,CRATER LAKE,,,AVE,,,MEDFORD,OR,97504,8/18/2025 12:55,8/31/2026 12:55
BTAX-041331-08-2025,,SO OR MULTIPLE LISTING SVC INC,,2,Inside City Limits,531210,Real Estate Agents/Brokers,5417707060,8/12/2013 0:00,AD4A72C6-48A9-4FD2-8B5B-A272D47242EF,558,F,,NE,ST,,SUITE 7,GRANTS PASS,OR,97526,625,FRANQUETTE,,,ST,,,MEDFORD,OR,97501,8/18/2025 15:02,8/31/2026 15:02
BTAX-041332-08-2025,"LOUIS J,GENERAL MGR  BUDGE",BUDGE-MCHUGH SUPPLY CO        ,,2,Outside City Limits,444140,Retail-Hardware,5417796180,7/1/2005 0:00,DD597C65-0E92-4D07-930D-78BA54464366,,,,,,,,,,,PO BOX 758,,,,,,,MEDFORD,OR,97501,8/18/2025 15:06,8/31/2026 15:06
BTAX-041341-08-2025,DANA ING CRAWFORD,"ORW ARCHITECTURE, INC",,3,Outside City Limits,541310,Architectural Services,5417795237,7/1/1989 0:00,9BDE458D-D763-403D-BB7E-832D7CC44131,,,,,,,,,,,29,GRAPE,,S,ST,,,MEDFORD,OR,97501,8/18/2025 15:55,8/31/2026 15:55
BTAX-041355-08-2025,,MARQUESS & ASSOCIATES         ,,2,Outside City Limits,541611,Consulting Service,5417727115,9/1/2006 0:00,17D93FA3-F550-4D68-BB69-872B7C2FD8CD,,,,,,,,,,,PO BOX 490,,,,,,,MEDFORD,OR,97501,8/19/2025 9:21,8/31/2026 9:21
BTAX-041382-08-2025,,BILL'S GLASS & WINDSHEILDS               ,,1,Inside City Limits,811122,Auto-Glass Replacement Shop,5414799679,1/1/1997 0:00,0F249A2C-1FFC-4F85-A5BF-9C5FF490369F,215,HILLCREST,,NE,DR,,,GRANTS PASS,OR,97526,319,MCANDREWS,,E,RD,,,MEDFORD,OR,97501,8/19/2025 11:15,8/31/2026 11:15
BTAX-041384-08-2025,,MASTER CLEANING SERVICES INC,SERVICEMASTER OF MEDFORD,14,Outside City Limits,238190,Contractor-General/Building Exterior,5417739559,1/1/1983 0:00,D6F6BFDE-FBCA-42D2-A53E-E2D0D9436857,,,,,,,,,,,531,PARSONS,,,DR,,,MEDFORD,OR,97501,8/19/2025 11:19,8/31/2026 11:19
BTAX-041391-08-2025,MICHAEL L. REYNOLDS,"MICHAEL LIAM REYNOLDS, DDS, LLC",REYNOLDS FAMILY DENTISTRY,7,Inside City Limits,621210,Medical-Dentist,5414717062,8/8/2019 0:00,4025ed36-6c6c-4290-8eee-38df9ebdfdc2,934,8TH,,NE,ST,, ,GRANTS PASS,OR,97526,2954,SISKIYOU,,,BLVD,,,MEDFORD,OR,97504,8/19/2025 11:43,8/31/2026 11:43
BTAX-041398-08-2025,CLAUDIO ALVAREZ TIMOTHY ALVAREZ,CLAUDIO ALVAREZ CONSTRUCTION INC,,11,Outside City Limits,238190,Contractor-General/Building Exterior,5417277340,7/6/2007 0:00,5E7E74A3-63A9-4688-9316-7D99396D0EA7,,,,,,,,,,,3558,TABLE ROCK,,,RD,,,MEDFORD,OR,97504,8/19/2025 12:24,8/31/2026 12:24
BTAX-041403-08-2025,,WE CONDUIT,ROTO-ROOTER SEWER & DRAIN SERVICE,5,Outside City Limits,238220,Plumber,5414792901,6/1/2007 0:00,29CD6EFB-5886-4AF5-8E83-53C25E7369C9,,,,,,,,,,,PO BOX 1792,,,,,,,MEDFORD,OR,97501,8/19/2025 12:38,8/31/2026 12:38
BTAX-041410-08-2025,,"ALSCO, INC. AMERICAN LINEN DIV",,4,Outside City Limits,314999,Manufacturing-Textile,5417793711,5/1/1997 0:00,352A479A-927C-45E0-976F-AE91D4F0DACA,,,,,,,,,,,PO BOX 1280,,,,,,,MEDFORD,OR,97501,8/19/2025 14:24,8/31/2026 14:24
BTAX-041428-08-2025,,APPLIED MANAGEMENT SERVICES INC,COREY ROBBINS PAINTING COMPANY,2,Outside City Limits,238320,Painting & Wall Covering,5417705275,7/1/1989 0:00,964CB003-30FA-46EC-9BE4-07E1E198A95C,,,,,,,,,,,1477,KINGSLEY,,,,,,MEDFORD,OR,97504,8/19/2025 16:08,8/31/2026 16:08
BTAX-041434-08-2025,LAUREN REGNANI,EVOLVE BUSINESS SOLUTION LLC,,2,Inside City Limits,532282,Video Tape and Disc Rental,5413260679,5/5/2016 0:00,073970ee-a130-4a1c-a752-4d867aab745c,2724,MAIN,,W,ST,,,MEDFORD,OR,97501,PO BOX 4633,,,,,,,MEDFORD,OR,97501,8/19/2025 16:21,8/31/2026 16:21
BTAX-041454-08-2025,INC  BELFOR USA GROUP,BELFOR PROPERTY RESTORATION   ,,20,Outside City Limits,238190,Contractor-General/Building Exterior,5416645454,5/1/2007 0:00,0F7255BD-51EB-4FCF-8490-51C34BFDC05E,,,,,,,,,,,2067,CARDINAL,,,AVE,,,MEDFORD,OR,97504,8/20/2025 12:44,8/31/2026 12:44
BTAX-041461-08-2025,STEPHEN  GAMBEE,ROGUE SHRED LLC               ,,6,Outside City Limits,562111,Waste Collection-Solid,5417794161,7/1/2007 0:00,D65C22FA-941F-4193-AED6-E886B22E5F35,,,,,,,,,,,1,MAIN,,W,ST,,SUITE 401,MEDFORD,OR,97501,8/20/2025 12:58,8/31/2026 12:58
BTAX-041463-08-2025,LAUREN  REGNANI,GENERAL CREDIT SERVICE        ,,4,Inside City Limits,561440,Collection Agency,5417737791,3/18/1994 0:00,60509EE1-DDCE-4919-A767-638919D6E771,2724,MAIN,,W,ST,,,MEDFORD,OR,97501,PO BOX 8,,,,,,,MEDFORD,OR,97501,8/20/2025 13:04,8/31/2026 13:04
BTAX-041493-08-2025,LARRY & PHYLLIS  MOORE,PJLM PROPERTIES LLC ,,2,Outside City Limits,531311,Property Management,5416089293,7/27/1993 0:00,29131251-AAF0-4303-A58C-E32D67186448,,,,,,,,,,,130,WHITE OAK,,,DR,,,MEDFORD,OR,97504,8/22/2025 9:33,8/31/2026 9:33
BTAX-041504-08-2025,"BAKER, MASTERS &  CHMELIR",HEIRLOOM LIVING CENTERS LLC,KINSINGTON PLACE,24,Inside City Limits,623110,Medical-Nursing Care Facility,,1/14/2011 0:00,FFB645B5-30C5-4392-AB1A-B7D3D5F5E34B,827,KINSINGTON,,SW,CT,, ,GRANTS PASS,OR,97526,1840,BARNET,,E,RD,,SUITE G,MEDFORD,OR,97504,8/22/2025 11:30,8/31/2026 11:30
BTAX-041505-08-2025,JOHN  CHMELIR,HEIRLOOM LIVING CENTERS LLC,KINSINGTON AT REDWOOD PARK,25,Inside City Limits,623110,Medical-Nursing Care Facility,5414762536,11/12/2015 0:00,07115399-FA41-4944-A228-7FD9A42A37DC,1390,DOWELL,, ,RD,, ,GRANTS PASS,OR,97527,1840,BARNETT,,E,RD,,SUITE G,MEDFORD,OR,97504,8/22/2025 11:33,8/31/2026 11:33
BTAX-041574-08-2025,,TIMBER PRODUCTS CO    ,,180,Inside City Limits,321999,Manufacturing-Wood Products,5414799735,6/22/1997 0:00,7FE28354-5276-4E15-B9E9-EE3B7DD604A5,1090,M,,SE,ST,, ,GRANTS PASS,OR,97526,PO BOX 1669,,,,,,,MEDFORD,OR,97501,8/27/2025 11:54,8/31/2026 11:54
BTAX-041601-09-2025,DAN  CLARK,OREGON HEATING AND REPAIR     ,,3,Outside City Limits,238220,Contractor-HVAC Services,5417724252,12/21/1997 0:00,B27A12B6-2B39-4360-8A85-D8799B85BC24,,,,,,,,,,,1861,DELTA WATERS,,,RD,,,MEDFORD,OR,97504,9/3/2025 15:54,9/30/2026 15:54
BTAX-041605-09-2025,,FIRESTOP COMPANY LLC ,,3,Outside City Limits,238190,Contractor-General/Building Exterior,5412450466,1/5/1998 0:00,ECB904C6-1130-4576-963C-AEA7E14C8FC1,,,,,,,,,,,743,LAWNSDALE,,,RD,,,MEDFORD,OR,97504,9/2/2025 15:16,8/31/2026 15:16
BTAX-041684-09-2025,DENNIS  HOFFBUHR,HOFFBUHR & ASSOCIATES INC     ,,5,Outside City Limits,541370,Surveying/Mapping Services,5417794641,9/12/2001 0:00,5E4C097F-6D0B-4163-8AC9-82DDD225A574,,,,,,,,,,,880,GOLF VIEW DRIVE #201    ,,,DR,,,MEDFORD,OR,97504,9/8/2025 14:41,9/30/2026 14:41
BTAX-041722-09-2025,,ADVANTAGE PLUMBING & MECHANICAL,,6,Outside City Limits,238220,Plumber,5417725114,1/1/2011 0:00,AA9B60F8-79A5-4B0F-8AD3-1D678CB2AEA6,,,,,,,,,,,4780,FERN VALLEY,,,RD,,,MEDFORD,OR,97504,9/10/2025 10:49,9/30/2026 10:49
BTAX-041724-09-2025,DAVID HIBBARD,DAVE'S WHOLESALE FLOORING & REMNANTS,DAVE'S HOME SUPPLY,8,Inside City Limits,236118,Const-Residential Remodeler,5417792922,2/5/2007 0:00,d7a5f672-7bb5-450e-9c1a-3b6a9ad55111,171,EHRMAN,,,WAY,,,MEDFORD,OR,97501,171,EHRMAN,,,WAY,,,MEDFORD,OR,97501,9/10/2025 10:59,9/30/2026 10:59
BTAX-041745-09-2025,DARRELL ROUSH,DOUBLE D ELECTRIC             ,,2,Outside City Limits,238210,Contractor-Electrical,5416645483,7/2/1987 0:00,7385E3F0-CC99-441A-9175-E627AE871114,,,,,,,,,,,PO BOX 4306,,,,,,,MEDFORD,OR,97501,9/12/2025 12:21,9/30/2026 12:21
BTAX-041771-09-2025,,BUMGARDNERS LANDSCAPE         ,,2,Outside City Limits,541320,Landscaping Services,5418267713,9/9/2010 0:00,976FE4D1-EEAF-4439-ADA8-E0969345BEF7,7878,BLACKWELL,,,RD,,,CENTRAL POINT,OR,97502,1750,DELTA WATERS,,,RD,,SUITE 102 PMB 308,MEDFORD,OR,97504,9/16/2025 14:53,9/30/2026 14:53
BTAX-041853-09-2025,,C R COMBUSTION INC           ,,6,Outside City Limits,238220,Contractor-HVAC Services,5418164288,12/31/2009 0:00,78A86BC5-9EF2-4A07-8003-3E17A5670AA7,,,,,,,,,,,562,PARSONS,,,DR,,STE 111,MEDFORD,OR,97501,9/23/2025 10:37,9/30/2026 10:37
BTAX-041859-09-2025,,SUBURBAN PROPANE              ,,3,Outside City Limits,457120,Gas Station,5417725101,1/1/1997 0:00,B8B35B46-C1E5-4BA3-94F8-5682C55F793E,,,,,,,,,,,2175,JOSEPH ,,,ST,,,MEDFORD,OR,97501,9/23/2025 11:02,9/30/2026 11:02
BTAX-041864-09-2025,,ROGUE CREDIT UNION            ,,11,Inside City Limits,522130,Finance-Credit Union,5418587328,2/15/2004 0:00,24AEF567-1DB9-447D-9B4C-140FB41A20CD,751,7TH,,SE,ST,, ,GRANTS PASS,OR,97526,ATTN ACCOUNTS PAYABLE,,PO BOX 4550,,,,,MEDFORD,OR,97501,9/23/2025 11:59,9/30/2026 11:59
BTAX-041865-09-2025,,ROGUE CREDIT UNION            ,,13,Inside City Limits,522130,Finance-Credit Union,5418587328,6/20/2013 0:00,D66F0EE4-B2DB-4EC3-AEC0-9D2178A3389D,340,UNION,,,AVE,,,GRANTS PASS,OR,97527,ATTN ACCOUNTS PAYABLE,,PO BOX 4550,,,,,MEDFORD,OR,97501,9/23/2025 12:04,9/30/2026 12:04
BTAX-041872-09-2025,ASANTE HEALTH SYSTEMS  ,ASANTE PHYSICIAN PARTNERS OCCUPATIONAL HEALTH       ,,0,Inside City Limits,621111,Medical-Physician,5419566250,10/1/2014 0:00,D368D119-A3B3-4EB9-B3DF-EE389A69FF62,625,RAMSEY,,,AVE,,STE A,GRANTS PASS,OR,97527,2650,SISKIYOU,,,BLVD,,,MEDFORD,OR,97504,9/25/2025 15:22,9/30/2026 15:22
BTAX-041874-09-2025,ASANTE HEALTH SYSTEMS  ,ASANTE PHYSICIAN PARTNERS     ,,0,Inside City Limits,621111,Medical-Physician,5417895055,8/5/2013 0:00,5CA907E6-BC58-4A6B-9797-9F18E6CFAC28,700,RAMSEY,,SW,AVE,,STE 104,GRANTS PASS,OR,97526,2650,SISKIYOU,,,BLVD,,,MEDFORD,OR,97504,9/25/2025 15:42,9/30/2026 15:42
BTAX-041875-09-2025,ASANTE HEALTH SYSTEMS  ,ASANTE PHYSICIAN PARTNERS CENTER FOR OUTPATIENT HEALTH,,0,Inside City Limits,621111,Medical-Physician,5417898183,7/10/2017 0:00,9d22951e-3275-41c6-b120-15942293f314,537,UNION,, ,AVE,, ,GRANTS PASS,OR,97527,2650,SISKIYOU,,,BLVD,,,MEDFORD,OR,97504,9/25/2025 15:47,9/30/2026 15:47
BTAX-041876-09-2025,ASANTE HEALTH SYSTEMS  ,ASANTE THREE RIVERS MEDICAL CENTER   ,,0,Inside City Limits,622110,Medical-Hospital,5414727311,12/13/2007 0:00,3E79C10F-4CC0-457E-AEDD-8BACCB3F7310,500,RAMSEY,,SW,AVE,,,GRANTS PASS,OR,97527,2650,SISKIYOU,,,BLVD,,,MEDFORD,OR,97504,9/25/2025 15:49,9/30/2026 15:49
BTAX-041880-09-2025,ASANTE HEALTH SYSTEMS  ,ASANTE PHYSICIAN PARTNERS,,0,Inside City Limits,621111,Medical-Physician,5414727810,7/23/2016 0:00,8a6a7f4c-ef16-486b-9a83-3def2d30e05e,520,RAMSEY,,SW,AVE,,,GRANTS PASS,OR,97527,2650,SISKIYOU,,,BLVD,,,MEDFORD,OR,97504,9/25/2025 15:59,9/30/2026 15:59
BTAX-041901-09-2025,ADAM BERG,ALLIED COMFORT PRO LLC,,2,Outside City Limits,238220,Contractor-HVAC Services,5417726100,8/2/2017 0:00,b44b2396-d96a-4460-b534-3c73b9d826b5,,,,,,,,,,,PO BOX 1478,,,,,,,MEDFORD,OR,97501,9/29/2025 12:57,9/30/2026 12:57
BTAX-041954-10-2025,RICHARD  JOHNSTON,CEILING SPECIALTIES INC     ,,5,Outside City Limits,238190,Contractor-General/Building Exterior,5418404413,7/14/1995 0:00,784C28D3-15A2-47B1-BEA5-720C0B0A34C3,,,,,,,,,,,1355,ROXY ANN,,,RD,,,MEDFORD,OR,97504,10/6/2025 16:10,9/30/2026 16:10
BTAX-041961-10-2025,MYNDI CRUZ,FLAVOR VAPOR LLC,,4,Inside City Limits,459991,Retail-Misc Direct Selling Establishment,5413939840,8/23/2021 0:00,bffd459d-eb13-477e-9602-7dbe0774e66d,162,BEACON,,NE,DR,,119,GRANTS PASS,OR,97526,1150,KNUTSON,,S,AVE,,SUITE # 6,MEDFORD,OR,97504,10/7/2025 10:32,9/30/2026 10:32
BTAX-041984-10-2025,Joe Bean,BEAN ELECTRICAL CONTRACTORS LLC,,8,Outside City Limits,238210,Contractor-Electrical,5418160603,10/7/2022 0:00,0ea95fce-c9de-400c-87db-ca007b5772c2,,,,,,,,,,,1934,GRIFFIN CREEK,,,RD,,,MEDFORD,OR,97501,10/10/2025 10:26,10/31/2026 10:26
BTAX-041990-10-2025,,ALPINE CONSTRUCTION & REMODELING INC.,,3,Outside City Limits,238190,Contractor-General/Building Exterior,5418906752,10/26/2023 0:00,47760fc8-bb11-4b78-acf7-71854f70b8c6,1868,GABRIEL,,,WAY,,,MEDFORD,OR,97501,PO BOX 4176,,,,,,,MEDFORD,OR,97501,10/10/2025 11:07,10/31/2026 11:07
BTAX-042026-10-2025,TROY  CRUMLEY,AZTEC ELECTRICAL              ,,1,Outside City Limits,238210,Contractor-Electrical,5412458560,2/15/2013 0:00,90355E71-7A71-4779-B110-188754918D8D,,,,,,,,,,,PO BOX 1567,,,,,,,MEDFORD,OR,97501,10/15/2025 9:54,10/31/2026 9:54
BTAX-042032-10-2025,ERIC  RITCHEY,ALL NATURAL PEST ELIMINATION  ,,3,Outside City Limits,561710,Pest Control,5414714895,1/30/1997 0:00,82919195-6D59-4E13-BF4C-2E065601D58A,,,,,,,,,,,3445,PACIFIC,,S,HWY,,,MEDFORD,OR,97501,10/15/2025 10:47,10/31/2026 10:47
BTAX-042054-10-2025,DAVE  WRIGHT,COMMERCIAL & RESIDENTIAL MAINTENANCE,C & R MAINTENANCE,1,Outside City Limits,238190,Contractor-General/Building Exterior,5418422427,9/27/2012 0:00,B3139BC5-6280-4ABD-AF2A-93E6112678D8,718,BLACK OAK,,,DR,,A,MEDFORD,OR,97504,718,BLACK OAK,,,DR,,SUTIE A,MEDFORD,OR,97504,10/20/2025 12:36,10/31/2026 12:36
BTAX-042073-10-2025,,G P VENTURES LLC              ,,4,Inside City Limits,531311,Property Management,5419441470,5/10/2007 0:00,5DC2CC04-CE80-4204-A838-A5874A187827,162,BEACON,,NE,DR,, ,GRANTS PASS,OR,97526,PO BOX 4129,,,,,,,MEDFORD,OR,97501,10/20/2025 15:20,10/31/2026 15:20
BTAX-042074-10-2025,ROBERT & CAEL  NEATHAMER,NEATHAMER SURVEYING INC      ,,10,Outside City Limits,541370,Surveying/Mapping Services,5417322869,7/1/2005 0:00,6D6D0134-5E1F-4BFA-9A0B-C61F5DC5AACF,,,,,,,,,,,PO BOX 1584,,,,,,,MEDFORD,OR,97501,10/20/2025 15:23,10/31/2026 15:23
BTAX-042075-10-2025,DARYL  ACKLEY,ACKLEY COUNSELING & EMPLOYMENT,,2,Outside City Limits,561311,Employment Agency,5418268344,8/1/2015 0:00,48ABE6B4-2B4C-4FAC-88D8-83625CEC66A6,1600,SKYPARK,,,DR,,# 203,MEDFORD,OR,97504,1600,SKYPARK,,,DR,,# 203,MEDFORD,OR,97504,10/20/2025 15:25,10/31/2026 15:25
BTAX-042159-10-2025,JONATHAN BECK,PURELIGHT POWER NEWCO LLC,,9,Outside City Limits,238220,Solar Equipment Installation,5418164047,5/1/2019 0:00,745867e2-4366-4cd2-a704-de68a2d986f4,,,,,,,,,,,3521,AVION,,,DR,,200,MEDFORD,OR,97504,10/30/2025 11:41,10/31/2026 11:41
BTAX-042164-10-2025,PHILIP L & CYNTHIA L  SANDER,SANDER FAMILY ENTERPRISES LLC ,SOUTHERN OREGON BACKFLOW,3,Inside City Limits,238190,Contractor-General/Building Exterior,5414720280,5/21/1998 0:00,9CAE7AFD-838C-4B2E-82BB-4EBE922CD269,2074,COMMERCE,,,DR,,# 102,MEDFORD,OR,97504,PO BOX 1545,,,,,,,MEDFORD,OR,97501,10/30/2025 12:45,10/31/2026 12:45
BTAX-042207-11-2025,WAYNE MARTHALLER,WAYNE ANTHONY MARTHALLER HVAC,,3,Outside City Limits,238220,Contractor-HVAC Services,5418408767,2/10/2016 0:00,8afa3739-4999-45ad-8b70-7ea87e68de1d,,,,,,,,,,,1300,MAIN,,E,ST,,,MEDFORD,OR,97504,11/4/2025 11:12,11/30/2026 11:12
BTAX-042211-11-2025,,S O S ALARM & MEDFORD ALARM & SIGNAL,,2,Inside City Limits,561621,Security System Services,5417733900,2/22/1999 0:00,487554C4-BC19-48E2-979E-42EDDD5502DB,360,H,,SE,ST,,,GRANTS PASS,OR,97526,3273,BIDDLE,,,RD,,,MEDFORD,OR,97504,11/4/2025 11:26,10/31/2026 11:26
BTAX-042223-11-2025,,ROGUE CREDIT UNION,,14,Inside City Limits,522130,Finance-Credit Union,5418587328,9/20/2017 0:00,dbec48fb-16cf-4fe3-a508-bed4bfaf1fe9,249,TERRY,,NE,LN,,,GRANTS PASS,OR,97526,PO BOX 4550,,,,,,,MEDFORD,OR,97501,11/6/2025 11:43,10/31/2026 11:43
BTAX-042226-11-2025,DOUGLAS STRILEY,CENTRAL ELECTRIC LIGHTING INC,,5,Outside City Limits,238210,Contractor-Electrical,5417731618,9/7/2017 0:00,41a4cd8f-dd55-4afb-a24a-fa58348cf384,,,,,,,,,,,PO BOX 8037,,,,,,,MEDFORD,OR,97501,11/6/2025 12:16,11/30/2026 12:16
BTAX-042236-11-2025,JOHN DUFFIE,CD ARCHITECTS LLP,,3,Outside City Limits,541310,Architectural Services,5417794363,10/6/2022 0:00,bff6c8a8-a44d-44ea-a61e-960b31dc3b9e,,,,,,,,,,,1175,MAIN,,E,ST,,,MEDFORD,OR,97504,11/7/2025 10:06,11/30/2026 10:06
BTAX-042294-11-2025,,GARAGE DOOR COMPANY / OVERHEAD  ,,3,Outside City Limits,238990,Contractor-Trade/Specialty,5417790873,9/4/1998 0:00,DDA7C3C8-0470-4080-A064-695CDDA75D55,,,,,,,,,,,PO BOX 8193,,,,,,,MEDFORD,OR,97504,11/17/2025 15:40,11/30/2026 15:40
BTAX-042337-11-2025,MARK MERCER,J AND J THOMAS INC,,16,Inside City Limits,541611,Consulting Service,5412189672,10/1/2009 0:00,D65234B6-B365-4AE2-B759-96B881CDAAC4,1051,6TH,,NW,ST,,STE 2C,GRANTS PASS,OR,97526,897,ROYAL,,,AVE,,STE B,MEDFORD,OR,97504,11/24/2025 11:23,11/30/2026 11:23
BTAX-042371-12-2025,ROXANN STRONG,ROXANN STRONG CPA INC.,,1,Inside City Limits,4239,OTHER MISCELLANEOUS DURABLE GOODS MERCHANT WHOLESALERS,5036848111,6/18/2020 0:00,e31a6b90-f309-4c47-b9a6-5db084e5795d,,,,,,,,,,,2001,TABLE ROCK,,,RD,,APT 105,MEDFORD,OR,975011490,12/2/2025 11:46,12/31/2026 11:46
BTAX-042410-12-2025,DAN LAUTENSCHLEGER,SPECIFIC ENERGY,BATTERIES PLUS BULBS,5,Inside City Limits,449210,Retail-Electronics,5418585103,2/1/2019 0:00,37a756f4-0aed-4315-951b-8118c818158c,200,TERRY,,NE,LN,,B,GRANTS PASS,OR,97526,3599,CRATER LAKE,,,HWY,,,MEDFORD,OR,97504,12/8/2025 12:16,12/31/2026 12:16
BTAX-042462-12-2025,,S & B JAMES CONSTRUCTION,,2,Outside City Limits,238190,Contractor-General/Building Exterior,5418265668,1/1/1997 0:00,41BF328C-7335-46A4-9321-A4BB603F7149,,,,,,,,,,,2055,CARDINAL,,,AVE,,,MEDFORD,OR,97504,12/15/2025 12:01,12/31/2026 12:01
BTAX-042488-12-2025,,PATTERSON PLUMBING COMPANY,,2,Outside City Limits,238220,Plumber,5417732768,3/1/1993 0:00,CEC72E97-E66F-4419-BB4A-5BCBA1F4B7F0,,,,,,,,,,,2086,LARS ,,,WAY,,,MEDFORD,OR,97501,12/22/2025 10:23,8/31/2026 10:23
BTAX-042546-01-2026,DHRUV ANEJA,COSMIC CLOUD,,8,Inside City Limits,459991,Retail-General Merchandise ,7074904692,11/18/2021 0:00,7a972014-168e-420c-a694-6d679b345925,786,7TH,,SE,ST,, B,GRANTS PASS,OR,97526,2640,BARNETT,,E,RD,,E-420,MEDFORD,OR,97504,1/2/2026 15:55,12/31/2026 15:55
BTAX-042574-01-2026,ANA LLELY RODRIGUEZ LOPEZ,TIJUANA'S BIRRIA CORP,,2,Inside City Limits,722511,Restaurant,5412188105,7/10/2023 0:00,8e05a0a8-6d59-4ba7-ae71-bf247189a6a4,1330,6TH,,NW,ST,,SUITE I,GRANTS PASS,OR,97526,PO BOX 4072,,,,,,,MEDFORD,OR,97501,1/7/2026 15:34,12/31/2026 15:34
BTAX-042611-01-2026,YUJEN  WANG,OREGON RETINA SPECIALISTS LLC ,OREGON RETINA CENTER,4,Inside City Limits,621320,Medical-Ophthalmologist,5417702020,8/29/2009 0:00,E5CDDD1A-A171-4CA0-8FE4-1305865A3739,1867,WILLIAMS,, ,HWY,,SUITE 107,GRANTS PASS,OR,97527,1518,BARNETT,,E,RD,,,MEDFORD,OR,97504,1/12/2026 16:04,1/31/2027 16:04
BTAX-042621-01-2026,MATTHEW WIEGAND,MWIEGAND INC,MR MINIBLIND OF SOUTHERN OREGON,2,Inside City Limits,811490,Personal & Household Goods Repair/Maint,5417733359,1/1/1991 0:00,bbbdcf9b-dd91-4c08-90d6-d0d1ba8f226a,,,,,,,,,,,PO BOX 94,,,,,,,MEDFORD,OR,97501,1/13/2026 11:44,12/31/2026 11:44
BTAX-042646-01-2026,RONNI GARCIA,ROCKSTAR LA HAIR STUDIO & ACADEMY,,4,Inside City Limits,812112,Beauty Salon,5414410982,1/10/2017 0:00,c1c9c180-e972-4fe5-9ab9-c9064a8a3e68,212,8TH,,SE,ST,,,GRANTS PASS,OR,97526,2798,YVONNE,,,RD,,,MEDFORD,OR,97504,1/16/2026 12:13,12/31/2026 12:13
BTAX-042688-01-2026,MATTHEW HILL,GALAXY VAPE,,5,Inside City Limits,459991,Retail-Tobacco Store,5416902900,1/22/2024 0:00,2ffae9d3-a912-40e7-add4-2623c73b0a52,1607,WILLIAMS,,,HWY,,3A,GRANTS PASS,OR,97527,2640,BARNETT,,E,RD,,STE E420,MEDFORD,OR,97504,1/26/2026 14:34,1/31/2027 14:34
BTAX-042704-01-2026,MARY FITZSIMMONS,RVTC LLC,ROGUE VALLEY TUTORING ,3,Inside City Limits,611710,Educational Support Services,5417792010,10/31/2018 0:00,20d8adee-e957-435c-8dfc-5313fc474539,1051,6TH,,NE,ST,,STE 2F,GRANTS PASS,OR,97526,2650,BULLOCK,,,RD,,,MEDFORD,OR,97504,1/30/2026 16:03,1/31/2027 16:03
BTAX-042785-02-2026,ROLANDO RODRIGUEZ,TROPIC AIR INC,"TROPIC AIR, INC",6,Outside City Limits,238220,Contractor-HVAC Services,5417739866,9/16/2019 0:00,298f380d-67f4-49b0-a1da-91a10704e2a0,2728,MAIN,,W,ST,,,MEDFORD,OR,97501,518,JEANETTE,,,AVE,,,MEDFORD,OR,97501,2/10/2026 12:39,2/28/2027 12:39
BTAX-042799-02-2026,KEVIN ROBERTS,SANITECH BUILDING MAINTENANCE LLC,,3,Inside City Limits,561720,Janitorial Services,5417734883,11/3/2022 0:00,ee50969d-8943-4be6-95f2-d15af1c985dd,,,,,,,,,,,1960,TABLE ROCK,,,RD,,,MEDFORD,OR,97501,2/12/2026 9:27,2/28/2027 9:27
BTAX-042820-02-2026,JOSHUA STEWART,"GOOD CLEAN FUN, LLC",,5,Outside City Limits,561790,Pressure Washing,5416221423,1/5/2022 0:00,c34ed96e-4041-4432-84ca-da2a6f9cd5a3,,,,,,,,,,,901,ARCHER,,,DR,,,MEDFORD,OR,97501,2/18/2026 10:57,2/28/2027 10:57
BTAX-042822-02-2026,CARLA TRYBER,AAA ABSOLUTE AIR AUTHORITY LLC,,3,Outside City Limits,238220,Contractor-HVAC Services,5417081311,9/22/2017 0:00,7989a6c2-16c5-486a-9e8d-8c7ce11507e8,,,,,,,,,,,1670,STEWART,,W,AVE,,,MEDFORD,OR,97501,2/18/2026 11:06,2/28/2027 11:06
BTAX-042855-02-2026,JERROD MORRIS,"COWBOY PLUMBING, LLC",,2,Outside City Limits,238220,Plumber,5419519661,1/5/2022 0:00,98e8351f-bca5-43b9-95e0-4376e857ba8e,,,,,,,,,,,1111,OAK GROVE,,,RD,,,MEDFORD,OR,97501,2/27/2026 9:03,2/28/2027 9:03
BTAX-042863-02-2026,,CARLSON CONSTRUCTION,,2,Outside City Limits,238910,Excavation - Site Preparation,5416013849,11/1/2022 0:00,9ea58b91-65e9-45da-865e-7c00a05b8641,,,,,,,,,,,PO BOX 1503,,,,,,,MEDFORD,OR,97501,2/27/2026 11:03,2/28/2027 11:03
BTAX-042889-03-2026,,NATHAN PERRY HEATING & AIR    ,,2,Outside City Limits,238220,Contractor-HVAC Services,5418262194,1/21/2005 0:00,9E2B9E05-2FD7-48D7-8FC9-7D29F14DD585,,,,,,,,,,,972,ROSS,,N,LN,,,MEDFORD,OR,97501,3/4/2026 9:07,2/28/2027 9:07
BTAX-042960-03-2026,RONALD DELUCA,PACIFIC RENTAL PROPERTIES LLC,PACIFIC RENTAL PROPERTIES,1,Outside City Limits,531311,Property Management,5418976500,3/18/2022 0:00,15aa6efc-20cc-446d-959f-f6991a4fcdbc,,,,,,,,,,,800,ELLENDALE,,,DR,,,MEDFORD,OR,97504,3/13/2026 13:54,3/31/2027 13:54
BTAX-042963-03-2026,JOHN SAUSE,"DRIVE CAR WASH, INC",CRATER CAR WASH,6,Inside City Limits,811192,Car Wash & Detailing,5419168544,3/22/2018 0:00,7246ccc6-4033-41c1-817b-84d27f6c28ef,1562,F,,NE,ST,, ,GRANTS PASS,OR,97526,1134,COURT,,,ST,,,MEDFORD,OR,97501,3/13/2026 14:30,3/31/2027 14:30
BTAX-042966-03-2026,DANIEL PARRISH,MODERN ELECTRIC INC,,2,Outside City Limits,238210,Contractor-Electrical,5417787999,3/7/2019 0:00,008b1b00-9423-4bb5-b2a0-2689202012e5,518,FIR,,S,ST,,,MEDFORD,OR,97501,PO BOX 4068,,,,,,,MEDFORD,OR,97501,3/13/2026 14:54,3/31/2027 14:54
BTAX-043051-03-2026,"HERNANDEZ, MACKEY, PURDY & HALL",S & B JAMES CONSTRUCTION MGMT CO,,2,Outside City Limits,238190,Contractor-General/Building Exterior,5418265668,7/1/2006 0:00,EB0C8D8F-72D6-4328-87E0-252FE8864638,,,,,,,,,,,2055,CARDINAL,,,AVE,,,MEDFORD,OR,97501,3/31/2026 16:00,3/31/2027 16:00
BTAX-043087-04-2026,ROBB MAYERS,OUTLIER CONSTRUCTION CO,,7,Outside City Limits,238190,Contractor-General/Building Exterior,5416222040,3/21/2018 0:00,9e400b67-e0b2-4c32-b66c-12074fbd466c,,,,,,,,,,,2870,NANSEN,,,DR,,,MEDFORD,OR,97504,4/7/2026 8:53,4/30/2027 8:53
BTAX-043088-04-2026,TODD  MARTHOSKI,M & M SERVICES LLC,,3,Outside City Limits,238990,Contractor-Trade/Specialty,5416188536,1/25/2016 0:00,6D5DC855-9F1C-4561-9FA9-78DDE4500940,38,STAGE,,S,RD,,,MEDFORD,OR,97501,PO BOX 1093,,,,,,,MEDFORD,OR,97501,4/7/2026 8:56,4/30/2027 8:56
BTAX-043130-04-2026,JODY  GROW,TIDALZONE MAINTENANCE LLC     ,,1,Outside City Limits,561720,Cleaning Service,5418407368,11/1/2015 0:00,5E4A74D0-CE3E-4004-8C63-F6CC224FAB8E,,,,,,,,,,,2953,IRIS,,,CIR,,,MEDFORD,OR,97504,4/14/2026 13:03,3/31/2027 13:03
BTAX-043201-04-2026,LUCAS MAIN,LUCAS MAIN CONSTRUCTION       ,,4,Outside City Limits,238190,Contractor-General/Building Exterior,5416603361,1/6/2015 0:00,CD7CE176-2752-4622-80BF-D133C257ECB2,,,,,,,,,,,3500,STAGE,,S,RD,,,MEDFORD,OR,97501,4/27/2026 11:28,3/31/2027 11:28
BTAX-043273-05-2026,DAVID CUTTRELL,"BROWN & BROWN INSURANCE SERVICES, INC",,1,Outside City Limits,524210,Insurance Agency & Brokerages,5414942675,3/15/2021 0:00,926ab420-139e-4cc9-ac95-cb70675526fd,,,,,,,,,,,3256,HILLCREST PARK,,,DR,,,MEDFORD,OR,97504,5/12/2026 9:43,4/30/2027 9:43
BTAX-043279-05-2026,GREG MAJOR,BASE ONE PLUMBING LLC,BASE ONE PLUMBING LLC,2,Outside City Limits,238190,Contractor-General/Building Exterior,5419517501,3/4/2020 0:00,c0ace166-0e87-4734-a382-b1842b88b956,2640,BARNETT,,E,RD,,,MEDFORD,OR,97504,2640,BARNETT,,E,RD,,,MEDFORD,OR,97504,5/13/2026 11:05,5/31/2027 11:05
BTAX-043310-05-2026,JACQUELINE YOUNG,CLEAR CHOICE WINDOW CLEANING LLC,CLEAR CHOICE WINDOW CLEANING,2,Outside City Limits,561720,Cleaning Service,5412413144,5/1/2020 0:00,c5c39a38-2b88-47ea-ae7a-8560d82543b7,,,,,,,,,,,325,RIVERSIDE,,S,AVE,,#8565,MEDFORD,OR,97501,5/19/2026 9:19,5/31/2027 9:19
BTAX-043354-05-2026,NISHA JACKSON,,ONE PEAK MEDICAL GP 7TH ST,16,Inside City Limits,621498,Medical-Outpatient Care Center,5412377420,3/1/2020 0:00,47bc16ca-bd70-42b0-a924-e4cc5c7a0754,1325,7TH,,NE,ST,, ,GRANTS PASS,OR,97526,2040,COMMERCE,,,,,,MEDFORD,OR,97504,5/29/2026 10:52,5/31/2027 10:52
BTAX-043368-06-2026,PABLO CORTES,CORTES CONCRETE SOLUTIONS LLC,,3,Outside City Limits,238110,Contractor-Concrete/Found/Structural,5416468730,6/25/2018 0:00,27a9f1b5-1fb6-4a7a-96e4-29b7489731e7,,,,,,,,,,,PO BOX 1508,,,,,,,MEDFORD,OR,97501,6/1/2026 12:07,5/31/2027 12:07
BTAX-043430-06-2026,,JENNINGS PLUMBING & MECHANICAL,,3,Outside City Limits,238190,Contractor-General/Building Exterior,5412615724,10/1/2010 0:00,1C3C1A42-E6D7-48E1-A96E-989C2E141D30,,,,,,,,,,,2733,GEORGIA ,,,ST,,,MEDFORD,OR,97501,6/10/2026 12:24,6/30/2027 12:24
BTAX-043437-06-2026,TERRY & DIANE  BUNTIN,"BUNTIN CONSTRUCTION, LLC      ",,4,Outside City Limits,236118,Const-Residential Remodeler,5417760032,3/10/2004 0:00,B2F6FD5C-DE24-453C-9BD2-A4A8EA2A059C,,,,,,,,,,,572,PARSON,,,DR,,,MEDFORD,OR,97501,6/11/2026 9:25,6/30/2027 9:25
BTAX-043460-06-2026,ROBERT RIVERO,"ROGUE VALLEY ROOFING, LLC",,6,Outside City Limits,238190,Contractor-General/Building Exterior,5417766620,6/1/2013 0:00,63f16b41-6a08-42d0-bb60-7082bcf024f0,,,,,,,,,,,PO BOX 1480,,,,,,,MEDFORD,OR,97501,6/15/2026 11:45,6/30/2027 11:45
BTAX-043479-06-2026,CHRISTINE  SWANSON,CHRISTINE SWANSON             ,,1,Inside City Limits,531110,Rental Units/Landlord,5414768038,10/16/2002 0:00,11651900-3439-4D8F-8316-2CED4BA7F261,4489,AVERILL,, ,DR,, ,GRANTS PASS,OR,97526,6045,HILLCREST,,,RD,,,MEDFORD,OR,97504,6/22/2026 11:05,3/31/2027 11:05
BTAX-043484-06-2026,Karl Hamasu,HAMFAM INC,SERVICEMASTER OF THE ROGUE,26,Inside City Limits,561720,Cleaning Service,5414797266,3/18/2019 0:00,0991ec89-c5aa-4ee1-b291-327a80fd81ae,,,,,,,,,,,531,PARSONS,,,DR,,,MEDFORD,OR,97501,6/22/2026 11:31,5/31/2027 11:31
BTAX-043494-06-2026,LAUREN BELLENBAUM,"TRANSFORM YOUTH AND FAMILY COUNSELING, LLC",,7,Inside City Limits,624190,Social Svcs-Individual & Family Svcs,5415076400,3/25/2021 0:00,d3eefa2c-ef6d-4b92-8587-da28c6f75f2c,1692,LYNDA,,NE,LN,,STE C,GRANTS PASS,OR,97526,PO BOX 4365,,,,,,,MEDFORD,OR,97501,6/24/2026 9:47,6/30/2027 9:47
BTAX-043525-07-2026,JOHN LAWTON,CUT'N BREAK CONSTRUCTION      ,,4,Outside City Limits,238140,Contractor-Masonry,5417791482,1/24/1993 0:00,5E3F1321-FB60-457E-A38B-FC59A5D69342,519,FRONT,,N,ST,,SUITE B,MEDFORD,OR,97501,PO BOX 1455,,,,,,,MEDFORD,OR,97501,7/1/2026 13:55,7/31/2027 13:55
BTAX-043540-07-2026,BALWINDER & BHUPINDER SINGH,SKY 7 MARKET 6 LLC,FARMERS MARKET,12,Inside City Limits,445230,Retail-Misc Direct Selling Establishment,4083855647,7/6/2022 0:00,f2bace81-d2e1-4359-80b7-95c64bc386ea,603,ROGUE RIVER,, ,HWY,, ,GRANTS PASS,OR,97527,424,PEACH,,S,ST,,,MEDFORD,OR,97501,7/2/2026 15:03,7/31/2027 15:03
BTAX-043559-07-2026,"HAPMAN,WEBBER,STEVENS  BLACK","BLACK, CHAPMAN, PETERSEN & STEVENS",,3,Inside City Limits,541110,Lawyer,5414743374,7/2/1987 0:00,6F3F444A-7C3F-4B20-AE0F-F40C28AD6EC7,307,E,,NW,ST,, ,GRANTS PASS,OR,97526,221,STEWART,,,AVE,,#209,MEDFORD,OR,97501,7/6/2026 12:54,7/31/2027 12:54
BTAX-043561-07-2026,,KNIFE RIVER MATERIALS  ,,2,Outside City Limits,238110,Contractor-Concrete/Found/Structural,5417702960,2/25/1997 0:00,25727688-E704-4A8D-B679-CFA5B7963CB5,3959,HAMRICK,,,RD,,,CENTRAL POINT,OR,97502,PO BOX 1145,,,,,,,MEDFORD,OR,97501,7/6/2026 13:45,7/31/2027 13:45
BTAX-043565-07-2026,SCOTT PINGLE PE SE,KAS & ASSOCIATES INC          ,,4,Inside City Limits,541330,Engineering Services,5414795801,8/5/2002 0:00,2B31CFC3-CF3F-4C6C-8063-52E2246839FF,1867,WILLIAMS,, ,HWY,, ,GRANTS PASS,OR,97527,304,SOUTH HOLLY,,,ST,,,MEDFORD,OR,97501,7/6/2026 14:29,7/31/2027 14:29
BTAX-043574-07-2026,DONALD ENGLISH,"ACTION SECURITY, INC          ",,4,Outside City Limits,561612,Security Guard & Patrol Services,5417796596,3/19/2007 0:00,A3974FF7-C921-4A54-B103-BAC3024754DA,,,,,,,,,,,308,CENTRAL,,N,AVE,,,MEDFORD,OR,97501,7/7/2026 8:49,6/30/2027 8:49
BTAX-043575-07-2026,TANK PARRISH,WINTERS ELECTRIC LLC         ,,11,Outside City Limits,238210,Contractor-Electrical,5416644505,6/6/2011 0:00,BA17D616-4922-49FA-96CB-2B1010D6534F,2937,MERRIMAN,,,RD,,,MEDFORD,OR,97501,2937,MERRIMAN,,,RD,,,MEDFORD,OR,97501,7/7/2026 8:56,7/31/2027 8:56
BTAX-043602-07-2026,ADAM AUFDERHEIDE,RETINA CARE CENTER LLC,,9,Inside City Limits,621320,Medical-Optometrist,5418422020,1/1/2008 0:00,FB1051BD-4C19-4931-8DEE-BE1AE2A79C27,1236,7TH,,NE,ST,, ,GRANTS PASS,OR,97526,748,STATE,,,ST,,,MEDFORD,OR,97504,7/7/2026 12:52,7/31/2027 12:52
BTAX-043619-07-2026,STEVE ROBERTS,EMR UNIVERSAL LLC DBA STEVE ROBERTS ELECTRIC,,4,Outside City Limits,238210,Contractor-Electrical,5418217906,1/1/2022 0:00,b4992f48-9509-444b-9202-9bd2c7ad104c,1223,VALLEY VIEW,,,,,,MEDFORD,OR,97504,P.O BOX 1832,,,,,,,MEDFORD,OR,97501,7/8/2026 11:32,3/31/2027 11:32
BTAX-043645-07-2026,JOHN  NEILSON,NEILSON RESEARCH CORPORATION  ,,1,Inside City Limits,541380,Laboratory,5417705678,4/14/2014 0:00,B838F86C-D934-4FAD-B504-4903AD368CD4,400,G,,SE,ST,,,GRANTS PASS,OR,97526,245,SOUTH GRAPE,,,ST,,,MEDFORD,OR,97501,7/9/2026 10:13,7/31/2027 10:13
BTAX-043662-07-2026,MICHELLE ROGERS,NEW FOUNDATIONS PROPERTY MANAGEMENT,,2,Outside City Limits,531311,Property Management,5415201576,1/4/2016 0:00,ac81031b-82d7-4410-8fee-c592d7a96391,,,,,,,,,,,PO BOX 231,,,,,,,MEDFORD,OR,97501,7/9/2026 12:24,7/31/2027 12:24
BTAX-043709-07-2026,JACK SCHMIDT,PRECISION ELECTRIC CONTRACTORS,,2,Outside City Limits,238210,Contractor-Electrical,5417736279,3/20/1997 0:00,F865C5DA-02D8-4D80-9625-C41CF1F4543F,,,,,,,,,,,425,FRONT,,N,ST,,,MEDFORD,OR,97501,7/10/2026 11:42,7/31/2027 11:42
BTAX-043727-07-2026,KEVIN LAMSON,HEARTS WITH A MISSION,,48,Inside City Limits,624221,Social Svcs-Temporary Shelter,5416467385,7/1/2016 0:00,981e8a87-7648-4eea-a9ef-5708a6238c50,1504,9TH,,NE,ST,, ,GRANTS PASS,OR,97526,711,MEDFORD CENTER #334,,,,,,MEDFORD,OR,97504,7/10/2026 13:54,7/31/2027 13:54
BTAX-043738-07-2026,,COB INC,K O B I - TV,1,Outside City Limits,516120,TV-Television Broadcasting,5417795555,7/1/1987 0:00,07EA08A3-8B3D-4A89-8543-05892DC9252B,,,,,,,,,,,PO BOX 1489,,,,,,,MEDFORD,OR,97501,7/10/2026 15:08,7/31/2027 15:08
BTAX-043751-07-2026,,SOUTHERN OREGON CARDIOLOGY LLC,,23,Inside City Limits,621111,Medical-Physician,5419307223,1/1/2010 0:00,708EA9E2-5FB5-4EA4-9857-2635118B3252,520,RAMSEY,,SW,AVE,,SUITE 204,GRANTS PASS,OR,97527,520,MEDICAL CENTER,,,DR,,#200,MEDFORD,OR,975044314,7/14/2026 10:36,7/31/2027 10:36
BTAX-043752-07-2026,,PACIFIC ELECTRICAL CONTRACTORS,,7,Outside City Limits,238210,Contractor-Electrical,5417737751,8/1/1996 0:00,9E78969F-60F4-40D4-A56C-93AAF9F37120,920,GRAPE,,S,ST,,,MEDFORD,OR,97501,920,GRAPE,,S,ST,,,MEDFORD,OR,97501,7/14/2026 10:39,7/31/2027 10:39
BTAX-043770-07-2026,CHAD FITZGERALD,FITZGERALD GAS SERVICES LLC,,5,Outside City Limits,238990,Contractor-Trade/Specialty,5419414020,8/1/2016 0:00,4aafcfde-5bb9-4924-b4a2-aac16615498b,503,GIRARD,,,CIR,,,MEDFORD,OR,97504,PO BOX 4314,,,,,,,MEDFORD,OR,97501,7/14/2026 12:22,7/31/2027 12:22
BTAX-043800-07-2026,RAYMUNDO VALDIVIA,VALDIVIA LLC,BOBABLASTIC,2,Outside City Limits,722330,Food-Mobile/Ice Cream Truck,5416224875,4/27/2021 0:00,ad2faa8b-710a-41e5-b47f-c00a1cfa74bc,836,AUTUMN PARK,,NE,ST,,,GRANTS PASS,OR,97526,2601,PALOMA,,,AVE,,,MEDFORD,OR,97504,7/14/2026 16:19,7/31/2027 16:19
BTAX-043801-07-2026,RAYMUNDO VALDIVIA,VALDIVIA LLC,BOBABLASTIC,2,Outside City Limits,722330,Food-Mobile/Ice Cream Truck,5416224875,4/27/2021 0:00,ad2faa8b-710a-41e5-b47f-c00a1cfa74bc,836,AUTUMN PARK,,NE,ST,,,GRANTS PASS,OR,97526,2601,PALOMA,,,AVE,,,MEDFORD,OR,97504,7/14/2026 16:21,7/31/2027 16:21
BTAX-043802-07-2026,KYLE KERN,JAM CONSTRUCTION INC,JAM ROOFING,12,Outside City Limits,238160,Roofing,5417767663,7/26/2018 0:00,eb827328-7196-42f0-825a-f4c5a13d581f,918,CHEVY,,,WAY,,,MEDFORD,OR,97504,918,CHEVY,,,WAY,,,MEDFORD,OR,97504,7/15/2026 9:30,7/31/2027 9:30
BTAX-043805-07-2026,FRED & CHRISTINE  NELSON,PRO-KOTE WATERPROOFING / CONSTRUCTION,PRO-KOTE CONTRACTORS & SUPPLY,3,Outside City Limits,238190,Contractor-General/Building Exterior,5417322551,3/20/1996 0:00,CD560DE3-9720-4602-B3BF-081A61150B1A,,,,,,,,,,,955,HAMPTON,,,WAY,,,MEDFORD,OR,97501,7/15/2026 9:47,7/31/2027 9:47
BTAX-043814-07-2026,RORY  WHITE,THE ART OF PLUMBING LLC       ,,2,Outside City Limits,238220,Plumber,5419519405,8/1/2008 0:00,5049C25C-72BF-4923-A9AD-9B00B8A14C76,,,,,,,,,,,3521,TABLE ROCK,,,RD,,,MEDFORD,OR,97504,7/15/2026 10:28,7/31/2027 10:28
BTAX-043834-07-2026,DANIEL  SHELBY,D AND S HEATING AND AIR CONDITIONING,,2,Outside City Limits,238220,Contractor-HVAC Services,5414996705,7/18/2014 0:00,6B50DFE9-3486-48B4-AF07-D7577EB26FE2,,,,,,,,,,,711,MEDFORD CENTER,,,,,#430,MEDFORD,OR,97504,7/16/2026 11:01,7/31/2027 11:01
BTAX-043853-07-2026,EDWARD CURTIUS,"CURTIUS PLUMBING & MECHANICAL, INC",,2,Outside City Limits,238220,Plumber,5418578988,8/11/1999 0:00,11889860-2ACC-4F48-9E59-EE78B1B2B29E,,,,,,,,,,,1896,DELTA WATERS,,,RD,,,MEDFORD,OR,97504,7/17/2026 10:03,7/31/2027 10:03
BTAX-043867-07-2026,,RIVERTREE APARTMENTS INC      ,,2,Outside City Limits,531110,Rental Units/Landlord,5417795785,1/12/1997 0:00,0435F914-FB78-4A68-A28A-3FD512E6F395,224,ROGUE RIVER,,SW,AVE,,,GRANTS PASS,OR,97526,2251,TABLE ROCK,,,RD,,,MEDFORD,OR,97501,7/20/2026 11:24,7/31/2027 11:24
BTAX-043869-07-2026,,JADE EAST APARTMENTS  ,,2,Inside City Limits,531110,Rental Units/Landlord,5417795785,6/25/1993 0:00,1984A196-BC9C-405E-8D12-4E797D30A1FA,820,D,,NE,ST,,,GRANTS PASS,OR,97526,2251,TABLE ROCK,,,RD,,,MEDFORD,OR,97501,7/20/2026 11:56,7/31/2027 11:56
BTAX-043886-07-2026,,ZZ ELECTRIC LLC              ,,4,Outside City Limits,238210,Contractor-Electrical,5416655386,6/25/2004 0:00,EFBDC819-F969-4EB7-96BF-75B5F3809C93,,,,,,,,,,,744,GRAPE,,S,ST,,,MEDFORD,OR,97501,7/20/2026 14:14,7/31/2027 14:14
BTAX-043891-07-2026,,ACTION ELECTRIC LLC           ,,4,Outside City Limits,238210,Contractor-Electrical,5414151081,5/14/2008 0:00,058146D6-BBD7-4611-8E00-2D04A506DB96,,,,,,,,,,,3384,FOREST,,,AVE,,,MEDFORD,OR,97501,7/20/2026 16:01,7/31/2027 16:01
BTAX-043894-07-2026,JOHN CHMELIR,JCS-OREGON LLC               ,,3,Outside City Limits,238190,Contractor-General/Building Exterior,5417610616,7/1/2012 0:00,73C2AC6A-E96D-4669-BA74-ECD1F9A5832B,,,,,,,,,,,1840,BARNETT,,E,RD,,SUITE 6,MEDFORD,OR,97504,7/21/2026 8:32,7/31/2027 8:32
BTAX-043910-07-2026,KATHY  MUSTARD,MUSTARD PRESS INC            ,,11,Outside City Limits,323111,Printing-Commercial,5417732939,7/1/1984 0:00,C52E7480-ECB9-42C5-B95C-922A79198004,,,,,,,,,,,679,BRIAN,,,WAY,,,MEDFORD,OR,97501,7/23/2026 9:49,7/31/2027 9:49
BTAX-043925-07-2026,,SOUTHERN OREGON GOODWILL INDUSTRIES,,44,Inside City Limits,459510,Retail-Thrift Store,5414796000,1/1/1997 0:00,B62932BE-8719-47D6-8671-733F51DE5CCE,1101,D,,NE,ST,, ,GRANTS PASS,OR,97526,11,JACKSON,,W,ST,,,MEDFORD,OR,97501,7/24/2026 9:10,7/31/2027 9:10
BTAX-043926-07-2026,,WHITELAW WHOLESALE INC,,2,Outside City Limits,425120,Wholesale Agent,5417729261,1/1/1997 0:00,2E558B30-3845-4445-B240-2315CD2F7C1F,,,,,,,,,,,20,JACKSON,,W,ST,,,MEDFORD,OR,97501,7/24/2026 9:13,7/31/2027 9:13
BTAX-043932-07-2026,DONALD BLANK,BIG D'S PLUMBING,,2,Outside City Limits,238220,Plumber,5418217849,4/1/2022 0:00,fe47898b-a335-4f5e-8816-586ef8ce8b60,,,,,,,,,,,PO BOX 113,,,,,,,MEDFORD,OR,97501,7/27/2026 9:34,7/31/2027 9:34
BTAX-043937-07-2026,REBECCA H.  MORRISON-STONEY,CONFIDENT STAFFING EMPLOYEE LEASING & CONSTRUCTION WORKFORCE INC,,2,Inside City Limits,561311,Employment Agency,5414765932,11/5/2010 0:00,CBAE123F-F744-4B45-AC67-032887E5E0C7,164,G,,SE,ST,,,GRANTS PASS,OR,97526,1575,MCANDREWS,,E,RD,,SUITE 300,MEDFORD,OR,97504,7/27/2026 10:51,7/31/2027 10:51
TAXICO-042759-02-2026,GREG MORSE,GOOD2GOTAXI.COM,,0,Outside City Limits,485310,Transportation-Taxi,5419302303,12/15/2022 0:00,b317c6f2-ea51-4584-b2e2-c7e6f30b289d,,,,,,,,,,,1848,GARDEN ,,,DR,,,MEDFORD,OR,97504,2/10/2026 8:59,2/28/2027 8:59
BTAX-041118-08-2025,,YOUTH 71FIVE MINISTRIES ,,4,Inside City Limits,813110,Religious Organization,5417793275,1/1/2021 0:00,da759aef-f6fc-45e5-b1f4-788f5f3af8b2,1550,NEBRASKA,,,ST,,,GRANTS PASS ,OR,97527,529,EDWARDS,,,ST,,,MEDFORD ,OR,97501,8/7/2025 11:37,8/31/2026 11:37
BTAX-041397-08-2025,RYAN  HUKILL,HUKILLS INC                   ,,5,Outside City Limits,238220,Plumber,5417349000,2/20/2008 0:00,C60BAF94-A03C-436F-AA82-81C1E54D47C9,,,,,,,,,,,3650,CRATER LAKE,,,AVE,,,MEDFORD ,OR,97504,8/19/2025 12:16,8/31/2026 12:16
BTAX-041892-09-2025,,CASH CONNECTION GRANTS PASS INC,,11,Inside City Limits,522299,Pawnshop,5414769296,1/1/1997 0:00,D532BC75-8966-40AA-820B-712B7DD4AA72,754,6TH,,SW,ST,, ,GRANTS PASS,OR,97526,300,BARNETT,,E,RD,,,MEFORD,OR,97501,9/26/2025 14:57,9/30/2026 14:57
BTAX-041057-08-2025,,AUTOZONE PARTS INC,AUTOZONE #2213,8,Inside City Limits,441330,Retail-Automotive Parts & Accessories,5419561190,6/22/1997 0:00,C056388C-1367-4BFF-8FE0-6A94B29CA895,1695,6TH,,NE,ST,, ,GRANTS PASS,OR,97526,PO BOX 2198,,,,,,DEPT 8088,MEMPHIS,TN,38101,8/1/2025 10:02,8/31/2026 10:02
BTAX-041058-08-2025,,"AUTOZONE PARTS, INC                  ",AUTOZONE #2222,40,Inside City Limits,441330,Retail-Automotive Parts & Accessories,5414729700,10/31/1997 0:00,51C95D4E-E9BD-4243-A196-AA4244BC5721,1601,WILLIAMS,, ,HWY,, ,GRANTS PASS,OR,97527,PO BOX 2198,,,,,,DEPT 8088,MEMPHIS,TN,38101,8/1/2025 10:07,8/31/2026 10:07
BTAX-042429-12-2025,,RENTOKIL NORTH AMERICA INC,WESTERN EXTERMINATOR COMPANY,3,Outside City Limits,561710,Pest Control,8.00489E+14,3/11/2009 0:00,390FCDE8-7454-4E3A-A587-7903AEA33EE9,,,,,,,,,,,ATTN BUSINESS LICENSE DIVISION,,150 PEABODY PLACE,,,,,MEMPHIS,TN,38103,12/9/2025 9:39,12/31/2026 9:39
BTAX-042921-03-2026,,UNITED HERITAGE LIFE INSURANCE COMPANY,,2,Outside City Limits,524210,Insurance Agency & Brokerages,2084936100,7/7/1934 0:00,23a5659e-5c71-4807-bfe2-990c16275d5b,,,,,,,,,,,ATTN: ACCOUNTING DEPT,707 UNITED HERITAGE,,E,CT,,,MERIDIAN,ID,83642,3/10/2026 8:32,2/28/2027 8:32
BTAX-043743-07-2026,"NEIL & HILL, THOMAS  NELSON",ENGINEERED STRUCTURES INC    ,,2,Outside City Limits,238190,Contractor-General/Building Exterior,2083623040,6/8/2011 0:00,2E7A3D83-C2B3-4B37-8B55-A3052B8BCBD6,2200,COBALT POINT,,S,WAY,,,MERIDIAN,ID,83642,2200,COBALT POINT,,S,WAY,,,MERIDIAN,ID,83642,7/13/2026 15:24,7/31/2027 15:24
BTAX-041082-08-2025,BENJAMIN QUAL,BENJAMIN DAVID QUAL CONSTRUCTION,QUAL CONSTRUCTION,1,Outside City Limits,238190,Contractor-General/Building Exterior,5414508029,6/11/2021 0:00,0e81abb8-5431-41e8-abbb-549b968340fc,,,,,,,,,,,194,GARY,,,LN,,,MERLIN,OR,97532,8/4/2025 11:03,8/31/2026 11:03
BTAX-041131-08-2025,DAVID  DIAS,DAVE DIAS LANDSCAPE MAINT,,1,Outside City Limits,541320,Landscaping Services,5414761281,3/1/1997 0:00,D06CFDA3-A6BA-4896-B3A8-6F46EB8C050B,,,,,,,,,,,PO BOX 837,,,,,,,MERLIN,OR,97532,8/8/2025 15:05,8/31/2026 15:05
BTAX-041171-08-2025,JUAN ESPINDOLA,TACOMANIA STREET TACOS Y MAS,TACOMANIA,3,Outside City Limits,722320,Caterer,5412919010,11/3/2017 0:00,4c382694-8ed4-4eda-9cf9-daa1b003991b,1863,WASHINGTON,,NW,BLVD,,,GRANTS PASS,OR,97526,144,MERLIN,,,RD,,,MERLIN,OR,97532,8/12/2025 10:31,8/31/2026 10:31
BTAX-041329-08-2025,CONNIE WRIGHT,SOUTHERN OR PLAY THERAPY,,1,Inside City Limits,621112,Medical-Mental Health Specialist,5416596165,3/29/2017 0:00,3ced02d8-987c-4071-a3ab-94b126444579,980,6TH,,SW,ST,,SUITE 18,GRANTS PASS,OR,97526,PO BOX 188,,,,,,,MERLIN,OR,97532,8/18/2025 14:52,8/31/2026 14:52
BTAX-041453-08-2025,PAUL  BOKMAN,LIVING RUBBER CO,,1,Outside City Limits,311999,Manufacturing-Misc Food,5414711248,1/11/2005 0:00,2A9A5533-8FFE-484D-8950-23F5CA68072F,,,,,,,,,,,PO BOX 245,,,,,,,MERLIN,OR,97532,8/20/2025 12:33,8/31/2026 12:33
BTAX-041501-08-2025,,EVERGREEN PROPERTIES INC,,2,Outside City Limits,531110,Rental Units/Landlord,5412441800,12/1/1998 0:00,274BBF73-867D-4BF6-AAF0-776C9203C084,215,6TH,,SE,ST,,# 205,GRANTS PASS,OR,97526,PO BOX 32,,,,,,,MERLIN,OR,97532,8/22/2025 11:14,8/31/2026 11:14
BTAX-041588-08-2025,RITA FARRIS,THE GROOM SHOP LLC            ,,1,Inside City Limits,812910,Pet Care Services,5414793622,9/8/2014 0:00,476CC67A-8909-4CEE-B6D9-866992567184,1515,REDWOOD,, ,AVE,, ,GRANTS PASS,OR,97527,645,CROW,,,RD,,,MERLIN,OR,97532,8/28/2025 16:24,8/31/2026 16:24
BTAX-041628-09-2025,ROY & REBECA  MANBECK,GIFT OF LIFE IRRIGATION       ,,1,Outside City Limits,541320,Landscaping Services,5417616550,9/1/2009 0:00,D630B096-DFA9-4AE5-B728-FD7B6B088E39,,,,,,,,,,,683,BARKER,,,DR,,,MERLIN,OR,97532,9/3/2025 14:09,8/31/2026 14:09
BTAX-041735-09-2025,,ADVANCED ELECTRICAL SERVICES LLC,,2,Outside City Limits,238210,Contractor-Electrical,5419557086,6/1/2009 0:00,39A3715C-EE87-4F75-9081-D3E0DEAA7E73,,,,,,,,,,,184,HARLEY,,,LN,,,MERLIN,OR,97532,9/12/2025 10:08,9/30/2026 10:08
BTAX-041770-09-2025,,PRATT ENTERPRISES INC,SOUTHERN OREGON SCHOOL OF MUSIC,9,Inside City Limits,611710,Educational Support Services,5412262300,8/16/2017 0:00,bbc17148-0311-48e9-b43e-e52983d037be,141,C,,NW,ST,,E,GRANTS PASS,OR,97526,PO BOX 971,,,,,,,MERLIN,OR,97532,9/16/2025 11:26,9/30/2026 11:26
BTAX-041809-09-2025,SHANNON BIFANO,MIGHTY BITES,,1,Inside City Limits,812910,Pet Care Services,2097699794,7/19/2016 0:00,8f94f320-e4dd-4e7a-8dd2-2ea8d2ac6884,454,IRENA,,,RD,,,GRANTS PASS,OR,97526,PO BOX 1043,,,,,,,MERLIN,OR,97532,9/18/2025 11:29,9/30/2026 11:29
BTAX-042065-10-2025,JEFFREY  TUCKER,TUCKERS                       ,,8,Inside City Limits,812111,Barber Shop,5412264952,9/9/2013 0:00,D74E1C0C-6C17-42B9-934A-9359C6ADBBDD,1330,6TH,,NW,ST,, ,GRANTS PASS,OR,97526,PO BOX 1488,,,,,,,MERLIN,OR,97532,10/20/2025 14:34,10/31/2026 14:34
BTAX-042195-11-2025,MINDY DORMAN,MINDY'S CLEANING SOLUTIONS,,1,Outside City Limits,561720,Cleaning Service,5412448120,1/11/2016 0:00,56de6c62-3027-4cbb-a127-c9d1f7e62245,5480,JUMP OFF JOE CREEK,, ,RD,, ,GRANTS PASS,OR,97526,PO BOX 1051,,, ,,, ,MERLIN,OR,97532,11/4/2025 9:43,11/30/2026 9:43
BTAX-042282-11-2025,RODNEY LOWE,HORSEMAN'S RACING ASSOCIATION LLC,,2,Outside City Limits,711212,Racetrack,5415822662,7/1/2022 0:00,d480427c-ee13-4308-8c42-52d6abcab586,,,,,,,,,,,252,HIDDEN ACRES,,,DR,,,MERLIN,OR,97532,11/14/2025 9:28,11/30/2026 9:28
BTAX-042363-12-2025,JUSTIN HOBART,HOBART TRUCKING AND EXCAVATION LLC,,2,Outside City Limits,484110,Transportation-Trucking (Local),5412181123,10/17/2022 0:00,6e295538-9210-4d34-9305-8159fe24699a,,,,,,,,,,,2350,ABEGG,,,RD,,,MERLIN,OR,97532,12/1/2025 16:12,12/31/2026 16:12
BTAX-042389-12-2025,DARRIN & CAPRI MULDER,MULDER ONE INC,CASTLE CLEANING CO.,8,Outside City Limits,561720,Janitorial Services,5417271300,11/4/2002 0:00,6E512EE0-3E67-44B9-83EA-BADB085D101E,,,,,,,,,,,2240,RUSSELL,,,RD,,,MERLIN,OR,97532,12/4/2025 12:17,12/31/2026 12:17
BTAX-042459-12-2025,CAROL  ORTON,FIRE RIVER MUSIC LLC         ,,2,Inside City Limits,459140,Retail-Music/Instruments & Supplies,5412870117,12/1/2015 0:00,8E563F3E-DBB5-49E4-88BE-3CEACD7DC195,302,H,,SE,ST,, ,GRANTS PASS,OR,97526,661,ABEGG,,,RD,,,MERLIN,OR,97532,12/15/2025 10:13,12/31/2026 10:13
BTAX-042469-12-2025,ALFONSO & CASSIE  BANUELOS,NORTH VALLEY HOME & YARD SERVICE,,1,Outside City Limits,541320,Landscaping Services,5414418127,3/7/2005 0:00,44B82B4D-1B0C-4D1B-A239-42416F3264E0,,,,,,,,,,,185,STARFLOWER,,,WAY,,,MERLIN,OR,97532,12/15/2025 13:01,12/31/2026 13:01
BTAX-042596-01-2026,,OGDEN BUILDING & PLUMBING     ,,1,Inside City Limits,238220,Plumber,5414154652,9/24/2014 0:00,3AE68872-7A01-4F05-9E3E-5542DA20DA5F,,,,,,,,,,,536,CROW,,,RD,,,MERLIN,OR,97532,1/12/2026 11:51,12/31/2026 11:51
BTAX-042659-01-2026,MARY LAWSON,ILLUMINATE SKIN HEALTH LLC,,1,Inside City Limits,812112,Beauty Salon,,7/27/2020 0:00,5b2e0e69-4266-42c3-8244-84ab0a7f0612,212,8TH,,SE,ST,,,GRANTS PASS,OR,97526,PO BOX,1379,,,,,,MERLIN,OR,97532,1/20/2026 14:49,1/31/2027 14:49
BTAX-042662-01-2026,BETTY FRIEDRICHSMEYER,"ESSENTIALS FOR SELF RELIANCE, LLC",,2,Inside City Limits,459999,Retail-Misc Direct Selling Establishment,5412877507,11/3/2020 0:00,cf9b0149-1f76-47e9-90b0-8450d25f426d,120,GALICE,,,RD,,,MERLIN,OR,97532,120,GALICE,,,RD,,,MERLIN,OR,97532,1/20/2026 14:59,1/31/2027 14:59
BTAX-042690-01-2026,HEATHER WICKS,OHANA HOUSE CLEANING,,1,Inside City Limits,561720,Cleaning Service,8089272423,10/11/2018 0:00,a2f6f598-1fc4-4b9d-9ab4-62812149792b,,,,,,,,,,,491,ABEGG,,,RD,,,MERLIN,OR,97532,1/26/2026 14:49,1/31/2027 14:49
BTAX-042706-01-2026,CHRIS HATHAWAY,EAGLE LANDSCAPE MAINTENANCE,,1,Outside City Limits,541320,Landscaping Services,5414742237,1/15/2019 0:00,fdcc83e4-e6aa-433e-aa4e-6f2540943e65,,,,,,,,,,,PO BOX 1074,,,,,,,MERLIN,OR,97532,1/30/2026 16:17,1/31/2027 16:17
BTAX-042721-02-2026,OLGA RICHARDS,RICHARDS WELDING,,2,Outside City Limits,238190,Welding/Fabrication,5414769263,10/15/2023 0:00,6fed48db-682a-4527-8579-2a28cdc087ef,,,,,,,,,,,304,MERLIN,,,DR,,,MERLIN,OR,97532,2/3/2026 14:16,1/31/2027 14:16
BTAX-042733-02-2026,ANNA CHAUFFE FAITH CHAUFFE,THE CREATOR'S GALLERY & BOUTIQUE,,1,Inside City Limits,458110,Retail-General Merchandise ,5419449787,12/27/2022 0:00,02607041-c95e-4d6d-93f8-cf9225e7e981,103,K,,SE,ST,,,GRANTS PASS,OR,97526,PO BOX 115,,,,,,,MERLIN,OR,97532,2/4/2026 14:38,2/28/2027 14:38
BTAX-042862-02-2026,MARYBETH CAMIRE,"THE GOLDEN RULE INCOME TAX AND BOOKKEEPING SERV., LLC",,1,Inside City Limits,541213,Tax Preparation Services,5414791568,1/5/2018 0:00,f68e34d1-654c-4b2d-a113-c7fcd3237338,777,7TH,,NE,ST,,202,GRANTS PASS,OR,97526,PO BOX,1346,,,,,,MERLIN,OR,97532,2/27/2026 10:10,2/28/2027 10:10
BTAX-042934-03-2026,FRANK MCELHERAN,THREE DIMENSIONAL CONTRACTING LLC DBA 3DC,3DC,6,Outside City Limits,238190,Contractor-General/Building Exterior,5412615491,1/1/2021 0:00,fec2ab4c-b7b6-4c43-bf29-a0000e4dad96,,,,,,,,,,,PO BOX 1278,,,,,,,MERLIN,OR,97532,3/10/2026 11:03,3/31/2027 11:03
BTAX-043010-03-2026,ROGER AND ALICE SMITH ,JAY-C INC,JIMS SEPTIC SERVICE,3,Outside City Limits,562991,Waste-Septic Tank & Related Services,5414769726,7/1/1987 0:00,BF49511D-ACDC-491F-8465-E3EEFD631CE7,,,,,,,,,,,PO BOX 384,,,,,,,MERLIN,OR,97532,3/23/2026 11:01,3/31/2027 11:01
BTAX-043174-04-2026,KAYLEN MAYNARD,LEGACY POOLS LLC,,3,Inside City Limits,238190,Contractor-General/Building Exterior,5412180620,3/1/2016 0:00,00e2f0f4-822f-487f-9398-bdf32df54063,1150,PLEASANT VALLEY,,,RD,, ,MERLIN,OR,97532,1150,PLEASANT VALLEY,,,RD,, ,MERLIN,OR,97532,4/20/2026 12:22,3/31/2027 12:22
BTAX-043226-05-2026,PETE SCAGLIONE,SCAGLIONE SHITO RYU KARATE,,2,Inside City Limits,713940,Fitness Center,5412911492,7/1/2019 0:00,b91f6ade-b3d8-4ad8-9c84-04bc18238e30,2060,VINE,,NW,ST,, ,GRANTS PASS,OR,97526,PO BOX 1091,,,,,,,MERLIN,OR,97532,5/4/2026 12:55,4/30/2027 12:55
BTAX-043232-05-2026,PATRICK PLOURD,PATRICK & KATHLEEN PLOURD,,1,Outside City Limits,531110,Rental Units/Landlord,2539488620,4/26/2016 0:00,5bafb18e-bc54-41a1-a578-d525db361837,,,,,,,,,,,210,HARTSFIELD,,,LN,,,MERLIN,OR,97527,5/5/2026 13:47,5/31/2027 13:47
BTAX-043276-05-2026,ANNE-MARIE HOLLOWAY,MISS ANN'S KIDDIE KORNER LLC,,5,Inside City Limits,624410,Child Day Care,54187430153,11/3/2020 0:00,a0ad2030-7f35-4daf-bbf9-09c64d18c5af,1117,GREENWOOD,,SW,AVE,, ,GRANTS PASS,OR,97526,1432,WILDFLOWER,,,DR,,,MERLIN,OR,97532,5/12/2026 11:47,5/31/2027 11:47
BTAX-043301-05-2026,GENE ROBERTSON,TRUEBUILT HOMES LLC           ,,2,Outside City Limits,238190,Contractor-General/Building Exterior,5416609868,1/19/2007 0:00,66D96E0F-10C0-4CDA-9D18-B54A3D01FF97,,,,,,,,,,,PO BOX 899,,,,,,,MERLIN,OR,97532,5/18/2026 15:56,5/31/2027 15:56
BTAX-043366-06-2026,SEAN VIGNONE,SEAN'S APPLIANCE REPAIR,,1,Outside City Limits,811412,Appliance Reapair/Maint,5414154268,1/9/2020 0:00,d1778948-4cb1-4abe-85e7-341258f9d5be,,,,,,,,,,,1160,WILDFLOWER,,,DR,,,MERLIN,OR,97532,6/1/2026 11:56,5/31/2027 11:56
BTAX-043370-06-2026,SUSIE GRIESS,DYNAMIS ACCOUNTING SOLUTIONS LLC,,2,Inside City Limits,4239,OTHER MISCELLANEOUS DURABLE GOODS MERCHANT WHOLESALERS,5417082180,1/2/2019 0:00,53633497-59d4-4aae-be43-4aa561e253b7,,,,,,,,,,,PO BOX 655,,,,,,,MERLIN,OR,97532,6/1/2026 12:24,5/31/2027 12:24
BTAX-043451-06-2026,PHILLIP MARSHALL,"3M CONSTRUCTION, LLC",,1,Outside City Limits,238190,Contractor-General/Building Exterior,5625472371,4/23/2018 0:00,88e97bdd-8418-4a12-bf71-f9881ed44dfd,,,,,,,,,,,2655,HUGO,,,RD,,,MERLIN,OR,97532,6/15/2026 9:13,6/30/2027 9:13
BTAX-043515-06-2026,EKATERINA  EWERS,RUSSIAN HANDS                 ,,1,Inside City Limits,621399,Medical-Massage Therapy,5416595670,1/31/2007 0:00,C7AC90EB-7914-4914-BCFD-0C68EE72D575,1837,NEBRASKA,,SW,AVE,,,GRANTS PASS,OR,97527,PO BOX 1227,,,,,,,MERLIN,OR,97532,6/29/2026 16:24,6/30/2027 16:24
BTAX-043587-07-2026,DEBBIE HULIN,"DILLARD'S ROOFING AND CONSTRUCTION, LLC",,2,Inside City Limits,238160,Roofing,5412180472,3/19/2020 0:00,74cb18d0-fd58-45b7-9b50-5ff109098218,,,,,,,,,,,PO BOX 423,,,,,,,MERLIN,OR,97532,7/7/2026 10:24,6/30/2027 10:24
BTAX-043739-07-2026,EDWARD A & BARBRA  PREMO,EDWARD A & BARBRA PREMO RENTALS,,2,Outside City Limits,531110,Rental Units/Landlord,5419568836,9/5/1989 0:00,07E0A5B8-3A9F-4917-B267-7BAAF9A305FC,,,,,,,,,,,PO BOX 1371,,,,,,,MERLIN,OR,97532,7/13/2026 9:18,7/31/2027 9:18
BTAX-043753-07-2026,WILLIAM T & KERRY  FERGUSON,FERGUSON FABRICATION LLC     ,,9,Outside City Limits,238190,Welding/Fabrication,5414719220,10/24/1996 0:00,C07F306C-F726-46E6-AB77-7D0BF008811C,,,,,,,,,,,100,GALICE,,,RD,,,MERLIN,OR,97532,7/14/2026 10:47,7/31/2027 10:47
BTAX-042403-12-2025,,"LOST RIVER HAY CO, LLC",,4,Inside City Limits,111940,Farming-Hay,5418913324,11/2/2022 0:00,1220d526-1d58-4e8b-b1a9-2a4f68a27c4c,2475,WILLIAMS,, ,HWY,, ,GRANTS PASS,OR,97527,PO BOX  812,,,,,,,MERRILL,OR,97633,12/8/2025 11:33,12/31/2026 11:33
BTAX-041179-08-2025,,PARAMOUNT ELECTRIC COMPANY,,9,Outside City Limits,238210,Contractor-Electrical,5037032571,1/12/2002 0:00,BDE5EC8D-9B2D-4F71-8C30-56B1A104D107,3243,RIESLING,,,RD,,,MILWAUKIE,OR,97267,3243,RIESLING,,SE,RD,,,MILWAUKIE,OR,97267,8/12/2025 15:45,8/31/2026 15:45
BTAX-041571-08-2025,SARABETH DODD,STONER ELECTRIC LLC,,2,Outside City Limits,238210,Contractor-Electrical,5034626500,11/11/1996 0:00,CB3DA459-1C9E-419C-B12C-23E951C52B19,,,,,,,,,,,1904,OCHOCO,,SE,ST,,,MILWAUKIE,OR,97222,9/8/2025 9:32,8/31/2026 9:32
BTAX-043946-07-2026,GORDON DAY,DAY MANAGEMENT CORP,DAY WIRELESS SYSTEMS,12,Outside City Limits,238190,Contractor-General/Building Exterior,5036591240,5/24/2018 0:00,25cdc8d7-bf87-475c-8f56-cad4490745af,,,,,,,,,,,PO BOX 22169,,,,,,,MILWAUKIE,OR,97269,7/27/2026 12:52,7/31/2027 12:52
BTAX-041621-09-2025,ROBERT LING JR,"UNFI GROCERS DISTRIBUTION, INC",,1,Outside City Limits,425120,Wholesale Agent,9528284529,2/10/2008 0:00,A57A532D-5AF7-49D3-8050-1A142A7E0014,5300,SHEILA,,,ST,,,COMMERCE,CA,90040,ATTN: LICENSE GROUP,,PO BOX 990,,,,,MINNEAPOLIS,MN,55440,9/3/2025 11:19,9/30/2026 11:19
BTAX-041729-09-2025,,GARDA CL NORTHWEST INC,,3,Outside City Limits,561613,Armored Car Services,5619397000,7/31/1997 0:00,AF00D79C-6272-4A5E-A98A-030C72EB27A2,407,PECH,,,RD,,,CENTRAL POINT,OR,97502,PO BOX 8000,,,,,,,MONSEY,NY,10952,9/10/2025 14:50,9/30/2026 14:50
BTAX-041706-09-2025,GARY  PORTER,PORTER CONSTRUCTION           ,,3,Outside City Limits,238190,Contractor-General/Building Exterior,5416603536,12/9/1996 0:00,1A35514A-45B9-461B-8899-2179F7D1D04B,,,,,,,,,,,PO BOX 400,,,,,,,MURPHY,OR,97533,9/9/2025 12:35,9/30/2026 12:35
BTAX-041852-09-2025,,JAVIER OROZCO TREE SERVICE,JOTS TREE SERVICE,3,Inside City Limits,561730,Tree Services,5419569936,1/1/1999 0:00,be1be2a6-ce1a-499f-9a34-1617c4f40ae9,226,HUMPHREY,,,LN,,,GRANTS PASS,OR,97527,PO BOX 429,,,,,,,MURPHY,OR,97533,9/23/2025 10:19,9/30/2026 10:19
BTAX-041983-10-2025,,SOUTHERN OREGON CLEAN & GREEN JANITORIAL SERVICES,,2,Outside City Limits,561720,Janitorial Services,5417612332,1/1/2013 0:00,209DA934-3E90-4029-863B-22D3FC5CDA06,,,,,,,,,,,PO BOX 534,,,,,,,MURPHY,OR,97533,10/10/2025 10:23,10/31/2026 10:23
BTAX-042213-11-2025,GREGG & CHARLENE  PAINTON,GREGG & CHARLENE PAINTON      ,,2,Outside City Limits,531110,Rental Units/Landlord,5415077613,1/31/2014 0:00,204B8914-8F03-4E66-A326-51E613C4E9B9,,,,,,,,,,,PO BOX 276,,,,,,,MURPHY,OR,97533,11/4/2025 11:32,9/30/2026 11:32
BTAX-042321-11-2025,ROGER E & LOREEN L  EVENSEN,MOUNTAIN IRON WORKS LLC      ,,1,Outside City Limits,238990,Contractor-Trade/Specialty,5418622228,5/20/1996 0:00,5A519CB7-706A-4E93-8B43-E04C92485576,,,,,,,,,,,PO BOX 113,,,,,,,MURPHY,OR,97533,11/19/2025 10:39,11/30/2026 10:39
BTAX-043089-04-2026,JASON & CONSTANCE BRADLEY,JC BRADLEY PROPERTIES LLC,,2,Inside City Limits,721199,All Other Traveler Accommodation,5419737811,4/11/2023 0:00,c46b7da2-dbe0-448a-8d56-b7164862a980,406,DIMMICK,,NW,ST,,,GRANTS PASS,OR,97526,PO BOX 69,,,,,,,MURPHY,OR,97533,4/7/2026 9:00,4/30/2027 9:00
BTAX-043264-05-2026,SANG MONTAGE,MONTAGE ORIENTAL MEDICINE LLC,MONTAGE ACUPUNCTURE,1,Inside City Limits,621111,Medical-Physician,5417083953,4/6/2018 0:00,e80aac36-bd2a-47e5-a021-0d79c4827336,228,B,,NW,ST,,SUITE A,GRANTS PASS,OR,97526,PO BOX 704,,,,,,,MURPHY,OR,97533,5/12/2026 8:36,5/31/2027 8:36
BTAX-041319-08-2025,TANK  PARRISH,KEY LINE CONSTRUCTION INC     ,,4,Outside City Limits,238190,Contractor-General/Building Exterior,5416655415,3/24/2008 0:00,0A8349A5-0C2C-4E93-9C8C-70D7EB0616D8,6687,TOLO,,,RD,,,CENTRAL POINT,OR,97502,725,ASH,,,ST,,,MYRTLE POINT,OR,97458,8/18/2025 12:49,8/31/2026 12:49
BTAX-041513-08-2025,,FRED MEYER JEWELERS INC #126 ,,18,Inside City Limits,458310,Retail-Jewelry Store,5414747216,7/1/1988 0:00,BEAFACCB-DC53-4959-86AC-4079AEEBC8CA,1101,GRANTS PASS,,,Pkwy,,,GRANTS PASS,OR,97526,PO BOX 305103,,,,,,,NASHVILLE,TN,37230,8/22/2025 14:27,8/31/2026 14:27
BTAX-041646-09-2025,,TFORCE FREIGHT INC,,4,Inside City Limits,492110,Delivery Service-Courier & Express,4072869704,7/1/2009 0:00,8B65F96E-C81D-40C7-969D-6F3CDCF006D2,120,MORGAN,,NW,LN,, ,GRANTS PASS,OR,97526,C/O EY LCS,,PO BOX 25210,,,,,NASHVILLE,TN,37202,9/5/2025 10:29,9/30/2026 10:29
BTAX-041786-09-2025,,FRED MEYER STORES INC,FRED MEYER STORE #126,262,Inside City Limits,445110,Food-Grocery Store,5414747200,7/30/1988 0:00,5BEB60D5-1423-49A2-9A31-6B7CA3CE36F4,1101,GRANTS PASS,,,PKWY,,,GRANTS PASS,OR,97526,C/O KROGER BUSINES LICENSE,,PO BOX 305103,,,,,NASHVILLE,TN,372305103,9/17/2025 10:40,9/30/2026 10:40
BTAX-042060-10-2025,,VESTIS SERVICES LLC,,3,Outside City Limits,812320,Dry Cleaning Services,8189733693,7/1/1987 0:00,1AE6CFFE-D59F-4B18-95D0-41EE69F9D0F6,5880,NOLENSVILLE PK,,,,,,NASHVILLE,TN,37211,5880,NOLENSVILLE PK,,,,,,NASHVILLE,TN,37211,10/20/2025 14:20,10/31/2026 14:20
BTAX-041481-08-2025,,"DIEBOLD NIXDORF, INC                   ",,2,Outside City Limits,238990,Contractor-Trade/Specialty,3304904609,10/31/2012 0:00,ED9C8FA1-6F29-4E36-A5D8-E91BCB1EFC35,,,,,,,,,,,ATTN: MELINDA KEHNER,,PO BOX 3077,,,,,NORTH CANTON,OH,44720,8/20/2025 15:56,8/31/2026 15:56
BTAX-041256-08-2025,,SAFETY KLEEN SYSTEMS INC     ,,2,Outside City Limits,561720,Cleaning Service,7817925000,8/21/2006 0:00,57FD61A9-8F6C-4C8B-8A6E-BA913DBF6DFD,2730,ROOSEVELT,,,BLVD,,,EUGENE,OR,,ATTN: TAX DEPARTMENT,,42 LONGWATER DR,,,,,NORWELL,MA,02061,8/14/2025 12:39,8/31/2026 12:39
BTAX-042977-03-2026,DEAN MOSER,"CASCADE SELF STORAGE - GRANTS PASS, LLC",,7,Inside City Limits,493110,Storage & General Warehousing,4.15892E+12,12/31/2020 0:00,aded1760-c6fa-4982-935a-9ae9d5b7ed5e,2450,VINE,,NW,ST,, ,GRANTS PASS,OR,97526,PO BOX 7,,,,,,,NOVATO,CA,94948,3/16/2026 12:57,3/31/2027 12:57
BTAX-041472-08-2025,,PYE-BARKER FIRE & SAFETY,"NORTHWEST FIRE SUPRESSION,INC",2,Outside City Limits,238990,Contractor-Trade/Specialty,5036447720,1/20/2005 0:00,BE6597EE-1BE8-4C85-887E-790503B1D3A4,,,,,,,,,,,PO BOX 12487,,,,,,,OGDEN,UT,84412,8/20/2025 14:48,8/31/2026 14:48
BTAX-042001-10-2025,SHANNON MATTSON,EA2 LLC,RE/MAX INTEGRITY,5,Inside City Limits,531210,Real Estate Agents/Brokers,5419558483,10/1/2022 0:00,B3ED4763-E012-46A4-A616-611CC271BCB1,1830,7TH,,NE,ST,, ,GRANTS PASS,OR,97526,3009,PACIFIC,,,AVE,,STE 200,OLYMPIA,WA,98501,10/14/2025 12:14,10/31/2026 12:14
BTAX-042483-12-2025,,PEAK CREDIT UNION,,6,Inside City Limits,522130,Finance-Credit Union,5419556686,12/17/2007 0:00,A9F34382-010A-4908-9F9E-FEEC0DCBFAB2,1532,F,,NE,ST,, ,GRANTS PASS,OR,97526,PO BOX 718,,,,,,,OLYMPIA,WA,98507,12/18/2025 11:53,12/31/2026 11:53
BTAX-041488-08-2025,SALAHEDDIN HASSAN,MORGAN LANE MOBILE #124,,1,Inside City Limits,457120,Gas Station,5414790207,7/5/2017 0:00,13fdd8c2-a239-484d-b096-68ea078631d9,104,MORGAN,,NE,LN,, ,GRANTS PASS,OR,97526,2860,SANTIAGO,,N,BLVD,,,ORANGE,CA,928671722,8/22/2025 11:58,8/31/2026 11:58
BTAX-041787-09-2025,SALAHEDDIN HASSAN,"H & S STATIONS, LLC #5008",,21,Inside City Limits,457120,Gas Station,7.14762E+13,5/5/2003 0:00,EE79BA14-A50D-4E30-96C3-0F4158C81524,650,REDWOOD,, ,HWY,, ,GRANTS PASS,OR,97527,2860,SANTIAGO,,N,BLVD,,,ORANGE,CA,928671722,9/17/2025 10:47,9/30/2026 10:47
BTAX-041790-09-2025,SALAHEDDIN HASSAN,COLVIN OIL CO 76 STATION    ,,6,Inside City Limits,457120,Gas Station,5414795343,7/25/1992 0:00,4B58C56F-2480-4B53-9977-2F58AC90167C,1553,WILLIAMS,, ,HWY,, ,GRANTS PASS,OR,97527,2860,SANTIAGO,,N,BLVD,,,ORANGE,CA,928671722,9/17/2025 11:53,9/30/2026 11:53
BTAX-041791-09-2025,SALAHEDDIN HASSAN,COLVIN OIL CO STATION #3      ,,14,Inside City Limits,457120,Gas Station,5414795343,7/25/1992 0:00,A78538F8-0902-4B22-8D2F-86D51A3D5E7F,1044,6TH,,NW,ST,, ,GRANTS PASS,OR,97526,2860,SANTIAGO,,N,BLVD,,,ORANGE,CA,928671722,9/17/2025 12:07,9/30/2026 12:07
BTAX-041792-09-2025,SALAHEDDIN HASSAN,COLVIN OIL CO-CHEVRON STATION ,,10,Inside City Limits,457120,Gas Station,5414795343,1/1/1997 0:00,005A9FBD-5036-4605-9219-58D69A25B270,125,MORGAN,,NE,LN,, ,GRANTS PASS,OR,97526,2860,SANTIAGO,,N,BLVD,,,ORANGE,CA,928671722,9/17/2025 12:28,9/30/2026 12:28
BTAX-041813-09-2025,SALAHEDDIN HASSAN,CIRCLE K STORE #4             ,,14,Inside City Limits,445131,Convenience Store,5414795343,3/1/2002 0:00,347271AB-9F31-46BA-8007-DECDA83E8F0D,836,A,,NE,ST,, ,GRANTS PASS,OR,97526,2860,SANTIAGO,,N,BLVD,,,ORANGE,CA,928671722,9/18/2025 12:43,9/30/2026 12:43
BTAX-041814-09-2025,SALAHEDDIN HASSAN,COLVIN OIL CO 76 #126         ,,18,Inside City Limits,457120,Gas Station,5414795343,1/27/1993 0:00,0EF54A37-D97D-4D8E-8419-CA5CA0710398,1995,6TH,,NE,ST,, ,GRANTS PASS,OR,97526,2860,SANTIAGO,,N,BLVD,,,ORANGE,OR,928671722,9/18/2025 12:48,9/30/2026 12:48
BTAX-042797-02-2026,SALAHEDDIN HASSAN,"HASCO STATIONS, LLC",,1,Inside City Limits,457120,Gas Station,7.14762E+12,1/23/2024 0:00,c3d97769-0b86-4f5e-a4ed-e6ba55d0d647,730,REDWOOD,,,HWY,,,GRANTS PASS,OR,97527,2860,SANTIAGO,,N,BLVD,,,ORANGE,CA,928671722,2/13/2026 12:28,2/28/2027 12:28
BTAX-042798-02-2026,SALAHEDDIN HASSAN,"HASCO STATIONS, LLC",,1,Inside City Limits,457120,Gas Station,7.14762E+12,1/25/2024 0:00,fbb9a107-1158-47a5-b78b-73c7bd630975,2520,FOOTHILL,,,BLVD,,,GRANTS PASS,OR,97526,2860,SANTIAGO,,N,BLVD,,,ORANGE,CA,928671722,2/13/2026 12:33,2/28/2027 12:33
BTAX-041321-08-2025,JAMES  BLACKBURN,FIRE SYSTEMS WEST INC        ,,1,Outside City Limits,561621,Security System Services,2538331248,1/1/1985 0:00,EC0CAF80-EC98-4956-80FA-A1A66ED5B7B0,,,,,,,,,,,206,FRONTAG,,,RD,N,SUITE C,PACIFIC,WA,98047,8/18/2025 12:59,8/31/2026 12:59
BTAX-041433-08-2025,"M. WEBB, J DAHL &  B HICKS",NOR CAL OIL INC               ,PREMIER OIL CHANGE,7,Inside City Limits,811191,Auto-Oil Change/Lubrication Shop,5414762520,9/19/2015 0:00,DD94B9EE-D1FB-42F8-882F-B784BCB86982,840,E,,NE,ST,, ,GRANTS PASS,OR,97526,9402,DESCHUTES,,,RD,,,PALO CEDRO,CA,96073,8/19/2025 16:20,8/31/2026 16:20
BTAX-042161-10-2025,HAYLEY HUBERT & SHANE COYLE,RESTAURANT DEVELOPMENT COMPANY,RED ROBIN OF GRANTS PASS,104,Inside City Limits,722511,Restaurant,5419164986,4/17/2017 0:00,d8192dee-c5e7-47e5-924d-94d6e29cdc80,1561,ALLEN CREEK,, ,RD,, ,GRANTS PASS,OR,97527,6011,HORSESHOE,,E,RD,,,PARADISE VALLEY,AZ,85253,10/30/2025 11:50,10/31/2026 11:50
BTAX-042994-03-2026,DALE ZULAUF,"CASCADE LIVING GROUP - GRANTS PASS 12N, LLC",CASCADES OF GRANTS PASS-THE POINTE / THE VILLAGE,125,Inside City Limits,623312,Medical-Assisted Living Facility/Elderly,4254089141,11/15/2018 0:00,731cef97-5fcb-4e0c-833e-0acb3be93ace,1420,REDWOOD,, ,CIR,, ,GRANTS PASS,OR,97527,C/O 12 N CAPITAL LLC,680 E. COLORADO,,,BLVD,,SUITE 180,PASADENA,CA,91101,3/31/2026 8:30,3/31/2027 8:30
BTAX-042753-02-2026,TOM KENNEDY,INTERPATH LABORATORY INC     ,,2,Inside City Limits,621511,Medical-Laboratory,5412784329,1/13/2022 0:00,3b8c4ef8-acd8-4d44-83ee-ad8606b35079,1619,HAWTHORNE,,NW,AVE,,101,GRANTS PASS,OR,97526,PO BOX 1208,,,,,,,PENDLETON,OR,97801,2/6/2026 12:21,2/28/2027 12:21
BTAX-043670-07-2026,,INTERPATH LABORATORY INC     ,,9,Inside City Limits,621511,Medical-Laboratory,5412784329,1/1/2006 0:00,C9A2E6A5-095C-4941-8C2D-84EED71B6EAE,702,RAMSEY,,SW,AVE,,118,GRANTS PASS,OR,97527,PO BOX 1208,,,,,,,PENDLETON,OR,97801,7/9/2026 13:01,7/31/2027 13:01
BTAX-041277-08-2025,RICHARD D & LEAH  LEAL,RICHARD D & LEAH LEAL RENTALS ,,3,Outside City Limits,531110,Rental Units/Landlord,7077630557,7/1/1989 0:00,1D05F884-6B0B-4C06-A0A3-4D0C5D388940,,,,,,,,,,,2047,MAGNOLIA,,,AVE,,,PETALUMA,CA,94952,8/14/2025 15:21,8/31/2026 15:21
BTAX-041184-08-2025,STEVE  MULLIS,AL'S SHARPENING SERVICE INC   ,,1,Outside City Limits,541990,Professional-Misc,5415354711,7/1/1979 0:00,61CE70E4-D643-4F25-92E2-404DE7B05419,,,,,,,,,,,PO BOX 29,,,,,,,PHOENIX,OR,97535,8/12/2025 14:24,8/31/2026 14:24
BTAX-042243-11-2025,,U-HAUL CO. OF OREGON,,7,Inside City Limits,532120,Rental-Truck & RV Rentals,6022636577,7/18/2023 0:00,70601afe-0f43-4190-8b7d-57e630afb9d5,2318,VINE,,NW,ST,,,GRANTS PASS,OR,97526,PO BOX 21517,,,,,,,PHOENIX,AZ,85036,11/10/2025 10:12,11/30/2026 10:12
BTAX-042347-11-2025,JOHN WILEY,KAYLOR ELECTRIC LLC           ,,2,Outside City Limits,238210,Contractor-Electrical,5415352600,10/19/1997 0:00,BEA12F4B-4029-4145-9900-1652A99494F3,,,,,,,,,,,PO BOX 639,,,,,,,PHOENIX,OR,975350639,11/24/2025 12:23,10/31/2026 12:23
BTAX-042524-12-2025,JAMES ROBINSON,J. KOLBY ROBINSON DMD PC,TIMBER KIDS DENTISTRY,9,Inside City Limits,621210,Medical-Dentist,5419168484,6/21/2018 0:00,5c2126fb-dd0b-4f59-a8f3-04e388d66662,124,EVELYN,,NE,AVE,,SUITE B,GRANTS PASS,OR,97526,3200,CAMELBACK,,E,RD,,# 245,PHOENIX,AZ,85018,12/29/2025 10:50,12/31/2026 10:50
BTAX-043840-07-2026,,WELBURN ELECTRIC INC,,4,Outside City Limits,238210,Contractor-Electrical,5415353727,12/27/1991 0:00,70BEE02C-E40F-47D6-A547-A9CB64DD452B,4495,PACIFIC,,N,HWY,,# 460,PHOENIX,OR,97535,PO BOX 329,,,,,,,PHOENIX,OR,97535,7/16/2026 11:42,7/31/2027 11:42
BTAX-043887-07-2026,ANDREW  EDWARDS,BRITTANIA ENTERPRISES INC     ,,5,Outside City Limits,238190,Contractor-General/Building Exterior,5412612522,6/1/2015 0:00,295C54D5-674C-4D0B-A3DB-F4D61CE83594,,,,,,,,,,,5800,PACIFIC HWY    ,,S,HWY,,,PHOENIX,OR,97535,7/20/2026 14:17,7/31/2027 14:17
BTAX-041781-09-2025,SANTOS  GUERRA,OREGON CREWE CUTTERS INC      ,,1,Inside City Limits,813990,Organization-Misc,5414795663,6/8/2009 0:00,8673B159-6D31-4907-BE6C-42FE28BD94B0,1665,REDWOOD,, ,AVE,, ,GRANTS PASS,OR,97527,881,PO BOX,,,,,,PIRU,CA,93040,9/17/2025 10:08,8/31/2026 10:08
BTAX-043181-04-2026,,"GNC HOLDINGS, LLC",,3,Inside City Limits,456191,Retail-Health Food & Supplements,4123275383,6/12/1998 0:00,6AD863A4-1E5F-49D7-B07A-DC37D9150F98,955,D,,NE,ST,,,GRANTS PASS,OR,97526,75,HOPPER,,,PL,,STE 501,PITTSBURGH,PA,15222,4/21/2026 15:05,4/30/2027 15:05
BTAX-041225-08-2025,MAT CLEARY,,NECTAR,6,Inside City Limits,459991,All Other Miscellaneous Store Retailers (Except Tobacco Stores),5039126773,7/27/2021 0:00,f64d0c8b-d17a-455e-b213-93f7a0e031bf,162,BEACON,,NE,DR,,105,GRANTS PASS,OR,97526,18066,AIRPORT,,NE,WAY,,,PORTLAND,OR,97230,8/14/2025 16:06,8/31/2026 16:06
BTAX-041394-08-2025,,ASTRO #219                    ,,5,Inside City Limits,457120,Gas Station,5032432929,7/1/1990 0:00,D304DE9D-B387-442E-9F14-10E36926408D,324,E,,NE,ST,, ,GRANTS PASS,OR,97526,2929,29TH ,,NW,ST,,,PORTLAND,OR,97210,8/19/2025 11:47,8/31/2026 11:47
BTAX-041678-09-2025,,RODDA PAINT CO                ,,5,Inside City Limits,444120,Retail-Paint & Wallpaper,5415214300,3/1/2007 0:00,193953DC-ABBE-43D5-9253-DD64DE6230AC,409,F,,NE,ST,,,GRANTS PASS,OR,97526,6107,MARINE,,N,DR,,,PORTLAND,OR,97203,9/8/2025 11:40,9/30/2026 11:40
BTAX-041753-09-2025,,VIKING AUTOMATIC SPRINKLER COMPANY,,2,Outside City Limits,238990,Contractor-Trade/Specialty,5032271171,5/7/2001 0:00,B1335928-FC35-4C9E-8E57-5AC0000AFC5C,,,,,,,,,,,3245,FRONT ,,NW,AVE,,,PORTLAND,OR,97210,9/15/2025 9:39,9/30/2026 9:39
BTAX-041871-09-2025,RICHARD PINE,EVOLUTION PLUMBING LLC       ,,2,Outside City Limits,238190,Contractor-General/Building Exterior,5036553388,10/1/2015 0:00,0408E355-FFB4-46BE-9FDC-1A8DA1C7723E,,,,,,,,,,,7210,47TH,,NE,AVE,,,PORTLAND,OR,97218,9/26/2025 8:37,9/30/2026 8:37
BTAX-041888-09-2025,ANURAG PATEL,GP HOSPITALITY LLC,,13,Inside City Limits,721110,Hotel/Motel,,4/17/2017 0:00,b17aa30c-c12b-4798-a213-5ed3750c251d,1880,6TH,,NW,ST,, ,GRANTS PASS,OR,97526,3971,INTERSTATE,,N,,,,PORTLAND,OR,97227,9/26/2025 14:35,9/30/2026 14:35
BTAX-041889-09-2025,ANURAG PATEL,BCH GP LLC,,6,Inside City Limits,721110,Hotel/Motel,5034497696,3/18/1994 0:00,6D25EDFD-BCEB-4F4E-9D64-FB4183E57EE8,1627,6TH,,NE,ST,, ,GRANTS PASS,OR,97526,3971,INTERSTATE,,N,AVE,,,PORTLAND,OR,97227,9/26/2025 14:38,9/30/2026 14:38
BTAX-041925-10-2025,,JOHNSON CONTROLS INC         ,,10,Outside City Limits,238990,Contractor-Trade/Specialty,5033052000,6/22/2005 0:00,D9B6FD33-FA03-4C11-B1B4-495D9860DBA3,,,,,,,,,,,4011,INTERNATIONAL,,SE,WAY,,SUITE 605,PORTLAND,OR,97222,10/10/2025 8:34,10/31/2026 8:34
BTAX-041940-10-2025,WENDY  GIBSON,RAMSAY SIGNS INC              ,,2,Outside City Limits,238990,Sign Installation/Painting,5037774555,4/22/2011 0:00,24B877E7-C42D-49F5-A84E-4E0C28CF278D,,,,,,,,,,,9160,74TH ,,SE,AVE,,,PORTLAND,OR,97206,10/10/2025 9:02,10/31/2026 9:02
BTAX-042093-10-2025,LANCE WOODBURY,,,1,Inside City Limits,457120,Gas Station,5032248500,7/12/2018 0:00,aa2d9930-d16e-4e4e-8d1d-fd691703ae5a,625,7TH,,NE,ST,, ,GRANTS PASS,OR,97526,3125,35TH,,NW,AVE,,,PORTLAND,OR,97210,10/21/2025 10:08,10/31/2026 10:08
BTAX-042094-10-2025,LANCE WOODBURY,VINE STREET CARDLOCK,,1,Inside City Limits,457120,Gas Station,5417722053,12/17/2007 0:00,A30C2610-D357-4A26-8434-CCD15791B3D1,1998,VINE,,NW,ST,, ,GRANTS PASS,OR,97526,3125,35TH,,NW,AVE,,,PORTLAND,OR,97210,10/21/2025 10:14,10/31/2026 10:14
BTAX-042095-10-2025,LANCE WOODBURY,,,1,Inside City Limits,457120,Gas Station,5032248500,11/17/1997 0:00,23DC13D3-08A5-4B8D-B045-1FAB7EF8DD19,529,F,,NE,ST,, ,GRANTS PASS,OR,97526,3125,35TH,,NW,AVE,,,PORTLAND,OR,97210,10/21/2025 10:16,10/31/2026 10:16
BTAX-042117-10-2025,MARK WALTER,CHRISTENSON ELECTRIC INC     ,,1,Outside City Limits,238210,Contractor-Electrical,5034193300,2/1/2002 0:00,7BEC966E-3013-4BAF-9A75-FFD98184C346,,,,,,,,,,,17201,SACRAMENTO,,NE,ST,,,PORTLAND,OR,97230,10/23/2025 11:28,10/31/2026 11:28
BTAX-042121-10-2025,,PARAMOUNT PEST CONTROL INC   ,,1,Outside City Limits,561710,Pest Control,5032887375,1/27/1997 0:00,A5D9EB76-71CA-4ED6-9FDE-6A07378DB77D,,,,,,,,,,,PO BOX 13386,,,,,,,PORTLAND,OR,97213,10/24/2025 10:09,10/31/2026 10:09
BTAX-042406-12-2025,,PERFORMANCE SYSTEMS INTEGRATION LLC,,10,Outside City Limits,541990,Professional-Misc,5036412222,1/1/2002 0:00,ADBC78A6-7A8D-42DD-8080-9817173E24AE,7324,DURHAM,,SW,,,,PORTLAND,OR,97224,7324,DURHAM,,SW,RD,,,PORTLAND,OR,97224,12/8/2025 11:57,12/31/2026 11:57
BTAX-042653-01-2026,,NEXGEN PROPANE LLC,UNIVERSAL PROPANE,25,Outside City Limits,457210,All Other Miscellaneous Store Retailers (Except Tobacco Stores),5419561863,11/15/2018 0:00,8d0bad25-411c-4e82-a1b3-5a97cf83bef5,,,,,,,,,,,3125,35TH,,NW,AVE,,,PORTLAND,OR,97210,1/20/2026 14:26,1/31/2027 14:26
BTAX-042656-01-2026,,ALLIANT SYSTEMS               ,,3,Outside City Limits,238990,Contractor-Trade/Specialty,5036194000,11/1/2002 0:00,5B19EB39-9FCB-4D01-A90E-36310EEA8FEB,,,,,,,,,,,831,17TH,,SW,AVE,,,PORTLAND,OR,97205,1/20/2026 14:36,1/31/2027 14:36
BTAX-042731-02-2026,DENNIS  MEYER,MEYER SIGN COMPANY OF OREGON INC,,3,Outside City Limits,238990,Sign Installation/Painting,5036208200,9/29/2008 0:00,269D9F65-C3A8-436C-981F-A050BFE244BA,15205,74TH,,SW,AVE,,,TIGARD,OR,97224,15205,74TH ,,SW,AVE,,,PORTLAND,OR,97224,2/3/2026 16:30,2/28/2027 16:30
BTAX-042805-02-2026,MARK TIFFEE,"GLV ENTERPRISES, INC DBA RENEWAL BY ANDERSEN",RENEWAL BY ANDERSEN,1,Outside City Limits,238190,Contractor-General/Building Exterior,5039063835,1/3/2022 0:00,c1489d00-134f-4136-9cae-a1206617ec5b,,,,,,,,,,,18151,BOONES FERRY,,SW,RD,,,PORTLAND,OR,97224,2/12/2026 16:01,2/28/2027 16:01
BTAX-042959-03-2026,,RODDA PAINT HOLDINGS LLC,RODDA PAINT CO,5,Inside City Limits,444120,Retail-Paint & Wallpaper,5412441723,12/1/2024 0:00,3769F400-E20E-4CE7-A44C-003CAC115301,1620,ALLEN CREEK,,,RD,,SUITE D,GRANTS PASS,OR,97527,6107,MARINE,,N,DR,,,PORTLAND,OR,97203,3/13/2026 13:42,3/31/2027 13:42
BTAX-043027-03-2026,,"DEACON CONSTRUCTION, LLC",,5,Outside City Limits,238190,Contractor-General/Building Exterior,5032978791,7/23/2016 0:00,4f1de8cd-aa2e-403a-9cab-68d0f84fecc0,,,,,,,,,,,901,GLISAN,,NE,ST,,STE 100,PORTLAND,OR,97232,3/30/2026 15:26,3/31/2027 15:26
BTAX-043049-03-2026,CYNDI STOCKS,SECURITY SIGNS INC,,2,Outside City Limits,238990,Sign Installation/Painting,5032324172,5/1/2013 0:00,B2A3FD46-F2F8-4699-8DAD-1E795EA79EAE,,,,,,,,,,,2424,HOLGATE ,,SE,BLVD,,,PORTLAND,OR,97202,3/30/2026 14:52,3/31/2027 14:52
BTAX-043274-05-2026,BRIAN  COOK,COOK SOLUTIONS GROUP INC,,1,Outside City Limits,561621,Security System Services,5037865173,11/4/2003 0:00,94D501A1-4158-4F0E-BCAC-26D16E1956A6,,,,,,,,,,,9225,CASCADES,,NE,PKWY,,,PORTLAND,OR,97220,5/12/2026 10:02,5/31/2027 10:02
BTAX-043435-06-2026,,PACIFICORP                    ,PACIFIC POWER,53,Outside City Limits,221122,Electric Company,5419557946,1/1/1997 0:00,82086AD6-8195-498B-9F15-E42C350292F0,,,,,,,,,,,825,MULTNOMAH,,NE,ST,,SUITE 1900,PORTLAND,OR,97232,6/12/2026 11:30,6/30/2027 11:30
BTAX-043879-07-2026,GARY & KATHLEEN  O'NEAL,GARY O'NEAL RENTALS           ,,1,Outside City Limits,531110,Rental Units/Landlord,5412264528,10/2/1996 0:00,D2161245-81A1-4E93-B066-BFD3E97011CE,,,,,,,,,,,3725,91ST,,SW,AVE,,,PORTLAND,OR,97225,7/20/2026 13:38,7/31/2027 13:38
BTAX-041219-08-2025,,ANSWERLIVE LLC                ,,11,Inside City Limits,813990,Organization-Misc,5414761122,4/15/1997 0:00,E24871AA-8E5D-445F-8A68-B6931CFA1D29,,,,,,,,,,,345,WITHERSPOON,,,ST,,,PRINCETON,NJ,8542,8/13/2025 10:25,8/31/2026 10:25
BTAX-041648-09-2025,,IGT GLOBAL SOLUTIONS,,1,Outside City Limits,425120,Wholesale Agent,4013921000,7/1/1987 0:00,0051FAEF-92D5-4C07-AE01-921F68796BD2,,,,,,,,,,,10,MEMORIAL,,,BLVD,,,PROVIDENCE,RI,02903,9/5/2025 10:50,9/30/2026 10:50
BTAX-042263-11-2025,JENNIFER  THORNTON,PREMIER OXYGEN LLC           ,,5,Inside City Limits,541990,Professional-Misc,5419569177,7/1/2003 0:00,61729755-9AA8-497D-B3CD-733A50AE505C,2137,INDUSTRY,,NE,DR,, ,GRANTS PASS,OR,97526,PO BOX 50544,,,,,,,PROVO,UT,84605,11/10/2025 12:03,11/30/2026 12:03
BTAX-041323-08-2025,NANCY  ZIRKLE,TEHAMA TIRE SERVICE INC OREGON,,2,Inside City Limits,441340,Retail-Tire Dealer,5035275272,4/1/1987 0:00,7EBFCE73-D9F2-4349-B563-5520A7B99F3D,335,UNION,, ,AVE,, ,GRANTS PASS,OR,97527,525,ANTELOPE,,,BLVD,,,RED BLUFF,CA,96080,8/18/2025 14:19,8/31/2026 14:19
BTAX-043455-06-2026,"ROBERT SEAWRIGHT, CINDY SEAWRIGHT","RCR STAR OREGON, INC",INTERIM HEALTHCARE,18,Inside City Limits,621610,Medical-Home Health Care Services,5307221530,5/20/2019 0:00,1dce415c-e55b-41f6-9147-9163714511ed,215,6TH,,SE,ST,, ,GRANTS PASS,OR,97526,PO BOX 949557,,,,,,,REDDING,CA,960492557,6/15/2026 11:15,6/30/2027 11:15
BTAX-043326-05-2026,RACHAEL HARING,TEMP-RITE MECHANICAL LLC,,1,Outside City Limits,238220,Contractor-HVAC Services,5416780744,1/11/2013 0:00,dd8078a9-be62-41a3-bd48-46e67971b5c0,460,HEMLOCK,,NE,AVE,,,REDMOND,OR,97756,PO BOX 220,,,,,,,REDMOND,OR,97756,5/22/2026 10:51,5/31/2027 10:51
BTAX-042873-03-2026,GIOVANNI PALAZZO,"ELECTRIFY AMERICA, LLC",,0,Inside City Limits,457120,Gas Station,7036363671,10/11/2018 0:00,c014633e-476b-4038-8636-d66c04744bc5,135,TERRY,,NE,LN,, ,GRANTS PASS,OR,97526,1950,OPPORTUNITY,,,WAY,,SUITE 1500,RESTON,VA,20190,3/2/2026 12:50,2/28/2027 12:50
BTAX-042040-10-2025,CODY HACKETT,DAY OR NIGHT ELECTRIC         ,,4,Outside City Limits,238210,Contractor-Electrical,5418742371,6/1/1997 0:00,F4BEBF05-B9C1-4BB1-8FDC-3C0FF6528A8F,1078,SHOESTRING,,,RD,,,RIDDLE,OR,97469,PO BOX 326,,,,,,,RIDDLE,OR,97469,10/16/2025 12:53,10/31/2026 12:53
BTAX-041229-08-2025,RANDY  FURTADO,FURTADO'S LANDSCAPE INC       ,,4,Outside City Limits,541320,Landscaping Services,5414508584,3/14/2008 0:00,11D58DF9-DD26-4CF3-893E-051F6C6B87F6,2179,INDUSTRY,,NE,DR,,#5,GRANTS PASS,OR,97526,PO BOX 425,,,,,,,ROGUE RIVER,OR,97537,8/14/2025 9:47,8/31/2026 9:47
BTAX-041283-08-2025,,MATICHAK HEATING & COOLING    ,,1,Outside City Limits,238220,Contractor-HVAC Services,5417724910,7/1/2011 0:00,FFA4AF75-E32E-4646-9575-B2E4409CE76E,,,,,,,,,,,265,QUEENS BRANC,,,RD,,,ROGUE RIVER,OR,97537,8/14/2025 15:35,8/31/2026 15:35
BTAX-041318-08-2025,TOHRU SUZUKI,ORIENTAL TOUCH,BODY WORK,1,Inside City Limits,621399,Medical-Massage Therapy,5414794010,8/27/2019 0:00,1f45e5f5-9af7-4929-84bd-739328478cf3,777,7TH,,NE,ST,,,GRANTS PASS,OR,97526,PO BOX 385,,,,,,,ROGUE RIVER,OR,97537,8/18/2025 12:46,8/31/2026 12:46
BTAX-041346-08-2025,HOLLY SPITZ,HOLLY SPITZ,SPITZ INSURANCE AGENCY,5,Inside City Limits,524210,Insurance Agency & Brokerages,5414797312,10/1/2021 0:00,1869a65a-fa04-4788-83c7-225afa8a5e92,1690,WILLIAMS,, ,HWY,, ,GRANTS PASS,OR,97527,111,MAIN,,E,ST,,,ROGUE RIVER,OR,97537,8/18/2025 16:07,8/31/2026 16:07
BTAX-041350-08-2025,,ARTOFF PLUMBING INC           ,,5,Outside City Limits,238220,Plumber,5415820853,5/28/2002 0:00,57AAB087-E046-480A-ABE8-53C86185F59C,,,,,,,,,,,2909,WARDS CRK,,,RD,,,ROGUE RIVER,OR,97537,8/18/2025 16:18,8/31/2026 16:18
BTAX-041468-08-2025,JANISE O'PATCHEN,O'PATCHEN FAMILY FARM,,3,Outside City Limits,111998,Farming-Misc Crops,5412990688,8/16/2022 0:00,f6b53b01-d759-4fc3-a31f-dc0f091d3797,,,,,,,,,,,557,MINTHORNE,,,RD,,,ROGUE RIVER,OR,97537,8/20/2025 14:42,8/31/2026 14:42
BTAX-041587-08-2025,BRITTANY HOLCOMB,HEAVENLY SWEETS BAKERY        ,,2,Inside City Limits,311811,Bakery,5419559485,1/3/2014 0:00,24D77FF5-73C8-43EB-A3F3-132D50723440,200,4TH,,NW,ST,, ,GRANTS PASS,OR,97526,539,EVANS CREEK,,W,RD,,,ROGUE RIVER,OR,97537,8/28/2025 16:21,8/31/2026 16:21
BTAX-041617-09-2025,KENNY BLACK,ABOVE ALL MAINTENENCE,,1,Outside City Limits,811490,Personal & Household Goods Repair/Maint,5412955925,8/23/2022 0:00,233163e4-75f6-427f-9143-992df40ae976,,,,,,,,,,,PO BOX 1403,,,,,,,ROGUE RIVER,OR,97537,9/3/2025 10:44,8/31/2026 10:44
BTAX-041665-09-2025,,TIMBER MOUNTAIN CONSTRUCTION  ,,10,Outside City Limits,238190,Contractor-General/Building Exterior,5419568700,9/9/1997 0:00,21B45181-28C5-44E7-A9F3-C54BE7A05BEB,,,,,,,,,,,PO BOX 930,,,,,,,ROGUE RIVER,OR,97537,9/5/2025 15:45,9/30/2026 15:45
BTAX-041683-09-2025,,RIVER'S EDGE ACADEMY CHARTER SCHOOL,REACH SCHOOL,0,Inside City Limits,611699,Education-Misc Schools & Institutions,5412990299,6/18/2019 0:00,66bd6df3-4b12-440d-a0a4-0103dc1635ad,290,C,,NE,ST,, ,GRANTS PASS,OR,97526,PO BOX 1364,,,,,,,ROGUE RIVER,OR,97537,9/8/2025 14:36,9/30/2026 14:36
BTAX-041773-09-2025,GERALD MCNAMARA,MCNAMARA'S PAINTING,,1,Outside City Limits,238320,Painting & Wall Covering,7607171938,10/18/2022 0:00,1bfce4dc-848d-47a3-8833-149551c8dfbf,1950,DEMARAY,,,DR,,5,GRANTS PASS,OR,97527,PO BOX 854,,,,,,,ROGUE RIVER,OR,97537,9/16/2025 15:44,9/30/2026 15:44
BTAX-041780-09-2025,GLEN PARKER,PARKERS HEATING & AIR CONDITIONING LLC,,1,Outside City Limits,238190,Contractor-General/Building Exterior,5418908252,5/7/2017 0:00,5e2653b4-9ecf-4f69-97c7-fedcf36c8ea4,,,,,,,,,,,PO BOX 151,,,,,,,ROGUE RIVER,OR,97537,9/17/2025 9:33,9/30/2026 9:33
BTAX-041916-10-2025,JAKE  WARDLE,JAKE L WARDLE ELECTRIC        ,,1,Outside City Limits,238210,Contractor-Electrical,5416597300,7/1/2014 0:00,3B51B2D7-4040-499E-A65F-FC6D279F9758,,,,,,,,,,,5450,EVANS CREEK,,E,RD,,,ROGUE RIVER,OR,97537,10/2/2025 10:13,9/30/2026 10:13
BTAX-042174-10-2025,ANNICK LOCKSHAW,NIGHTSHADE TATTOO,,1,Inside City Limits,812199,Tattoo/Piercing Shop,5415905741,9/14/2023 0:00,f46d185e-daac-448c-9b2f-c4b65a99a411,531,E,,NE,ST,,A,GRANTS PASS,OR,97526,6800,PLEASANT CREEK,,,RD,,,ROGUE RIVER,OR,97537,10/31/2025 10:43,10/31/2026 10:43
BTAX-042203-11-2025,DARREN  DOEHRING,DARREN DOEHRING CONSTRUCTION,,1,Outside City Limits,238190,Contractor-General/Building Exterior,,6/19/2020 0:00,84585654-db54-4130-a7dd-cefb3867df54,,,,,,,,,,,PO BOX 1409,,,,,,,ROGUE RIVER,OR,97537,11/4/2025 10:59,10/31/2026 10:59
BTAX-042354-11-2025,DANIEL CEPEDA,DANIEL CEPEDA - SOLE PROPRIETOR,,1,Outside City Limits,561720,Janitorial Services,5039264387,8/17/2022 0:00,07146b9a-760d-406c-a8c5-4df3b0ce6316,,,,,,,,,,,607,LIA,,,WAY,,,ROGUE RIVER,OR,97537,11/26/2025 15:47,11/30/2026 15:47
BTAX-042472-12-2025,,OREGON PROPERTY HOLDINGS LLC ,,2,Outside City Limits,531110,Rental Units/Landlord,5416603594,9/15/1997 0:00,BB5E0C24-AF18-44EF-B0CF-B3FA8FDD81B6,,,,,,,,,,,PO BOX 1438,,,,,,,ROGUE RIVER,OR,97537,12/15/2025 14:24,12/31/2026 14:24
BTAX-042554-01-2026,,VINCE LEE CONSTRUCTION,,2,Outside City Limits,238190,Contractor-General/Building Exterior,,8/1/2018 0:00,6a8cc852-8240-4770-ace7-66269503fbbd,,,,,,,,,,,2868,WARDS,,,,,,ROGUE RIVER,OR,97537,1/5/2026 9:31,1/31/2027 9:31
BTAX-042639-01-2026,DALE HONEA,HONEA CONSTRUCTION            ,,1,Outside City Limits,236118,Const-Residential Remodeler,5416606493,12/7/2006 0:00,47C38E13-05A4-4F90-BDD2-5B4971EAF68A,,,,,,,,,,,1000,WARDS CREEK,,,RD,,,ROGUE RIVER,OR,97537,1/15/2026 10:44,1/31/2027 10:44
BTAX-042640-01-2026,STEVE  CRUME,STEVE CRUME DRYWALL           ,,3,Outside City Limits,238310,Drywall & Insulation,5416603328,1/6/2006 0:00,CE648018-6485-4975-9A09-2B815F918B55,,,,,,,,,,,2740,EVANS CREEK,,E,CR,,,ROGUE RIVER,OR,97537,1/15/2026 11:06,1/31/2027 11:06
BTAX-042663-01-2026,"UNE/PUNTNEY, LAURIE  REYNOLDS",EXPRESS CUTS                  ,,1,Inside City Limits,812111,Barber Shop,5414765144,3/16/1996 0:00,7600F2E2-EA82-4A72-829F-4E61CE9BE76F,215,8TH,,SE,ST,, ,GRANTS PASS,OR,97526,7163,EVANS CREEK,,W,DR,,STE 103,ROGUE RIVER,OR,97537,1/20/2026 15:10,1/31/2027 15:10
BTAX-042695-01-2026,MICKEY HALL,MICK HALL EXCAVATION & CONSTRUCTION LLC,,3,Outside City Limits,238190,Contractor-General/Building Exterior,5413243635,1/5/2021 0:00,69ce5c0f-4fd5-4796-b03d-808612a99921,,,,,,,,,,,6897,EVANS CREEK,,W,RD,,,ROGUE RIVER,OR,97537,1/27/2026 11:23,1/31/2027 11:23
BTAX-042696-01-2026,JAMES  WRIGHT,JAMES WRIGHT ROOFING          ,,9,Outside City Limits,238160,Roofing,5412950204,3/12/2002 0:00,B3AD6EAD-CAAF-47A1-9CC5-7D9CE0BF122D,,,,,,,,,,,308,CEDAR,,,ST,,,ROGUE RIVER,OR,97537,1/27/2026 14:15,1/31/2027 14:15
BTAX-042747-02-2026,,DOVE MINISTRIES INC.,,1,Outside City Limits,813110,Religious Organization,5414504960,1/24/2020 0:00,f4e8a949-1ad4-4245-b259-78a3cb28787f,,,,,,,,,,,PO BOX 1258,,,,,,,ROGUE RIVER,OR,97537,2/6/2026 9:17,1/31/2027 9:17
BTAX-043124-04-2026,,STEVE MUHLNICKEL CONSTRUCTION,,3,Outside City Limits,238190,Contractor-General/Building Exterior,5416601067,12/2/2010 0:00,41B84952-0E4F-496D-A4EB-F0D4CF784283,,,,,,,,,,,PO BOX 772,,,,,,,ROGUE RIVER,OR,97537,4/14/2026 11:40,4/30/2027 11:40
BTAX-043372-06-2026,YOLANDA JACKSON,BOHO BEAUTY STUDIO LLC,BOHO BEAUTY STUDIO,1,Inside City Limits,812112,Beauty Salon,5417877016,5/18/2023 0:00,c076be7a-4c80-486d-90ce-2add207a9f08,543,E,,NE,ST,,205,GRANTS PASS,OR,97526,529,EVANS CREEK,,W,RD,,,ROGUE RIVER,OR,97537,6/1/2026 12:33,5/31/2027 12:33
BTAX-043431-06-2026,,ALL SYSTEMS PLUMBING          ,,1,Outside City Limits,238220,Plumber,5413246952,6/28/2007 0:00,FD67A61B-6656-43E0-95FC-E23F7675CF7C,106,BRAMBLEWOOD,,,CT,,,ROGUE RIVER,OR,97537,106,BRAMBLEWOOD,,,CT,,,ROGUE RIVER,OR,97537,6/9/2026 12:33,6/30/2027 12:33
BTAX-043463-06-2026,JAKE RIES,OREGON SOLAR AND BATTERY LLC,,3,Inside City Limits,238220,Solar Equipment Installation,5412990201,5/11/2023 0:00,420d5c0e-52a9-4b03-a12b-3f9d2cc91c00,,,,,,,,,,,102C,MAIN,,E,ST,,,ROGUE RIVER,OR,97532,6/16/2026 10:43,6/30/2027 10:43
BTAX-043476-06-2026,GEORGE B  KOSTAL,GEORGE B KOSTAL ROOFING       ,,2,Outside City Limits,238160,Roofing,5414721361,2/17/1994 0:00,3E458D74-0B41-471D-AC87-1DFFD04F489D,,,,,,,,,,,628,COVERED BRIDGE,,,RD,,,ROGUE RIVER,OR,97537,6/18/2026 10:39,6/30/2027 10:39
BTAX-043597-07-2026,ROBIN REA,SECOND STAR TO THE RIGHT,,2,Outside City Limits,561510,Travel Agency,5416602256,6/26/2020 0:00,be6dd897-82de-440b-9e1a-b700a8f2d366,,,,,,,,,,,417,BROADWAY,,,ST,,,ROGUE RIVER,OR,97537,7/7/2026 11:56,7/31/2027 11:56
BTAX-043719-07-2026,,MY PLUMBER! LLC              ,,2,Outside City Limits,238220,Plumber,5416010000,5/1/2004 0:00,74B8353A-8BA3-4FF5-8DD5-66056CDE3539,,,,,,,,,,,PO BOX 1259,,,,,,,ROGUE RIVER,OR,97537,7/10/2026 12:37,7/31/2027 12:37
BTAX-043721-07-2026,CINDY  O'DELL,"CINDY O'DELL, LMT             ",,1,Inside City Limits,621399,Medical-Massage Therapy,5416608787,2/1/2005 0:00,45D25F87-D5F5-433A-B7EB-53D0E81B0F3C,600,ROGUE RIVER,,,HWY,,,GRANTS PASS,OR,97527,315,EVANS CREEK,,W,RD,,UNIT #71,ROGUE RIVER,OR,97537,7/10/2026 12:46,7/31/2027 12:46
BTAX-043760-07-2026,SHAWN  HERBERHOLZ,C.B.C. CAT & BACKHOE           ,CBC INC,3,Outside City Limits,562991,Waste-Septic Tank & Related Services,5418214850,1/1/1990 0:00,69F12193-B503-4D41-87C6-8EA8F4C10CCB,,,,,,,,,,,PO BOX 755,,,,,,,ROGUE RIVER,OR,97537,7/14/2026 11:42,7/31/2027 11:42
BTAX-043797-07-2026,MICHELLE  TORREZ,MICHELLE TORREZ LMT           ,,1,Inside City Limits,621399,Medical-Massage Therapy,5412615027,10/18/2010 0:00,04E1223C-DBB3-471D-AB57-0573674D9289,1200,7TH,,NE,ST,,,GRANTS PASS,OR,97526,2848,PLEASANT CREEK,,,RD,,,ROGUE RIVER,OR,97537,7/14/2026 15:55,7/31/2027 15:55
BTAX-043804-07-2026,GRACE & ROSS  CHAPMAN,FRANCISCAN APTS               ,,2,Inside City Limits,531110,Rental Units/Landlord,5415825958,7/1/2006 0:00,7E20A69B-AF73-467C-8716-526845D3826C,234,ROGUE RIVER,,SW,AVE,, ,GRANTS PASS,OR,97526,PO BOX 753,,,,,,,ROGUE RIVER,OR,97537,7/15/2026 9:40,7/31/2027 9:40
BTAX-043835-07-2026,JOHN R & DEBBIE A  MALONI,RITE-WAY HEATING & AIR / R LLC  ,,1,Outside City Limits,238220,Contractor-HVAC Services,5415822481,12/1/1997 0:00,4650B8B9-D16C-4B43-A149-909DFC27C24C,,,,,,,,,,,10160,EVANS CREEK,,W,RD,,,ROGUE RIVER,OR,97537,7/16/2026 11:03,7/31/2027 11:03
BTAX-041549-08-2025,,"ROSALES SERVICES AND CONSULTING, LLC",BELLA ROGUE WELLNESS CLINIC,5,Inside City Limits,621420,Medical-Mental Health/Substance Abuse Center,5415127512,8/10/2022 0:00,621e681e-5979-4a26-9af8-97a3af1a7b16,980,6TH,,SW,ST,,SUITE 10,ROGUE RIVER,OR,97526,106,CREEKVIEW,,,LN,,,ROGUE RIVER ,OR,97537,8/26/2025 9:39,8/31/2026 9:39
BTAX-041314-08-2025,DOUG  SCHULZE,UMPQUA VALLEY FIRE SERVICES   ,A-1 FIRE PROTECTION,3,Outside City Limits,238990,Contractor-Trade/Specialty,5412290911,7/1/2009 0:00,9935302E-7A00-4E19-B593-54106C3C0AD9,,,,,,,,,,,1353,PINE ,,SE,,,,ROSEBURG,OR,97470,8/18/2025 12:22,8/31/2026 12:22
BTAX-041334-08-2025,MARY INSCORE,CSO FINANCIAL INC,CREDIT SERVICES OF OREGON,3,Inside City Limits,525990,Finance-Misc Finance,5416736661,7/8/2005 0:00,8099FFB0-0A3C-434A-9F36-E0DB8B4A19E4,528,E,,NE,ST,, ,GRANTS PASS,OR,97526,PO BOX 1208,,,,,,,ROSEBURG,OR,97470,8/18/2025 15:18,8/31/2026 15:18
BTAX-041449-08-2025,,VALLEY TEL SERVICE INC       ,,2,Outside City Limits,517112,Telecommunication-Wireless Carrier,5417798904,12/28/2006 0:00,2679C42B-06C2-40FD-BD54-41AEBE533C98,,,,,,,,,,,2210,STEPHENS ,,NE,ST,,,ROSEBURG,OR,97470,8/20/2025 11:32,8/31/2026 11:32
BTAX-041456-08-2025,,C & S FIRE SAFE SERVICE LLC       ,,5,Outside City Limits,561621,Security System Services,5416731337,1/1/1970 0:00,679205FA-AEFB-4A28-8EDF-2713CF3C2FC5,,,,,,,,,,,4019,HOOKER,,,RD,,,ROSEBURG,OR,97470,8/20/2025 12:47,8/31/2026 12:47
BTAX-041485-08-2025,DOUGLAS FELDKAMP,UMPQUA DAIRY PRODUCTS CO      ,,2,Inside City Limits,425120,Wholesale Agent,5414796832,7/1/2003 0:00,F547EB09-542D-4489-A115-3FAA92D64AD6,350,ICE CREAM,,SE,DR,, ,CENTRAL POINT,OR,97502,PO BOX 1306,,,,,,,ROSEBURG,OR,97470,8/20/2025 16:24,8/31/2026 16:24
BTAX-041695-09-2025,LISA  GOGAL,PACIFIC AIR COMFORT INC      ,,4,Outside City Limits,238220,Contractor-HVAC Services,5416725300,7/6/1997 0:00,CED746C8-9DBB-4089-94A8-1E9990DF21D8,1440,DEE,,,ST,,,ROSEBURG,OR,97470,PO BOX 790,,,,,,,ROSEBURG,OR,97470,9/9/2025 10:51,9/30/2026 10:51
BTAX-041979-10-2025,ELIAS MINAISE,SIGNCRAFT PREMIER IDENTITY SOLUTIONS INC,,2,Outside City Limits,238210,Contractor-Electrical,5416723170,7/6/2016 0:00,8922cb73-38fa-4b7c-81e7-eeab64ed88ac,,,,,,,,,,,PO BOX 1141,,,,,,,ROSEBURG,OR,97470,10/9/2025 14:34,10/31/2026 14:34
BTAX-042018-10-2025,JEREMY CHAPPELL,WICKS EMMETT LLP,,10,Inside City Limits,4239,OTHER MISCELLANEOUS DURABLE GOODS MERCHANT WHOLESALERS,5414741040,2/2/2011 0:00,4280f88e-9b60-4726-8107-cebb8652bd3f,233,B,,NE,ST,, ,GRANTS PASS,OR,97526,PO BOX 2350,,,,,,,ROSEBURG,OR,97470,10/15/2025 9:14,10/31/2026 9:14
BTAX-042053-10-2025,CHRIS MESA,C.A. MESA PLUMBING INC,,3,Outside City Limits,238220,Plumber,5414406372,1/31/2018 0:00,b27edb7c-4756-4eb6-9fc4-94fba37888b0,,,,,,,,,,,235,TABER,,,LN,,,ROSEBURG,OR,97471,10/17/2025 16:15,10/31/2026 16:15
BTAX-042233-11-2025,SHAUN PRITCHARD,UNITED COMMUNITY ACTION NETWORK,UCAN,25,Inside City Limits,624210,Social Svcs-Community Food Svcs,5416723421,7/8/2014 0:00,0426244b-ab8c-4b06-b6f0-9eca9f08b855,900,8,,SE,ST,, ,GRANTS PASS,OR,97526,251,GARDEN VALLEY,,NE,BLVD,,SUITE 205,ROSEBURG,OR,97470,11/7/2025 9:46,11/30/2026 9:46
BTAX-042257-11-2025,ROBERT & JACKIE MILLER,NEXCOM LLC,,12,Outside City Limits,238190,Contractor-General/Building Exterior,5414644000,11/29/2018 0:00,a35fbda6-7b22-44ed-abf6-08af383f53b2,2141,AIRPORT,,NE,RD,,,ROSEBURG,OR,97470,1224,WALNUT,,NE,ST,,# 249,ROSEBURG,OR,97470,11/10/2025 11:26,11/30/2026 11:26
BTAX-042475-12-2025,JAMES BERGERON JR,ROSEBURG REFRIGERATION MECHANICAL CONTRACTORS LLC,ROSEBURG REFRIGERATION,13,Outside City Limits,238220,Contractor-HVAC Services,5416728939,4/1/2013 0:00,28dbab53-270f-4215-8569-d762a3aaafde,,,,,,,,,,,PO BOX 143,,,,,,,ROSEBURG,OR,97470,12/16/2025 11:30,12/31/2026 11:30
BTAX-042498-12-2025,,ADDCOX ELECTRIC INC,ADDCOX HEATING CENTER,34,Outside City Limits,238220,Contractor-HVAC Services,5416726473,1/5/1981 0:00,FD95CEC1-9605-44A7-A8FC-776CD0E40969,,,,,,,,,,,831,HIGHLAND,,NW,ST,,,ROSEBURG,OR,97470,12/23/2025 10:30,11/30/2026 10:30
BTAX-042608-01-2026,JAMES SILKE JR,"SILKE COMMUNICATIONS SOLUTIONS, INC",,2,Outside City Limits,517112,Telecommunication-Wireless Carrier,5419467309,11/21/2014 0:00,4e6ad134-f379-42a4-bffe-26a7625e58b8,1825,6TH,,NE,ST,, ,GRANTS PASS,OR,97526,181,INDUSTRIAL,,,DR,,,ROSEBURG,OR,97471,1/12/2026 15:15,1/31/2027 15:15
BTAX-042648-01-2026,,TERRAFIRMA FOUNDATION REPAIR  ,,3,Outside City Limits,238190,Contractor-General/Building Exterior,8669737277,1/1/2006 0:00,A2256674-0D7E-427E-8DF8-111365E4424C,,,,,,,,,,,7700,OLD HIGHWAY 99,,,,N,,ROSEBURG,OR,974709875,1/20/2026 14:16,12/31/2026 14:16
BTAX-042809-02-2026,STEPHEN DILL,ELECTRICAL PROFESSIONAL SERVICE INC,,2,Outside City Limits,238210,Contractor-Electrical,5416375050,2/24/2010 0:00,36D91F0B-57F1-46B2-9E50-7905DEAF8588,,,,,,,,,,,2130,AIRPORT ,,NE,RD,,,ROSEBURG,OR,97470,2/13/2026 11:05,2/28/2027 11:05
BTAX-042971-03-2026,DAVID DENSE,3-D CONSTRUCTION,,1,Outside City Limits,238190,Contractor-General/Building Exterior,5415802065,6/11/2018 0:00,31f019ba-2613-4ee3-8738-af90aaebecb5,711,DOERNER,,,RD,,,ROSEBURG,OR,97471,711,DOERNER,,,RD,,,ROSEBURG,OR,97471,3/16/2026 11:37,3/31/2027 11:37
BTAX-043506-06-2026,AMBER KERRICK,"NEW LIEF PHOTOGRAPHY, LLC",,3,Inside City Limits,541921,Photography,5416739865,7/1/2022 0:00,db47976a-0fd3-49c3-b45a-554e393e593e,305,E,,NE,ST,,,GRANTS PASS,OR,97526,PO BOX 986,,,,,,,ROSEBURG,OR,97470,6/26/2026 11:01,6/30/2027 11:01
BTAX-043945-07-2026,SKIP  BOONE,OREGON LINEN INC              ,,2,Outside City Limits,314999,Manufacturing-Textile,5416721663,1/2/2008 0:00,958D0619-6AAD-4553-9678-BB24B8D455C3,,,,,,,,,,,608,LANE,,SE,AVE,,,ROSEBURG,OR,97470,7/27/2026 12:46,7/31/2027 12:46
BTAX-043745-07-2026,,PANDA EXPRESS #2667,,12,Inside City Limits,722513,Limited-Service Restaurant,6263728203,6/30/2016 0:00,a1d410e8-f98c-4db6-8f51-7a430d38dc64,211,TERRY,,NE,LN,,,GRANTS PASS,OR,97526,1683,WALNUT GROVE,,,AVE,,,ROSEMEAD,CA,91770,7/14/2026 9:28,7/31/2027 9:28
BTAX-042932-03-2026,CAEL WESTON,SISKIYOU TECHNOLOGY CONSULTANTS INC,NETWORK ONE,1,Inside City Limits,238990,Contractor-Trade/Specialty,8776302263,2/4/2019 0:00,f270bf75-259e-4a37-8223-2897f9960159,1512,OREGON,,S,,,,YREKA,CA,96097,501,GUISEPPE,,,CT,,STE H,ROSEVILLE,CA,95678,3/10/2026 10:53,3/31/2027 10:53
BTAX-042476-12-2025,TROY SMITH,TROJAN WALL PRODUCTS INC     ,,2,Outside City Limits,238990,Contractor-Trade/Specialty,2535206545,3/31/2002 0:00,63A6ACD5-69D2-4719-8870-275E797DCFFF,,,,,,,,,,,2219,GRAND ,,,AVE,,,SACRAMENTO,CA,95838,12/16/2025 11:34,12/31/2026 11:34
BTAX-041962-10-2025,,EDWARD D JONES & CO LP       ,,3,Inside City Limits,525990,Finance-Misc Finance,5414796432,9/30/1993 0:00,9764A626-373C-49C0-8DEA-DAC044464E5A,117,E,,NW,ST,, ,GRANTS PASS,OR,97526,ATTN: OEM 8030,,PO BOX 66719,,,,,SAINT LOUIS,MO,63166,10/7/2025 10:39,10/31/2026 10:39
BTAX-041963-10-2025,,EDWARD D JONES & CO LP,EDWARD JONES,2,Inside City Limits,525990,Finance-Misc Finance,5414799660,9/30/1993 0:00,B832B692-81D6-4629-9C1D-340EEC85EB0D,725,7TH,,NE,ST,,SUITE A,GRANTS PASS,OR,97526,ATTN BRANCH TAX #08658,,PO BOX 66719,,,,,SAINT LOUIS,MO,63166,10/7/2025 10:45,10/31/2026 10:45
BTAX-041964-10-2025,,EDWARD JONES                  ,EDWARD JONES,2,Inside City Limits,525990,Finance-Misc Finance,5414790829,8/1/2011 0:00,6F953445-1439-4A46-AB5F-072EE5B1A279,1660,WILLIAMS,,,Hwy,,,GRANTS PASS,OR,97527,ATTN: OEM 115802,,PO BOX 66719,,,,,SAINT LOUIS,MO,63166,10/7/2025 10:50,10/31/2026 10:50
BTAX-041965-10-2025,,EDWARD JONES                  ,EDWARD JONES,2,Inside City Limits,525990,Finance-Misc Finance,5414791634,9/25/2007 0:00,DF221121-80EA-4B4C-9AE1-E67821CF44F2,300,UNION,,,AVE,,SUITE D,GRANTS PASS,OR,97527,ATTN: OEM 155397,,PO BOX 66719,,,,,SAINT LOUIS,MO,63166,10/7/2025 11:02,10/31/2026 11:02
BTAX-043143-04-2026,,FAMOUS FOOTWEAR #2822         ,,5,Inside City Limits,458210,Retail-Shoes,5419552938,10/29/2007 0:00,C4F273AF-AA8C-445C-A9E5-FBEE8923BBF3,919 NE D ,ST,,,,,,GRANTS PASS,OR,97526,8300,MARYLAND,,,AVE,,,SAINT LOUIS,MO,63105,4/29/2026 9:03,4/30/2027 9:03
BTAX-043489-06-2026,BRENT DUNCAN,INTERFACE SECURITY SYSTEMS LLC,,2,Outside City Limits,238190,Contractor-General/Building Exterior,8667014451,6/28/2016 0:00,19f0bf93-73f3-486b-8118-ffa4cda6883e,,,,,,,,,,,1844,LACKLAND HILL,,,PKWY,,,SAINT LOUIS,MO,63146,7/1/2026 16:09,6/30/2027 16:09
BTAX-043859-07-2026,MARY  MACK,WELLS FARGO CLEARING SERVICES LLC,WELLS FARGO ADVISORS LLC,1,Inside City Limits,525990,Finance-Misc Finance,3148758719,8/21/2014 0:00,39CA0715-7535-4349-841A-1132E6691B87,205,6TH,,NE,ST,, ,GRANTS PASS,OR,97526,1,JEFFERSON,,N,,,,SAINT LOUIS,MO,63103,7/17/2026 15:08,7/31/2027 15:08
BTAX-041774-09-2025,MATT CASPER,OLSEN DAINES PC,,2,Inside City Limits,541110,Lawyer,5033629393,1/4/2016 0:00,1aa7ff5a-eb4c-4630-b6d6-a4a05f215501,1980,REDWOOD,, ,AVE,,,GRANTS PASS,OR,97527,PO BOX 12829,,,,,,,SALEM,OR,973090829,9/16/2025 15:52,9/30/2026 15:52
BTAX-041825-09-2025,JEREMY ALDERMAN,PACIFIC TRADE & DEVELOPMENT DBA HILINE HOMES,HILINE HOMES LLC,7,Outside City Limits,238190,Contractor-General/Building Exterior,5035891849,1/13/2016 0:00,b2da8d14-82f7-4a86-ad99-8ba986f66fb0,6080,CRATER LAKE,,,AVE,,,CENTRAL POINT,OR,97502,3935,HAGERS GROVE,,SE,RD,,,SALEM,OR,97317,9/18/2025 14:18,9/30/2026 14:18
BTAX-042274-11-2025,DAN VANNOY,EMERY & SONS CONSTRUCTION GROUP,,10,Outside City Limits,238190,Contractor-General/Building Exterior,5035887576,4/19/2016 0:00,77ab83af-0f6d-4856-af38-cb8866c4694e,3841,FAIRVIEW INDUSTRIAL,,,DR,SE,SUITE 150,SALEM,OR,97302,3841,FAIRVIEW INDUSTRIAL,,,DR,SE,SUITE 150,SALEM,OR,97302,11/13/2025 11:31,11/30/2026 11:31
BTAX-042580-01-2026,BRYCE & BECKY GARDINIER,GARDINIER ENTERPRISES LLC,TAN REPUBLIC OF SOUTHERN OR,4,Inside City Limits,812112,Beauty Salon,5414795121,12/7/2020 0:00,5ac51d5e-7cd7-405c-b4a2-9d362360c31e,1628,WILLIAMS,,,HWY,,,GRANTS PASS,OR,97527,PO BOX 5494,,,,,,,SALEM,OR,97304,1/8/2026 14:26,12/31/2026 14:26
BTAX-042581-01-2026,BRYCE & BECKY GARDINIER,GARDINIER ENTERPRISES LLC,TAN REPUBLIC OF SOUTHERN OR,4,Inside City Limits,812112,Beauty Salon,5414795121,12/7/2020 0:00,2f296385-2e0c-418a-9747-09331d0c4ada,1509,F,,NE,ST,,,GRANTS PASS,OR,97526,PO BOX 5494,,,,,,,SALEM,OR,97304,1/8/2026 14:53,12/31/2026 14:53
BTAX-043115-04-2026,JED VAN  SCIVER,"VALHALLA INDUSTRIES, INC",,10,Outside City Limits,237130,Contractor-Telecommunications,8336346766,11/22/2022 0:00,a82bb77d-4ee8-48b3-924d-4423e349dd05,,,,,,,,,,,2355,STATE,,,ST,,101,SALEM,OR,97301,4/14/2026 9:07,4/30/2027 9:07
BTAX-043129-04-2026,DARAND DAVIES PATRICK MCONVILLE,"BLG, INC",RIVER CITY GLASS,7,Inside City Limits,238990,Contractor-Trade/Specialty,5038788585,3/27/2023 0:00,63f88229-177a-4292-9ccd-06eef608c607,2001,FOOTHILL,,,BLVD,,E1,GRANTS PASS,OR,97526,2763,22ND,,,ST,SE,,SALEM,OR,97302,4/14/2026 12:32,4/30/2027 12:32
BTAX-043182-04-2026,LARRY GESCHER,HP CIVIL INC,,8,Outside City Limits,238190,Contractor-General/Building Exterior,5037692466,3/1/2014 0:00,7acb5e0e-143a-4ff0-a2cb-bfee41225427,,,,,,,,,,,8795,AUMSVILLE,,SE,HWY,,,SALEM,OR,97317,4/21/2026 15:21,4/30/2027 15:21
BTAX-043227-05-2026,ALVARO ARELLANO,WEST COAST METAL BUILDINGS INC,,2,Outside City Limits,238990,Contractor-Trade/Specialty,5035667788,1/10/2019 0:00,721f0ffb-1842-4794-85b2-ba370a8f91bb,5232,SALEM DALLAS,,,HWY,NW,,SALEM,OR,97304,5232,SALEM DALLAS,,,HWY,NW,,SALEM,OR,97304,5/4/2026 12:57,4/30/2027 12:57
BTAX-043263-05-2026,,RICH DUNCAN CONSTRUCTION INC ,,1,Outside City Limits,238190,Contractor-General/Building Exterior,5033904999,3/27/2013 0:00,2D10C136-5647-4D6B-96C7-A1E2E2B3E83B,,,,,,,,,,,2295,RURAL,,,AVE,,,SALEM,OR,97302,5/12/2026 8:33,5/31/2027 8:33
BTAX-041536-08-2025,,"BRISTOL HOSPICE- ROGUE VALLEY, L.L.C.",,47,Inside City Limits,623110,Medical-Nursing Care Facility,4852123422,8/16/2019 0:00,d4228705-aece-4205-8370-09849e23098c,1867,WILLIAMS,,,HWY,,STE 110,GRANTS PASS,OR,97527,206,2100,,N,,W,STE 202,SALT LAKE CITY,UT,84116,8/25/2025 15:23,8/31/2026 15:23
BTAX-042008-10-2025,,PETCO #1244                   ,,17,Inside City Limits,459910,Retail-Pets & Pet Supplies,5414741703,9/29/2008 0:00,8D1A701F-9AAE-4DB5-9699-C239E045CA62,891,D,,NE,ST,, ,GRANTS PASS,OR,97526,ATTN: LICENSING & COMPLIANCE,,654 RICHALND HILLS DR,,,,,SAN ANTONIO,TX,78245,10/14/2025 12:48,10/31/2026 12:48
BTAX-043599-07-2026,Fabian Avina,PREMIERE NETWORKS INC        ,,2,Inside City Limits,516110,Radio Station,2108222828,2/1/2003 0:00,56EAEA86-81DE-411C-92D1-FC38D6E4554C,777,7TH,,NE,ST,, ,GRANTS PASS,OR,97526,20880,STONE OAK,,,PKWY,,,SAN ANTONIO,TX,78258,7/7/2026 12:34,7/31/2027 12:34
BTAX-043509-06-2026,,ecoATM LLC,,1,Inside City Limits,449210,Retail-Electronics,8587667522,1/15/2015 0:00,3ECF2A9A-D0EF-488A-AB7C-BAB94BC5D94E,1950,BRIDGE,,SW,ST,, ,GRANTS PASS,OR,97526,10121,BARNES CANYON ,,,RD,,,SAN DIEGO,CA,92121,6/26/2026 12:58,5/31/2027 12:58
BTAX-042775-02-2026,KUMAR KONERU,MOTEL 6 GRANTS PASS,MOTEL 6,19,Inside City Limits,721110,Hotel/Motel,9095254040,3/12/2020 0:00,10729ddb-d0d8-469f-bfd9-2fe8edcbeda7,1800,7TH,,NE,ST,, ,GRANTS PASS,OR,97526,675,CLIFFSIDE,,,DR,,,SAN DIMAS,CA,91773,2/10/2026 9:30,2/28/2027 9:30
TAXICO-041177-08-2025,,RASIER LLC,,0,Outside City Limits,485310,Transportation-Taxi,4122023720,5/2/2019 0:00,0ea8d180-3d3e-4549-9ffe-939dc1b863da,,,,,,,,,,,1455,MARKET,,,ST,,4TH FL,SAN FRANCISCO,CA,94103,8/12/2025 12:24,8/31/2026 12:24
TAXICO-041497-08-2025,,LYFT INC,,0,Outside City Limits,485310,Transportation-Taxi,4154758459,4/24/2019 0:00,c55e08d7-af4f-4098-88d8-554e30e8fbca,,,,,,,,,,,185,BERRY,,,ST,,SUITE 400,SAN FRANCISCO,CA,94107,8/22/2025 10:45,8/31/2026 10:45
BTAX-041789-09-2025,,STORWELL-497 H LLC,,2,Inside City Limits,493110,Storage & General Warehousing,5412915422,7/20/2022 0:00,e86795b9-02f0-48fd-8277-e21721254130,497,H,,SE,ST,, ,GRANTS PASS,OR,97526,3001,BISHOP,,,DR,,,SAN RAMON,CA,94583,9/22/2025 9:46,9/30/2026 9:46
BTAX-042430-12-2025,,UNITED PARCEL SERVICE CORP,UPS,42,Outside City Limits,492110,Delivery Service-Courier & Express,5414766077,7/1/1987 0:00,867EC8AD-FD8B-4C3D-BF55-92831F0B134A,2552,FOOTHILL,,,BLVD,,,GRANTS PASS,OR,97526,ATTN: BUSINESS LICENSE COMPLAINCE,,55 GLENLAKE PARKWAY NE,,,,,SANDY SPRINGS,GA,30328,12/9/2025 9:43,12/31/2026 9:43
BTAX-041480-08-2025,,COCHRAN INC                   ,,2,Outside City Limits,238210,Contractor-Electrical,2063671900,4/14/2003 0:00,90559538-85FC-4BD4-8C4C-98A86A2077B7,,,,,,,,,,,12500,AURORA ,,,AVE,,,SEATTLE,WA,98133,8/20/2025 15:51,8/31/2026 15:51
BTAX-041784-09-2025,,STARBUCKS CORPORATION,STARBUCKS COFFEE #24938,18,Inside City Limits,722515,Snack and Nonalcoholic Beverage Shop,2065947273,7/6/2016 0:00,3d1e6a62-e8b8-463a-97a3-33e9bf049d25,201,TERRY,,NE,LN,, ,GRANTS PASS,OR,97526,PO BOX 34442,,,,,,,SEATTLE,WA,98124,9/17/2025 10:18,9/30/2026 10:18
BTAX-042399-12-2025,,NORTH COAST ELECTRIC COMPANY  ,,4,Inside City Limits,221122,Electric Company,2064429898,7/1/1998 0:00,547E09BF-34DE-4E16-B776-88AC201120E0,952,M,,SE,ST,,,GRANTS PASS,OR,97526,2450,8TH,,,AVE,S,,SEATTLE,WA,98134,12/5/2025 14:15,11/30/2026 14:15
BTAX-042503-12-2025,GUS  SIMMONDS,MACDONALD MILLER FACILITY SOLUTIONS,,1,Outside City Limits,541990,Professional-Misc,5034754300,7/17/2014 0:00,6D717001-F4D6-4343-892A-C1439D761EF5,,,,,,,,,,,PO BOX 47983,,,,,,,SEATTLE,WA,98146,12/24/2025 9:16,12/31/2026 9:16
BTAX-041718-09-2025,PAUL & SUE POWELL,PAULS HEATING AC REFRIGERATION LLC,,1,Outside City Limits,238210,Contractor-Electrical,5417612489,7/17/2008 0:00,EF163176-650E-4136-85F1-4C1B22EAD36A,,,,,,,,,,,294,THOMPSON CREEK,,,RD,,,SELMA,OR,97538,9/9/2025 16:12,9/30/2026 16:12
BTAX-041891-09-2025,MARTIN  HERTLER,MARTY'S TREE SERVICE          ,,3,Outside City Limits,238990,Contractor-Trade/Specialty,5415974610,1/1/1996 0:00,CF3C91AC-C616-4587-890A-52B0D2EDD654,,,,,,,,,,,PO BOX 67,,,,,,,SELMA,OR,97538,9/26/2025 14:53,9/30/2026 14:53
BTAX-041968-10-2025,VIRGINIA  BETETA,VIRGINIA BETETA RENTALS       ,,2,Outside City Limits,531110,Rental Units/Landlord,5412870395,8/27/2004 0:00,0E456B0E-3F55-4D3D-91AB-275B8C71AA0F,,,,,,,,,,,17171,REDWOOD,,,HWY,,,SELMA,OR,97538,10/8/2025 9:34,10/31/2026 9:34
BTAX-042313-11-2025,DALE  GRANVILLE,ILLINOIS VALLEY PLUMBING,,2,Outside City Limits,238220,Plumber,5416598334,8/21/2002 0:00,DBFFEEDD-AC17-4DB5-B29D-494EDD63D4B6,,,,,,,,,,,PO BOX 23,,,,,,,SELMA,OR,97538,11/18/2025 12:45,11/30/2026 12:45
BTAX-043141-04-2026,DUNCAN  POTTS,DUNCAN POTTS CONSTRUCTION     ,,1,Outside City Limits,238190,Contractor-General/Building Exterior,5416592052,6/16/2008 0:00,7B6386CA-E2D9-4A7A-874C-8887537547C6,,,,,,,,,,,PO BOX 848,,,,,,,SELMA,OR,97538,4/14/2026 16:10,3/31/2027 16:10
BTAX-041270-08-2025,JASON MYERS,JM CONSTRUCTION INC,,3,Outside City Limits,238910,Excavation - Site Preparation,5418787810,8/31/2022 0:00,814066a0-d379-4408-8ef0-c3e2783e489d,,,,,,,,,,,PO BOX 1637,,,,,,,SHADY COVE,OR,97539,8/14/2025 15:09,8/31/2026 15:09
BTAX-041376-08-2025,VICKIE HUNTLEY,SUPERCUTS OR-891              ,,6,Inside City Limits,812112,Beauty Salon,5418787345,6/8/1992 0:00,B2699C36-B044-497C-A732-EDDFC16167CF,300,UNION,,,AVE,,SUITE B,GRANTS PASS,OR,97527,PO BOX 1598,,,,,,,SHADY COVE,OR,97539,8/19/2025 10:50,8/31/2026 10:50
BTAX-042781-02-2026,WALLACE ROBERTSON,ROBERTSON BUILDING SERVICES,ALL PRO BUILDING SERVICES,2,Outside City Limits,238190,Contractor-General/Building Exterior,5419517709,1/31/2018 0:00,e0d9af0e-8308-44be-a141-66d0deb8f481,,,,,,,,,,,PO BOX 1033,,,,,,,SHADY COVE,OR,975391033,2/10/2026 12:20,2/28/2027 12:20
BTAX-043850-07-2026,CARL LACY,L & L CONSTRUCTION LLC,,4,Inside City Limits,238190,Contractor-General/Building Exterior,5418907080,4/15/2019 0:00,84f7a8fe-cf2a-4907-af60-cbc9067b903d,,,,,,,,,,,PO BOX 1367,,,,,,,SHADY COVE,OR,97539,7/17/2026 9:51,6/30/2027 9:51
BTAX-043114-04-2026,BROOKS BAYNE,"AFP SYSTEMS, INC              ",,4,Outside City Limits,561621,Security System Services,5036929284,1/1/1984 0:00,562E2F94-C3A3-4774-9457-8A99104C0944,,,,,,,,,,,14843,OREGON,,SW,ST,,,SHERWOOD,OR,97140,4/10/2026 14:46,4/30/2027 14:46
BTAX-042302-11-2025,RYAN STUBBS,TURN 2 SOLAR LLC,,4,Outside City Limits,238210,Contractor-Electrical,5039797832,1/15/2019 0:00,c92e80f8-693b-4d6a-981b-49fea1ea8780,,,,,,,,,,,833,HAWK,,,DR,,,Silverton,OR,97381,11/18/2025 12:57,11/30/2026 12:57
BTAX-042485-12-2025,SHANE ANDERSON,SOUTH PACIFIC PIZZA INC,DOMINO'S PIZZA,24,Inside City Limits,722511,Restaurant,5306354161,10/25/1997 0:00,0CC344D8-AD58-4098-9E76-CD59B8766388,407,E,,NE,ST,,,GRANTS PASS,OR,97526,603,3RD,,W,AVE,,,SPOKANE,WA,99201,12/18/2025 12:08,12/31/2026 12:08
WOY-036728-01-2024,BRIAN TAYLOR,AVISTA UTILITIES,,3,Outside City Limits,221210,Natural Gas Company,5418584742,4/1/2008 0:00,a83984b0-0ca9-4707-a531-37c5a4e257a5,,,,,,,,,,,PO BOX 3727,,,,,,,SPOKANE,WA,99220,1/9/2024 15:36,1/31/2029 0:00
BTAX-041830-09-2025,,WENDY'S RESTAURANT #12805     ,,28,Inside City Limits,722513,Limited-Service Restaurant,5414763797,12/1/2006 0:00,9EF7FF69-6338-427C-80A0-CC89DE5DF00A,1829,6TH,,NE,ST,, ,GRANTS PASS,OR,97526,9503,MONTGOMERY,,E,AVE,,FLOOR 1,SPOKANE VALLEY,WA,99206,9/18/2025 15:02,9/30/2026 15:02
BTAX-041517-08-2025,,INDUSTRIAL SOURCE / NATIONAL EXTINGUISHER SERVICE,,3,Inside City Limits,424690,Retail-Misc Direct Selling Establishment,5414765486,10/26/2001 0:00,B191F8DF-DCA1-4710-ACE4-B997EC18278E,85,FRUITDALE,, ,DR,, ,GRANTS PASS,OR,97527,PO BOX 7577,,,,,,,SPRINGFIELD,OR,97475,8/22/2025 14:45,8/31/2026 14:45
BTAX-041586-08-2025,O'REILLY AUTO ENTERPRISES LLC,O'REILLY AUTO PARTS #3112     ,,11,Inside City Limits,441330,Retail-Automotive Parts & Accessories,5414714490,2/1/1999 0:00,741A187E-11C6-42A6-AD72-7BE64E5D9DF4,150,TERRY,,NE,LN,, ,GRANTS PASS,OR,97526,ATTN: TAX DEPT,,PO BOX 9167,,,,,SPRINGFIELD,MO,65801,8/28/2025 16:18,8/31/2026 16:18
BTAX-042556-01-2026,,WESTERN STATES FIRE PROTECTION DBA OMLID & SWINNEY FIRE PROTECTION,OMLID & SWINNEY FIRE PRO & SCR WESTERN STATES PROTECTION,2,Outside City Limits,238190,Contractor-General/Building Exterior,5417411775,7/1/1997 0:00,06013911-EF55-4832-B7D3-407E0E559BA6,,,,,,,,,,,610,30TH,,,ST,,,SPRINGFIELD,OR,97478,1/12/2026 11:36,1/31/2027 11:36
BTAX-042676-01-2026,,COMFORT FLOW HEATING DBA MAHALO HEATING AND AIR CONDITIONING,,2,Outside City Limits,238220,Contractor-HVAC Services,5417260100,7/3/2002 0:00,CF8E3F09-AB64-4001-B4FA-C71E0ECE9A48,,,,,,,,,,,1951,DON,,,ST,,SUITE D,SPRINGFIELD,OR,97477,1/22/2026 14:23,1/31/2027 14:23
BTAX-043119-04-2026,JOSEPH PEDERSEN,"JAVELIN UTILITY SERVICES, INC",,10,Outside City Limits,517112,Telecommunication-Wireless Carrier,9169901325,2/2/2017 0:00,be033b88-f659-4196-becd-20947f209e99,,,,,,,,,,,483,SHELLEY,,,ST,,,SPRINGFIELD,OR,97477,4/14/2026 10:06,4/30/2027 10:06
BTAX-043303-05-2026,,"O'REILLY AUTO ENTERPRISES, LLC #5977",O'REILLY AUTO PARTS #5977,12,Inside City Limits,441330,Retail-Automotive Parts & Accessories,4582122101,5/27/2023 0:00,eae71f3e-d7e8-4d17-9c99-83ab9c0e7176,1644,WILLIAMS,,,HWY,,,GRANTS PASS,OR,97527,TAX DEPT. PO BOX 9167,,,,,,,SPRINGFIELD,MO,65801,5/19/2026 8:39,5/31/2027 8:39
BTAX-043809-07-2026,ERIC  OLSSON,OLSSON INDUSTRIAL ELECTRIC INC,,3,Outside City Limits,238210,Contractor-Electrical,5417478460,5/1/1999 0:00,7AC0FDD6-C6B0-400C-B9BC-ADDA12EAA888,1919,LAURA,,,ST,,,SPRINGFEILD,OR,97477,PO BOX 70413,,,,,,,SPRINGFIELD,OR,97475,7/15/2026 10:04,7/31/2027 10:04
BTAX-042422-12-2025,JARED  OLSEN,"REVOLUTION ELECTRIC, INC",,17,Outside City Limits,238210,Contractor-Electrical,5415058351,12/1/2021 0:00,c81ee808-5dca-43d4-9c36-04a82743999c,,,,,,,,,,,480,SHELLEY,,,ST,,B,SPRINGFIELD ,OR,97477,12/8/2025 15:15,12/31/2026 15:15
BTAX-041966-10-2025,JENNIFER GODFREY,EDWARD JONES,,2,Inside City Limits,523999,Finance-Investment Activities,5417874349,9/26/2022 0:00,ac52c69a-db07-4045-b75c-9ef40025ebb2,1830,7TH,,NE,ST,,SUITE 101,GRANTS PASS,OR,975263489,PO BOX,66719,,,,,ATTN OEM 225446,ST. LOUIS,MO,631366719,10/7/2025 11:13,10/31/2026 11:13
BTAX-042276-11-2025,JOSHUA INGLE,ARIA'S EATS LLC,,2,Inside City Limits,722330,Food-Mobile/Ice Cream Truck,5416592717,9/15/2023 0:00,18e11991-9ad7-4cde-88be-9443e8d1e6ae,,,,,,,,,,,1300 1/2,PLACER,,,RD,,,SUNNY VALLEY,OR,97497,11/12/2025 14:43,10/31/2026 14:43
BTAX-042668-01-2026,PETE RALLS,SOUTHERN OREGON ELECTRIC LLC,,16,Outside City Limits,238210,Contractor-Electrical,5416014715,7/26/2022 0:00,5c2edc1f-97a4-4020-8b61-a36ceab3493e,,,,,,,,,,,196,WILLOW SPRINGS ,,,DR,,,TALENT,OR,97540,1/21/2026 15:13,1/31/2027 15:13
BTAX-042856-02-2026,CHRISTIE CHIANG,TAROKO LLC,TAROKO,5,Inside City Limits,722511,Restaurant,5414747108,4/27/2016 0:00,17fe5eb5-b5bb-4488-bb42-325332caa7e2,414,6TH,,NW,ST,, ,GRANTS PASS,OR,97526,1381,FOSS,,,RD,,,TALENT,OR,97540,2/27/2026 9:08,2/28/2027 9:08
BTAX-043898-07-2026,CARL OST,NATIONAL HEATING & AIR CONDITIONING INC,,2,Outside City Limits,238220,Contractor-HVAC Services,5415354687,7/1/2008 0:00,0EE0F565-B7F5-4ABE-AEF4-FF4D0118047E,821,PACIFIC,,S,HWY,,,TALENT,OR,97540,821,PACIFIC,,S,HWY,,,TALENT,OR,97540,7/21/2026 8:48,7/31/2027 8:48
BTAX-041851-09-2025,,PITNEY BOWES INC,,2,Outside City Limits,561110,Retail-Office Supplies,2039224336,12/23/2003 0:00,2DC48430-5A4A-46C3-B635-2FD399F37837,,,,,,,,,,,5310,CYPRESS CENTER,,,DR,,110,TAMPA,FL,33609,9/23/2025 10:06,9/30/2026 10:06
BTAX-041944-10-2025,GREG ALBRIGHT,"FREEDOM FOREVER OREGON, LLC",,8,Outside City Limits,238190,Contractor-General/Building Exterior,8008859450,9/20/2022 0:00,fbfaba61-37f8-4dda-8a6b-b0d9558bf100,,,,,,,,,,,43445,BUSINESS PARK,,,DR,,104,TEMECULA,CA,92590,10/6/2025 15:03,9/30/2026 15:03
BTAX-042125-10-2025,MATTHEW SIMMES,"IES COMMUNICATIONS, LLC",,2,Outside City Limits,238990,Contractor-Trade/Specialty,7138601561,9/28/2020 0:00,e74b2e7c-b856-4f5b-b77b-f2f4578a1e06,,,,,,,,,,,2801,FAIR,,S,LN,,,TEMPE,AZ,85282,10/24/2025 14:21,10/31/2026 14:21
BTAX-042186-10-2025,TRAVIS  BOERSMA,"DUTCH BROS., LLC - A-TOWN           ",,16,Inside City Limits,722515,Snack and Nonalcoholic Beverage Shop,5419554700,6/1/2005 0:00,49EB06EA-C1AD-46B8-9638-76E42C4AF350,1620,ALLEN CREEK,,,Rd,,B,GRANTS PASS,OR,97527,1930,RIO SALADO,,W,PKWY,,SUITE 108,TEMPE,AZ,852812361,12/2/2025 15:54,10/31/2026 15:54
BTAX-042187-10-2025,TRAVIS  BOERSMA,"DUTCH BROS., LLC - GP SHOPPING CENTER",,16,Inside City Limits,722515,Snack and Nonalcoholic Beverage Shop,5419554700,1/3/1997 0:00,B8C2BEFC-6742-46D2-B728-14E26A071157,903,D,,NE,ST,, ,GRANTS PASS,OR,97526,1930,RIO SALADO,,W,PKWY,,SUITE 108,TEMPE,AZ,852812361,12/2/2025 15:30,10/31/2026 15:30
BTAX-042188-10-2025,TRAVIS  BOERSMA,"DUTCH BROS., LLC - HILLCREST        ",,16,Inside City Limits,722515,Snack and Nonalcoholic Beverage Shop,5419554700,2/21/2004 0:00,DBD0760A-A401-4176-A19F-774E283F9AD5,1698,7TH,,NE,ST,, ,GRANTS PASS,OR,97526,1930,RIO SALADO,,W,PKWY,,SUITE 108,TEMPE,AZ,852812361,12/2/2025 15:13,10/31/2026 15:13
BTAX-042189-10-2025,TRAVIS  BOERSMA,"DUTCH BROS., LLC - I                  ",,17,Inside City Limits,722515,Snack and Nonalcoholic Beverage Shop,5419554700,2/19/1992 0:00,3ED762B9-AB42-43B3-9A38-42C1D47B6772,150,6TH,,SW,ST,, ,GRANTS PASS,OR,97526,1930,RIO SALADO,,W,PKWY,,SUITE 108,TEMPE,AZ,852812361,12/2/2025 15:24,10/31/2026 15:24
BTAX-042190-10-2025,TRAVIS  BOERSMA,"DUTCH BROS., LLC - COFFEE HOUSE       ",,8,Inside City Limits,722515,Snack and Nonalcoholic Beverage Shop,5419554700,6/1/1996 0:00,46800D35-8DDE-4DD0-BFD4-2C1D740BE0DF,332,6TH,,NW,ST,, ,GRANTS PASS,OR,97526,1930,RIO SALADO,,W,PKWY,,SUITE 108,TEMPE,AZ,852812361,12/2/2025 15:44,10/31/2026 15:44
BTAX-042191-10-2025,TRAVIS  BOERSMA,"DUTCH BROS., LLC - IV                 ",,20,Inside City Limits,722515,Snack and Nonalcoholic Beverage Shop,5419554700,1/31/1997 0:00,CBFD0E66-A6B7-4DBF-A998-779BB27BBCC0,251,AGNESS,,NE,AVE,, ,GRANTS PASS,OR,97526,1930,RIO SALADO,,W,PKWY,,SUITE 108,TEMPE,AZ,852812361,12/2/2025 15:50,10/31/2026 15:50
BTAX-042192-10-2025,TRAVIS  BOERSMA,"DUTCH BROS., LLC - III                ",,14,Inside City Limits,722515,Snack and Nonalcoholic Beverage Shop,5419554700,9/5/1995 0:00,198BBCDD-71ED-4575-A9D7-FF740187CF0F,1390,WILLIAMS,, ,HWY,, ,GRANTS PASS,OR,97527,1930,RIO SALADO,,W,PKWY,,SUITE 108,TEMPE,AZ,852812361,12/2/2025 15:10,10/31/2026 15:10
BTAX-042281-11-2025,TRAVIS  BOERSMA,"DUTCH BROS., LLC - RINGUETTE        ",,14,Inside City Limits,722515,Snack and Nonalcoholic Beverage Shop,5419554700,4/1/2005 0:00,F7433FCD-5873-4AE8-B230-103E3BA620D7,638,REDWOOD,, ,HWY,, ,GRANTS PASS,OR,97527,1930,RIO SALADO,,W,PKWY,,SUITE 108,TEMPE,AZ,852812361,12/2/2025 15:33,11/30/2026 15:33
BTAX-043022-03-2026,,"JANUS INTERNATIONAL GROUP, LLC",,1,Outside City Limits,238190,Contractor-General/Building Exterior,7705622850,10/1/2020 0:00,5e7a4d32-1c86-418e-82b2-daaeec354aeb,,,,,,,,,,,135,JANUS INTERNATIONAL,,,BLVD,,,TEMPLE,GA,30179,3/25/2026 14:30,2/28/2027 14:30
BTAX-042989-03-2026,,SOLISTA OF GRANTS PASS,,25,Outside City Limits,623312,Medical-Assisted Living Facility/Elderly,5414796400,1/18/2022 0:00,7f209f38-624e-4277-ab30-5b486cddef8c,1001,A,,NE,ST,, ,GRANTS PASS,OR,97526,4500,DORR,,,ST,,,TOLEDO,OH,43615,5/1/2026 13:50,3/31/2027 13:50
BTAX-042361-12-2025,LARRY RUNYAN,"TRAFFIC SAFETY TRAFFIC CONTROL FLAGGING, LLC",,27,Outside City Limits,238990,Contractor-Trade/Specialty,5418210673,11/30/2023 0:00,9b2b5953-d55b-4cf4-a2b0-aa61a65c6562,5273,CROWFOOT,,,RD,,,TRAIL,OR,97541,5273,CROWFOOT,,,RD,,,TRAIL,OR,97541,12/1/2025 14:47,12/31/2026 14:47
BTAX-043148-04-2026,FRONTLINE ROAD SAFETY UNBLOCKED HOLDINGS LLC .,SPECIALIZED PAVEMENT MARKING LLC,,5,Outside City Limits,238990,Specialty Trade Contractor,5038850420,4/1/2022 0:00,7c92f6af-5121-4548-92bd-ec3b62d53c00,,,,,,,,,,,11095,INDUSTRIAL,,SW,WAY,,A,TUALATIN,OR,97062,4/15/2026 10:10,4/30/2027 10:10
BTAX-043453-06-2026,WWS HOLDINGS INC,ROGER LANGLIERS CONSTRUCTION CO,,10,Outside City Limits,238110,Contractor-Concrete/Found/Structural,5035335709,6/27/2022 0:00,5e811ee2-38f6-4525-856c-3e67d6a65df7,,,,,,,,,,,PO BOX 2057,,,,,,,TUALATIN,OR,97062,6/15/2026 11:00,6/30/2027 11:00
BTAX-043819-07-2026,,COUNTRYSIDE ELECTRIC INC      ,,4,Outside City Limits,238210,Contractor-Electrical,5035105616,8/5/2011 0:00,0514AA21-68C8-4056-838D-CFB17FD224AB,,,,,,,,,,,PO BOX 395,,,,,,,TURNER,OR,97392,7/15/2026 11:00,7/31/2027 11:00
BTAX-043459-06-2026,,J.A. SUTHERLAND INC           ,TACO BELL #19978,33,Inside City Limits,722511,Restaurant,7074621147,9/8/1998 0:00,FD72DFB2-B175-4A98-B6CF-8513AA9D8426,1881,6TH,,NE,ST,, ,GRANTS PASS,OR,97526,1199,STATE,,N,ST,,,UKIAH,CA,95482,6/15/2026 11:43,6/30/2027 11:43
BTAX-042504-12-2025,,BANNER BANK,,5,Inside City Limits,522110,Finance-Commercial Bank,5419566450,4/9/2013 0:00,63AEFDD6-76CF-41C4-81D3-6C736467BB73,1409,7TH,,NE,ST,, ,GRANTS PASS,OR,97526,ATTN: PROCUREMENT OPERATIONS,PO BOX 10,,,,,,UMATILLA,OR,97882,12/24/2025 11:12,12/31/2026 11:12
BTAX-042505-12-2025,,BANNER BANK ,,5,Inside City Limits,522110,Finance-Commercial Bank,5419554589,4/9/2013 0:00,12F006E6-D55D-4700-8AA3-FA18B1B3DF14,1689,WILLIAMS,, ,HWY,, ,GRANTS PASS,OR,97527,ATTN: PROCURMENT OPERATIONS,PO BOX 10,,,,,,UMATILLA,OR,97882,12/24/2025 11:24,12/31/2026 11:24
BTAX-042028-10-2025,,WELLONS INC,WELLONS RPI,17,Inside City Limits,238190,Contractor-General/Building Exterior,5415824526,10/31/2008 0:00,4763B5A8-EB92-4F6A-A19C-8144361B9A4C,115,ASSEMBLY,,NE,CIR,, ,GRANTS PASS,OR,97526,2525,FIRESTONE,,W,LN,,,VANCOUVER,WA,98660,10/15/2025 10:09,10/31/2026 10:09
BTAX-042142-10-2025,PHILIP DOYLE,UNITY ELECTRICAL SERVICES LLC,,21,Outside City Limits,238210,Contractor-Electrical,3609368552,10/5/2021 0:00,aaaeb32c-a246-4f71-97e3-143329d70e95,,,,,,,,,,,15715,42ND,,NE,ST,,,VANCOUVER,WA,98682,10/29/2025 11:44,10/31/2026 11:44
BTAX-042158-10-2025,,"ROBINSON BROTHERS CONSTRUCTION, LLC.",,5,Outside City Limits,238190,Contractor-General/Building Exterior,3605765359,5/12/1964 0:00,C20EF619-5038-44C3-B007-51EE21F24B88,,,,,,,,,,,6150,137TH ,,NE,AVE,,,VANCOUVER,WA,98682,10/29/2025 15:11,10/31/2026 15:11
BTAX-042588-01-2026,DAVID GUNSUL,TEAM CONSTRUCTION LLC,,3,Outside City Limits,238190,Contractor-General/Building Exterior,3608232418,1/4/2021 0:00,0dacc6df-8088-486a-b16a-6e6869900edd,,,,,,,,,,,6701,42ND,,NE,ST,,,VANCOUVER,WA,98661,1/9/2026 11:19,1/31/2027 11:19
BTAX-042610-01-2026,BYRON VAN KLEY,BLUE LINE HOLDINGS INC DBA ADAIR HOMES,ADAIR HOMES INC,4,Outside City Limits,238190,Contractor-General/Building Exterior,5418790614,8/8/2000 0:00,df2be277-5e39-4439-96a3-2d52f58b44c3,6019,CRATER LAKE,,,HWY,,,CENTRAL POINT,OR,97502,4400,77TH,,NE,AVE,,STE 100,VANCOUVER,WA,98662,1/12/2026 15:51,1/31/2027 15:51
BTAX-042916-03-2026,,BARRETT BUSINESS SERVICES INC,,2,Inside City Limits,541990,Professional-Misc,5414717828,7/22/1991 0:00,83C0B5C4-1506-403E-9B8A-61FE4E90DD7A,1867,WILLIAMS,,,HWY,,SUITE 101,GRANTS PASS,OR,97527,8100,PARKWAY ,,NE,DR,,,VANCOUVER,WA,98662,3/9/2026 15:09,2/28/2027 15:09
BTAX-042969-03-2026,BRANDON KRUEGER,PROSTAT ELECTRIC,,11,Outside City Limits,238210,Contractor-Electrical,5035397772,3/26/2019 0:00,ab7ef527-dd67-4800-9577-0111e5288708,,,,,,,,,,,1721,64TH,,NE,AVE,,,VANCOUVER,WA,98661,3/13/2026 15:14,2/28/2027 15:14
BTAX-043671-07-2026,DAVID E  BLAYDON,GROVER ELECTRIC & PLUMBING    ,,13,Inside City Limits,444140,Retail-Hardware,3606964676,1/1/1973 0:00,A27AA8EA-E03D-488B-9BEC-DE711ECCF0C2,1001,ROGUE RIVER,, ,HWY,, ,GRANTS PASS,OR,97527,1900,78TH,,NE,ST,,SUITE 101,VANCOUVER,WA,98665,7/9/2026 13:45,7/31/2027 13:45
BTAX-043810-07-2026,,"ELMER'S BREAKFAST, LUNCH, AND DINNER",,29,Inside City Limits,722511,Restaurant,5414740740,7/20/2003 0:00,B62C7514-F147-46FB-9D26-EA2AEEB0B3ED,175,AGNESS,,NE,AVE,, ,GRANTS PASS,OR,97526,1111,MAIN,,NE,ST,,#400,VANCOUVER,WA,98660,7/15/2026 10:07,7/31/2027 10:07
BTAX-043517-06-2026,ROB DAL FARRA & JOSEPH KING,SESPE CONSULTING INC,,2,Inside City Limits,541611,Consulting Service,8052751515,2/21/2018 0:00,34697cbf-1772-4246-ab17-7cc0b000984b,1590,N,,SE,ST,,B-2,GRANTS PASS,OR,97526,374,POLI,,,ST,,SUITE 200,VENTURA,CA,93001,6/30/2026 9:55,6/30/2027 9:55
BTAX-041785-09-2025,ARCHITECTURAL GRAPHICS INC  ,ARCHITECTURAL GRAPHICS INC,,1,Outside City Limits,339999,Manufacturing-Misc Manufacturing,7574271900,8/1/2023 0:00,e03d8ef3-639e-4cce-a189-da8650afd610,,,,,,,,,,,2655,INTERNATIONAL,,,PKWY,,,VIRGINIA BEACH,VA,23452,9/17/2025 14:35,9/30/2026 14:35
BTAX-043411-06-2026,NICK  SAELEE,WILLIAMS VENTURE 3878 LLC,JIMMY JOHNS',2,Inside City Limits,722511,Restaurant,5412958031,3/31/2022 0:00,1e2fca41-4715-4edc-800e-4e67a9f5f765,1555,WILLIAMS,,,Hwy,,A,GRANTS PASS,OR,97527,3005,MEADOWBROOK,,S,ST,,,VISALIA,CA,93292,6/8/2026 12:53,6/30/2027 12:53
BTAX-041900-09-2025,HELEN HAYES,CORE-MARK US INC,,5,Inside City Limits,425120,Wholesale Agent,5036520200,1/1/2016 0:00,ab7bb0ba-7f8b-4e0c-8931-1bbfaab63a58,1060,M,,SE,ST,, ,GRANTS PASS,OR,97526,1500,SOLANA,,,BLVD,,"BLDG 6, STE 6150",WESTLAKE,TX,76262,9/29/2025 12:54,9/30/2026 12:54
BTAX-041443-08-2025,MARTIN DANIELS,INFINITY ELECTRICAL CONTRACTORS INC,,2,Outside City Limits,238210,Contractor-Electrical,5418262430,2/11/2016 0:00,79661221-ef3c-4cdc-927d-76ef1d819d9a,4778,AIRWAY,,,DR,,,CENTRAL POINT,OR,97502,PO BOX 2575,,,,,,,WHITE CITY,OR,97502,8/20/2025 10:27,8/31/2026 10:27
BTAX-041565-08-2025,WILLIAM SCHOENLEBER III,PACIFIC PAVING INC,,5,Outside City Limits,238110,Contractor-Concrete/Found/Structural,5417724616,9/12/1995 0:00,CE28BD7A-1B32-412E-BD48-A0CE95017DF3,,,,,,,,,,,PO BOX 2370,,,,,,,WHITE CITY,OR,97503,8/26/2025 11:57,8/31/2026 11:57
BTAX-041639-09-2025,SHARON  KEPPLER,EVERGREEN ROOFING INC         ,,5,Outside City Limits,238160,Roofing,5418265869,3/1/1983 0:00,9B634E85-C0E5-4CC2-956F-75D1908A43B4,,,,,,,,,,,700,INDUSTRIAL,,,CIR,,,WHITE CITY,OR,97503,9/5/2025 10:04,8/31/2026 10:04
BTAX-041976-10-2025,,GRANGE COOPERATIVE SUPPLY     ,GRANGE CO-OP GRANTS PASS,17,Inside City Limits,455219,Retail-General Merchandise ,5414767771,7/1/1987 0:00,85A0FA8F-E4D0-436A-9209-312C1943296A,1710,SCHUTZWOHL,,W,LN,, ,GRANTS PASS,OR,97527,7700,CRATER LAKE,,,HWY,,,WHITE CITY,OR,97503,10/9/2025 14:13,10/31/2026 14:13
BTAX-042250-11-2025,,S & S SHEET METAL INC         ,,2,Outside City Limits,238220,Contractor-HVAC Services,5418266661,2/19/1997 0:00,0C115971-40AC-40CE-8964-CAF5E2CC5D33,,,,,,,,,,,912,ANTELOPE,,,RD,,,WHITE CITY,OR,97503,11/10/2025 10:51,11/30/2026 10:51
BTAX-042364-12-2025,,KENNEDY FUEL CO               ,,2,Outside City Limits,238220,Contractor-HVAC Services,5417791515,6/8/1992 0:00,9577E0FE-B01A-4AE5-AC97-09A32442AD46,,,,,,,,,,,6868,CRATER LAKE,,,HWY,,,WHITE CITY,OR,97503,12/2/2025 10:35,10/31/2026 10:35
BTAX-042478-12-2025,CLAYTON TANKERSLEY,TANKS PLUMBING,,11,Outside City Limits,238220,Plumber,5418793777,12/16/2021 0:00,f3a84c5e-4125-4662-939e-1b5e9dd1bec2,,,,,,,,,,,PO BOX 2434,,,,,,,WHITE CITY,OR,97503,12/23/2025 16:42,12/31/2026 16:42
BTAX-042559-01-2026,,METAL MASTERS INC            ,,2,Outside City Limits,238220,Contractor-HVAC Services,5417791049,11/12/1996 0:00,BF4480C8-AEC3-4D1A-8CEB-28BDE0E79CAC,1135,ANTHONY,,,WAY,,,WHITE CITY,OR,97503,PO BOX 503129,,,,,,,WHITE CITY,OR,97503,1/5/2026 14:09,12/31/2026 14:09
BTAX-042981-03-2026,DEVON MEYER,BILL'S BACKHOE SERVICE INC     ,,3,Outside City Limits,238190,Contractor-General/Building Exterior,5417733995,10/7/2008 0:00,A289126D-D30B-4F9B-BCB0-563F47D60C96,,,,,,,,,,,PO BOX 2733,,,,,,,WHITE CITY,OR,97503,3/16/2026 14:20,3/31/2027 14:20
BTAX-043304-05-2026,CHRISTINA GAGE,GAGE IT CONSTRUCTION LLC         ,,26,Outside City Limits,237310,"Const-Highway, Street & Bridge",5417797007,2/15/2019 0:00,a10bd159-adaa-4267-bb76-cffc3f374675,,,,,,,,,,,PO BOX 2604,,,,,,,WHITE CITY,OR,97503,5/19/2026 8:53,5/31/2027 8:53
BTAX-043403-06-2026,,"CROWN HOMES, INC              ",,4,Outside City Limits,238190,Contractor-General/Building Exterior,5418300629,10/30/2003 0:00,8CC94BCC-5048-4C85-B6DE-C2C76136F805,7220,CRATER LAKE,,,HWY,,,WHITE CITY,OR,97503,7220,CRATER LAKE,,,HWY,,,WHITE CITY,OR,97503,6/8/2026 11:53,6/30/2027 11:53
BTAX-043416-06-2026,ROBERT  OAKS,ULTRA PURE BOTTLED WATER INC,,1,Outside City Limits,424490,Retail-General Merchandise ,5417340828,11/11/2002 0:00,E9CB062F-5824-4D67-A379-DFA188E990C6,,,,,,,,,,,8234,13TH,,,ST,,,WHITE CITY,OR,97503,6/8/2026 14:32,6/30/2027 14:32
BTAX-043873-07-2026,DAVID ZEPEDA YANEZ,EAGLE MOUNTAIN LLC,,4,Outside City Limits,238190,Contractor-General/Building Exterior,5415317876,7/25/2019 0:00,0d44ffaa-c196-430d-a053-2ce0eb5bb53d,,,,,,,,,,,PO BOX 2657,,,,,,,WHITE CITY,OR,97503,7/20/2026 12:29,7/31/2027 12:29
BTAX-043938-07-2026,JESSICA RIVERA ,NORTH VALLEY SCRAP AND SALVAGE LLC,,3,Outside City Limits,488410,Towing,5419735686,3/1/2022 0:00,e6cb7a9d-cf71-43d4-aa5c-2cc2efd911ca,,,,,,,,,,,PO BOX 2794,,,,,,,WHITE CITY,OR,97503,7/27/2026 11:17,7/31/2027 11:17
BTAX-043421-06-2026,MACRINO CONCHAS ESCALANTE,ALL TERRAIN EXCAVATING LLC,,3,Outside City Limits,238910,Excavation - Site Preparation,5419300814,7/17/2017 0:00,3e04121d-6dd3-4fca-a4b5-4a71e4d82414,,,,,,,,,,,6878,GREGORY,,E,RD,,,WHITE CTIY,OR,97503,6/8/2026 15:03,6/30/2027 15:03
BTAX-041114-08-2025,MARK SMITH,FLOCK GROUP INC,Flock Safety,2,Outside City Limits,336390,Other Motor Vehicle Parts Manufacturing,8449000732,2/23/2017 0:00,fa517854-60ba-4f5d-a44a-08b188517d46,,,,,,,,,,,140,GRAND,,,ST,,300,WHITE PLAINS,NY,10601,8/7/2025 11:26,8/31/2026 11:26
BTAX-042827-02-2026,PAUL  LAMOREAU,ASPEN DENTAL OF OREGON PC,ASPEN DENTAL,8,Inside City Limits,621210,Medical-Dentist,,12/3/2018 0:00,926b6880-4090-4443-82aa-0b4af751b672,200,TERRY,,NE,LN,,STE D,GRANTS PASS,OR,97526,140,GRAND,,,ST,,SUITE 300,WHITE PLAINS,NY,10601,2/19/2026 11:21,2/28/2027 11:21
BTAX-041390-08-2025,MELVIN STEWARD,HIGH COUNTRY LANDSCAPE MAINTENANCE,,1,Outside City Limits,541320,Landscaping Services,5417610682,8/16/2016 0:00,625f3f5a-fa46-4930-b481-e58180da8eaa,,,,,,,,,,,PO BOX 678,,,,,,,WILDERVILLE,OR,97543,8/19/2025 11:39,8/31/2026 11:39
BTAX-042116-10-2025,ROBERT ARCHY,GROUND EFFECTS LANDSCAPE & PROPERTY MAINTENANCE LLC,,2,Inside City Limits,541320,Landscaping Services,5417614218,2/26/2020 0:00,6ad477d3-ac21-426b-acc5-61754a3fb43c,,,,,,,,,,,8800,REDWOOD,,,HWY,,,WILDERVILLE,OR,97543,10/23/2025 10:37,10/31/2026 10:37
BTAX-042264-11-2025,TIM  HUBBARD,TIM HUBBARD CONSTRUCTION,,1,Outside City Limits,238190,Contractor-General/Building Exterior,5414795943,1/24/1992 0:00,B21363CB-6991-4911-AC6A-C7EE5497BAA8,,,,,,,,,,,12080,REDWOOD,,,HWY,,,WILDERVILLE,OR,97543,11/10/2025 12:07,11/30/2026 12:07
BTAX-042320-11-2025,VICTORIA  SANCHEZ,"VICTORIA SANCHEZ, LMT",,1,Inside City Limits,621399,Medical-Massage Therapy,5414507506,11/4/2021 0:00,4b30c226-8762-4fc7-ab48-9ba47e5216f9,213,4TH,,SW,ST,, ,GRANTS PASS,OR,97526,746,MINNOW,,,LN,,,WILDERVILLE,OR,97543,11/19/2025 10:24,11/30/2026 10:24
BTAX-042607-01-2026,,SQUATCH CORP,BEST AUTO SERVICE CENTER/SQUATCH'S GARAGE,3,Inside City Limits,811111,Auto-General Repair,5419550685,8/7/2022 0:00,eeca4f7e-d59c-4335-9b17-08bd1669d05c,132,BEACON,,NE,DR,,,GRANTS PASS,OR,97526,P.O. BOX 166,,,,,,,WILDERVILLE,OR,97543,1/12/2026 14:25,8/31/2026 14:25
BTAX-043388-06-2026,PATRICIA HERMAN,BARGAINS BOOKS AND BEADS,,3,Inside City Limits,459510,Retail-Thrift Store,5416599147,11/22/2017 0:00,c8a45e13-3b24-41a5-97ce-d348b706ccfa,239B,REDWOOD,,SW,HWY,,,GRANTS PASS,OR,97527,PO BOX 595,,,,,,,WILDERVILLE,OR,97543,6/8/2026 9:46,6/30/2027 9:46
BTAX-041186-08-2025,MICHAEL CONNER,,,1,Outside City Limits,238190,Contractor-General/Building Exterior,5412266457,8/2/2004 0:00,10C13320-A479-4E90-A83A-EED64574532E,,,,,,,,,,,110,KINCAID,,,RD,,,WILLIAMS,OR,97544,8/12/2025 14:35,8/31/2026 14:35
BTAX-041432-08-2025,CRAIG  GOSTNELL,SAFETY FIRST AUTOGLASS INC ,NOVUS WINDSHIELD REPAIR,7,Inside City Limits,811122,Auto-Glass Replacement Shop,5414745646,12/1/1986 0:00,70D714B5-96B4-44B0-B52D-8C5ACA5C265B,205,PARK,,E,ST,, ,GRANTS PASS,OR,97527,PO BOX 50,,,,,,,WILLIAMS,OR,97544,8/19/2025 16:17,8/31/2026 16:17
BTAX-041591-08-2025,RICHARD  WATERS,RE WATERS ENTERPRISES INC,RICK WATERS TREE SERVICE,2,Outside City Limits,113310,Logging,5412182359,7/16/2007 0:00,E1BC0B87-6483-4AB9-B939-9F1A59C7F4A4,,,,,,,,,,,615,LATIGO RANCH,,,RD,,,WILLIAMS,OR,97544,8/29/2025 16:10,8/31/2026 16:10
BTAX-042928-03-2026,ALIX MARMULSTEIN,BLISSFUL BEING WELLSNESS LLC,,1,Inside City Limits,621399,Medical-Massage Therapy,5416609209,11/20/2018 0:00,b376c0ba-6f47-4e2d-a5e5-022b20fb4e65,598,E,,NE,ST,,A,GRANTS PASS,OR,97526,PO BOX 553,,,,,,,WILLIAMS,OR,97544,3/10/2026 10:25,3/31/2027 10:25
BTAX-043496-06-2026,"TRESSI ALBEE, MA, LPC","TRESSI ALBEE, MA, LPC",,3,Inside City Limits,621420,Medical-Mental Health/Substance Abuse Center,5414150436,1/1/2014 0:00,e9c60f28-0435-4ef3-a199-5751fc028696,121,A,,NE,ST,,STE A,GRANTS PASS,OR,97526,PO BOX 445,,,,,,,WILLIAMS,OR,97544,6/24/2026 9:57,6/30/2027 9:57
BTAX-043707-07-2026,CHUCK  DAHL,PACIFIC SLOPE TREE CO         ,,1,Outside City Limits,423310,"Lumber, Plywood, Millwork, and Wood Panel Merchant",5418469226,5/13/2008 0:00,1F603FB7-8ABA-4AE2-A90D-81F5CDACBD61,,,,,,,,,,,PO BOX 353,,,,,,,WILLIAMS,OR,97544,7/10/2026 11:31,7/31/2027 11:31
BTAX-043901-07-2026,ARTHUR & JENELLE GAUTSCHI,AEG SERVICES LLC,,2,Inside City Limits,238190,Contractor-General/Building Exterior,5418469483,5/8/2019 0:00,dfdaf7b9-2b2e-493f-9e7a-0a662808e0ac,,,,,,,,,,,PO BOX 546,,,,,,,WILLIAMS,OR,97544,7/21/2026 12:21,7/31/2027 12:21
BTAX-042420-12-2025,TYLER  VAN BUSKIRK,"INSEASON IRRIGATION, LLC",,3,Outside City Limits,541320,Landscaping Services,5414150735,2/21/2007 0:00,91CC9AB0-5664-45C1-9DA2-F340DA51659A,,,,,,,,,,,1238,POWELL CREEK,,,RD,,,WILLIAMS ,OR,97544,12/8/2025 15:09,12/31/2026 15:09
BTAX-043826-07-2026,,SPEEDY WATER DELIVERY ,,3,Inside City Limits,812990,All Other Personal Services,5416591694,8/3/2022 0:00,c3452ff6-cde5-49f1-921a-ad7e0d3b508d,,,,,,,,,,,1015,CAVES CAMP ,,,RD,,,WILLIAMS ,OR,97544,7/15/2026 16:04,7/31/2027 16:04
BTAX-041053-08-2025,,TRACTOR SUPPLY COMPANY WEST LLC #2299,,14,Inside City Limits,444240,Retail-Farm Supplies,5414744321,8/24/2018 0:00,f8c55471-5c32-4302-83af-e7b2fb374844,1427,7TH,,NE,ST,, ,GRANTS PASS,OR,97526,251,LITTLE FALLS,,,DR,,,WILMINGTON,DE,19808,8/1/2025 9:01,8/31/2026 9:01
BTAX-041132-08-2025,,SAFEWAY STORE #379            ,,38,Inside City Limits,445110,Food-Grocery Store,5414761242,8/1/1996 0:00,9C2EE633-3328-48F6-88A6-C8C720B15A1A,1640,WILLIAMS,, ,HWY,, ,GRANTS PASS,OR,97527,251,LITTLE FALLS,,,DR,,,WILMINGTON,DE,19808,8/12/2025 9:02,8/31/2026 9:02
BTAX-041135-08-2025,ROBERT MILLER,CSC Global,ALBERTSON'S STORE #3541,64,Inside City Limits,445110,Food-Grocery Store,6238693381,7/1/2016 0:00,7c71cba9-f828-4cdf-91c5-12310aa0551b,1690,ALLEN CREEK,, ,RD,, ,GRANTS PASS,OR,97527,251,LITTLE FALLS,,,DR,,,WILMINGTON,DE,19808,8/12/2025 8:56,8/31/2026 8:56
BTAX-041151-08-2025,,THE HOME DEPOT #4034          ,,171,Inside City Limits,444140,Retail-Hardware,7704338211,2/23/2012 0:00,1D09E016-C35E-4FCD-AB18-600B311FC7D7,111,MILL,,NE,ST,, ,GRANTS PASS,OR,97526,ATTN: BUSINESS LICENSING,,251 LITTLE FALLS DR,,,,,WILMINGTON,DE,19808,8/11/2025 14:47,8/31/2026 14:47
BTAX-041173-08-2025,,"SAFEWAY, INC",,73,Inside City Limits,445110,Food-Grocery Store,5419567540,8/1/1996 0:00,3DAE0E14-1CF3-4A29-84EB-4BD4320B5C8C,115,7TH,,SE,ST,, ,GRANTS PASS,OR,97526,CSC GLOBAL ATT: BUSINESS LICENSE,251 LITTLE FALLS,,,DR,,,WILMINGTON,DE,19808,8/12/2025 11:35,8/31/2026 11:35
BTAX-042197-11-2025,,MASTERBRAND CABINETS INC     ,,375,Inside City Limits,321999,Manufacturing-Wood Products,5419568200,3/11/2004 0:00,7CCD7230-658A-472C-9C00-8A32D3446EE0,550,MILL,,SE,ST,, ,GRANTS PASS,OR,97526,251,LITTLE FALLS,,,DR,,,WILMINGTON,DE,19808,11/4/2025 10:04,11/30/2026 10:04
BTAX-042198-11-2025,,STANTEC CONSULTING ,,2,Inside City Limits,541330,Engineering Services,,3/23/2015 0:00,0ebdc45f-7041-4576-aa98-94f7a8793769,410,17TH,,,ST,,SUITE 1400,DENVER,CO,802024427,ATTN: BUSINESS LICENSE,251 LITTLE FALLS,,,DR,,,WILMINGTON,DE,19808,11/4/2025 10:11,11/30/2026 10:11
BTAX-042199-11-2025,,FEDERAL EXPRESS CORPORATION #A2274,,81,Outside City Limits,492110,Delivery Service-Courier & Express,5417722802,3/11/2002 0:00,64E0C63B-CD71-485B-8704-E26BD0707FA9,,,,,,,,,,,CSC: 251,LITTLE FALLS,,,DR,,,WILMINGTON,DE,19808,11/4/2025 10:20,11/30/2026 10:20
BTAX-043527-07-2026,,XEROX CORPORATION             ,,1,Outside City Limits,532420,Retail-Office Supplies,2148418487,1/1/1997 0:00,21AC8A89-9DC0-430B-8499-6A8FBBAC3E0A,,,,,,,,,,,251,LITTLE FALLS,,,DR,,,WILMINGTON,DE,19808,7/1/2026 11:13,7/31/2027 11:13
BTAX-043825-07-2026,STEVE JONES,UNIVERSAL PROTECTION SERVICE LP,ALLIED UNIVERSAL SECURITY SERVICES,2,Outside City Limits,561612,Security Guard & Patrol Services,4843511422,2/22/2018 0:00,01efc312-08ae-4553-9ea3-7e3d61040953,,,,,,,,,,,251,LITTLE FALLS,,,DR,,,WILMINGTON,DE,19808,7/15/2026 15:02,7/31/2027 15:02
BTAX-043764-07-2026,"DERRICK, MICHAEL, ROBERT DEANNA & JAN REIGARD",UMPQUA SHEET METAL INC       ,,4,Outside City Limits,238220,Contractor-HVAC Services,5416723888,5/7/2002 0:00,CF967C29-DE11-42E8-BBBF-EDCC3F70DF13,,,,,,,,,,,5084,STEPHENS,,NE,,,,WINCHESTER,OR,97495,7/14/2026 11:59,7/31/2027 11:59
BTAX-042047-10-2025,DEBRA  GEBHARD,DEBRA GEBHARD LMT            ,,1,Inside City Limits,621399,Medical-Massage Therapy,5414710397,11/20/2015 0:00,6BB739AE-D5EB-43DD-8215-A08D7181AC91,1607,WILLIAMS,,,HWY,, ,GRANTS PASS,OR,97527,580,WARNER,,,RD,,,WOLF CREEK,OR,97497,10/17/2025 10:00,10/31/2026 10:00
BTAX-042135-10-2025,,RICHARD RUTHERFORD PLUMBING   ,,1,Outside City Limits,238220,Plumber,5414418069,2/16/2007 0:00,6FBE6793-73D8-43B5-81B8-41546C3E1C4B,,,,,,,,,,,370,EDGERTON,,,LN,,,WOLF CREEK,OR,97497,10/29/2025 11:08,10/31/2026 11:08
BTAX-042328-11-2025,ROGER  SKODA,R & R CUSTOM BUILDERS LLC    ,,1,Outside City Limits,238190,Contractor-General/Building Exterior,5414793723,7/21/1999 0:00,19957275-B1B2-4B25-B7F9-1B05BE28D620,,,,,,,,,,,2559,LELAND,,,RD,,,WOLF CREEK,OR,97497,11/20/2025 12:43,11/30/2026 12:43
BTAX-042513-12-2025,KEVIN QUIST,KEVIN QUIST,,1,Outside City Limits,541350,Building Inspection Services,5593313539,12/22/2022 0:00,2cb851cc-24cf-4d35-95fc-928f91083aba,,,,,,,,,,,890,PO BOX 262,,,,,,WOLF CREEK,OR,97497,12/26/2025 12:02,12/31/2026 12:02
BTAX-042770-02-2026,JOAN  PERRY-LORCH,HAIR CHANNEL,,4,Inside City Limits,812112,Beauty Salon,5417611590,1/10/2019 0:00,3b317c21-bd8f-4f3a-bbaa-267e9f71d560,1647,WILLIAMS,, ,HWY,,STE C,GRANTS PASS,OR,97527,800,SUNNY VALLEY,,,LP,,,WOLF CREEK,OR,97497,2/10/2026 8:31,2/28/2027 8:31
BTAX-043730-07-2026,DAVE W  MILLER,DAVE W MILLER RENTALS         ,,2,Outside City Limits,531110,Rental Units/Landlord,5417615029,2/27/1998 0:00,E29136BB-0352-4935-A1BD-6876FF3C5744,,,,,,,,,,,125,CARRIE,,,ST,,,WOLF CREEK,OR,97497,7/10/2026 14:11,7/31/2027 14:11
BTAX-043784-07-2026,DAVID  GAUNT,RUSTY NUGGET ANTIQUES         ,,1,Inside City Limits,459420,Retail-Gift & Novelty Store,5419555012,7/1/2013 0:00,EE137D8C-DD50-4D88-A5F0-47D672BF05B8,326,6TH,,SW,ST,,,GRANTS PASS,OR,97526,161,DAISY MINE,,,RD,,,WOLF CREEK,OR,97497,7/14/2026 15:08,7/31/2027 15:08
BTAX-043741-07-2026,,THRIFTY PAYLESS INC           ,CVS/PHARMACY # 11660,22,Inside City Limits,456110,Pharmacy/Drug Store,5414796698,8/6/2025 0:00,813B07B5-5295-4EEB-8F4F-F3B3542ED3EB,1642,WILLIAMS,, ,HWY,, ,GRANTS PASS,OR,97527,ATTN: LICENSING DEPT/MC 1160,ONE CVS,,,DR,,,WOONSOCKET,RI,02895,7/13/2026 14:29,7/31/2027 14:29
BTAX-042613-01-2026,SHANNON SEVIGNY,"RJS CONSTRUCTION, INC.",,3,Inside City Limits,238190,Contractor-General/Building Exterior,5094520857,10/3/2022 0:00,5390889f-6ff9-4164-80c4-3c80389f091e,598,E,,NE,ST,,D,GRANTS PASS,OR,97526,1618-B,RUDKIN,,,RD,,,YAKIMA,WA,98901,1/12/2026 16:19,1/31/2027 16:19
BTAX-041424-08-2025,,STEVE DECLERCK BK INC,BURGER KING,19,Inside City Limits,722513,Limited-Service Restaurant,5308424827,11/23/2016 0:00,81f0ff35-69a8-4508-8248-22e4d2093047,501,ROGUE RIVER,, ,HWY,, ,GRANTS PASS,OR,97527,303,OREGON,,N,ST,,,YREKA,CA,96097,8/19/2025 15:53,8/31/2026 15:53
BTAX-043167-04-2026,,HILBERS INC                   ,,1,Outside City Limits,238190,Contractor-General/Building Exterior,5306732947,3/7/2001 0:00,BF6168E3-462E-4C95-A2BF-440ECB533805,770,WALTON,,N,AVE,,,YUBA CITY,CA,95993,770,WALTON,,N,AVE,,,YUBA CITY,CA,95993,4/20/2026 16:14,4/30/2027 16:14
